INSERT INTO [Indicator] ([Indicator_Code], [Indicator_descEn], [Indicator_descAr]) VALUES ('C010202', 'Multi-dimensional poverty rate', 'T? l? nghèo ?a chi?u');
INSERT INTO [Ind_Code] ([Indicator_NL], [Indicator_Code], [Target_ID]) VALUES ('1.2.2', 'C010202', 02);
INSERT INTO [Indicator] ([Indicator_Code], [Indicator_descEn], [Indicator_descAr]) VALUES ('C010301', 'Number of beneficiary persons', 'S? ng??i ???c h??ng b?o hi?m xã h?i, b?o hi?m y t?, b?o hi?m th?t nghi?p');
INSERT INTO [Ind_Code] ([Indicator_NL], [Indicator_Code], [Target_ID]) VALUES ('1.3.1', 'C010301', 03);
INSERT INTO [Indicator] ([Indicator_Code], [Indicator_descEn], [Indicator_descAr]) VALUES ('C020201', 'Under -five malnutrition rate ', 'T? l? tr? em d??i n?m tu?i suy dinh d??ng ');
INSERT INTO [Ind_Code] ([Indicator_NL], [Indicator_Code], [Target_ID]) VALUES ('2.2.1', 'C020201', 02);
INSERT INTO [Indicator] ([Indicator_Code], [Indicator_descEn], [Indicator_descAr]) VALUES ('C020c01', 'Consumer price index (CPI) of food and foodstuff', 'Ch? s? giá tiêu dùng nhóm l??ng th?c, th?c ph?m');
INSERT INTO [Ind_Code] ([Indicator_NL], [Indicator_Code], [Target_ID]) VALUES ('2.c.1', 'C020c01', 0);
INSERT INTO [Indicator] ([Indicator_Code], [Indicator_descEn], [Indicator_descAr]) VALUES ('C030101', 'Maternal mortality ratio (MMR) per 100,000 live births', 'T? s? t? vong m? trên m?t tr?m nghìn tr? ?? s?ng');
INSERT INTO [Ind_Code] ([Indicator_NL], [Indicator_Code], [Target_ID]) VALUES ('3.1.1', 'C030101', 01);
INSERT INTO [Indicator] ([Indicator_Code], [Indicator_descEn], [Indicator_descAr]) VALUES ('C030102', 'Proportion of women deliveries attended by skilled health personnel', ' T? l? ca sinh ???c nhân viên y t? có k? n?ng ??');
INSERT INTO [Ind_Code] ([Indicator_NL], [Indicator_Code], [Target_ID]) VALUES ('3.1.2', 'C030102', 01);
INSERT INTO [Indicator] ([Indicator_Code], [Indicator_descEn], [Indicator_descAr]) VALUES ('C030201', 'Under five mortality rate', 'T? su?t ch?t c?a tr? em d??i 5 tu?i ');
INSERT INTO [Ind_Code] ([Indicator_NL], [Indicator_Code], [Target_ID]) VALUES ('3.2.1', 'C030201', 02);
INSERT INTO [Indicator] ([Indicator_Code], [Indicator_descEn], [Indicator_descAr]) VALUES ('C030202', 'Neonatal mortality rate', 'T? su?t ch?t s? sinh ');
INSERT INTO [Ind_Code] ([Indicator_NL], [Indicator_Code], [Target_ID]) VALUES ('3.2.2', 'C030202', 02);
INSERT INTO [Indicator] ([Indicator_Code], [Indicator_descEn], [Indicator_descAr]) VALUES ('C030301', 'Number of new cases of HIV infections per 1000 uninfected population', 'S? ca nhi?m HIV m?i ???c phát hi?n hàng n?m trên m?t nghìn ng??i không b? nhi?m HIV');
INSERT INTO [Ind_Code] ([Indicator_NL], [Indicator_Code], [Target_ID]) VALUES ('3.3.1', 'C030301', 03);
INSERT INTO [Indicator] ([Indicator_Code], [Indicator_descEn], [Indicator_descAr]) VALUES ('C030302', 'Number of new cases of tuberculosis infections per 100,000 population', 'S? ca m?c m?i lao trên m?t tr?m nghìn dân');
INSERT INTO [Ind_Code] ([Indicator_NL], [Indicator_Code], [Target_ID]) VALUES ('3.3.2', 'C030302', 03);
INSERT INTO [Indicator] ([Indicator_Code], [Indicator_descEn], [Indicator_descAr]) VALUES ('C030303', 'Number of new caseas of malaria infections per 100,000 population', 'S? ca m?c m?i s?t rét trên m?t tr?m nghìn dân');
INSERT INTO [Ind_Code] ([Indicator_NL], [Indicator_Code], [Target_ID]) VALUES ('3.3.3', 'C030303', 03);
INSERT INTO [Indicator] ([Indicator_Code], [Indicator_descEn], [Indicator_descAr]) VALUES ('C030402', 'Suicide mortality rate per 100,000 population', 'S? ng??i t? vong do t? t? trên m?t tr?m nghìn dân');
INSERT INTO [Ind_Code] ([Indicator_NL], [Indicator_Code], [Target_ID]) VALUES ('3.4.2', 'C030402', 04);
INSERT INTO [Indicator] ([Indicator_Code], [Indicator_descEn], [Indicator_descAr]) VALUES ('C030502', 'Proportion of people aged 15 years and older using alcohol and beer at a harmful level', 'T? l? ng??i t? 15 tu?i tr? lên s? d?ng r??u, bia t?i m?c nguy h?i ');
INSERT INTO [Ind_Code] ([Indicator_NL], [Indicator_Code], [Target_ID]) VALUES ('3.5.2', 'C030502', 05);
INSERT INTO [Indicator] ([Indicator_Code], [Indicator_descEn], [Indicator_descAr]) VALUES ('C030601', 'Number of traffic accidents; number of deaths or injuries from traffic accidents', 'S? v? tai n?n giao thông; s? ng??i ch?t, b? th??ng do tai n?n giao thông');
INSERT INTO [Ind_Code] ([Indicator_NL], [Indicator_Code], [Target_ID]) VALUES ('3.6.1', 'C030601', 06);
INSERT INTO [Indicator] ([Indicator_Code], [Indicator_descEn], [Indicator_descAr]) VALUES ('C030702', 'Adolescent birth rate (ABR) (aged 10-19 years)', 'T? su?t sinh trong ?? tu?i t? 10-19 tu?i');
INSERT INTO [Ind_Code] ([Indicator_NL], [Indicator_Code], [Target_ID]) VALUES ('3.7.2', 'C030702', 07);
INSERT INTO [Indicator] ([Indicator_Code], [Indicator_descEn], [Indicator_descAr]) VALUES ('C030802', 'Proportion of households with large medical expenditures as a share of total expenditure or income', 'T? l? h? có chi phí y t? l?n so v?i t?ng chi tiêu ho?c t?ng thu nh?p');
INSERT INTO [Ind_Code] ([Indicator_NL], [Indicator_Code], [Target_ID]) VALUES ('3.8.2', 'C030802', 08);
INSERT INTO [Indicator] ([Indicator_Code], [Indicator_descEn], [Indicator_descAr]) VALUES ('C030b01', 'Proportion of fully vaccinated infant under one year old', 'T? l? tr? em d??i 1tu?i ???c tiêm ch?ng ??y ?? các lo?i v?c xin');
INSERT INTO [Ind_Code] ([Indicator_NL], [Indicator_Code], [Target_ID]) VALUES ('3.b.1', 'C030b01', 0);
INSERT INTO [Indicator] ([Indicator_Code], [Indicator_descEn], [Indicator_descAr]) VALUES ('C030c01', 'Number of health worker per 10,000 population', 'S? nhân viên y t? trên m??i nghìn dân');
INSERT INTO [Ind_Code] ([Indicator_NL], [Indicator_Code], [Target_ID]) VALUES ('3.c.1', 'C030c01', 0);
INSERT INTO [Indicator] ([Indicator_Code], [Indicator_descEn], [Indicator_descAr]) VALUES ('C030a01', 'Proportion of people aged 15 and older using tobacco', 'T? l? dân s? t? 15 tu?i tr? lên s? d?ng thu?c lá ');
INSERT INTO [Ind_Code] ([Indicator_NL], [Indicator_Code], [Target_ID]) VALUES ('3.a.1', 'C030a01', 0);
INSERT INTO [Indicator] ([Indicator_Code], [Indicator_descEn], [Indicator_descAr]) VALUES ('C040101', 'Proportion of pupils recognized for completing the primary education', 'T? l? h?c sinh ???c công nh?n hoàn thành ch??ng trình ti?u h?c');
INSERT INTO [Ind_Code] ([Indicator_NL], [Indicator_Code], [Target_ID]) VALUES ('4.1.1', 'C040101', 01);
INSERT INTO [Indicator] ([Indicator_Code], [Indicator_descEn], [Indicator_descAr]) VALUES ('C040201', 'Proportion of children under 5 years of age who are developmentally on track in health, learning and psychosocial well-being', 'T? l? tr? em d??i 5 tu?i ???c phát tri?n phù h?p v? s?c kh?e, h?c t?p và tâm lý xã h?i');
INSERT INTO [Ind_Code] ([Indicator_NL], [Indicator_Code], [Target_ID]) VALUES ('4.2.1', 'C040201', 02);
INSERT INTO [Indicator] ([Indicator_Code], [Indicator_descEn], [Indicator_descAr]) VALUES ('C040202', 'Mobilization rate of 5 year old children attending kindergartents', 'T? l? huy ??ng tr? em 5 tu?i ?i h?c m?u giáo');
INSERT INTO [Ind_Code] ([Indicator_NL], [Indicator_Code], [Target_ID]) VALUES ('4.2.2', 'C040202', 02);
INSERT INTO [Indicator] ([Indicator_Code], [Indicator_descEn], [Indicator_descAr]) VALUES ('C040501', 'Parity indices in accessing to education', 'Ch? s? bình ??ng trong giáo d?c, ?ào t?o');
INSERT INTO [Ind_Code] ([Indicator_NL], [Indicator_Code], [Target_ID]) VALUES ('4.5.1', 'C040501', 05);
INSERT INTO [Indicator] ([Indicator_Code], [Indicator_descEn], [Indicator_descAr]) VALUES ('C040601', 'Proportion of literates among people aged 15 years or older', 'T? l? dân s? t? 15 tu?i tr? lên bi?t ch?');
INSERT INTO [Ind_Code] ([Indicator_NL], [Indicator_Code], [Target_ID]) VALUES ('4.6.1', 'C040601', 06);
INSERT INTO [Indicator] ([Indicator_Code], [Indicator_descEn], [Indicator_descAr]) VALUES ('C040c01', 'Proportion of teachers achieving teaching standards', 'T? l? giáo viên ??t chu?n trình ?? ?ào t?o tr? lên');
INSERT INTO [Ind_Code] ([Indicator_NL], [Indicator_Code], [Target_ID]) VALUES ('4.c.1', 'C040c01', 0);
INSERT INTO [Indicator] ([Indicator_Code], [Indicator_descEn], [Indicator_descAr]) VALUES ('C040a01', 'Proportion of schools with access to: (a) electricity; (b) the Internet for pedagogical purposes; (c) computers for pedagogical purposes; (d) adapted infrastructure and materials for students with disabilities; (e) basic drinking water; (f) single-sex basic sanitation facilities; and (g) basic hand washing facilities (as per the WASH indicator definition)', 'T? l? các tr??ng h?c có (a) ?i?n; (b) internet dùng cho m?c ?ích h?c t?p; (c) máy tính dùng cho m?c ?ích h?c t?p; (d) c? s? h? t?ng và tài li?u phù h?p v?i h?c sinh, sinh viênkhuy?t t?t; (e) n??c u?ng; (f) h? th?ng v? sinh ti?n l?i và riêng r? cho t?ng gi?i tính và (g) ch? r?a tay thu?n ti?n');
INSERT INTO [Ind_Code] ([Indicator_NL], [Indicator_Code], [Target_ID]) VALUES ('4.a.1', 'C040a01', 0);
INSERT INTO [Indicator] ([Indicator_Code], [Indicator_descEn], [Indicator_descAr]) VALUES ('C050201', 'Proportion of ever-partnered women and girls aged 15 years and older subjected to violence by their husbands or partners in the previous 12 months', 'T? l? ph? n? và tr? em gái t? 15 tu?i tr? lên ?ã t?ng b? b?o l?c b?i ch?ng ho?c b?n tình hi?n t?i ho?c tr??c ?ây trong 12 tháng qua');
INSERT INTO [Ind_Code] ([Indicator_NL], [Indicator_Code], [Target_ID]) VALUES ('5.2.1', 'C050201', 02);
INSERT INTO [Indicator] ([Indicator_Code], [Indicator_descEn], [Indicator_descAr]) VALUES ('C050202', 'Proportion of women and girls aged 15 years and older subjected to sexual violence by persons other than an intimate partner in the previous 12 months', 'T? l? ph? n? và tr? em gái t? 15 tu?i tr? lên ?ã t?ng b? b?o l?c tình d?c b?i nh?ng ng??i không ph?i ch?ng ho?c không ph?i b?n tình trong 12 tháng qua');
INSERT INTO [Ind_Code] ([Indicator_NL], [Indicator_Code], [Target_ID]) VALUES ('5.2.2', 'C050202', 02);
INSERT INTO [Indicator] ([Indicator_Code], [Indicator_descEn], [Indicator_descAr]) VALUES ('C050301', 'Proportion of women aged 20-24 years who were married or in a union before age 15 and before age 18', 'T? l? ph? n? t? 20-24 tu?i ?ã k?t hôn ho?c s?ng chung nh? v? ch?ng l?n ??u tr??c 15 tu?i, tr??c 18 tu?i ');
INSERT INTO [Ind_Code] ([Indicator_NL], [Indicator_Code], [Target_ID]) VALUES ('5.3.1', 'C050301', 03);
INSERT INTO [Indicator] ([Indicator_Code], [Indicator_descEn], [Indicator_descAr]) VALUES ('C050501', 'Rate of National Assembly female deputies', 'T? l? n? ??i bi?u qu?c h?i');
INSERT INTO [Ind_Code] ([Indicator_NL], [Indicator_Code], [Target_ID]) VALUES ('5.5.1', 'C050501', 05);
INSERT INTO [Indicator] ([Indicator_Code], [Indicator_descEn], [Indicator_descAr]) VALUES ('C050502', 'Rate of female government leaders', 'T? l? n? ??m nhi?m ch?c v? lãnh ??o chính quy?n');
INSERT INTO [Ind_Code] ([Indicator_NL], [Indicator_Code], [Target_ID]) VALUES ('5.5.2', 'C050502', 05);
INSERT INTO [Indicator] ([Indicator_Code], [Indicator_descEn], [Indicator_descAr]) VALUES ('C060101', 'Proportion of households using improved water sources', 'T? l? h? s? d?ng ngu?n n??c h?p v? sinh');
INSERT INTO [Ind_Code] ([Indicator_NL], [Indicator_Code], [Target_ID]) VALUES ('6.1.1', 'C060101', 01);
INSERT INTO [Indicator] ([Indicator_Code], [Indicator_descEn], [Indicator_descAr]) VALUES ('C060201', 'Proportion of households using improved sanitation facilities', 'T? l? h? s? d?ng h? xí h?p v? sinh');
INSERT INTO [Ind_Code] ([Indicator_NL], [Indicator_Code], [Target_ID]) VALUES ('6.2.1', 'C060201', 02);
INSERT INTO [Indicator] ([Indicator_Code], [Indicator_descEn], [Indicator_descAr]) VALUES ('C060301', 'Proportion of urban wastewater collected and treated up to standards and technical regulations', 'T? l? n??c th?i ?ô th? ???c thu gom, x? lý ??t tiêu chu?n, quy chu?n theo quy ??nh');
INSERT INTO [Ind_Code] ([Indicator_NL], [Indicator_Code], [Target_ID]) VALUES ('6.3.1', 'C060301', 03);
INSERT INTO [Indicator] ([Indicator_Code], [Indicator_descEn], [Indicator_descAr]) VALUES ('C070101', 'Percentage of household using electricity ', 'T? l? h? ti?p c?n ?i?n');
INSERT INTO [Ind_Code] ([Indicator_NL], [Indicator_Code], [Target_ID]) VALUES ('7.1.1', 'C070101', 01);
INSERT INTO [Indicator] ([Indicator_Code], [Indicator_descEn], [Indicator_descAr]) VALUES ('C070201', 'Renewable energy share in the total final energy consumption', 'T? tr?ng n?ng l??ng tái t?o trong t?ng n?ng l??ng tiêu th? cu?i cùng');
INSERT INTO [Ind_Code] ([Indicator_NL], [Indicator_Code], [Target_ID]) VALUES ('7.2.1', 'C070201', 02);
INSERT INTO [Indicator] ([Indicator_Code], [Indicator_descEn], [Indicator_descAr]) VALUES ('C070301', 'Total final consumption/GDP', 'Tiêu hao n?ng l??ng so v?i t?ng s?n ph?m trong n??c');
INSERT INTO [Ind_Code] ([Indicator_NL], [Indicator_Code], [Target_ID]) VALUES ('7.3.1', 'C070301', 03);
INSERT INTO [Indicator] ([Indicator_Code], [Indicator_descEn], [Indicator_descAr]) VALUES ('C080101', 'GDP per capita', 'T?ng s?n ph?m trong n??c bình quân ??u ng??i');
INSERT INTO [Ind_Code] ([Indicator_NL], [Indicator_Code], [Target_ID]) VALUES ('8.1.1', 'C080101', 01);
INSERT INTO [Indicator] ([Indicator_Code], [Indicator_descEn], [Indicator_descAr]) VALUES ('C080201', 'Labour productivity', 'N?ng su?t lao ??ng xã h?i ');
INSERT INTO [Ind_Code] ([Indicator_NL], [Indicator_Code], [Target_ID]) VALUES ('8.2.1', 'C080201', 02);
INSERT INTO [Indicator] ([Indicator_Code], [Indicator_descEn], [Indicator_descAr]) VALUES ('C080301', 'Proportion of informal employment', 'T? l? lao ??ng có vi?c làm phi chính th?c');
INSERT INTO [Ind_Code] ([Indicator_NL], [Indicator_Code], [Target_ID]) VALUES ('8.3.1', 'C080301', 03);
INSERT INTO [Indicator] ([Indicator_Code], [Indicator_descEn], [Indicator_descAr]) VALUES ('C080501', 'Average income for a person employed', 'Thu nh?p bình quân m?t lao ??ng có vi?c làm');
INSERT INTO [Ind_Code] ([Indicator_NL], [Indicator_Code], [Target_ID]) VALUES ('8.5.1', 'C080501', 05);
INSERT INTO [Indicator] ([Indicator_Code], [Indicator_descEn], [Indicator_descAr]) VALUES ('C080502', 'Unemployment rate', 'T? l? th?t nghi?p ');
INSERT INTO [Ind_Code] ([Indicator_NL], [Indicator_Code], [Target_ID]) VALUES ('8.5.2', 'C080502', 05);
INSERT INTO [Indicator] ([Indicator_Code], [Indicator_descEn], [Indicator_descAr]) VALUES ('C080601', 'Proportion of persons (aged 15-30 years) not in employment, education or training', 'T? l? ng??i t? 15-30 tu?i hi?n không có vi?c làm, không ?i h?c ho?c không ???c ?ào t?o');
INSERT INTO [Ind_Code] ([Indicator_NL], [Indicator_Code], [Target_ID]) VALUES ('8.6.1', 'C080601', 06);
INSERT INTO [Indicator] ([Indicator_Code], [Indicator_descEn], [Indicator_descAr]) VALUES ('C080701', 'Proportion of children aged 5-17 years engaged in child labour', 'T? l? ng??i t? 5-17 tu?i tham gia lao ??ng tr? em');
INSERT INTO [Ind_Code] ([Indicator_NL], [Indicator_Code], [Target_ID]) VALUES ('8.7.1', 'C080701', 07);
INSERT INTO [Indicator] ([Indicator_Code], [Indicator_descEn], [Indicator_descAr]) VALUES ('C081001', 'Number of commercial bank branches and number of automated teller machines (ATMs) per 100,000 population aged 16 years old and older', 'S? chi nhánh ngân hàng th??ng m?i và s? máy ATM trên m?t tr?m nghìn dân t? 16 tu?i tr? lên');
INSERT INTO [Ind_Code] ([Indicator_NL], [Indicator_Code], [Target_ID]) VALUES ('8.10.1', 'C081001', 10);
INSERT INTO [Indicator] ([Indicator_Code], [Indicator_descEn], [Indicator_descAr]) VALUES ('C081002', 'Proportion of people aged 15 years and older with an account at a bank or foreign bank branches', 'T? l? ng??i t? 15 tu?i tr? lên có tài kho?n thanh toán t?i ngân hàng, chi nhánh ngân hàng n??c ngoài');
INSERT INTO [Ind_Code] ([Indicator_NL], [Indicator_Code], [Target_ID]) VALUES ('8.10.2', 'C081002', 10);
INSERT INTO [Indicator] ([Indicator_Code], [Indicator_descEn], [Indicator_descAr]) VALUES ('C090102', 'Volume of passenger carried and traffic', 'S? l??t hành khách v?n chuy?n và luân chuy?n');
INSERT INTO [Ind_Code] ([Indicator_NL], [Indicator_Code], [Target_ID]) VALUES ('9.1.2', 'C090102', 01);
INSERT INTO [Indicator] ([Indicator_Code], [Indicator_descEn], [Indicator_descAr]) VALUES ('C090201', 'Manufacturing value added as a proportion of GDP', 'T? tr?ng giá tr? t?ng thêm ngành công nghi?p ch? bi?n, ch? t?o trong t?ng s?n ph?m trong n??c');
INSERT INTO [Ind_Code] ([Indicator_NL], [Indicator_Code], [Target_ID]) VALUES ('9.2.1', 'C090201', 02);
INSERT INTO [Indicator] ([Indicator_Code], [Indicator_descEn], [Indicator_descAr]) VALUES ('C090202', 'Manufacturing employment as a proportion of total employment', 'T? l? lao ??ng có vi?c làm trong ngành công nghi?p ch? bi?n, ch? t?o');
INSERT INTO [Ind_Code] ([Indicator_NL], [Indicator_Code], [Target_ID]) VALUES ('9.2.2', 'C090202', 02);
INSERT INTO [Indicator] ([Indicator_Code], [Indicator_descEn], [Indicator_descAr]) VALUES ('C090501', 'Research and development expenditure as a proportion of GDP', 'T? l? chi cho khoa h?c và công ngh? so v?i t?ng s?n ph?m trong n??c');
INSERT INTO [Ind_Code] ([Indicator_NL], [Indicator_Code], [Target_ID]) VALUES ('9.5.1', 'C090501', 05);
INSERT INTO [Indicator] ([Indicator_Code], [Indicator_descEn], [Indicator_descAr]) VALUES ('C090502', 'Number of researchers and technology development workers', 'S? cán b? nghiên c?u khoa h?c và phát tri?n công ngh?');
INSERT INTO [Ind_Code] ([Indicator_NL], [Indicator_Code], [Target_ID]) VALUES ('9.5.2', 'C090502', 05);
INSERT INTO [Indicator] ([Indicator_Code], [Indicator_descEn], [Indicator_descAr]) VALUES ('C090c01', 'Proportion of population with mobile coverage', 'T? l? dân s? ???c ph? sóng di ??ng');
INSERT INTO [Ind_Code] ([Indicator_NL], [Indicator_Code], [Target_ID]) VALUES ('9.c.1', 'C090c01', 0);
INSERT INTO [Indicator] ([Indicator_Code], [Indicator_descEn], [Indicator_descAr]) VALUES ('C100101', 'Growth rates of household income per capita', 'T?c ?? t?ng tr??ng v? thu nh?p c?a h? bình quân ??u ng??i');
INSERT INTO [Ind_Code] ([Indicator_NL], [Indicator_Code], [Target_ID]) VALUES ('10.1.1', 'C100101', 01);
INSERT INTO [Indicator] ([Indicator_Code], [Indicator_descEn], [Indicator_descAr]) VALUES ('C110101', 'Proportion of population living in temporary house', 'T? l? dân s? s?ng trong các nhà t?m');
INSERT INTO [Ind_Code] ([Indicator_NL], [Indicator_Code], [Target_ID]) VALUES ('11.1.1', 'C110101', 01);
INSERT INTO [Indicator] ([Indicator_Code], [Indicator_descEn], [Indicator_descAr]) VALUES ('C010501', 'Number of deaths, missing persons, and injuries attributed to disasters per 100,000 population', 'S? ng??i ch?t, m?t tích, b? th??ng do thiên tai trên m?t tr?m nghìn dân');
INSERT INTO [Ind_Code] ([Indicator_NL], [Indicator_Code], [Target_ID]) VALUES ('1.5.1', 'C010501', 05);
INSERT INTO [Indicator] ([Indicator_Code], [Indicator_descEn], [Indicator_descAr]) VALUES ('C110602', 'Concentration of substances in the air environment', 'N?ng ?? các ch?t trong môi tr??ng không khí');
INSERT INTO [Ind_Code] ([Indicator_NL], [Indicator_Code], [Target_ID]) VALUES ('11.6.2', 'C110602', 06);
INSERT INTO [Indicator] ([Indicator_Code], [Indicator_descEn], [Indicator_descAr]) VALUES ('C140501', 'Area of marine and coastal protected areas', 'Di?n tích các khu v?c b?o t?n bi?n');
INSERT INTO [Ind_Code] ([Indicator_NL], [Indicator_Code], [Target_ID]) VALUES ('14.5.1', 'C140501', 05);
INSERT INTO [Indicator] ([Indicator_Code], [Indicator_descEn], [Indicator_descAr]) VALUES ('C150101', 'Forest cover', 'T? l? che ph? r?ng');
INSERT INTO [Ind_Code] ([Indicator_NL], [Indicator_Code], [Target_ID]) VALUES ('15.1.1', 'C150101', 01);
INSERT INTO [Indicator] ([Indicator_Code], [Indicator_descEn], [Indicator_descAr]) VALUES ('C150301', 'Proportion of degraded land', 'T? l? di?n tích ??t b? thoái hóa');
INSERT INTO [Ind_Code] ([Indicator_NL], [Indicator_Code], [Target_ID]) VALUES ('15.3.1', 'C150301', 03);
INSERT INTO [Indicator] ([Indicator_Code], [Indicator_descEn], [Indicator_descAr]) VALUES ('C160201', 'Proportion of people under 18 years of age who experienced any physical punishment and/or mental punishment by caregivers in the past month', 'T? l? ng??i d??i 18 tu?i ?ã t?ng b? ng??i ch?m sóc, nuôi d??ng x? ph?t v? th? ch?t ho?c b? x? ph?t v? tinh th?n trong tháng qua');
INSERT INTO [Ind_Code] ([Indicator_NL], [Indicator_Code], [Target_ID]) VALUES ('16.2.1', 'C160201', 02);
INSERT INTO [Indicator] ([Indicator_Code], [Indicator_descEn], [Indicator_descAr]) VALUES ('C160501', 'Proportion of people who have to pay informal fees when using public services', 'T? l? ng??i ph?i tr? chi phí không chính th?c khi s? d?ng d?ch v? công');
INSERT INTO [Ind_Code] ([Indicator_NL], [Indicator_Code], [Target_ID]) VALUES ('16.5.1', 'C160501', 05);
INSERT INTO [Indicator] ([Indicator_Code], [Indicator_descEn], [Indicator_descAr]) VALUES ('C160502', 'Proportion of enterprises that have to pay informal fees when using public services', 'T? l? doanh nghi?p ph?i tr? chi phí không chính th?c khi s? d?ng d?ch v? công');
INSERT INTO [Ind_Code] ([Indicator_NL], [Indicator_Code], [Target_ID]) VALUES ('16.5.2', 'C160502', 05);
INSERT INTO [Indicator] ([Indicator_Code], [Indicator_descEn], [Indicator_descAr]) VALUES ('C160602', 'Proportion of population satisfied with their last  experience of public services', 'T? l? dân s? hài lòng v? d?ch v? công trong l?n g?n ?ây nh?t');
INSERT INTO [Ind_Code] ([Indicator_NL], [Indicator_Code], [Target_ID]) VALUES ('16.6.2', 'C160602', 06);
INSERT INTO [Indicator] ([Indicator_Code], [Indicator_descEn], [Indicator_descAr]) VALUES ('C160601', 'Proportion of state budget expenditure compared to the approved state budget expenditure estimates', 'T? l? chi ngân sách nhà n??c so v?i d? toán chi ngân sách nhà n??c ?ã ???c phê duy?t');
INSERT INTO [Ind_Code] ([Indicator_NL], [Indicator_Code], [Target_ID]) VALUES ('16.6.1', 'C160601', 06);
INSERT INTO [Indicator] ([Indicator_Code], [Indicator_descEn], [Indicator_descAr]) VALUES ('C160901', 'Proportion of children under five years of age whose births have been registered', 'T? l? tr? em d??i 5 tu?i ?ã ???c ??ng ký khai sinh');
INSERT INTO [Ind_Code] ([Indicator_NL], [Indicator_Code], [Target_ID]) VALUES ('16.9.1', 'C160901', 09);
INSERT INTO [Indicator] ([Indicator_Code], [Indicator_descEn], [Indicator_descAr]) VALUES ('C171001', 'Average import tax rate', 'M?c thu? nh?p kh?u bình quân ');
INSERT INTO [Ind_Code] ([Indicator_NL], [Indicator_Code], [Target_ID]) VALUES ('17.10.1', 'C171001', 10);
INSERT INTO [Subindicator] ([Indicator_Code], [Subindicator_Code], [Subindicator_DescEn], [Subindicator_DescAr], [Is_Uploaded], [Is_Valid], [Dimensions], [Series]) VALUES ('C010202', 'SD_MDP_MUHHC', 'Proportion of households living in multidimensional poverty [1.2.2]', 'Proportion of households living in multidimensional poverty [1.2.2]', 0, 1, '111111111', 'SD_MDP_MUHHC');
INSERT INTO [Subindicator] ([Indicator_Code], [Subindicator_Code], [Subindicator_DescEn], [Subindicator_DescAr], [Is_Uploaded], [Is_Valid], [Dimensions], [Series]) VALUES ('C020c01', 'AG_FPA_CFPI', 'Consumer Food Price Index [2.c.1]', 'Consumer Food Price Index [2.c.1]', 0, 1, '111111111', 'AG_FPA_CFPI');
INSERT INTO [Subindicator] ([Indicator_Code], [Subindicator_Code], [Subindicator_DescEn], [Subindicator_DescAr], [Is_Uploaded], [Is_Valid], [Dimensions], [Series]) VALUES ('C030101', 'SH_STA_MORT', 'Maternal mortality ratio [3.1.1]', 'Maternal mortality ratio [3.1.1]', 0, 1, '111111111', 'SH_STA_MORT');
INSERT INTO [Subindicator] ([Indicator_Code], [Subindicator_Code], [Subindicator_DescEn], [Subindicator_DescAr], [Is_Uploaded], [Is_Valid], [Dimensions], [Series]) VALUES ('C030102', 'SH_STA_BRTC', 'Proportion of births attended by skilled health personnel [3.1.2]', 'Proportion of births attended by skilled health personnel [3.1.2]', 0, 1, '111111111', 'SH_STA_BRTC');
INSERT INTO [Subindicator] ([Indicator_Code], [Subindicator_Code], [Subindicator_DescEn], [Subindicator_DescAr], [Is_Uploaded], [Is_Valid], [Dimensions], [Series]) VALUES ('C030201', 'SH_DYN_MORT', 'Under-five mortality rate [3.2.1]', 'Under-five mortality rate [3.2.1]', 0, 1, '111111111', 'SH_DYN_MORT');
INSERT INTO [Subindicator] ([Indicator_Code], [Subindicator_Code], [Subindicator_DescEn], [Subindicator_DescAr], [Is_Uploaded], [Is_Valid], [Dimensions], [Series]) VALUES ('C030202', 'SH_DYN_NMRT', 'Neonatal mortality rate [3.2.2]', 'Neonatal mortality rate [3.2.2]', 0, 1, '111111111', 'SH_DYN_NMRT');
INSERT INTO [Subindicator] ([Indicator_Code], [Subindicator_Code], [Subindicator_DescEn], [Subindicator_DescAr], [Is_Uploaded], [Is_Valid], [Dimensions], [Series]) VALUES ('C030301', 'SH_HIV_INCD', 'Number of new HIV infections per 1,000 uninfected population [3.3.1]', 'Number of new HIV infections per 1,000 uninfected population [3.3.1]', 0, 1, '111111111', 'SH_HIV_INCD');
INSERT INTO [Subindicator] ([Indicator_Code], [Subindicator_Code], [Subindicator_DescEn], [Subindicator_DescAr], [Is_Uploaded], [Is_Valid], [Dimensions], [Series]) VALUES ('C030302', 'SH_TBS_INCD', 'Tuberculosis incidence [3.3.2]', 'Tuberculosis incidence [3.3.2]', 0, 1, '111111111', 'SH_TBS_INCD');
INSERT INTO [Subindicator] ([Indicator_Code], [Subindicator_Code], [Subindicator_DescEn], [Subindicator_DescAr], [Is_Uploaded], [Is_Valid], [Dimensions], [Series]) VALUES ('C030303', '_L_VN_030303_1', '', '', 0, 1, '110111111', '_L_VN_030303_1');
INSERT INTO [Subindicator] ([Indicator_Code], [Subindicator_Code], [Subindicator_DescEn], [Subindicator_DescAr], [Is_Uploaded], [Is_Valid], [Dimensions], [Series]) VALUES ('C030402', 'SH_STA_SCIDE', 'Suicide mortality rate [3.4.2]', 'Suicide mortality rate [3.4.2]', 0, 1, '111111111', 'SH_STA_SCIDE');
INSERT INTO [Subindicator] ([Indicator_Code], [Subindicator_Code], [Subindicator_DescEn], [Subindicator_DescAr], [Is_Uploaded], [Is_Valid], [Dimensions], [Series]) VALUES ('C030502', '_L_VN_030502_1', '', '', 0, 1, '111111111', '_L_VN_030502_1');
INSERT INTO [Subindicator] ([Indicator_Code], [Subindicator_Code], [Subindicator_DescEn], [Subindicator_DescAr], [Is_Uploaded], [Is_Valid], [Dimensions], [Series]) VALUES ('C030802', 'SH_XPD_EARN10', '', '', 0, 1, '111111111', 'SH_XPD_EARN10');
INSERT INTO [Subindicator] ([Indicator_Code], [Subindicator_Code], [Subindicator_DescEn], [Subindicator_DescAr], [Is_Uploaded], [Is_Valid], [Dimensions], [Series]) VALUES ('C030b01', '_L_VN_030b01_1', '', '', 0, 1, '111111111', '_L_VN_030b01_1');
INSERT INTO [Subindicator] ([Indicator_Code], [Subindicator_Code], [Subindicator_DescEn], [Subindicator_DescAr], [Is_Uploaded], [Is_Valid], [Dimensions], [Series]) VALUES ('C030a01', 'SH_PRV_SMOK', 'Age-standardized prevalence of current tobacco use among persons aged 15 years and older [3.a.1]', 'Age-standardized prevalence of current tobacco use among persons aged 15 years and older [3.a.1]', 0, 1, '111111111', 'SH_PRV_SMOK');
INSERT INTO [Subindicator] ([Indicator_Code], [Subindicator_Code], [Subindicator_DescEn], [Subindicator_DescAr], [Is_Uploaded], [Is_Valid], [Dimensions], [Series]) VALUES ('C040101', '_L_VN_040101_1', '', '', 0, 1, '111111111', '_L_VN_040101_1');
INSERT INTO [Subindicator] ([Indicator_Code], [Subindicator_Code], [Subindicator_DescEn], [Subindicator_DescAr], [Is_Uploaded], [Is_Valid], [Dimensions], [Series]) VALUES ('C040201', 'SE_DEV_ONTRK', 'Proportion of children who are developmentally on track in at least three of the following domains: literacy-numeracy, physical development, social-emotional development, and learning [4.2.1]', 'Proportion of children who are developmentally on track in at least three of the following domains: literacy-numeracy, physical development, social-emotional development, and learning [4.2.1]', 0, 1, '111111111', 'SE_DEV_ONTRK');
INSERT INTO [Subindicator] ([Indicator_Code], [Subindicator_Code], [Subindicator_DescEn], [Subindicator_DescAr], [Is_Uploaded], [Is_Valid], [Dimensions], [Series]) VALUES ('C040202', 'SE_PRE_PARTN', 'Participation rate in organized learning (one year before the official primary entry age) [4.2.2]', 'Participation rate in organized learning (one year before the official primary entry age) [4.2.2]', 0, 1, '111111111', 'SE_PRE_PARTN');
INSERT INTO [Subindicator] ([Indicator_Code], [Subindicator_Code], [Subindicator_DescEn], [Subindicator_DescAr], [Is_Uploaded], [Is_Valid], [Dimensions], [Series]) VALUES ('C040501', '_L_VN_040501_1', '', '', 0, 1, '111111111', '_L_VN_040501_1');
INSERT INTO [Subindicator] ([Indicator_Code], [Subindicator_Code], [Subindicator_DescEn], [Subindicator_DescAr], [Is_Uploaded], [Is_Valid], [Dimensions], [Series]) VALUES ('C040601', '_L_VN_040601_1', '', '', 0, 1, '111111111', '_L_VN_040601_1');
INSERT INTO [Subindicator] ([Indicator_Code], [Subindicator_Code], [Subindicator_DescEn], [Subindicator_DescAr], [Is_Uploaded], [Is_Valid], [Dimensions], [Series]) VALUES ('C040c01', '_L_VN_040c01_1', '', '', 0, 1, '111111111', '_L_VN_040c01_1');
INSERT INTO [Subindicator] ([Indicator_Code], [Subindicator_Code], [Subindicator_DescEn], [Subindicator_DescAr], [Is_Uploaded], [Is_Valid], [Dimensions], [Series]) VALUES ('C050202', 'VC_VAW_NONMARR', 'Proportion of women and girls aged 15Â years and older subjected to sexual violence by persons other than anÂ intimate partner in the previous 12Â months [5.2.2]', 'Proportion of women and girls aged 15Â years and older subjected to sexual violence by persons other than anÂ intimate partner in the previous 12Â months [5.2.2]', 0, 1, '111111111', 'VC_VAW_NONMARR');
INSERT INTO [Subindicator] ([Indicator_Code], [Subindicator_Code], [Subindicator_DescEn], [Subindicator_DescAr], [Is_Uploaded], [Is_Valid], [Dimensions], [Series]) VALUES ('C050501', 'SG_GEN_PARL', 'Proportion of seats held by women in national parliaments (% of total number of seats) [5.5.1]', 'Proportion of seats held by women in national parliaments (% of total number of seats) [5.5.1]', 0, 1, '111111111', 'SG_GEN_PARL');
INSERT INTO [Subindicator] ([Indicator_Code], [Subindicator_Code], [Subindicator_DescEn], [Subindicator_DescAr], [Is_Uploaded], [Is_Valid], [Dimensions], [Series]) VALUES ('C050502', '_L_VN_050502_1', '', '', 0, 1, '111111111', '_L_VN_050502_1');
INSERT INTO [Subindicator] ([Indicator_Code], [Subindicator_Code], [Subindicator_DescEn], [Subindicator_DescAr], [Is_Uploaded], [Is_Valid], [Dimensions], [Series]) VALUES ('C060101', '_L_VN_060101_2', '', '', 0, 1, '111111111', '_L_VN_060101_2');
INSERT INTO [Subindicator] ([Indicator_Code], [Subindicator_Code], [Subindicator_DescEn], [Subindicator_DescAr], [Is_Uploaded], [Is_Valid], [Dimensions], [Series]) VALUES ('C060201', '_L_VN_060201_1', '', '', 0, 1, '111111111', '_L_VN_060201_1');
INSERT INTO [Subindicator] ([Indicator_Code], [Subindicator_Code], [Subindicator_DescEn], [Subindicator_DescAr], [Is_Uploaded], [Is_Valid], [Dimensions], [Series]) VALUES ('C060301', '_L_VN_060301_1', '', '', 0, 1, '111111111', '_L_VN_060301_1');
INSERT INTO [Subindicator] ([Indicator_Code], [Subindicator_Code], [Subindicator_DescEn], [Subindicator_DescAr], [Is_Uploaded], [Is_Valid], [Dimensions], [Series]) VALUES ('C070101', 'EG_ACS_ELEC', 'Proportion of population with access to electricity [7.1.1]', 'Proportion of population with access to electricity [7.1.1]', 0, 1, '111111111', 'EG_ACS_ELEC');
INSERT INTO [Subindicator] ([Indicator_Code], [Subindicator_Code], [Subindicator_DescEn], [Subindicator_DescAr], [Is_Uploaded], [Is_Valid], [Dimensions], [Series]) VALUES ('C070201', 'EG_FEC_RNEW', 'Renewable energy share in the total final energy consumption [7.2.1]', 'Renewable energy share in the total final energy consumption [7.2.1]', 0, 1, '111111111', 'EG_FEC_RNEW');
INSERT INTO [Subindicator] ([Indicator_Code], [Subindicator_Code], [Subindicator_DescEn], [Subindicator_DescAr], [Is_Uploaded], [Is_Valid], [Dimensions], [Series]) VALUES ('C080101', '_L_VN_080101_1', '', '', 0, 1, '111111111', '_L_VN_080101_1');
INSERT INTO [Subindicator] ([Indicator_Code], [Subindicator_Code], [Subindicator_DescEn], [Subindicator_DescAr], [Is_Uploaded], [Is_Valid], [Dimensions], [Series]) VALUES ('C080201', '_L_VN_080201_1', '', '', 0, 1, '111111111', '_L_VN_080201_1');
INSERT INTO [Subindicator] ([Indicator_Code], [Subindicator_Code], [Subindicator_DescEn], [Subindicator_DescAr], [Is_Uploaded], [Is_Valid], [Dimensions], [Series]) VALUES ('C080301', 'SL_ISV_IFEM', 'Proportion of informal employment, by sector and sex (ILO harmonized estimates) [8.3.1]', 'Proportion of informal employment, by sector and sex (ILO harmonized estimates) [8.3.1]', 0, 1, '111111111', 'SL_ISV_IFEM');
INSERT INTO [Subindicator] ([Indicator_Code], [Subindicator_Code], [Subindicator_DescEn], [Subindicator_DescAr], [Is_Uploaded], [Is_Valid], [Dimensions], [Series]) VALUES ('C080501', '_L_VN_080501_1', '', '', 0, 1, '111111111', '_L_VN_080501_1');
INSERT INTO [Subindicator] ([Indicator_Code], [Subindicator_Code], [Subindicator_DescEn], [Subindicator_DescAr], [Is_Uploaded], [Is_Valid], [Dimensions], [Series]) VALUES ('C080502', 'SL_TLF_UEM', 'Unemployment rate [8.5.2]', 'Unemployment rate [8.5.2]', 0, 1, '111111111', 'SL_TLF_UEM');
INSERT INTO [Subindicator] ([Indicator_Code], [Subindicator_Code], [Subindicator_DescEn], [Subindicator_DescAr], [Is_Uploaded], [Is_Valid], [Dimensions], [Series]) VALUES ('C080701', 'SL_TLF_CHLDEA', 'Proportion of children engaged in economic activity [8.7.1]', 'Proportion of children engaged in economic activity [8.7.1]', 0, 1, '111111111', 'SL_TLF_CHLDEA');
INSERT INTO [Subindicator] ([Indicator_Code], [Subindicator_Code], [Subindicator_DescEn], [Subindicator_DescAr], [Is_Uploaded], [Is_Valid], [Dimensions], [Series]) VALUES ('C081002', 'FB_BNK_ACCSS', 'Proportion of adults (15 years and older) with an account at a financial institution or mobile-money-service provider [8.10.2]', 'Proportion of adults (15 years and older) with an account at a financial institution or mobile-money-service provider [8.10.2]', 0, 1, '111111111', 'FB_BNK_ACCSS');
INSERT INTO [Subindicator] ([Indicator_Code], [Subindicator_Code], [Subindicator_DescEn], [Subindicator_DescAr], [Is_Uploaded], [Is_Valid], [Dimensions], [Series]) VALUES ('C090102', '_L_VN_090102_1', '', '', 0, 1, '111111111', '_L_VN_090102_1');
INSERT INTO [Subindicator] ([Indicator_Code], [Subindicator_Code], [Subindicator_DescEn], [Subindicator_DescAr], [Is_Uploaded], [Is_Valid], [Dimensions], [Series]) VALUES ('C090201', 'NV_IND_MANF', 'Manufacturing value added as a proportion of GDP [9.2.1]', 'Manufacturing value added as a proportion of GDP [9.2.1]', 0, 1, '111111111', 'NV_IND_MANF');
INSERT INTO [Subindicator] ([Indicator_Code], [Subindicator_Code], [Subindicator_DescEn], [Subindicator_DescAr], [Is_Uploaded], [Is_Valid], [Dimensions], [Series]) VALUES ('C090202', 'SL_TLF_MANF', 'Manufacturing employment as a proportion of total employment [9.2.2]', 'Manufacturing employment as a proportion of total employment [9.2.2]', 0, 1, '111111111', 'SL_TLF_MANF');
INSERT INTO [Subindicator] ([Indicator_Code], [Subindicator_Code], [Subindicator_DescEn], [Subindicator_DescAr], [Is_Uploaded], [Is_Valid], [Dimensions], [Series]) VALUES ('C090501', 'GB_XPD_RSDV', 'Research and development expenditure as a proportion of GDP [9.5.1]', 'Research and development expenditure as a proportion of GDP [9.5.1]', 0, 1, '111111111', 'GB_XPD_RSDV');
INSERT INTO [Subindicator] ([Indicator_Code], [Subindicator_Code], [Subindicator_DescEn], [Subindicator_DescAr], [Is_Uploaded], [Is_Valid], [Dimensions], [Series]) VALUES ('C090502', '_L_VN_090502_1', '', '', 0, 1, '111111111', '_L_VN_090502_1');
INSERT INTO [Subindicator] ([Indicator_Code], [Subindicator_Code], [Subindicator_DescEn], [Subindicator_DescAr], [Is_Uploaded], [Is_Valid], [Dimensions], [Series]) VALUES ('C090c01', '_L_VN_090c01_1', '', '', 0, 1, '111111111', '_L_VN_090c01_1');
INSERT INTO [Subindicator] ([Indicator_Code], [Subindicator_Code], [Subindicator_DescEn], [Subindicator_DescAr], [Is_Uploaded], [Is_Valid], [Dimensions], [Series]) VALUES ('C110101', '_L_VN_110101_1', '', '', 0, 1, '111111111', '_L_VN_110101_1');
INSERT INTO [Subindicator] ([Indicator_Code], [Subindicator_Code], [Subindicator_DescEn], [Subindicator_DescAr], [Is_Uploaded], [Is_Valid], [Dimensions], [Series]) VALUES ('C140501', '_L_VN_140501_1', '', '', 0, 1, '111111111', '_L_VN_140501_1');
INSERT INTO [Subindicator] ([Indicator_Code], [Subindicator_Code], [Subindicator_DescEn], [Subindicator_DescAr], [Is_Uploaded], [Is_Valid], [Dimensions], [Series]) VALUES ('C150101', 'AG_LND_FRST', 'Forest area as a proportion of total land area [15.1.1]', 'Forest area as a proportion of total land area [15.1.1]', 0, 1, '111111111', 'AG_LND_FRST');
INSERT INTO [Subindicator] ([Indicator_Code], [Subindicator_Code], [Subindicator_DescEn], [Subindicator_DescAr], [Is_Uploaded], [Is_Valid], [Dimensions], [Series]) VALUES ('C150301', 'AG_LND_DGRD', 'Proportion of land that is degraded over total land area [15.3.1]', 'Proportion of land that is degraded over total land area [15.3.1]', 0, 1, '111111110', 'AG_LND_DGRD');
INSERT INTO [Subindicator] ([Indicator_Code], [Subindicator_Code], [Subindicator_DescEn], [Subindicator_DescAr], [Is_Uploaded], [Is_Valid], [Dimensions], [Series]) VALUES ('C160201', 'VC_VAW_PHYPYV', 'Proportion of children aged 1-14 years who experienced physical punishment and/or psychological aggression by caregivers in last month [16.2.1]', 'Proportion of children aged 1-14 years who experienced physical punishment and/or psychological aggression by caregivers in last month [16.2.1]', 0, 1, '111111111', 'VC_VAW_PHYPYV');
INSERT INTO [Subindicator] ([Indicator_Code], [Subindicator_Code], [Subindicator_DescEn], [Subindicator_DescAr], [Is_Uploaded], [Is_Valid], [Dimensions], [Series]) VALUES ('C160502', 'IC_FRM_BRIB', 'Bribery incidence (% of firms experiencing at least one bribe payment request) [16.5.2]', 'Bribery incidence (% of firms experiencing at least one bribe payment request) [16.5.2]', 0, 1, '111111111', 'IC_FRM_BRIB');
INSERT INTO [Subindicator] ([Indicator_Code], [Subindicator_Code], [Subindicator_DescEn], [Subindicator_DescAr], [Is_Uploaded], [Is_Valid], [Dimensions], [Series]) VALUES ('C160602', 'SP_PSR_SATIS', 'Proportion of population satisfied with their last experience of public services [16.6.2]', 'Proportion of population satisfied with their last experience of public services [16.6.2]', 0, 1, '111111111', 'SP_PSR_SATIS');
INSERT INTO [Subindicator] ([Indicator_Code], [Subindicator_Code], [Subindicator_DescEn], [Subindicator_DescAr], [Is_Uploaded], [Is_Valid], [Dimensions], [Series]) VALUES ('C160601', 'GF_XPD_GBPC', 'Primary government expenditures as a proportion of original approved budget [16.6.1]', 'Primary government expenditures as a proportion of original approved budget [16.6.1]', 0, 1, '111111111', 'GF_XPD_GBPC');
INSERT INTO [Subindicator] ([Indicator_Code], [Subindicator_Code], [Subindicator_DescEn], [Subindicator_DescAr], [Is_Uploaded], [Is_Valid], [Dimensions], [Series]) VALUES ('C160901', 'SG_REG_BRTH', 'Proportion of children under 5 years of age whose births have been registered with a civil authority [16.9.1]', 'Proportion of children under 5 years of age whose births have been registered with a civil authority [16.9.1]', 0, 1, '111111111', 'SG_REG_BRTH');
INSERT INTO [Subindicator] ([Indicator_Code], [Subindicator_Code], [Subindicator_DescEn], [Subindicator_DescAr], [Is_Uploaded], [Is_Valid], [Dimensions], [Series]) VALUES ('C171001', '_L_VIETNAM_170101_1', '', '', 0, 1, '111111111', '_L_VIETNAM_170101_1');
