DELETE FROM "MENUSELECTION_ENG" WHERE USERID = 'SDGS';
DELETE FROM "CONTENTS_ENG" WHERE USERID = 'SDGS';
DELETE FROM "VSVALUE_ENG" WHERE USERID = 'SDGS';
DELETE FROM "VALUE_ENG" WHERE USERID = 'SDGS';
DELETE FROM "SUBTABLE_ENG" WHERE USERID = 'SDGS';
DELETE FROM "VALUESET_ENG" WHERE USERID = 'SDGS';
DELETE FROM "VALUEPOOL_ENG" WHERE USERID = 'SDGS';
DELETE FROM "VARIABLE_ENG" WHERE USERID = 'SDGS';
DELETE FROM "MAINTABLE_ENG" WHERE USERID = 'SDGS';
DELETE FROM "SECONDARYLANGUAGE" WHERE USERID = 'SDGS';
DELETE FROM "MENUSELECTION" WHERE USERID = 'SDGS';
DELETE FROM "CONTENTSTIME" WHERE USERID = 'SDGS';
DELETE FROM "CONTENTS" WHERE USERID = 'SDGS';
DELETE FROM "VSVALUE" WHERE USERID = 'SDGS';
DELETE FROM "VALUE" WHERE USERID = 'SDGS';
DELETE FROM "SUBTABLEVARIABLE" WHERE USERID = 'SDGS';
DELETE FROM "SUBTABLE" WHERE USERID = 'SDGS';
DELETE FROM "VALUESET" WHERE USERID = 'SDGS';
DELETE FROM "VALUEPOOL" WHERE USERID = 'SDGS';
DELETE FROM "VARIABLE" WHERE USERID = 'SDGS';
DELETE FROM "MAINTABLE" WHERE USERID = 'SDGS';
INSERT INTO "MENUSELECTION" (MENU, SELECTION, PRESTEXT, PRESTEXTS, DESCRIPTION, LEVELNO, SORTCODE, PRESENTATION, USERID, LOGDATE) VALUES ('START', '01', 'Goal AR1 - القضاء على الفقر', '', '', '1', '001', 'A', 'SDGS', GETDATE());
INSERT INTO "MENUSELECTION_ENG" (MENU, SELECTION, PRESTEXT, PRESTEXTS, DESCRIPTION, SORTCODE, PRESENTATION, USERID, LOGDATE) VALUES ('START', '01', 'Goal1 - No poverty', '', '', '001', 'A', 'SDGS', GETDATE());
INSERT INTO "MENUSELECTION"(MENU, SELECTION, PRESTEXT, PRESTEXTS, DESCRIPTION, LEVELNO, SORTCODE, PRESENTATION, USERID, LOGDATE) VALUES ('01', 'T1_1', 'TARGET code 1.1   - القضاء على الفقر المدقع للناس أجمعين أينما كانوا بحلول عام ٢٠٣٠، وهو يُقاس حالياً بعدد الأشخاص الذين يعيشون بأقل من 1.25 دولار في اليوم', '', '', '2', '001', 'A', 'SDGS', GETDATE());
INSERT INTO "MENUSELECTION_ENG"(MENU, SELECTION, PRESTEXT, PRESTEXTS, DESCRIPTION, SORTCODE, PRESENTATION, USERID, LOGDATE) VALUES ('01', 'T1_1', 'TARGET code 1.1   - By 2030, eradicate extreme poverty for all people everywhere, currently measured as people living on less than $1.25 a day', '', '', '001', 'A', 'SDGS', GETDATE());
INSERT INTO "MENUSELECTION"(MENU, SELECTION, PRESTEXT, PRESTEXTS, DESCRIPTION, LEVELNO, SORTCODE, PRESENTATION, USERID, LOGDATE) VALUES ('T1_1', 'C010101', '1.1.1 نسبة السكان الذين يعيشون دون خط الفقر الدولي، بحسب الجنس، والعمر، والوضع الوظيفي، والموقع الجغرافي (حضري/ريفي)', '', '', '3', '001', 'A', 'SDGS', GETDATE());
INSERT INTO "MENUSELECTION_ENG"(MENU, SELECTION, PRESTEXT, PRESTEXTS, DESCRIPTION, SORTCODE, PRESENTATION, USERID, LOGDATE) VALUES ('T1_1', 'C010101', '1.1.1 Proportion of population below the international poverty line, by sex, age, employment status and geographical location (urban/rural)', '', '', '001', 'A', 'SDGS', GETDATE());
INSERT INTO "MENUSELECTION"(MENU, SELECTION, PRESTEXT, PRESTEXTS, DESCRIPTION, LEVELNO, SORTCODE, PRESENTATION, USERID, LOGDATE) VALUES ('C010101', 'S11C01010101', 'C010101_01 -', '', '', '4', '001', 'A', 'SDGS', GETDATE());
INSERT INTO "MENUSELECTION_ENG"(MENU, SELECTION, PRESTEXT, PRESTEXTS, DESCRIPTION, SORTCODE, PRESENTATION, USERID, LOGDATE) VALUES ('C010101', 'S11C01010101', 'C010101_01 -', '', '', '001', 'A', 'SDGS', GETDATE());
INSERT INTO "MENUSELECTION"(MENU, SELECTION, PRESTEXT, PRESTEXTS, DESCRIPTION, LEVELNO, SORTCODE, PRESENTATION, USERID, LOGDATE) VALUES ('01', 'T1_2', 'TARGET code 1.2   - تخفيض نسبة الرجال والنساء والأطفال من جميع الأعمار الذين يعانون الفقر بجميع أبعاده وفقاً للتعاريف الوطنية بمقدار النصف على الأقل، بحلول عام ٢٠٣٠', '', '', '2', '002', 'A', 'SDGS', GETDATE());
INSERT INTO "MENUSELECTION_ENG"(MENU, SELECTION, PRESTEXT, PRESTEXTS, DESCRIPTION, SORTCODE, PRESENTATION, USERID, LOGDATE) VALUES ('01', 'T1_2', 'TARGET code 1.2   - By 2030, reduce at least by half the proportion of men, women and children of all ages living in poverty in all its dimensions according to national definitions', '', '', '002', 'A', 'SDGS', GETDATE());
INSERT INTO "MENUSELECTION"(MENU, SELECTION, PRESTEXT, PRESTEXTS, DESCRIPTION, LEVELNO, SORTCODE, PRESENTATION, USERID, LOGDATE) VALUES ('T1_2', 'C010201', '1.2.1 نسبة السكان الذين يعيشون دون خط الفقر الوطني، بحسب الجنس والعمر', '', '', '3', '001', 'A', 'SDGS', GETDATE());
INSERT INTO "MENUSELECTION_ENG"(MENU, SELECTION, PRESTEXT, PRESTEXTS, DESCRIPTION, SORTCODE, PRESENTATION, USERID, LOGDATE) VALUES ('T1_2', 'C010201', '1.2.1 Proportion of population living below the national poverty line, by sex and age', '', '', '001', 'A', 'SDGS', GETDATE());
INSERT INTO "MENUSELECTION"(MENU, SELECTION, PRESTEXT, PRESTEXTS, DESCRIPTION, LEVELNO, SORTCODE, PRESENTATION, USERID, LOGDATE) VALUES ('C010201', 'S12C01020101', 'C010201_01 - ???? ?????? ????? ?????? ??? ?? ????? ??????? ???? ????? ??????', '', '', '4', '001', 'A', 'SDGS', GETDATE());
INSERT INTO "MENUSELECTION_ENG"(MENU, SELECTION, PRESTEXT, PRESTEXTS, DESCRIPTION, SORTCODE, PRESENTATION, USERID, LOGDATE) VALUES ('C010201', 'S12C01020101', 'C010201_01 - Proportion of population living below the national poverty line (%)', '', '', '001', 'A', 'SDGS', GETDATE());
INSERT INTO "MENUSELECTION"(MENU, SELECTION, PRESTEXT, PRESTEXTS, DESCRIPTION, LEVELNO, SORTCODE, PRESENTATION, USERID, LOGDATE) VALUES ('T1_2', 'C010202', '1.2.2  نسبة الرجال والنساء والأطفال من جميع الأعمار الذين يعانون الفقر بجميع أبعاده وفقاً للتعاريف الوطنية', '', '', '3', '002', 'A', 'SDGS', GETDATE());
INSERT INTO "MENUSELECTION_ENG"(MENU, SELECTION, PRESTEXT, PRESTEXTS, DESCRIPTION, SORTCODE, PRESENTATION, USERID, LOGDATE) VALUES ('T1_2', 'C010202', '1.2.2  Proportion of men, women and children of all ages living in poverty in all its dimensions according to national definitions', '', '', '002', 'A', 'SDGS', GETDATE());
INSERT INTO "MENUSELECTION"(MENU, SELECTION, PRESTEXT, PRESTEXTS, DESCRIPTION, LEVELNO, SORTCODE, PRESENTATION, USERID, LOGDATE) VALUES ('C010202', 'S12C01020201', 'C010202_01 - ???? ?????? ??????? ???????? ?? ???? ??????? ????? ?????? ????? ????? ?????? ????? ???????? ???????', '', '', '4', '001', 'A', 'SDGS', GETDATE());
INSERT INTO "MENUSELECTION_ENG"(MENU, SELECTION, PRESTEXT, PRESTEXTS, DESCRIPTION, SORTCODE, PRESENTATION, USERID, LOGDATE) VALUES ('C010202', 'S12C01020201', 'C010202_01 - Proportion of men, women and children of all ages living in poverty in all its dimensions according to national definitions', '', '', '001', 'A', 'SDGS', GETDATE());
INSERT INTO "MENUSELECTION"(MENU, SELECTION, PRESTEXT, PRESTEXTS, DESCRIPTION, LEVELNO, SORTCODE, PRESENTATION, USERID, LOGDATE) VALUES ('01', 'T1_3', 'TARGET code 1.3   - تنفيذ نظم وطنية ملائمة للحماية الاجتماعية وتدابير للجميع ووضع حدود دنيا لها، وبحلول عام ٢٠٣٠، تحقيق تغطية واسعة للفقراء والضعفاء', '', '', '2', '003', 'A', 'SDGS', GETDATE());
INSERT INTO "MENUSELECTION_ENG"(MENU, SELECTION, PRESTEXT, PRESTEXTS, DESCRIPTION, SORTCODE, PRESENTATION, USERID, LOGDATE) VALUES ('01', 'T1_3', 'TARGET code 1.3   - Implement nationally appropriate social protection systems and measures for all, including floors, and by 2030 achieve substantial coverage of the poor and the vulnerable', '', '', '003', 'A', 'SDGS', GETDATE());
INSERT INTO "MENUSELECTION"(MENU, SELECTION, PRESTEXT, PRESTEXTS, DESCRIPTION, LEVELNO, SORTCODE, PRESENTATION, USERID, LOGDATE) VALUES ('T1_3', 'C010301', '1.3.1  نسبة السكان الذين تشملهم حدود دنيا/نظم للحماية الاجتماعية، بحسب الجنس، وبحسب الفئات السكانية، كالأطفال، والعاطلين عن العمل، والمسنين، والأشخاص ذوي الإعاقة، والحوامل، والأطفال حديثي الولادة، وضحايا إصابات العمل، والفقراء، والضعفاء', '', '', '3', '001', 'A', 'SDGS', GETDATE());
INSERT INTO "MENUSELECTION_ENG"(MENU, SELECTION, PRESTEXT, PRESTEXTS, DESCRIPTION, SORTCODE, PRESENTATION, USERID, LOGDATE) VALUES ('T1_3', 'C010301', '1.3.1  Proportion of population covered by social protection floors/systems by sex, and distinguishing children, unemployed persons, older persons, persons with disabilities, pregnant women, newborns, work injury victims, and the poor and the vulnerable', '', '', '001', 'A', 'SDGS', GETDATE());
INSERT INTO "MENUSELECTION"(MENU, SELECTION, PRESTEXT, PRESTEXTS, DESCRIPTION, LEVELNO, SORTCODE, PRESENTATION, USERID, LOGDATE) VALUES ('C010301', 'S13C01030101', 'C010301_01 -', '', '', '4', '001', 'A', 'SDGS', GETDATE());
INSERT INTO "MENUSELECTION_ENG"(MENU, SELECTION, PRESTEXT, PRESTEXTS, DESCRIPTION, SORTCODE, PRESENTATION, USERID, LOGDATE) VALUES ('C010301', 'S13C01030101', 'C010301_01 -', '', '', '001', 'A', 'SDGS', GETDATE());
INSERT INTO "MENUSELECTION"(MENU, SELECTION, PRESTEXT, PRESTEXTS, DESCRIPTION, LEVELNO, SORTCODE, PRESENTATION, USERID, LOGDATE) VALUES ('01', 'T1_4', 'TARGET code 1.4   - كفالة تمتع جميع الرجال والنساء، ولا سيما الفقراء والضعفاء منهم، بنفس الحقوق في الحصول على الموارد الاقتصادية، وكذلك حصولهم على الخدمات الأساسية، وعلى حق امتلاك الأراضي والتصرّف فيها وغير ذلك من الحقوق المتعلّقة بأشكال الملكية الأخرى، وبالميراث، وبالحصول على الموارد الطبيعية، والتكنولوجيا الجديدة الملائمة، والخدمات المالية، بما في ذلك التمويل المتناهي الصغر، بحلول عام ٢٠٣٠', '', '', '2', '004', 'A', 'SDGS', GETDATE());
INSERT INTO "MENUSELECTION_ENG"(MENU, SELECTION, PRESTEXT, PRESTEXTS, DESCRIPTION, SORTCODE, PRESENTATION, USERID, LOGDATE) VALUES ('01', 'T1_4', 'TARGET code 1.4   - By 2030, ensure that all men and women, in particular the poor and the vulnerable, have equal rights to economic resources, as well as access to basic services, ownership and control over land and other forms of property, inheritance, natural resources, appropriate new technology and financial services, including microfinance', '', '', '004', 'A', 'SDGS', GETDATE());
INSERT INTO "MENUSELECTION"(MENU, SELECTION, PRESTEXT, PRESTEXTS, DESCRIPTION, LEVELNO, SORTCODE, PRESENTATION, USERID, LOGDATE) VALUES ('T1_4', 'C010401', '1.4.1 نسبة السكان الذين يعيشون في أسر معيشية يمكنها الحصول على الخدمات الأساسية', '', '', '3', '001', 'A', 'SDGS', GETDATE());
INSERT INTO "MENUSELECTION_ENG"(MENU, SELECTION, PRESTEXT, PRESTEXTS, DESCRIPTION, SORTCODE, PRESENTATION, USERID, LOGDATE) VALUES ('T1_4', 'C010401', '1.4.1 Proportion of population living in households with access to basic services', '', '', '001', 'A', 'SDGS', GETDATE());
INSERT INTO "MENUSELECTION"(MENU, SELECTION, PRESTEXT, PRESTEXTS, DESCRIPTION, LEVELNO, SORTCODE, PRESENTATION, USERID, LOGDATE) VALUES ('T1_4', 'C010402', '1.4.2 نسبة مجموع السكان البالغين الذين لديهم حقوق مضمونة لحيازة الأرض، و(أ) لديهم مستندات معترف بها قانوناً، و(ب) يعتبرون حقوقهم في الأرض مضمونة، بحسب الجنس ونوع الحيازة', '', '', '3', '002', 'A', 'SDGS', GETDATE());
INSERT INTO "MENUSELECTION_ENG"(MENU, SELECTION, PRESTEXT, PRESTEXTS, DESCRIPTION, SORTCODE, PRESENTATION, USERID, LOGDATE) VALUES ('T1_4', 'C010402', '1.4.2 Proportion of total adult population with secure tenure rights to land, (a) with legally recognized documentation, and (b) who perceive their rights to land as secure, by sex and type of tenure', '', '', '002', 'A', 'SDGS', GETDATE());
INSERT INTO "MENUSELECTION"(MENU, SELECTION, PRESTEXT, PRESTEXTS, DESCRIPTION, LEVELNO, SORTCODE, PRESENTATION, USERID, LOGDATE) VALUES ('01', 'T1_5', 'TARGET code 1.5   - بناء قدرة الفقراء والفئات الضعيفة على الصمود، والحد من تعرضهم وتأثّرهم بالظواهر المتطرفة المتصلة بالمناخ وغيرها من الهزات والكوارث الاقتصادية والاجتماعية والبيئية، بحلول عام ٢٠٣٠', '', '', '2', '005', 'A', 'SDGS', GETDATE());
INSERT INTO "MENUSELECTION_ENG"(MENU, SELECTION, PRESTEXT, PRESTEXTS, DESCRIPTION, SORTCODE, PRESENTATION, USERID, LOGDATE) VALUES ('01', 'T1_5', 'TARGET code 1.5   - By 2030, build the resilience of the poor and those in vulnerable situations and reduce their exposure and vulnerability to climate-related extreme events and other economic, social and environmental shocks and disasters', '', '', '005', 'A', 'SDGS', GETDATE());
INSERT INTO "MENUSELECTION"(MENU, SELECTION, PRESTEXT, PRESTEXTS, DESCRIPTION, LEVELNO, SORTCODE, PRESENTATION, USERID, LOGDATE) VALUES ('T1_5', 'C010502', '1.5.2 الخسائر الاقتصادية التي تعزى مباشرة إلى الكوارث مقابل الناتج المحلي الإجمالي العالمي', '', '', '3', '001', 'A', 'SDGS', GETDATE());
INSERT INTO "MENUSELECTION_ENG"(MENU, SELECTION, PRESTEXT, PRESTEXTS, DESCRIPTION, SORTCODE, PRESENTATION, USERID, LOGDATE) VALUES ('T1_5', 'C010502', '1.5.2 Direct economic loss attributed to disasters in relation to global gross domestic product (GDP)', '', '', '001', 'A', 'SDGS', GETDATE());
INSERT INTO "MENUSELECTION"(MENU, SELECTION, PRESTEXT, PRESTEXTS, DESCRIPTION, LEVELNO, SORTCODE, PRESENTATION, USERID, LOGDATE) VALUES ('C010502', 'S15C01050201', 'C010502_01 - ??????? ?????????? ???? ???? ?????? ??? ??????? ????? ?????? ?????? ???????? ???????', '', '', '4', '001', 'A', 'SDGS', GETDATE());
INSERT INTO "MENUSELECTION_ENG"(MENU, SELECTION, PRESTEXT, PRESTEXTS, DESCRIPTION, SORTCODE, PRESENTATION, USERID, LOGDATE) VALUES ('C010502', 'S15C01050201', 'C010502_01 - Direct economic loss attributed to disasters relative to GDP (%)', '', '', '001', 'A', 'SDGS', GETDATE());
INSERT INTO "MENUSELECTION"(MENU, SELECTION, PRESTEXT, PRESTEXTS, DESCRIPTION, LEVELNO, SORTCODE, PRESENTATION, USERID, LOGDATE) VALUES ('T1_5', 'C200303', '1.5.1 عدد الأشخاص المتوفين  بسبب الكوارث من بين كل 000 100 شخص', '', '', '3', '002', 'A', 'SDGS', GETDATE());
INSERT INTO "MENUSELECTION_ENG"(MENU, SELECTION, PRESTEXT, PRESTEXTS, DESCRIPTION, SORTCODE, PRESENTATION, USERID, LOGDATE) VALUES ('T1_5', 'C200303', '1.5.1 Number of deaths, missing persons and directly affected persons attributed to disasters per 100,000 population', '', '', '002', 'A', 'SDGS', GETDATE());
INSERT INTO "MENUSELECTION"(MENU, SELECTION, PRESTEXT, PRESTEXTS, DESCRIPTION, LEVELNO, SORTCODE, PRESENTATION, USERID, LOGDATE) VALUES ('C200303', 'S15C20030301', 'C200303_01 - ??? ???????  ???? ??????? ?? ?? 000 100 ???', '', '', '4', '001', 'A', 'SDGS', GETDATE());
INSERT INTO "MENUSELECTION_ENG"(MENU, SELECTION, PRESTEXT, PRESTEXTS, DESCRIPTION, SORTCODE, PRESENTATION, USERID, LOGDATE) VALUES ('C200303', 'S15C20030301', 'C200303_01 - Number of deaths attributed to disasters per 100,000 population', '', '', '001', 'A', 'SDGS', GETDATE());
INSERT INTO "MENUSELECTION"(MENU, SELECTION, PRESTEXT, PRESTEXTS, DESCRIPTION, LEVELNO, SORTCODE, PRESENTATION, USERID, LOGDATE) VALUES ('C200303', 'S15C20030302', 'C200303_02 - ???  ?????????  ???? ??????? ?? ?? 000 100 ???', '', '', '4', '002', 'A', 'SDGS', GETDATE());
INSERT INTO "MENUSELECTION_ENG"(MENU, SELECTION, PRESTEXT, PRESTEXTS, DESCRIPTION, SORTCODE, PRESENTATION, USERID, LOGDATE) VALUES ('C200303', 'S15C20030302', 'C200303_02 - Number of missing persons attributed to disasters per 100,000 population', '', '', '002', 'A', 'SDGS', GETDATE());
INSERT INTO "MENUSELECTION"(MENU, SELECTION, PRESTEXT, PRESTEXTS, DESCRIPTION, LEVELNO, SORTCODE, PRESENTATION, USERID, LOGDATE) VALUES ('C200303', 'S15C20030303', 'C200303_03 - ??? ????????? ???? ??????? ?? ?? 000 100 ???', '', '', '4', '003', 'A', 'SDGS', GETDATE());
INSERT INTO "MENUSELECTION_ENG"(MENU, SELECTION, PRESTEXT, PRESTEXTS, DESCRIPTION, SORTCODE, PRESENTATION, USERID, LOGDATE) VALUES ('C200303', 'S15C20030303', 'C200303_03 - Number of directly affected persons attributed to disasters per 100,000 population', '', '', '003', 'A', 'SDGS', GETDATE());
INSERT INTO "MENUSELECTION"(MENU, SELECTION, PRESTEXT, PRESTEXTS, DESCRIPTION, LEVELNO, SORTCODE, PRESENTATION, USERID, LOGDATE) VALUES ('T1_5', 'C200304', '1.5.3 عدد البلدان التي تعتمد وتنفذ استراتيجيات وطنية للحد من مخاطر الكوارث تمشيا مع إطار سنداي للحد من مخاطر الكوارث للفترة 2015-٢٠٣٠.', '', '', '3', '003', 'A', 'SDGS', GETDATE());
INSERT INTO "MENUSELECTION_ENG"(MENU, SELECTION, PRESTEXT, PRESTEXTS, DESCRIPTION, SORTCODE, PRESENTATION, USERID, LOGDATE) VALUES ('T1_5', 'C200304', '1.5.3 Number of countries that adopt and implement national disaster risk reduction strategies in line with the Sendai Framework for Disaster Risk Reduction 2015-2030', '', '', '003', 'A', 'SDGS', GETDATE());
INSERT INTO "MENUSELECTION"(MENU, SELECTION, PRESTEXT, PRESTEXTS, DESCRIPTION, LEVELNO, SORTCODE, PRESENTATION, USERID, LOGDATE) VALUES ('C200304', 'S15C20030401', 'C200304_01 - ??? ??????? ???? ????? ??????????? ?????  ?????? ???? ?? ????? ???????', '', '', '4', '001', 'A', 'SDGS', GETDATE());
INSERT INTO "MENUSELECTION_ENG"(MENU, SELECTION, PRESTEXT, PRESTEXTS, DESCRIPTION, SORTCODE, PRESENTATION, USERID, LOGDATE) VALUES ('C200304', 'S15C20030401', 'C200304_01 - Number of countries that adopt and implement national disaster risk reduction strategies in line with the Sendai Framework for Disaster Risk Reduction 2015-2030', '', '', '001', 'A', 'SDGS', GETDATE());
INSERT INTO "MENUSELECTION"(MENU, SELECTION, PRESTEXT, PRESTEXTS, DESCRIPTION, LEVELNO, SORTCODE, PRESENTATION, USERID, LOGDATE) VALUES ('T1_5', 'C200305', '1.5.4 نسبة السلطات المحلية التي لديها وتطبق استراتيجيات الحد من المخاطر على مستوى السلطات المحلية بالاتساق مع الاستراتيجية الوطنية للحد من المخاطر', '', '', '3', '004', 'A', 'SDGS', GETDATE());
INSERT INTO "MENUSELECTION_ENG"(MENU, SELECTION, PRESTEXT, PRESTEXTS, DESCRIPTION, SORTCODE, PRESENTATION, USERID, LOGDATE) VALUES ('T1_5', 'C200305', '1.5.4 Proportion of local governments that adopt and implement local disaster risk reduction strategies in line with national disaster risk reduction strategies', '', '', '004', 'A', 'SDGS', GETDATE());
INSERT INTO "MENUSELECTION"(MENU, SELECTION, PRESTEXT, PRESTEXTS, DESCRIPTION, LEVELNO, SORTCODE, PRESENTATION, USERID, LOGDATE) VALUES ('C200305', 'S15C20030501', 'C200305_01 - ???? ??????? ??????? ???? ????? ????? ??????????? ???? ?? ??????? ??? ????? ??????? ??????? ???????? ?? ???????????? ??????? ???? ?? ???????', '', '', '4', '001', 'A', 'SDGS', GETDATE());
INSERT INTO "MENUSELECTION_ENG"(MENU, SELECTION, PRESTEXT, PRESTEXTS, DESCRIPTION, SORTCODE, PRESENTATION, USERID, LOGDATE) VALUES ('C200305', 'S15C20030501', 'C200305_01 - Proportion of local governments that adopt and implement local disaster risk reduction strategies in line with national disaster risk reduction strategies (%)', '', '', '001', 'A', 'SDGS', GETDATE());
INSERT INTO "MENUSELECTION"(MENU, SELECTION, PRESTEXT, PRESTEXTS, DESCRIPTION, LEVELNO, SORTCODE, PRESENTATION, USERID, LOGDATE) VALUES ('01', 'T1_a', 'TARGET code 1.a   - كفالة حشد موارد كبيرة من مصادر متنوعة، بوسائل منها التعاون الإنمائي المعزّز، من أجل تزويد البلدان النامية، ولا سيما أقل البلدان نمواً، بما يكفيها من الوسائل التي يمكن التنبؤ بها من أجل تنفيذ برامج وسياسات ترمي إلى القضاء على الفقر بجميع أبعاده', '', '', '2', '006', 'A', 'SDGS', GETDATE());
INSERT INTO "MENUSELECTION_ENG"(MENU, SELECTION, PRESTEXT, PRESTEXTS, DESCRIPTION, SORTCODE, PRESENTATION, USERID, LOGDATE) VALUES ('01', 'T1_a', 'TARGET code 1.a   - Ensure significant mobilization of resources from a variety of sources, including through enhanced development cooperation, in order to provide adequate and predictable means for developing countries, in particular least developed countries, to implement programmes and policies to end poverty in all its dimensions', '', '', '006', 'A', 'SDGS', GETDATE());
INSERT INTO "MENUSELECTION"(MENU, SELECTION, PRESTEXT, PRESTEXTS, DESCRIPTION, LEVELNO, SORTCODE, PRESENTATION, USERID, LOGDATE) VALUES ('T1_a', 'C010a04', '1.a.1 المجموع الإجمالي للمنح والتدفقات الوافدة التي لا تستتبع اقتراض ديون، والتي تخصَّص مباشرة لبرامج الحد من الفقر محسوباً كنسبة من الناتج المحلي الإجمالي', '', '', '3', '001', 'A', 'SDGS', GETDATE());
INSERT INTO "MENUSELECTION_ENG"(MENU, SELECTION, PRESTEXT, PRESTEXTS, DESCRIPTION, SORTCODE, PRESENTATION, USERID, LOGDATE) VALUES ('T1_a', 'C010a04', '1.a.1 Sum of total grants and non-debt-creating inflows directly allocated to poverty reduction programmes as a proportion of GDP', '', '', '001', 'A', 'SDGS', GETDATE());
INSERT INTO "MENUSELECTION"(MENU, SELECTION, PRESTEXT, PRESTEXTS, DESCRIPTION, LEVELNO, SORTCODE, PRESENTATION, USERID, LOGDATE) VALUES ('T1_a', 'C010a02', '1.a.2  نسبة مجموع الإنفاق الحكومي على الخدمات الأساسية (التعليم والصحة والحماية الاجتماعية)', '', '', '3', '002', 'A', 'SDGS', GETDATE());
INSERT INTO "MENUSELECTION_ENG"(MENU, SELECTION, PRESTEXT, PRESTEXTS, DESCRIPTION, SORTCODE, PRESENTATION, USERID, LOGDATE) VALUES ('T1_a', 'C010a02', '1.a.2  Proportion of total government spending on essential services (education, health and social protection)', '', '', '002', 'A', 'SDGS', GETDATE());
INSERT INTO "MENUSELECTION"(MENU, SELECTION, PRESTEXT, PRESTEXTS, DESCRIPTION, LEVELNO, SORTCODE, PRESENTATION, USERID, LOGDATE) VALUES ('C010a02', 'S1aC010a0201', 'C010a02_01 - ????? ??? ????????? ????????? ??????? ??????? ?? ???? ?????? ??????? ???? ???? ??? ???? ?? ?????? ???? ?? ?????? ????? ?????? ????? ???????', '', '', '4', '001', 'A', 'SDGS', GETDATE());
INSERT INTO "MENUSELECTION_ENG"(MENU, SELECTION, PRESTEXT, PRESTEXTS, DESCRIPTION, SORTCODE, PRESENTATION, USERID, LOGDATE) VALUES ('C010a02', 'S1aC010a0201', 'C010a02_01 - Proportion of total government spending on essential services (education, health and social protection)', '', '', '001', 'A', 'SDGS', GETDATE());
INSERT INTO "MENUSELECTION"(MENU, SELECTION, PRESTEXT, PRESTEXTS, DESCRIPTION, LEVELNO, SORTCODE, PRESENTATION, USERID, LOGDATE) VALUES ('01', 'T1_b', 'TARGET code 1.b   - وضع أطر سياساتية سليمة على الصعد الوطنية والإقليمية والدولية، استناداً إلى استراتيجيات إنمائية مراعية لمصالح الفقراء ومراعية للمنظور الجنساني، من أجل تسريع وتيرة الاستثمار في الإجراءات الرامية إلى القضاء على الفقر', '', '', '2', '007', 'A', 'SDGS', GETDATE());
INSERT INTO "MENUSELECTION_ENG"(MENU, SELECTION, PRESTEXT, PRESTEXTS, DESCRIPTION, SORTCODE, PRESENTATION, USERID, LOGDATE) VALUES ('01', 'T1_b', 'TARGET code 1.b   - Create sound policy frameworks at the national, regional and international levels, based on pro-poor and gender-sensitive development strategies, to support accelerated investment in poverty eradication actions', '', '', '007', 'A', 'SDGS', GETDATE());
INSERT INTO "MENUSELECTION"(MENU, SELECTION, PRESTEXT, PRESTEXTS, DESCRIPTION, LEVELNO, SORTCODE, PRESENTATION, USERID, LOGDATE) VALUES ('T1_b', 'C010b01', '1.b.1  نسبة الإنفاق الحكومي الرأسمالي والمتكرر المخصص للقطاعات التي تفيد المرأة والفقراء والفئات الضعيفة على نحو غير متناسب', '', '', '3', '001', 'A', 'SDGS', GETDATE());
INSERT INTO "MENUSELECTION_ENG"(MENU, SELECTION, PRESTEXT, PRESTEXTS, DESCRIPTION, SORTCODE, PRESENTATION, USERID, LOGDATE) VALUES ('T1_b', 'C010b01', '1.b.1  Proportion of government recurrent and capital spending to sectors that disproportionately benefit women, the poor and vulnerable groups', '', '', '001', 'A', 'SDGS', GETDATE());
INSERT INTO "MENUSELECTION" (MENU, SELECTION, PRESTEXT, PRESTEXTS, DESCRIPTION, LEVELNO, SORTCODE, PRESENTATION, USERID, LOGDATE) VALUES ('START', '02', 'Goal AR2 - القضاء التام على الجوع', '', '', '1', '002', 'A', 'SDGS', GETDATE());
INSERT INTO "MENUSELECTION_ENG" (MENU, SELECTION, PRESTEXT, PRESTEXTS, DESCRIPTION, SORTCODE, PRESENTATION, USERID, LOGDATE) VALUES ('START', '02', 'Goal2 - Zero Hunger', '', '', '002', 'A', 'SDGS', GETDATE());
INSERT INTO "MENUSELECTION"(MENU, SELECTION, PRESTEXT, PRESTEXTS, DESCRIPTION, LEVELNO, SORTCODE, PRESENTATION, USERID, LOGDATE) VALUES ('02', 'T2_1', 'TARGET code 2.1   - القضاء على الجوع وضمان حصول الجميع، ولا سيما الفقراء والفئات الضعيفة، بمن فيهم الرضّع، على ما يكفيهم من الغذاء المأمون والمغذّي طوال العام بحلول عام 2030', '', '', '2', '001', 'A', 'SDGS', GETDATE());
INSERT INTO "MENUSELECTION_ENG"(MENU, SELECTION, PRESTEXT, PRESTEXTS, DESCRIPTION, SORTCODE, PRESENTATION, USERID, LOGDATE) VALUES ('02', 'T2_1', 'TARGET code 2.1   - By 2030, end hunger and ensure access by all people, in particular the poor and people in vulnerable situations, including infants, to safe, nutritious and sufficient food all year round', '', '', '001', 'A', 'SDGS', GETDATE());
INSERT INTO "MENUSELECTION"(MENU, SELECTION, PRESTEXT, PRESTEXTS, DESCRIPTION, LEVELNO, SORTCODE, PRESENTATION, USERID, LOGDATE) VALUES ('T2_1', 'C020101', '2.1.1 معدل انتشار نقص التغذية.', '', '', '3', '001', 'A', 'SDGS', GETDATE());
INSERT INTO "MENUSELECTION_ENG"(MENU, SELECTION, PRESTEXT, PRESTEXTS, DESCRIPTION, SORTCODE, PRESENTATION, USERID, LOGDATE) VALUES ('T2_1', 'C020101', '2.1.1 Prevalence of undernourishment', '', '', '001', 'A', 'SDGS', GETDATE());
INSERT INTO "MENUSELECTION"(MENU, SELECTION, PRESTEXT, PRESTEXTS, DESCRIPTION, LEVELNO, SORTCODE, PRESENTATION, USERID, LOGDATE) VALUES ('T2_1', 'C020102', '2.1.2 معدل انتشار انعدام الأمن الغذائي المتوسط وسط السكان، استناداً إلى مقياس المعاناة من انعدام الأمن الغذائي.', '', '', '3', '002', 'A', 'SDGS', GETDATE());
INSERT INTO "MENUSELECTION_ENG"(MENU, SELECTION, PRESTEXT, PRESTEXTS, DESCRIPTION, SORTCODE, PRESENTATION, USERID, LOGDATE) VALUES ('T2_1', 'C020102', '2.1.2 Prevalence of moderate or severe food insecurity in the population, based on the Food Insecurity Experience Scale (FIES)', '', '', '002', 'A', 'SDGS', GETDATE());
INSERT INTO "MENUSELECTION"(MENU, SELECTION, PRESTEXT, PRESTEXTS, DESCRIPTION, LEVELNO, SORTCODE, PRESENTATION, USERID, LOGDATE) VALUES ('C020102', 'S21C02010201', 'C020102_01 - ???? ?????? ?????? ????? ??????? ??????? ?? ?????? ??? ??????? ??????? ??? ????? ???????? ?? ?????? ????? ???????', '', '', '4', '001', 'A', 'SDGS', GETDATE());
INSERT INTO "MENUSELECTION_ENG"(MENU, SELECTION, PRESTEXT, PRESTEXTS, DESCRIPTION, SORTCODE, PRESENTATION, USERID, LOGDATE) VALUES ('C020102', 'S21C02010201', 'C020102_01 - Prevalence of moderate or severe food insecurity in the adult population (%)', '', '', '001', 'A', 'SDGS', GETDATE());
INSERT INTO "MENUSELECTION"(MENU, SELECTION, PRESTEXT, PRESTEXTS, DESCRIPTION, LEVELNO, SORTCODE, PRESENTATION, USERID, LOGDATE) VALUES ('C020102', 'S21C02010202', 'C020102_02 - ???? ?????? ?????? ????? ??????? ?????? ??? ??????? ??????? ??? ????? ???????? ?? ?????? ????? ???????', '', '', '4', '002', 'A', 'SDGS', GETDATE());
INSERT INTO "MENUSELECTION_ENG"(MENU, SELECTION, PRESTEXT, PRESTEXTS, DESCRIPTION, SORTCODE, PRESENTATION, USERID, LOGDATE) VALUES ('C020102', 'S21C02010202', 'C020102_02 - Prevalence of severe  food insecurity in the adult population (%)', '', '', '002', 'A', 'SDGS', GETDATE());
INSERT INTO "MENUSELECTION"(MENU, SELECTION, PRESTEXT, PRESTEXTS, DESCRIPTION, LEVELNO, SORTCODE, PRESENTATION, USERID, LOGDATE) VALUES ('C020102', 'S21C02010203', 'C020102_03 - ??? ??????? ????? ?????? ?? ?????? ????? ??????? ??????? ??? ??????? ??????? ??? ????? ???????? ?? ?????? ????? ???????', '', '', '4', '003', 'A', 'SDGS', GETDATE());
INSERT INTO "MENUSELECTION_ENG"(MENU, SELECTION, PRESTEXT, PRESTEXTS, DESCRIPTION, SORTCODE, PRESENTATION, USERID, LOGDATE) VALUES ('C020102', 'S21C02010203', 'C020102_03 - Total population in moderate food insecurity (thousands of people)', '', '', '003', 'A', 'SDGS', GETDATE());
INSERT INTO "MENUSELECTION"(MENU, SELECTION, PRESTEXT, PRESTEXTS, DESCRIPTION, LEVELNO, SORTCODE, PRESENTATION, USERID, LOGDATE) VALUES ('C020102', 'S21C02010204', 'C020102_04 - ??? ??????? ????? ?????? ?? ?????? ????? ??????? ?????? ??? ??????? ??????? ??? ????? ???????? ?? ?????? ????? ???????', '', '', '4', '004', 'A', 'SDGS', GETDATE());
INSERT INTO "MENUSELECTION_ENG"(MENU, SELECTION, PRESTEXT, PRESTEXTS, DESCRIPTION, SORTCODE, PRESENTATION, USERID, LOGDATE) VALUES ('C020102', 'S21C02010204', 'C020102_04 - Total population in severe food insecurity (thousands of people)', '', '', '004', 'A', 'SDGS', GETDATE());
INSERT INTO "MENUSELECTION"(MENU, SELECTION, PRESTEXT, PRESTEXTS, DESCRIPTION, LEVELNO, SORTCODE, PRESENTATION, USERID, LOGDATE) VALUES ('02', 'T2_2', 'TARGET code 2.2   -  وضع نهاية لجميع أشكال سوء التغذية، بحلول عام 2030، بما في ذلك تحقيق الأهداف المتّفق عليها دوليا بشأن توقّف النمو والهزال لدى الأطفال دون سن الخامسة، ومعالجة الاحتياجات التغذوية للمراهقات والنساء الحوامل والمرضعات وكبار السن بحلول عام 2025', '', '', '2', '002', 'A', 'SDGS', GETDATE());
INSERT INTO "MENUSELECTION_ENG"(MENU, SELECTION, PRESTEXT, PRESTEXTS, DESCRIPTION, SORTCODE, PRESENTATION, USERID, LOGDATE) VALUES ('02', 'T2_2', 'TARGET code 2.2   - By 2030, end all forms of malnutrition, including achieving, by 2025, the internationally agreed targets on stunting and wasting in children under 5 years of age, and address the nutritional needs of adolescent girls, pregnant and lactating women and older persons', '', '', '002', 'A', 'SDGS', GETDATE());
INSERT INTO "MENUSELECTION"(MENU, SELECTION, PRESTEXT, PRESTEXTS, DESCRIPTION, LEVELNO, SORTCODE, PRESENTATION, USERID, LOGDATE) VALUES ('T2_2', 'C020201', '2.2.1  انتشار التقزم (الطول قياسا إلى العمر <2- حسب الانحرافات المعيارية (SD) لمتوسط معايير منظمة الصحة العالمية لنمو الطفل) بين الأطفال دون سن الخامسة من العمر.', '', '', '3', '001', 'A', 'SDGS', GETDATE());
INSERT INTO "MENUSELECTION_ENG"(MENU, SELECTION, PRESTEXT, PRESTEXTS, DESCRIPTION, SORTCODE, PRESENTATION, USERID, LOGDATE) VALUES ('T2_2', 'C020201', '2.2.1 Prevalence of stunting (height for age <-2 standard deviation from the median of the World Health Organization (WHO) Child Growth Standards) among children under 5 years of age', '', '', '001', 'A', 'SDGS', GETDATE());
INSERT INTO "MENUSELECTION"(MENU, SELECTION, PRESTEXT, PRESTEXTS, DESCRIPTION, LEVELNO, SORTCODE, PRESENTATION, USERID, LOGDATE) VALUES ('C020201', 'S22C02020101', 'C020201_01 - ?????? ?????? (????? ????? ??? ????? <2- ??? ?????????? ????????? (SD) ?????? ?????? ????? ????? ???????? ???? ?????) ??? ??????? ??? ?? ??????? ?? ?????.', '', '', '4', '001', 'A', 'SDGS', GETDATE());
INSERT INTO "MENUSELECTION_ENG"(MENU, SELECTION, PRESTEXT, PRESTEXTS, DESCRIPTION, SORTCODE, PRESENTATION, USERID, LOGDATE) VALUES ('C020201', 'S22C02020101', 'C020201_01 - Prevalence of stunting (height for age <-2 standard deviation from the median of the World Health Organization (WHO) Child Growth Standards) among children under 5 years of age', '', '', '001', 'A', 'SDGS', GETDATE());
INSERT INTO "MENUSELECTION"(MENU, SELECTION, PRESTEXT, PRESTEXTS, DESCRIPTION, LEVELNO, SORTCODE, PRESENTATION, USERID, LOGDATE) VALUES ('T2_2', 'C020202', '2.2.2 انتشار سوء التغذية (الوزن قياسا إلى الطول > 2+ أو <2- حسب الانحرافات المعيارية (SD) لمتوسط معايير منظمة الصحة العالمية لنمو الطفل) بين الأطفال دون سن الخامسة من العمر وبالنوع (الهزال وزيادة الوزن).', '', '', '3', '002', 'A', 'SDGS', GETDATE());
INSERT INTO "MENUSELECTION_ENG"(MENU, SELECTION, PRESTEXT, PRESTEXTS, DESCRIPTION, SORTCODE, PRESENTATION, USERID, LOGDATE) VALUES ('T2_2', 'C020202', '2.2.2 Prevalence of malnutrition (weight for height >+2 or <-2 standard deviation from the median of the WHO Child Growth Standards) among children under 5 years of age, by type (wasting and overweight)', '', '', '002', 'A', 'SDGS', GETDATE());
INSERT INTO "MENUSELECTION"(MENU, SELECTION, PRESTEXT, PRESTEXTS, DESCRIPTION, LEVELNO, SORTCODE, PRESENTATION, USERID, LOGDATE) VALUES ('C020202', 'S22C02020202', 'C020202_02 - ?????? ??? ??????? (????? ????? ??? ????? > 2+ ?? <2- ??? ?????????? ????????? (SD) ?????? ?????? ????? ????? ???????? ???? ?????) ??? ??????? ??? ?? ??????? ?? ????? ??????? (????? ?????).', '', '', '4', '001', 'A', 'SDGS', GETDATE());
INSERT INTO "MENUSELECTION_ENG"(MENU, SELECTION, PRESTEXT, PRESTEXTS, DESCRIPTION, SORTCODE, PRESENTATION, USERID, LOGDATE) VALUES ('C020202', 'S22C02020202', 'C020202_02 - Prevalence of malnutrition (weight for height >+2 or <-2 standard deviation from the median of the WHO Child Growth Standards) among children under 5 years of age, by type (overweight)', '', '', '001', 'A', 'SDGS', GETDATE());
INSERT INTO "MENUSELECTION"(MENU, SELECTION, PRESTEXT, PRESTEXTS, DESCRIPTION, LEVELNO, SORTCODE, PRESENTATION, USERID, LOGDATE) VALUES ('C020202', 'S22C02020201', 'C020202_01 - ?????? ??? ??????? (????? ????? ??? ????? > 2+ ?? <2- ??? ?????????? ????????? (SD) ?????? ?????? ????? ????? ???????? ???? ?????) ??? ??????? ??? ?? ??????? ?? ????? ??????? (??????).', '', '', '4', '002', 'A', 'SDGS', GETDATE());
INSERT INTO "MENUSELECTION_ENG"(MENU, SELECTION, PRESTEXT, PRESTEXTS, DESCRIPTION, SORTCODE, PRESENTATION, USERID, LOGDATE) VALUES ('C020202', 'S22C02020201', 'C020202_01 - Prevalence of malnutrition (weight for height >+2 or <-2 standard deviation from the median of the WHO Child Growth Standards) among children under 5 years of age, by type (wasting)', '', '', '002', 'A', 'SDGS', GETDATE());
INSERT INTO "MENUSELECTION"(MENU, SELECTION, PRESTEXT, PRESTEXTS, DESCRIPTION, LEVELNO, SORTCODE, PRESENTATION, USERID, LOGDATE) VALUES ('T2_2', 'C020203', '2.2.3 انتشار فقر الدم لدى النساء اللاتي تتراوح أعمارهن بين 15 و49 سنة، حسب حالة الحمل (نسبة مئوية)', '', '', '3', '003', 'A', 'SDGS', GETDATE());
INSERT INTO "MENUSELECTION_ENG"(MENU, SELECTION, PRESTEXT, PRESTEXTS, DESCRIPTION, SORTCODE, PRESENTATION, USERID, LOGDATE) VALUES ('T2_2', 'C020203', '2.2.3 Prevalence of anaemia in women aged 15 to 49 years, by pregnancy status (percentage)', '', '', '003', 'A', 'SDGS', GETDATE());
INSERT INTO "MENUSELECTION"(MENU, SELECTION, PRESTEXT, PRESTEXTS, DESCRIPTION, LEVELNO, SORTCODE, PRESENTATION, USERID, LOGDATE) VALUES ('02', 'T2_3', 'TARGET code 2.3   - مضاعفة الإنتاجية الزراعية ودخل صغار منتجي الأغذية، ولا سيما النساء وأفراد الشعوب الأصلية والمزارعين الأسريين والرعاة والصيادين، بما في ذلك من خلال ضمان المساواة في حصولهم على الأراضي وعلى موارد الإنتاج الأخرى والمدخلات والمعارف والخدمات المالية وإمكانية وصولهم إلى الأسواق وحصولهم على الفرص لتحقيق قيمة مضافة وحصولهم على فرص عمل غير زراعية، بحلول عام 2030', '', '', '2', '003', 'A', 'SDGS', GETDATE());
INSERT INTO "MENUSELECTION_ENG"(MENU, SELECTION, PRESTEXT, PRESTEXTS, DESCRIPTION, SORTCODE, PRESENTATION, USERID, LOGDATE) VALUES ('02', 'T2_3', 'TARGET code 2.3   - By 2030, double the agricultural productivity and incomes of small-scale food producers, in particular women, indigenous peoples, family farmers, pastoralists and fishers, including through secure and equal access to land, other productive resources and inputs, knowledge, financial services, markets and opportunities for value addition and non-farm employment', '', '', '003', 'A', 'SDGS', GETDATE());
INSERT INTO "MENUSELECTION"(MENU, SELECTION, PRESTEXT, PRESTEXTS, DESCRIPTION, LEVELNO, SORTCODE, PRESENTATION, USERID, LOGDATE) VALUES ('T2_3', 'C020301', '2.3.1 حجم الإنتاج لكل وحدة عمل حسب حجم مشاريع أقسام الزراعة / الرعي / الغابات', '', '', '3', '001', 'A', 'SDGS', GETDATE());
INSERT INTO "MENUSELECTION_ENG"(MENU, SELECTION, PRESTEXT, PRESTEXTS, DESCRIPTION, SORTCODE, PRESENTATION, USERID, LOGDATE) VALUES ('T2_3', 'C020301', '2.3.1 Volume of production per labour unit by classes of farming/pastoral/forestry enterprise size', '', '', '001', 'A', 'SDGS', GETDATE());
INSERT INTO "MENUSELECTION"(MENU, SELECTION, PRESTEXT, PRESTEXTS, DESCRIPTION, LEVELNO, SORTCODE, PRESENTATION, USERID, LOGDATE) VALUES ('T2_3', 'C020302', '2.3.2 متوسط دخل صغار منتجي الغذاء، حسب الجنس والوضع المحلي.', '', '', '3', '002', 'A', 'SDGS', GETDATE());
INSERT INTO "MENUSELECTION_ENG"(MENU, SELECTION, PRESTEXT, PRESTEXTS, DESCRIPTION, SORTCODE, PRESENTATION, USERID, LOGDATE) VALUES ('T2_3', 'C020302', '2.3.2 Average income of small-scale food producers, by sex and indigenous status', '', '', '002', 'A', 'SDGS', GETDATE());
INSERT INTO "MENUSELECTION"(MENU, SELECTION, PRESTEXT, PRESTEXTS, DESCRIPTION, LEVELNO, SORTCODE, PRESENTATION, USERID, LOGDATE) VALUES ('02', 'T2_4', 'TARGET code 2.4   - ضمان وجود نظم إنتاج غذائي مستدامة، وتنفيذ ممارسات زراعية متينة تؤدي إلى زيادة الإنتاجية والمحاصيل، وتساعد على الحفاظ على النظم الإيكولوجية، وتعزز القدرة على التكيّف مع تغير المناخ وعلى مواجهة أحوال الطقس المتطرفة وحالات الجفاف والفيضانات وغيرها من الكوارث، وتحسِّن تدريجيا نوعية الأراضي والتربة، بحلول عام 2030', '', '', '2', '004', 'A', 'SDGS', GETDATE());
INSERT INTO "MENUSELECTION_ENG"(MENU, SELECTION, PRESTEXT, PRESTEXTS, DESCRIPTION, SORTCODE, PRESENTATION, USERID, LOGDATE) VALUES ('02', 'T2_4', 'TARGET code 2.4   - By 2030, ensure sustainable food production systems and implement resilient agricultural practices that increase productivity and production, that help maintain ecosystems, that strengthen capacity for adaptation to climate change, extreme weather, drought, flooding and other disasters and that progressively improve land and soil quality', '', '', '004', 'A', 'SDGS', GETDATE());
INSERT INTO "MENUSELECTION"(MENU, SELECTION, PRESTEXT, PRESTEXTS, DESCRIPTION, LEVELNO, SORTCODE, PRESENTATION, USERID, LOGDATE) VALUES ('T2_4', 'C020401', '2.4.1 نسبة الأراضي الزراعية في ظل الزراعة المنتجة والمستدامة.', '', '', '3', '001', 'A', 'SDGS', GETDATE());
INSERT INTO "MENUSELECTION_ENG"(MENU, SELECTION, PRESTEXT, PRESTEXTS, DESCRIPTION, SORTCODE, PRESENTATION, USERID, LOGDATE) VALUES ('T2_4', 'C020401', '2.4.1 Proportion of agricultural area under productive and sustainable agriculture', '', '', '001', 'A', 'SDGS', GETDATE());
INSERT INTO "MENUSELECTION"(MENU, SELECTION, PRESTEXT, PRESTEXTS, DESCRIPTION, LEVELNO, SORTCODE, PRESENTATION, USERID, LOGDATE) VALUES ('02', 'T2_5', 'TARGET code 2.5   - الحفاظ على التنوع الجيني للبذور والنباتات المزروعة والحيوانات الأليفة وما يتصل بها من الأنواع البرية، بما في ذلك من خلال بنوك البذور والنباتات المتنوّعة التي تُدار إدارة سليمة على كل من الصعيد الوطني والإقليمي والدولي، وضمان الوصول إليها وتقاسم المنافع الناشئة عن استخدام الموارد الجينية وما يتّصل بها من معارف تقليدية بعدل وإنصاف على النحو المتفق عليه دوليا، بحلول عام 2020', '', '', '2', '005', 'A', 'SDGS', GETDATE());
INSERT INTO "MENUSELECTION_ENG"(MENU, SELECTION, PRESTEXT, PRESTEXTS, DESCRIPTION, SORTCODE, PRESENTATION, USERID, LOGDATE) VALUES ('02', 'T2_5', 'TARGET code 2.5   - By 2020, maintain the genetic diversity of seeds, cultivated plants and farmed and domesticated animals and their related wild species, including through soundly managed and diversified seed and plant banks at the national, regional and international levels, and promote access to and fair and equitable sharing of benefits arising from the utilization of genetic resources and associated traditional knowledge, as internationally agreed', '', '', '005', 'A', 'SDGS', GETDATE());
INSERT INTO "MENUSELECTION"(MENU, SELECTION, PRESTEXT, PRESTEXTS, DESCRIPTION, LEVELNO, SORTCODE, PRESENTATION, USERID, LOGDATE) VALUES ('T2_5', 'C020501', '2.5.1 عدد الموارد الجينية النباتية والحيوانية للأغذية والزراعة المضمونة في مرافق المحافظة متوسطة أو طويلة الأجل', '', '', '3', '001', 'A', 'SDGS', GETDATE());
INSERT INTO "MENUSELECTION_ENG"(MENU, SELECTION, PRESTEXT, PRESTEXTS, DESCRIPTION, SORTCODE, PRESENTATION, USERID, LOGDATE) VALUES ('T2_5', 'C020501', '2.5.1 Number of plant and animal genetic resources for food and agriculture secured in either medium or long-term conservation facilities', '', '', '001', 'A', 'SDGS', GETDATE());
INSERT INTO "MENUSELECTION"(MENU, SELECTION, PRESTEXT, PRESTEXTS, DESCRIPTION, LEVELNO, SORTCODE, PRESENTATION, USERID, LOGDATE) VALUES ('T2_5', 'C020502', '2.5.2 نسبة السلالات المحلية المصنفة على أنها معرضة للخطر أو ليست في خطر أو في مستوى غير معلوم من خطر الانقراض', '', '', '3', '002', 'A', 'SDGS', GETDATE());
INSERT INTO "MENUSELECTION_ENG"(MENU, SELECTION, PRESTEXT, PRESTEXTS, DESCRIPTION, SORTCODE, PRESENTATION, USERID, LOGDATE) VALUES ('T2_5', 'C020502', '2.5.2 Proportion of local breeds classified as being at risk, not-at-risk or at unknown level of risk of extinction', '', '', '002', 'A', 'SDGS', GETDATE());
INSERT INTO "MENUSELECTION"(MENU, SELECTION, PRESTEXT, PRESTEXTS, DESCRIPTION, LEVELNO, SORTCODE, PRESENTATION, USERID, LOGDATE) VALUES ('02', 'T2_a', 'TARGET code 2.a   - زيادة الاستثمار، بما في ذلك عن طريق التعاون الدولي المعزّز، في البنى التحتية الريفية، وفي البحوث الزراعية وخدمات الإرشاد الزراعي، وفي تطوير التكنولوجيا وبنوك الجينات الحيوانية والنباتية من أجل تعزيز القدرة الإنتاجية الزراعية في البلدان النامية، ولا سيما في أقل البلدان نموا', '', '', '2', '006', 'A', 'SDGS', GETDATE());
INSERT INTO "MENUSELECTION_ENG"(MENU, SELECTION, PRESTEXT, PRESTEXTS, DESCRIPTION, SORTCODE, PRESENTATION, USERID, LOGDATE) VALUES ('02', 'T2_a', 'TARGET code 2.a   - Increase investment, including through enhanced international cooperation, in rural infrastructure, agricultural research and extension services, technology development and plant and livestock gene banks in order to enhance agricultural productive capacity in developing countries, in particular least developed countries', '', '', '006', 'A', 'SDGS', GETDATE());
INSERT INTO "MENUSELECTION"(MENU, SELECTION, PRESTEXT, PRESTEXTS, DESCRIPTION, LEVELNO, SORTCODE, PRESENTATION, USERID, LOGDATE) VALUES ('T2_a', 'C020a01', '2.a.1 مؤشر توجه الزراعة للنفقات الحكومية', '', '', '3', '001', 'A', 'SDGS', GETDATE());
INSERT INTO "MENUSELECTION_ENG"(MENU, SELECTION, PRESTEXT, PRESTEXTS, DESCRIPTION, SORTCODE, PRESENTATION, USERID, LOGDATE) VALUES ('T2_a', 'C020a01', '2.a.1 The agriculture orientation index for government expenditures', '', '', '001', 'A', 'SDGS', GETDATE());
INSERT INTO "MENUSELECTION"(MENU, SELECTION, PRESTEXT, PRESTEXTS, DESCRIPTION, LEVELNO, SORTCODE, PRESENTATION, USERID, LOGDATE) VALUES ('C020a01', 'S2aC020a0101', 'C020a01_01 - ???? ?????? ??????? ??????? ????????', '', '', '4', '001', 'A', 'SDGS', GETDATE());
INSERT INTO "MENUSELECTION_ENG"(MENU, SELECTION, PRESTEXT, PRESTEXTS, DESCRIPTION, SORTCODE, PRESENTATION, USERID, LOGDATE) VALUES ('C020a01', 'S2aC020a0101', 'C020a01_01 - The agriculture orientation index for government expenditures', '', '', '001', 'A', 'SDGS', GETDATE());
INSERT INTO "MENUSELECTION"(MENU, SELECTION, PRESTEXT, PRESTEXTS, DESCRIPTION, LEVELNO, SORTCODE, PRESENTATION, USERID, LOGDATE) VALUES ('C020a01', 'S2aC020a0102', 'C020a01_02 - ??? ??????? ?? ??????? ???????(%)', '', '', '4', '002', 'A', 'SDGS', GETDATE());
INSERT INTO "MENUSELECTION_ENG"(MENU, SELECTION, PRESTEXT, PRESTEXTS, DESCRIPTION, SORTCODE, PRESENTATION, USERID, LOGDATE) VALUES ('C020a01', 'S2aC020a0102', 'C020a01_02 - Agriculture share of Government Expenditure', '', '', '002', 'A', 'SDGS', GETDATE());
INSERT INTO "MENUSELECTION"(MENU, SELECTION, PRESTEXT, PRESTEXTS, DESCRIPTION, LEVELNO, SORTCODE, PRESENTATION, USERID, LOGDATE) VALUES ('C020a01', 'S2aC020a0103', 'C020a01_03 - ??? ?????? ??????? ????? ??????? ?? ?????? ?????? ????????', '', '', '4', '003', 'A', 'SDGS', GETDATE());
INSERT INTO "MENUSELECTION_ENG"(MENU, SELECTION, PRESTEXT, PRESTEXTS, DESCRIPTION, SORTCODE, PRESENTATION, USERID, LOGDATE) VALUES ('C020a01', 'S2aC020a0103', 'C020a01_03 - Agriculture value added share of GDP', '', '', '003', 'A', 'SDGS', GETDATE());
INSERT INTO "MENUSELECTION"(MENU, SELECTION, PRESTEXT, PRESTEXTS, DESCRIPTION, LEVELNO, SORTCODE, PRESENTATION, USERID, LOGDATE) VALUES ('T2_a', 'C020a02', '2.a.2 مجموع التدفقات الرسمية (المساعدة الإنمائية الرسمية بالإضافة إلى التدفقات الرسمية الأخرى) لقطاع الزراعة', '', '', '3', '002', 'A', 'SDGS', GETDATE());
INSERT INTO "MENUSELECTION_ENG"(MENU, SELECTION, PRESTEXT, PRESTEXTS, DESCRIPTION, SORTCODE, PRESENTATION, USERID, LOGDATE) VALUES ('T2_a', 'C020a02', '2.a.2 Total official flows (official development assistance plus other official flows) to the agriculture sector', '', '', '002', 'A', 'SDGS', GETDATE());
INSERT INTO "MENUSELECTION"(MENU, SELECTION, PRESTEXT, PRESTEXTS, DESCRIPTION, LEVELNO, SORTCODE, PRESENTATION, USERID, LOGDATE) VALUES ('02', 'T2_b', 'TARGET code 2.b   - منع القيود المفروضة على التجارة وتصحيح التشوهات في الأسواق الزراعية العالمية، بما في ذلك عن طريق الإلغاء الموازي لجميع أشكال إعانات الصادرات الزراعية، وجميع تدابير التصدير ذات الأثر المماثل، وفقا لتكليف جولة الدوحة الإنمائية', '', '', '2', '007', 'A', 'SDGS', GETDATE());
INSERT INTO "MENUSELECTION_ENG"(MENU, SELECTION, PRESTEXT, PRESTEXTS, DESCRIPTION, SORTCODE, PRESENTATION, USERID, LOGDATE) VALUES ('02', 'T2_b', 'TARGET code 2.b   - Correct and prevent trade restrictions and distortions in world agricultural markets, including through the parallel elimination of all forms of agricultural export subsidies and all export measures with equivalent effect, in accordance with the mandate of the Doha Development Round', '', '', '007', 'A', 'SDGS', GETDATE());
INSERT INTO "MENUSELECTION"(MENU, SELECTION, PRESTEXT, PRESTEXTS, DESCRIPTION, LEVELNO, SORTCODE, PRESENTATION, USERID, LOGDATE) VALUES ('T2_b', 'C020b02', '2.b.1 إعانات الصادرات الزراعية', '', '', '3', '001', 'A', 'SDGS', GETDATE());
INSERT INTO "MENUSELECTION_ENG"(MENU, SELECTION, PRESTEXT, PRESTEXTS, DESCRIPTION, SORTCODE, PRESENTATION, USERID, LOGDATE) VALUES ('T2_b', 'C020b02', '2.b.1 Agricultural export subsidies', '', '', '001', 'A', 'SDGS', GETDATE());
INSERT INTO "MENUSELECTION"(MENU, SELECTION, PRESTEXT, PRESTEXTS, DESCRIPTION, LEVELNO, SORTCODE, PRESENTATION, USERID, LOGDATE) VALUES ('02', 'T2_c', 'TARGET code 2.c   - اعتماد تدابير لضمان سلامة أداء أسواق السلع الأساسية ومشتقاتها وتيسير الحصول على المعلومات عن الأسواق في الوقت المناسب، بما في ذلك عن الاحتياطيات من الأغذية، وذلك للمساعدة على الحد من شدة تقلب أسعارها', '', '', '2', '008', 'A', 'SDGS', GETDATE());
INSERT INTO "MENUSELECTION_ENG"(MENU, SELECTION, PRESTEXT, PRESTEXTS, DESCRIPTION, SORTCODE, PRESENTATION, USERID, LOGDATE) VALUES ('02', 'T2_c', 'TARGET code 2.c   - Adopt measures to ensure the proper functioning of food commodity markets and their derivatives and facilitate timely access to market information, including on food reserves, in order to help limit extreme food price volatility', '', '', '008', 'A', 'SDGS', GETDATE());
INSERT INTO "MENUSELECTION"(MENU, SELECTION, PRESTEXT, PRESTEXTS, DESCRIPTION, LEVELNO, SORTCODE, PRESENTATION, USERID, LOGDATE) VALUES ('T2_c', 'C020c01', '2.c.1 مؤشر أوجه النقص في أسعار الغذاء', '', '', '3', '001', 'A', 'SDGS', GETDATE());
INSERT INTO "MENUSELECTION_ENG"(MENU, SELECTION, PRESTEXT, PRESTEXTS, DESCRIPTION, SORTCODE, PRESENTATION, USERID, LOGDATE) VALUES ('T2_c', 'C020c01', '2.c.1 Indicator of food price anomalies', '', '', '001', 'A', 'SDGS', GETDATE());
INSERT INTO "MENUSELECTION"(MENU, SELECTION, PRESTEXT, PRESTEXTS, DESCRIPTION, LEVELNO, SORTCODE, PRESENTATION, USERID, LOGDATE) VALUES ('C020c01', 'S2cC020c0101', 'C020c01_01 - ????? ??????? ?????? ??????', '', '', '4', '001', 'A', 'SDGS', GETDATE());
INSERT INTO "MENUSELECTION_ENG"(MENU, SELECTION, PRESTEXT, PRESTEXTS, DESCRIPTION, SORTCODE, PRESENTATION, USERID, LOGDATE) VALUES ('C020c01', 'S2cC020c0101', 'C020c01_01 - Consumer Food Price Index', '', '', '001', 'A', 'SDGS', GETDATE());
INSERT INTO "MENUSELECTION"(MENU, SELECTION, PRESTEXT, PRESTEXTS, DESCRIPTION, LEVELNO, SORTCODE, PRESENTATION, USERID, LOGDATE) VALUES ('C020c01', 'S2cC020c0103', 'C020c01_03 - ???? ???? ????? ?? ????? ??????', '', '', '4', '002', 'A', 'SDGS', GETDATE());
INSERT INTO "MENUSELECTION_ENG"(MENU, SELECTION, PRESTEXT, PRESTEXTS, DESCRIPTION, SORTCODE, PRESENTATION, USERID, LOGDATE) VALUES ('C020c01', 'S2cC020c0103', 'C020c01_03 - Indicator of Food Price Anomalies (IFPA) for Wheat', '', '', '002', 'A', 'SDGS', GETDATE());
INSERT INTO "MENUSELECTION"(MENU, SELECTION, PRESTEXT, PRESTEXTS, DESCRIPTION, LEVELNO, SORTCODE, PRESENTATION, USERID, LOGDATE) VALUES ('C020c01', 'S2cC020c0102', 'C020c01_02 - ???? ???? ????? ?? ????? ?????', '', '', '4', '003', 'A', 'SDGS', GETDATE());
INSERT INTO "MENUSELECTION_ENG"(MENU, SELECTION, PRESTEXT, PRESTEXTS, DESCRIPTION, SORTCODE, PRESENTATION, USERID, LOGDATE) VALUES ('C020c01', 'S2cC020c0102', 'C020c01_02 - Indicator of Food Price Anomalies (IFPA) for Rice', '', '', '003', 'A', 'SDGS', GETDATE());
INSERT INTO "MENUSELECTION" (MENU, SELECTION, PRESTEXT, PRESTEXTS, DESCRIPTION, LEVELNO, SORTCODE, PRESENTATION, USERID, LOGDATE) VALUES ('START', '03', 'Goal AR3 - الصحة الجيدة والرفاه', '', '', '1', '003', 'A', 'SDGS', GETDATE());
INSERT INTO "MENUSELECTION_ENG" (MENU, SELECTION, PRESTEXT, PRESTEXTS, DESCRIPTION, SORTCODE, PRESENTATION, USERID, LOGDATE) VALUES ('START', '03', 'Goal3 - Good Health and Well-Being', '', '', '003', 'A', 'SDGS', GETDATE());
INSERT INTO "MENUSELECTION"(MENU, SELECTION, PRESTEXT, PRESTEXTS, DESCRIPTION, LEVELNO, SORTCODE, PRESENTATION, USERID, LOGDATE) VALUES ('03', 'T3_1', 'TARGET code 3.1   - خفض النسبة العالمية للوفيات النفاسية إلى أقل من ٧٠ حالة لكل 000 100 من المواليد الأحياء', '', '', '2', '001', 'A', 'SDGS', GETDATE());
INSERT INTO "MENUSELECTION_ENG"(MENU, SELECTION, PRESTEXT, PRESTEXTS, DESCRIPTION, SORTCODE, PRESENTATION, USERID, LOGDATE) VALUES ('03', 'T3_1', 'TARGET code 3.1   - By 2030, reduce the global maternal mortality ratio to less than 70 per 100,000 live births', '', '', '001', 'A', 'SDGS', GETDATE());
INSERT INTO "MENUSELECTION"(MENU, SELECTION, PRESTEXT, PRESTEXTS, DESCRIPTION, LEVELNO, SORTCODE, PRESENTATION, USERID, LOGDATE) VALUES ('T3_1', 'C030101', '3.1.1 نسبة الوفيات النفاسية', '', '', '3', '001', 'A', 'SDGS', GETDATE());
INSERT INTO "MENUSELECTION_ENG"(MENU, SELECTION, PRESTEXT, PRESTEXTS, DESCRIPTION, SORTCODE, PRESENTATION, USERID, LOGDATE) VALUES ('T3_1', 'C030101', '3.1.1 Maternal mortality ratio', '', '', '001', 'A', 'SDGS', GETDATE());
INSERT INTO "MENUSELECTION"(MENU, SELECTION, PRESTEXT, PRESTEXTS, DESCRIPTION, LEVELNO, SORTCODE, PRESENTATION, USERID, LOGDATE) VALUES ('C030101', 'S31C03010101', 'C030101_01 - ???? ????? ???????', '', '', '4', '001', 'A', 'SDGS', GETDATE());
INSERT INTO "MENUSELECTION_ENG"(MENU, SELECTION, PRESTEXT, PRESTEXTS, DESCRIPTION, SORTCODE, PRESENTATION, USERID, LOGDATE) VALUES ('C030101', 'S31C03010101', 'C030101_01 - Maternal mortality ratio', '', '', '001', 'A', 'SDGS', GETDATE());
INSERT INTO "MENUSELECTION"(MENU, SELECTION, PRESTEXT, PRESTEXTS, DESCRIPTION, LEVELNO, SORTCODE, PRESENTATION, USERID, LOGDATE) VALUES ('T3_1', 'C030102', '3.1.2 نسبة الولادات التي يشرف عليها أخصائيون صحّيون مَهَرة', '', '', '3', '002', 'A', 'SDGS', GETDATE());
INSERT INTO "MENUSELECTION_ENG"(MENU, SELECTION, PRESTEXT, PRESTEXTS, DESCRIPTION, SORTCODE, PRESENTATION, USERID, LOGDATE) VALUES ('T3_1', 'C030102', '3.1.2 Proportion of births attended by skilled health personnel', '', '', '002', 'A', 'SDGS', GETDATE());
INSERT INTO "MENUSELECTION"(MENU, SELECTION, PRESTEXT, PRESTEXTS, DESCRIPTION, LEVELNO, SORTCODE, PRESENTATION, USERID, LOGDATE) VALUES ('C030102', 'S31C03010201', 'C030102_01 - ???? ???????? ???? ???? ????? ???????? ?????? ??????', '', '', '4', '001', 'A', 'SDGS', GETDATE());
INSERT INTO "MENUSELECTION_ENG"(MENU, SELECTION, PRESTEXT, PRESTEXTS, DESCRIPTION, SORTCODE, PRESENTATION, USERID, LOGDATE) VALUES ('C030102', 'S31C03010201', 'C030102_01 - Proportion of births attended by skilled health personnel (%)', '', '', '001', 'A', 'SDGS', GETDATE());
INSERT INTO "MENUSELECTION"(MENU, SELECTION, PRESTEXT, PRESTEXTS, DESCRIPTION, LEVELNO, SORTCODE, PRESENTATION, USERID, LOGDATE) VALUES ('03', 'T3_2', 'TARGET code 3.2   - إنهاء وفيات المواليد والأطفال دون سن الخامسة التي يمكن تفاديها، بحلول عام ٢٠٣٠، بسعي جميع البلدان إلى بلوغ هدف خفض وفيات المواليد على الأقل إلى 12 حالة وفاة في كل 000 1 مولود حي، وخفض وفيات الأطفال دون سن الخامسة إلى 25 حالة وفاة على الأقل في كل 000 1 مولود حي', '', '', '2', '002', 'A', 'SDGS', GETDATE());
INSERT INTO "MENUSELECTION_ENG"(MENU, SELECTION, PRESTEXT, PRESTEXTS, DESCRIPTION, SORTCODE, PRESENTATION, USERID, LOGDATE) VALUES ('03', 'T3_2', 'TARGET code 3.2   - By 2030, end preventable deaths of newborns and children under 5 years of age, with all countries aiming to reduce neonatal mortality to at least as low as 12 per 1,000 live births and under 5 mortality to at least as low as 25 per 1,000 live births', '', '', '002', 'A', 'SDGS', GETDATE());
INSERT INTO "MENUSELECTION"(MENU, SELECTION, PRESTEXT, PRESTEXTS, DESCRIPTION, LEVELNO, SORTCODE, PRESENTATION, USERID, LOGDATE) VALUES ('T3_2', 'C030201', '3.2.1 معدل وفيات الأطفال دون سن الخامسة', '', '', '3', '001', 'A', 'SDGS', GETDATE());
INSERT INTO "MENUSELECTION_ENG"(MENU, SELECTION, PRESTEXT, PRESTEXTS, DESCRIPTION, SORTCODE, PRESENTATION, USERID, LOGDATE) VALUES ('T3_2', 'C030201', '3.2.1 Under-five mortality rate', '', '', '001', 'A', 'SDGS', GETDATE());
INSERT INTO "MENUSELECTION"(MENU, SELECTION, PRESTEXT, PRESTEXTS, DESCRIPTION, LEVELNO, SORTCODE, PRESENTATION, USERID, LOGDATE) VALUES ('C030201', 'S32C03020101', 'C030201_01 - (???? ????? ??????? ??? ?? ???????? ??? ????? (??????? ??? 1,000 ????? ???', '', '', '4', '001', 'A', 'SDGS', GETDATE());
INSERT INTO "MENUSELECTION_ENG"(MENU, SELECTION, PRESTEXT, PRESTEXTS, DESCRIPTION, SORTCODE, PRESENTATION, USERID, LOGDATE) VALUES ('C030201', 'S32C03020101', 'C030201_01 - Under-five mortality rate, by sex (deaths per 1,000 live births)', '', '', '001', 'A', 'SDGS', GETDATE());
INSERT INTO "MENUSELECTION"(MENU, SELECTION, PRESTEXT, PRESTEXTS, DESCRIPTION, LEVELNO, SORTCODE, PRESENTATION, USERID, LOGDATE) VALUES ('T3_2', 'C030202', '3.2.2 معدل وفيات المواليد', '', '', '3', '002', 'A', 'SDGS', GETDATE());
INSERT INTO "MENUSELECTION_ENG"(MENU, SELECTION, PRESTEXT, PRESTEXTS, DESCRIPTION, SORTCODE, PRESENTATION, USERID, LOGDATE) VALUES ('T3_2', 'C030202', '3.2.2 Neonatal mortality rate', '', '', '002', 'A', 'SDGS', GETDATE());
INSERT INTO "MENUSELECTION"(MENU, SELECTION, PRESTEXT, PRESTEXTS, DESCRIPTION, LEVELNO, SORTCODE, PRESENTATION, USERID, LOGDATE) VALUES ('C030202', 'S32C03020201', 'C030202_01 - ???? ????? ???????? (??? 1000 ????? ???)', '', '', '4', '001', 'A', 'SDGS', GETDATE());
INSERT INTO "MENUSELECTION_ENG"(MENU, SELECTION, PRESTEXT, PRESTEXTS, DESCRIPTION, SORTCODE, PRESENTATION, USERID, LOGDATE) VALUES ('C030202', 'S32C03020201', 'C030202_01 - Neonatal mortality rate (deaths per 1,000 live births)', '', '', '001', 'A', 'SDGS', GETDATE());
INSERT INTO "MENUSELECTION"(MENU, SELECTION, PRESTEXT, PRESTEXTS, DESCRIPTION, LEVELNO, SORTCODE, PRESENTATION, USERID, LOGDATE) VALUES ('03', 'T3_3', 'TARGET code 3.3   - القضاء على أوبئة الإيدز والسل والملاريا والأمراض المدارية المهملة، ومكافحة الالتهاب الكبدي الوبائي، والأمراض المنقولة بالمياه، والأمراض المعدية الأخرى بحلول عام ٢٠٣٠', '', '', '2', '003', 'A', 'SDGS', GETDATE());
INSERT INTO "MENUSELECTION_ENG"(MENU, SELECTION, PRESTEXT, PRESTEXTS, DESCRIPTION, SORTCODE, PRESENTATION, USERID, LOGDATE) VALUES ('03', 'T3_3', 'TARGET code 3.3   - By 2030, end the epidemics of AIDS, tuberculosis, malaria and neglected tropical diseases and combat hepatitis, water-borne diseases and other communicable diseases', '', '', '003', 'A', 'SDGS', GETDATE());
INSERT INTO "MENUSELECTION"(MENU, SELECTION, PRESTEXT, PRESTEXTS, DESCRIPTION, LEVELNO, SORTCODE, PRESENTATION, USERID, LOGDATE) VALUES ('T3_3', 'C030301', '3.3.1 عدد الإصابات الجديدة بفيروس نقص المناعة البشرية لكل 000 1 شخص غير مصاب من السكان بحسب الجنس والعمر والفئات الرئيسية من السكان', '', '', '3', '001', 'A', 'SDGS', GETDATE());
INSERT INTO "MENUSELECTION_ENG"(MENU, SELECTION, PRESTEXT, PRESTEXTS, DESCRIPTION, SORTCODE, PRESENTATION, USERID, LOGDATE) VALUES ('T3_3', 'C030301', '3.3.1 Number of new HIV infections per 1,000 uninfected population, by sex, age and key populations', '', '', '001', 'A', 'SDGS', GETDATE());
INSERT INTO "MENUSELECTION"(MENU, SELECTION, PRESTEXT, PRESTEXTS, DESCRIPTION, LEVELNO, SORTCODE, PRESENTATION, USERID, LOGDATE) VALUES ('C030301', 'S33C03030101', 'C030301_01 - ??? ???????? ??????? ?????? ??? ??????? ??????? ??? 100,000 ??? ??? ???? ?? ?????? ???? ????? ??????', '', '', '4', '001', 'A', 'SDGS', GETDATE());
INSERT INTO "MENUSELECTION_ENG"(MENU, SELECTION, PRESTEXT, PRESTEXTS, DESCRIPTION, SORTCODE, PRESENTATION, USERID, LOGDATE) VALUES ('C030301', 'S33C03030101', 'C030301_01 - Number of new HIV infections per 100,000 uninfected population, by sex and age (per 1,000 uninfected population)', '', '', '001', 'A', 'SDGS', GETDATE());
INSERT INTO "MENUSELECTION"(MENU, SELECTION, PRESTEXT, PRESTEXTS, DESCRIPTION, LEVELNO, SORTCODE, PRESENTATION, USERID, LOGDATE) VALUES ('T3_3', 'C030302', '3.3.2 معدل انتشار داء السل لكل 000 100 شخص', '', '', '3', '002', 'A', 'SDGS', GETDATE());
INSERT INTO "MENUSELECTION_ENG"(MENU, SELECTION, PRESTEXT, PRESTEXTS, DESCRIPTION, SORTCODE, PRESENTATION, USERID, LOGDATE) VALUES ('T3_3', 'C030302', '3.3.2 Tuberculosis incidence per 100,000 population', '', '', '002', 'A', 'SDGS', GETDATE());
INSERT INTO "MENUSELECTION"(MENU, SELECTION, PRESTEXT, PRESTEXTS, DESCRIPTION, LEVELNO, SORTCODE, PRESENTATION, USERID, LOGDATE) VALUES ('C030302', 'S33C03030201', 'C030302_01 - ???? ?????? ??? ???? ??? 000 100 ???', '', '', '4', '001', 'A', 'SDGS', GETDATE());
INSERT INTO "MENUSELECTION_ENG"(MENU, SELECTION, PRESTEXT, PRESTEXTS, DESCRIPTION, SORTCODE, PRESENTATION, USERID, LOGDATE) VALUES ('C030302', 'S33C03030201', 'C030302_01 - Tuberculosis incidence (per 100,000 population)', '', '', '001', 'A', 'SDGS', GETDATE());
INSERT INTO "MENUSELECTION"(MENU, SELECTION, PRESTEXT, PRESTEXTS, DESCRIPTION, LEVELNO, SORTCODE, PRESENTATION, USERID, LOGDATE) VALUES ('T3_3', 'C030303', '3.3.3 عدد حالات الإصابة بالملاريا لكل 000 1 شخص', '', '', '3', '003', 'A', 'SDGS', GETDATE());
INSERT INTO "MENUSELECTION_ENG"(MENU, SELECTION, PRESTEXT, PRESTEXTS, DESCRIPTION, SORTCODE, PRESENTATION, USERID, LOGDATE) VALUES ('T3_3', 'C030303', '3.3.3 Malaria incidence per 1,000 population', '', '', '003', 'A', 'SDGS', GETDATE());
INSERT INTO "MENUSELECTION"(MENU, SELECTION, PRESTEXT, PRESTEXTS, DESCRIPTION, LEVELNO, SORTCODE, PRESENTATION, USERID, LOGDATE) VALUES ('C030303', 'S33C03030301', 'C030303_01 - ??? ????? ??????? ????????? ??? 000 1 ???', '', '', '4', '001', 'A', 'SDGS', GETDATE());
INSERT INTO "MENUSELECTION_ENG"(MENU, SELECTION, PRESTEXT, PRESTEXTS, DESCRIPTION, SORTCODE, PRESENTATION, USERID, LOGDATE) VALUES ('C030303', 'S33C03030301', 'C030303_01 - Malaria incidence per 1,000 population at risk (per 1,000 population)', '', '', '001', 'A', 'SDGS', GETDATE());
INSERT INTO "MENUSELECTION"(MENU, SELECTION, PRESTEXT, PRESTEXTS, DESCRIPTION, LEVELNO, SORTCODE, PRESENTATION, USERID, LOGDATE) VALUES ('T3_3', 'C030304', '3.3.4 عدد الإصابات بأمراض التهاب الكبد الوبائي باء لكل 000 100 من السكان', '', '', '3', '004', 'A', 'SDGS', GETDATE());
INSERT INTO "MENUSELECTION_ENG"(MENU, SELECTION, PRESTEXT, PRESTEXTS, DESCRIPTION, SORTCODE, PRESENTATION, USERID, LOGDATE) VALUES ('T3_3', 'C030304', '3.3.4 Hepatitis B incidence per 100,000 population', '', '', '004', 'A', 'SDGS', GETDATE());
INSERT INTO "MENUSELECTION"(MENU, SELECTION, PRESTEXT, PRESTEXTS, DESCRIPTION, LEVELNO, SORTCODE, PRESENTATION, USERID, LOGDATE) VALUES ('C030304', 'S33C03030401', 'C030304_01 - ??? ???????? ?????? ?????? ????? ??????? ??? ??? 000 100 ?? ??????', '', '', '4', '001', 'A', 'SDGS', GETDATE());
INSERT INTO "MENUSELECTION_ENG"(MENU, SELECTION, PRESTEXT, PRESTEXTS, DESCRIPTION, SORTCODE, PRESENTATION, USERID, LOGDATE) VALUES ('C030304', 'S33C03030401', 'C030304_01 - Prevalence of hepatitis B surface antigen (HBsAg) per 100,000 population', '', '', '001', 'A', 'SDGS', GETDATE());
INSERT INTO "MENUSELECTION"(MENU, SELECTION, PRESTEXT, PRESTEXTS, DESCRIPTION, LEVELNO, SORTCODE, PRESENTATION, USERID, LOGDATE) VALUES ('T3_3', 'C030305', '3.3.5 عدد الأشخاص الذين يستلزمون تدخلات لمكافحة الأمراض المدارية المهملة', '', '', '3', '005', 'A', 'SDGS', GETDATE());
INSERT INTO "MENUSELECTION_ENG"(MENU, SELECTION, PRESTEXT, PRESTEXTS, DESCRIPTION, SORTCODE, PRESENTATION, USERID, LOGDATE) VALUES ('T3_3', 'C030305', '3.3.5 Number of people requiring interventions against neglected tropical diseases', '', '', '005', 'A', 'SDGS', GETDATE());
INSERT INTO "MENUSELECTION"(MENU, SELECTION, PRESTEXT, PRESTEXTS, DESCRIPTION, LEVELNO, SORTCODE, PRESENTATION, USERID, LOGDATE) VALUES ('03', 'T3_4', 'TARGET code 3.4   - خفض الوفيات المبكرة الناجمة عن الأمراض غير المعدية بمقدار الثلث بتوفير الوقاية والعلاج وتعزيز الصحة والسلامة العقلية، بحلول عام ٢٠٣٠', '', '', '2', '004', 'A', 'SDGS', GETDATE());
INSERT INTO "MENUSELECTION_ENG"(MENU, SELECTION, PRESTEXT, PRESTEXTS, DESCRIPTION, SORTCODE, PRESENTATION, USERID, LOGDATE) VALUES ('03', 'T3_4', 'TARGET code 3.4   -  By 2030, reduce by one third premature mortality from non-communicable diseases through prevention and treatment and promote mental health and well-being', '', '', '004', 'A', 'SDGS', GETDATE());
INSERT INTO "MENUSELECTION"(MENU, SELECTION, PRESTEXT, PRESTEXTS, DESCRIPTION, LEVELNO, SORTCODE, PRESENTATION, USERID, LOGDATE) VALUES ('T3_4', 'C030401', '3.4.1 معدل الوفيات الناجمة عن أمراض القلب والأوعية الدموية والسرطان وداء السكري والأمراض التنفسية المزمنة', '', '', '3', '001', 'A', 'SDGS', GETDATE());
INSERT INTO "MENUSELECTION_ENG"(MENU, SELECTION, PRESTEXT, PRESTEXTS, DESCRIPTION, SORTCODE, PRESENTATION, USERID, LOGDATE) VALUES ('T3_4', 'C030401', '3.4.1 Mortality rate attributed to cardiovascular disease, cancer, diabetes or chronic respiratory disease (Per 10,000)', '', '', '001', 'A', 'SDGS', GETDATE());
INSERT INTO "MENUSELECTION"(MENU, SELECTION, PRESTEXT, PRESTEXTS, DESCRIPTION, LEVELNO, SORTCODE, PRESENTATION, USERID, LOGDATE) VALUES ('C030401', 'S34C03040101', 'C030401_01 - ( ???? ??????? ??????? ?? ????? ????? ???????? ??????? ???????? ???? ?????? ???????? ???????? ??????? (??? 10,000 ?? ??????', '', '', '4', '001', 'A', 'SDGS', GETDATE());
INSERT INTO "MENUSELECTION_ENG"(MENU, SELECTION, PRESTEXT, PRESTEXTS, DESCRIPTION, SORTCODE, PRESENTATION, USERID, LOGDATE) VALUES ('C030401', 'S34C03040101', 'C030401_01 - Mortality rate attributed to cardiovascular disease, cancer, diabetes or chronic respiratory disease (Per 10,000)', '', '', '001', 'A', 'SDGS', GETDATE());
INSERT INTO "MENUSELECTION"(MENU, SELECTION, PRESTEXT, PRESTEXTS, DESCRIPTION, LEVELNO, SORTCODE, PRESENTATION, USERID, LOGDATE) VALUES ('T3_4', 'C030402', '3.4.2 معدل وفيات الانتحار', '', '', '3', '002', 'A', 'SDGS', GETDATE());
INSERT INTO "MENUSELECTION_ENG"(MENU, SELECTION, PRESTEXT, PRESTEXTS, DESCRIPTION, SORTCODE, PRESENTATION, USERID, LOGDATE) VALUES ('T3_4', 'C030402', '3.4.2 Suicide mortality rate', '', '', '002', 'A', 'SDGS', GETDATE());
INSERT INTO "MENUSELECTION"(MENU, SELECTION, PRESTEXT, PRESTEXTS, DESCRIPTION, LEVELNO, SORTCODE, PRESENTATION, USERID, LOGDATE) VALUES ('C030402', 'S34C03040201', 'C030402_01 - ???? ????? ????????', '', '', '4', '001', 'A', 'SDGS', GETDATE());
INSERT INTO "MENUSELECTION_ENG"(MENU, SELECTION, PRESTEXT, PRESTEXTS, DESCRIPTION, SORTCODE, PRESENTATION, USERID, LOGDATE) VALUES ('C030402', 'S34C03040201', 'C030402_01 - Suicide mortality rate', '', '', '001', 'A', 'SDGS', GETDATE());
INSERT INTO "MENUSELECTION"(MENU, SELECTION, PRESTEXT, PRESTEXTS, DESCRIPTION, LEVELNO, SORTCODE, PRESENTATION, USERID, LOGDATE) VALUES ('03', 'T3_5', 'TARGET code 3.5   - تعزيز الوقاية من إساءة استعمال المواد المخدرة، بما في ذلك تعاطي المخدرات وتناول الكحول على نحو يضر بالصحة، وعلاج ذلك', '', '', '2', '005', 'A', 'SDGS', GETDATE());
INSERT INTO "MENUSELECTION_ENG"(MENU, SELECTION, PRESTEXT, PRESTEXTS, DESCRIPTION, SORTCODE, PRESENTATION, USERID, LOGDATE) VALUES ('03', 'T3_5', 'TARGET code 3.5   - Strengthen the prevention and treatment of substance abuse, including narcotic drug abuse and harmful use of alcohol', '', '', '005', 'A', 'SDGS', GETDATE());
INSERT INTO "MENUSELECTION"(MENU, SELECTION, PRESTEXT, PRESTEXTS, DESCRIPTION, LEVELNO, SORTCODE, PRESENTATION, USERID, LOGDATE) VALUES ('T3_5', 'C030501', '3.5.1 نطاق تغطية التدخلات العلاجية (الخدمات الدوائية والنفسانية وخدمات إعادة التأهيل والرعاية اللاحقة) لمعالجة الاضطرابات الناشئة عن تعاطي المواد المخدرة', '', '', '3', '001', 'A', 'SDGS', GETDATE());
INSERT INTO "MENUSELECTION_ENG"(MENU, SELECTION, PRESTEXT, PRESTEXTS, DESCRIPTION, SORTCODE, PRESENTATION, USERID, LOGDATE) VALUES ('T3_5', 'C030501', '3.5.1 Coverage of treatment interventions (pharmacological, psychosocial and rehabilitation and aftercare services) for substance use disorders', '', '', '001', 'A', 'SDGS', GETDATE());
INSERT INTO "MENUSELECTION"(MENU, SELECTION, PRESTEXT, PRESTEXTS, DESCRIPTION, LEVELNO, SORTCODE, PRESENTATION, USERID, LOGDATE) VALUES ('T3_5', 'C030502', '3.5.2 الاستعمال الضار للكحول، محدداً وفقاً للظروف الوطنية في إطار استهلاك الفرد الواحد من الكحول (سن 15 سنة فأكثر) في سنة تقويمية، باللترات من الكحول الصافي', '', '', '3', '002', 'A', 'SDGS', GETDATE());
INSERT INTO "MENUSELECTION_ENG"(MENU, SELECTION, PRESTEXT, PRESTEXTS, DESCRIPTION, SORTCODE, PRESENTATION, USERID, LOGDATE) VALUES ('T3_5', 'C030502', '3.5.2 Harmful use of alcohol, defined according to the national context as alcohol per capita consumption (aged 15 years and older) within a calendar year in litres of pure alcohol', '', '', '002', 'A', 'SDGS', GETDATE());
INSERT INTO "MENUSELECTION"(MENU, SELECTION, PRESTEXT, PRESTEXTS, DESCRIPTION, LEVELNO, SORTCODE, PRESENTATION, USERID, LOGDATE) VALUES ('03', 'T3_6', 'TARGET code 3.6   - خفض عدد الوفيات والإصابات الناجمة عن حوادث المرور على الصعيد العالمي إلى النصف بحلول عام 2020', '', '', '2', '006', 'A', 'SDGS', GETDATE());
INSERT INTO "MENUSELECTION_ENG"(MENU, SELECTION, PRESTEXT, PRESTEXTS, DESCRIPTION, SORTCODE, PRESENTATION, USERID, LOGDATE) VALUES ('03', 'T3_6', 'TARGET code 3.6   - By 2020, halve the number of global deaths and injuries from road traffic accidents', '', '', '006', 'A', 'SDGS', GETDATE());
INSERT INTO "MENUSELECTION"(MENU, SELECTION, PRESTEXT, PRESTEXTS, DESCRIPTION, LEVELNO, SORTCODE, PRESENTATION, USERID, LOGDATE) VALUES ('T3_6', 'C030601', '3.6.1 معدلات الوفيات الناجمة عن الإصابات جراء حوادث المرور على الطرق', '', '', '3', '001', 'A', 'SDGS', GETDATE());
INSERT INTO "MENUSELECTION_ENG"(MENU, SELECTION, PRESTEXT, PRESTEXTS, DESCRIPTION, SORTCODE, PRESENTATION, USERID, LOGDATE) VALUES ('T3_6', 'C030601', '3.6.1 Death rate due to road traffic injuries', '', '', '001', 'A', 'SDGS', GETDATE());
INSERT INTO "MENUSELECTION"(MENU, SELECTION, PRESTEXT, PRESTEXTS, DESCRIPTION, LEVELNO, SORTCODE, PRESENTATION, USERID, LOGDATE) VALUES ('C030601', 'S36C03060101', 'C030601_01 - ?????? ??????? ??????? ?? ???????? ???? ????? ?????? ??? ?????', '', '', '4', '001', 'A', 'SDGS', GETDATE());
INSERT INTO "MENUSELECTION_ENG"(MENU, SELECTION, PRESTEXT, PRESTEXTS, DESCRIPTION, SORTCODE, PRESENTATION, USERID, LOGDATE) VALUES ('C030601', 'S36C03060101', 'C030601_01 - Death rate due to road traffic injuries', '', '', '001', 'A', 'SDGS', GETDATE());
INSERT INTO "MENUSELECTION"(MENU, SELECTION, PRESTEXT, PRESTEXTS, DESCRIPTION, LEVELNO, SORTCODE, PRESENTATION, USERID, LOGDATE) VALUES ('03', 'T3_7', 'TARGET code 3.7   - ضمان حصول الجميع على خدمات رعاية الصحة الجنسية والإنجابية، بما في ذلك خدمات ومعلومات تنظيم الأسرة والتثقيف بشأنها، وإدماج الصحة الإنجابية في الاستراتيجيات والبرامج الوطنية، بحلول عام ٢٠٣٠', '', '', '2', '007', 'A', 'SDGS', GETDATE());
INSERT INTO "MENUSELECTION_ENG"(MENU, SELECTION, PRESTEXT, PRESTEXTS, DESCRIPTION, SORTCODE, PRESENTATION, USERID, LOGDATE) VALUES ('03', 'T3_7', 'TARGET code 3.7   - By 2030, ensure universal access to sexual and reproductive health-care services, including for family planning, information and education, and the integration of reproductive health into national strategies and programmes', '', '', '007', 'A', 'SDGS', GETDATE());
INSERT INTO "MENUSELECTION"(MENU, SELECTION, PRESTEXT, PRESTEXTS, DESCRIPTION, LEVELNO, SORTCODE, PRESENTATION, USERID, LOGDATE) VALUES ('T3_7', 'C030701', '3.7.1 نسبة النساء اللاتي في سن الإنجاب (15-49 سنة) واللاتي لُبّيت حاجتُهن إلى تنظيم الأسرة بطرق حديثة', '', '', '3', '001', 'A', 'SDGS', GETDATE());
INSERT INTO "MENUSELECTION_ENG"(MENU, SELECTION, PRESTEXT, PRESTEXTS, DESCRIPTION, SORTCODE, PRESENTATION, USERID, LOGDATE) VALUES ('T3_7', 'C030701', '3.7.1 Proportion of women of reproductive age (aged 15-49 years) who have their need for family planning satisfied with modern methods', '', '', '001', 'A', 'SDGS', GETDATE());
INSERT INTO "MENUSELECTION"(MENU, SELECTION, PRESTEXT, PRESTEXTS, DESCRIPTION, LEVELNO, SORTCODE, PRESENTATION, USERID, LOGDATE) VALUES ('C030701', 'S37C03070101', 'C030701_01 - ???? ?????? ?????? ?? ?? ??????? (15-49 ???) ??????? ?????? ??????? ??? ????? ?????? ???? ?????', '', '', '4', '001', 'A', 'SDGS', GETDATE());
INSERT INTO "MENUSELECTION_ENG"(MENU, SELECTION, PRESTEXT, PRESTEXTS, DESCRIPTION, SORTCODE, PRESENTATION, USERID, LOGDATE) VALUES ('C030701', 'S37C03070101', 'C030701_01 - Proportion of women of reproductive age (aged 15-49 years) who have their need for family planning satisfied with modern methods', '', '', '001', 'A', 'SDGS', GETDATE());
INSERT INTO "MENUSELECTION"(MENU, SELECTION, PRESTEXT, PRESTEXTS, DESCRIPTION, LEVELNO, SORTCODE, PRESENTATION, USERID, LOGDATE) VALUES ('T3_7', 'C030702', '3.7.2 معدل الولادات لدى المراهقات (10-14 سنة) لكل 000 1 امرأة في تلك الفئة العمرية', '', '', '3', '002', 'A', 'SDGS', GETDATE());
INSERT INTO "MENUSELECTION_ENG"(MENU, SELECTION, PRESTEXT, PRESTEXTS, DESCRIPTION, SORTCODE, PRESENTATION, USERID, LOGDATE) VALUES ('T3_7', 'C030702', '3.7.2 Adolescent birth rate (aged 10-14 years; aged 15-19 years) per 1,000 women in that age group', '', '', '002', 'A', 'SDGS', GETDATE());
INSERT INTO "MENUSELECTION"(MENU, SELECTION, PRESTEXT, PRESTEXTS, DESCRIPTION, LEVELNO, SORTCODE, PRESENTATION, USERID, LOGDATE) VALUES ('C030702', 'S37C03070202', 'C030702_02 - ???? ???????? ??? ????????? (15-19 ???) ??? 000 1 ????? ?? ??? ????? ???????', '', '', '4', '001', 'A', 'SDGS', GETDATE());
INSERT INTO "MENUSELECTION_ENG"(MENU, SELECTION, PRESTEXT, PRESTEXTS, DESCRIPTION, SORTCODE, PRESENTATION, USERID, LOGDATE) VALUES ('C030702', 'S37C03070202', 'C030702_02 - Adolescent birth rate (per 1,000 women aged 15-19 years)', '', '', '001', 'A', 'SDGS', GETDATE());
INSERT INTO "MENUSELECTION"(MENU, SELECTION, PRESTEXT, PRESTEXTS, DESCRIPTION, LEVELNO, SORTCODE, PRESENTATION, USERID, LOGDATE) VALUES ('03', 'T3_8', 'TARGET code 3.8   - تحقيق التغطية الصحية الشاملة، بما في ذلك الحماية من المخاطر المالية وإمكانية الحصول على خدمات الرعاية الصحية الأساسية الجيدة، وإمكانية حصول الجميع على الأدوية واللقاحات الأساسية المأمونة والجيّدة والفعالة والميسورة التكلفة', '', '', '2', '008', 'A', 'SDGS', GETDATE());
INSERT INTO "MENUSELECTION_ENG"(MENU, SELECTION, PRESTEXT, PRESTEXTS, DESCRIPTION, SORTCODE, PRESENTATION, USERID, LOGDATE) VALUES ('03', 'T3_8', 'TARGET code 3.8   - Achieve universal health coverage, including financial risk protection, access to quality essential health-care services and access to safe, effective, quality and affordable essential medicines and vaccines for all', '', '', '008', 'A', 'SDGS', GETDATE());
INSERT INTO "MENUSELECTION"(MENU, SELECTION, PRESTEXT, PRESTEXTS, DESCRIPTION, LEVELNO, SORTCODE, PRESENTATION, USERID, LOGDATE) VALUES ('T3_8', 'C030801', '3.8.1 تغطية توافر الخدمات الصحية الأساسية (المعرَّفة باعتبارها متوسط التغطية التي توفر الخدمات الأساسية المستندة إلى الإجراءات الكاشفة التي تشمل الصحة الإنجابية، وصحة الأمهات، والمواليد الجدد، والأطفال، والأمراض المعدية، والأمراض غير المعدية، والقدرة على توفير الخدمات، وإمكانية الوصول إليها لدى السكان عموماً والأشد حرماناً خصوصاً)', '', '', '3', '001', 'A', 'SDGS', GETDATE());
INSERT INTO "MENUSELECTION_ENG"(MENU, SELECTION, PRESTEXT, PRESTEXTS, DESCRIPTION, SORTCODE, PRESENTATION, USERID, LOGDATE) VALUES ('T3_8', 'C030801', '3.8.1 Coverage of essential health services (defined as the average coverage of essential services based on tracer interventions that include reproductive, maternal, newborn and child health, infectious diseases, non-communicable diseases and service capacity and access, among the general and the most disadvantaged population)', '', '', '001', 'A', 'SDGS', GETDATE());
INSERT INTO "MENUSELECTION"(MENU, SELECTION, PRESTEXT, PRESTEXTS, DESCRIPTION, LEVELNO, SORTCODE, PRESENTATION, USERID, LOGDATE) VALUES ('T3_8', 'C030802', '3.8.2 -1 نسبة السكان الذين تصرف أسرهم المعيشية نفقات كبيرة على الصحة محسوبة كحصة من مجموع إنفاق الأسر المعيشية أو دخلها (أكثر من 10%)', '', '', '3', '002', 'A', 'SDGS', GETDATE());
INSERT INTO "MENUSELECTION_ENG"(MENU, SELECTION, PRESTEXT, PRESTEXTS, DESCRIPTION, SORTCODE, PRESENTATION, USERID, LOGDATE) VALUES ('T3_8', 'C030802', '3.8.2 Proportion of population with large household expenditures on health as a share of total household expenditure or income (more than 10%, more than 25%)', '', '', '002', 'A', 'SDGS', GETDATE());
INSERT INTO "MENUSELECTION"(MENU, SELECTION, PRESTEXT, PRESTEXTS, DESCRIPTION, LEVELNO, SORTCODE, PRESENTATION, USERID, LOGDATE) VALUES ('C030802', 'S38C03080201', 'C030802_01 - ???? ?????? ????? ???? ????? ???????? ????? ????? ??? ????? ?????? ???? ?? ????? ????? ????? ???????? ?? ????? (???? ?? 10%)', '', '', '4', '001', 'A', 'SDGS', GETDATE());
INSERT INTO "MENUSELECTION_ENG"(MENU, SELECTION, PRESTEXT, PRESTEXTS, DESCRIPTION, SORTCODE, PRESENTATION, USERID, LOGDATE) VALUES ('C030802', 'S38C03080201', 'C030802_01 - Proportion of population with large household expenditures on health as a share of total household expenditure or income (more than 10%)', '', '', '001', 'A', 'SDGS', GETDATE());
INSERT INTO "MENUSELECTION"(MENU, SELECTION, PRESTEXT, PRESTEXTS, DESCRIPTION, LEVELNO, SORTCODE, PRESENTATION, USERID, LOGDATE) VALUES ('C030802', 'S38C03080202', 'C030802_02 - ???? ?????? ????? ???? ????? ???????? ????? ????? ??? ????? ?????? ???? ?? ????? ????? ????? ???????? ?? ????? (???? ?? 25%)', '', '', '4', '002', 'A', 'SDGS', GETDATE());
INSERT INTO "MENUSELECTION_ENG"(MENU, SELECTION, PRESTEXT, PRESTEXTS, DESCRIPTION, SORTCODE, PRESENTATION, USERID, LOGDATE) VALUES ('C030802', 'S38C03080202', 'C030802_02 - oportion of population with large household expenditures on health as a share of total household expenditure or income (more than 25%)', '', '', '002', 'A', 'SDGS', GETDATE());
INSERT INTO "MENUSELECTION"(MENU, SELECTION, PRESTEXT, PRESTEXTS, DESCRIPTION, LEVELNO, SORTCODE, PRESENTATION, USERID, LOGDATE) VALUES ('03', 'T3_9', 'TARGET code 3.9   - الحد بقدر كبير من عدد الوفيات والأمراض الناجمة عن التعرّض للمواد الكيميائية الخطرة، وتلوّث الهواء والماء والتربة، بحلول عام ٢٠٣٠', '', '', '2', '009', 'A', 'SDGS', GETDATE());
INSERT INTO "MENUSELECTION_ENG"(MENU, SELECTION, PRESTEXT, PRESTEXTS, DESCRIPTION, SORTCODE, PRESENTATION, USERID, LOGDATE) VALUES ('03', 'T3_9', 'TARGET code 3.9   - By 2030, substantially reduce the number of deaths and illnesses from hazardous chemicals and air, water and soil pollution and contamination', '', '', '009', 'A', 'SDGS', GETDATE());
INSERT INTO "MENUSELECTION"(MENU, SELECTION, PRESTEXT, PRESTEXTS, DESCRIPTION, LEVELNO, SORTCODE, PRESENTATION, USERID, LOGDATE) VALUES ('T3_9', 'C030901', '3.9.1 معدل الوفيات المنسوبة إلى الأسر المعيشية وتلوث الهواء المحيط', '', '', '3', '001', 'A', 'SDGS', GETDATE());
INSERT INTO "MENUSELECTION_ENG"(MENU, SELECTION, PRESTEXT, PRESTEXTS, DESCRIPTION, SORTCODE, PRESENTATION, USERID, LOGDATE) VALUES ('T3_9', 'C030901', '3.9.1 Mortality rate attributed to household and ambient air pollution', '', '', '001', 'A', 'SDGS', GETDATE());
INSERT INTO "MENUSELECTION"(MENU, SELECTION, PRESTEXT, PRESTEXTS, DESCRIPTION, LEVELNO, SORTCODE, PRESENTATION, USERID, LOGDATE) VALUES ('T3_9', 'C030902', '3.9.2 معدل الوفيات المنسوب إلى المياه غير المأمونة، وخدمات الصرف الصحي غير المأمونة والافتقار إلى المرافق الصحية (التعرض لخدمات غير مأمونة في توفير المياه وخدمات الصرف الصحي والنظافة الصحية للجميع)', '', '', '3', '002', 'A', 'SDGS', GETDATE());
INSERT INTO "MENUSELECTION_ENG"(MENU, SELECTION, PRESTEXT, PRESTEXTS, DESCRIPTION, SORTCODE, PRESENTATION, USERID, LOGDATE) VALUES ('T3_9', 'C030902', '3.9.2 Mortality rate attributed to unsafe water, unsafe sanitation and lack of hygiene (exposure to unsafe Water, Sanitation and Hygiene for All (WASH) services)', '', '', '002', 'A', 'SDGS', GETDATE());
INSERT INTO "MENUSELECTION"(MENU, SELECTION, PRESTEXT, PRESTEXTS, DESCRIPTION, LEVELNO, SORTCODE, PRESENTATION, USERID, LOGDATE) VALUES ('T3_9', 'C030903', '3.9.3 معدل الوفيات المنسوب إلى التسمم غير المتعمد', '', '', '3', '003', 'A', 'SDGS', GETDATE());
INSERT INTO "MENUSELECTION_ENG"(MENU, SELECTION, PRESTEXT, PRESTEXTS, DESCRIPTION, SORTCODE, PRESENTATION, USERID, LOGDATE) VALUES ('T3_9', 'C030903', '3.9.3 Mortality rate attributed to unintentional poisoning', '', '', '003', 'A', 'SDGS', GETDATE());
INSERT INTO "MENUSELECTION"(MENU, SELECTION, PRESTEXT, PRESTEXTS, DESCRIPTION, LEVELNO, SORTCODE, PRESENTATION, USERID, LOGDATE) VALUES ('03', 'T3_a', 'TARGET code 3.a   - تعزيز تنفيذ اتفاقية منظمة الصحة العالمية الإطارية بشأن مكافحة التبغ في جميع البلدان، حسب الاقتضاء', '', '', '2', '010', 'A', 'SDGS', GETDATE());
INSERT INTO "MENUSELECTION_ENG"(MENU, SELECTION, PRESTEXT, PRESTEXTS, DESCRIPTION, SORTCODE, PRESENTATION, USERID, LOGDATE) VALUES ('03', 'T3_a', 'TARGET code 3.a   - Strengthen the implementation of the World Health Organization Framework Convention on Tobacco Control in all countries, as appropriate', '', '', '010', 'A', 'SDGS', GETDATE());
INSERT INTO "MENUSELECTION"(MENU, SELECTION, PRESTEXT, PRESTEXTS, DESCRIPTION, LEVELNO, SORTCODE, PRESENTATION, USERID, LOGDATE) VALUES ('T3_a', 'C030a01', '3.a.1 معدل الانتشار الموحد السن لاستعمال التبغ حالياً لدى الأشخاص الذين تبلغ أعمارهم 15 سنة فأكثر', '', '', '3', '001', 'A', 'SDGS', GETDATE());
INSERT INTO "MENUSELECTION_ENG"(MENU, SELECTION, PRESTEXT, PRESTEXTS, DESCRIPTION, SORTCODE, PRESENTATION, USERID, LOGDATE) VALUES ('T3_a', 'C030a01', '3.a.1 Age-standardized prevalence of current tobacco use among persons aged 15 years and older', '', '', '001', 'A', 'SDGS', GETDATE());
INSERT INTO "MENUSELECTION"(MENU, SELECTION, PRESTEXT, PRESTEXTS, DESCRIPTION, LEVELNO, SORTCODE, PRESENTATION, USERID, LOGDATE) VALUES ('C030a01', 'S3aC030a0101', 'C030a01_01 - ???? ???????? ?????? ???? ???????? ????? ?????? ??? ??????? ????? ???? ??????? 15 ??? ?????', '', '', '4', '001', 'A', 'SDGS', GETDATE());
INSERT INTO "MENUSELECTION_ENG"(MENU, SELECTION, PRESTEXT, PRESTEXTS, DESCRIPTION, SORTCODE, PRESENTATION, USERID, LOGDATE) VALUES ('C030a01', 'S3aC030a0101', 'C030a01_01 - Age-standardized prevalence of current tobacco use among persons aged 15 years and older, by sex (%)', '', '', '001', 'A', 'SDGS', GETDATE());
INSERT INTO "MENUSELECTION"(MENU, SELECTION, PRESTEXT, PRESTEXTS, DESCRIPTION, LEVELNO, SORTCODE, PRESENTATION, USERID, LOGDATE) VALUES ('03', 'T3_b', 'TARGET code 3.b   - دعم البحث والتطوير في مجال اللقاحات والأدوية للأمراض المعدية وغير المعدية التي تتعرض لها البلدان النامية في المقام الأول، وتوفير إمكانية الحصول على الأدوية واللقاحات الأساسية بأسعار معقولة، وفقاً لإعلان الدوحة بشأن الاتفاق المتعلق بالجوانب المتصلة بالتجارة من حقوق الملكية الفكرية وبالصحة العامة، الذي يؤكد حق البلدان النامية في الاستفادة بالكامل من الأحكام الواردة في الاتفاق بشأن الجوانب المتصلة بالتجارة من حقوق الملكية الفكرية المتعلقة بأوجه المرونة اللازمة لحماية الصحة العامة، ولا سيما العمل من أجل إمكانية حصول الجميع على الأدوية', '', '', '2', '011', 'A', 'SDGS', GETDATE());
INSERT INTO "MENUSELECTION_ENG"(MENU, SELECTION, PRESTEXT, PRESTEXTS, DESCRIPTION, SORTCODE, PRESENTATION, USERID, LOGDATE) VALUES ('03', 'T3_b', 'TARGET code 3.b   - Support the research and development of vaccines and medicines for the communicable and non-communicable diseases that primarily affect developing countries, provide access to affordable essential medicines and vaccines, in accordance with the Doha Declaration on the TRIPS Agreement and Public Health, which affirms the right of developing countries to use to the full the provisions in the Agreement on Trade-Related Aspects of Intellectual Property Rights regarding flexibilities to protect public health, and, in particular, provide access to medicines for all', '', '', '011', 'A', 'SDGS', GETDATE());
INSERT INTO "MENUSELECTION"(MENU, SELECTION, PRESTEXT, PRESTEXTS, DESCRIPTION, LEVELNO, SORTCODE, PRESENTATION, USERID, LOGDATE) VALUES ('T3_b', 'C030b01', '3.b.1 نسبة السكان المستهدفين المستفيدين من جميع اللقاحات المشمولة بالبرنامج الوطني لبلدهم', '', '', '3', '001', 'A', 'SDGS', GETDATE());
INSERT INTO "MENUSELECTION_ENG"(MENU, SELECTION, PRESTEXT, PRESTEXTS, DESCRIPTION, SORTCODE, PRESENTATION, USERID, LOGDATE) VALUES ('T3_b', 'C030b01', '3.b.1 Proportion of the target population covered by all vaccines included in their national programme', '', '', '001', 'A', 'SDGS', GETDATE());
INSERT INTO "MENUSELECTION"(MENU, SELECTION, PRESTEXT, PRESTEXTS, DESCRIPTION, LEVELNO, SORTCODE, PRESENTATION, USERID, LOGDATE) VALUES ('C030b01', 'S3bC030b0101', 'C030b01_01 - ?????? ??????? ??????? ?? ????? ??????? 23 - 12 ????? ????? ????? ?????? ??????? ?? ??????? ??????? ?? ????????? ? ?????? ??????  ??????? (DTP3) ?? ??? ?????', '', '', '4', '001', 'A', 'SDGS', GETDATE());
INSERT INTO "MENUSELECTION_ENG"(MENU, SELECTION, PRESTEXT, PRESTEXTS, DESCRIPTION, SORTCODE, PRESENTATION, USERID, LOGDATE) VALUES ('C030b01', 'S3bC030b0101', 'C030b01_01 - Percentage of children aged 12-23 months who received the third dose of DTP containing vaccine (DTP3) in a given year', '', '', '001', 'A', 'SDGS', GETDATE());
INSERT INTO "MENUSELECTION"(MENU, SELECTION, PRESTEXT, PRESTEXTS, DESCRIPTION, LEVELNO, SORTCODE, PRESENTATION, USERID, LOGDATE) VALUES ('C030b01', 'S3bC030b0102', 'C030b01_02 - ?????? ??????? ??????? ?? ????? ??????? 23 – 12 ????? ???? ????? ?????? ??????? ?? ????? ??????? ??????? ??????? ???????? (PCV3) ?? ??? ?????', '', '', '4', '002', 'A', 'SDGS', GETDATE());
INSERT INTO "MENUSELECTION_ENG"(MENU, SELECTION, PRESTEXT, PRESTEXTS, DESCRIPTION, SORTCODE, PRESENTATION, USERID, LOGDATE) VALUES ('C030b01', 'S3bC030b0102', 'C030b01_02 - Percentage of children aged 12-23 months who received the third dose of Pneumococcal (Conjugate) vaccine (PCV3)  in a given year', '', '', '002', 'A', 'SDGS', GETDATE());
INSERT INTO "MENUSELECTION"(MENU, SELECTION, PRESTEXT, PRESTEXTS, DESCRIPTION, LEVELNO, SORTCODE, PRESENTATION, USERID, LOGDATE) VALUES ('C030b01', 'S3bC030b0103', 'C030b01_03 - ?????? ??????? ??????? ?? ????? ??????? 35 - 24 ????? ????? ?????? ?????? ??????? ?? ????? ?????? ?? ??? ?????', '', '', '4', '003', 'A', 'SDGS', GETDATE());
INSERT INTO "MENUSELECTION_ENG"(MENU, SELECTION, PRESTEXT, PRESTEXTS, DESCRIPTION, SORTCODE, PRESENTATION, USERID, LOGDATE) VALUES ('C030b01', 'S3bC030b0103', 'C030b01_03 - Percentage of children aged 24-35 months who received the second measles containing vaccine in a given year', '', '', '003', 'A', 'SDGS', GETDATE());
INSERT INTO "MENUSELECTION"(MENU, SELECTION, PRESTEXT, PRESTEXTS, DESCRIPTION, LEVELNO, SORTCODE, PRESENTATION, USERID, LOGDATE) VALUES ('T3_b', 'C030b02', '3.b.2 مجموع صافي المساعدة الإنمائية الرسمية المقدمة إلى القطاعات الصحية الأساسية والبحوث الطبية', '', '', '3', '002', 'A', 'SDGS', GETDATE());
INSERT INTO "MENUSELECTION_ENG"(MENU, SELECTION, PRESTEXT, PRESTEXTS, DESCRIPTION, SORTCODE, PRESENTATION, USERID, LOGDATE) VALUES ('T3_b', 'C030b02', '3.b.2 Total net official development assistance to medical research and basic health sectors', '', '', '002', 'A', 'SDGS', GETDATE());
INSERT INTO "MENUSELECTION"(MENU, SELECTION, PRESTEXT, PRESTEXTS, DESCRIPTION, LEVELNO, SORTCODE, PRESENTATION, USERID, LOGDATE) VALUES ('C030b02', 'S3bC030b0201', 'C030b02_01 - ????? ???? ???????? ????????? ??????? ??????? ??? ???????? ?????? ???????? ??????? ??????', '', '', '4', '001', 'A', 'SDGS', GETDATE());
INSERT INTO "MENUSELECTION_ENG"(MENU, SELECTION, PRESTEXT, PRESTEXTS, DESCRIPTION, SORTCODE, PRESENTATION, USERID, LOGDATE) VALUES ('C030b02', 'S3bC030b0201', 'C030b02_01 - Total net official development assistance to medical research and basic health sectors', '', '', '001', 'A', 'SDGS', GETDATE());
INSERT INTO "MENUSELECTION"(MENU, SELECTION, PRESTEXT, PRESTEXTS, DESCRIPTION, LEVELNO, SORTCODE, PRESENTATION, USERID, LOGDATE) VALUES ('T3_b', 'C030b03', '3.b.3 نسبة المرافق الصحية المتاحة فيها مجموعة أساسية من الأدوية الضرورية التي تفي بالغرض بكلفة ميسورة على الدوام', '', '', '3', '003', 'A', 'SDGS', GETDATE());
INSERT INTO "MENUSELECTION_ENG"(MENU, SELECTION, PRESTEXT, PRESTEXTS, DESCRIPTION, SORTCODE, PRESENTATION, USERID, LOGDATE) VALUES ('T3_b', 'C030b03', '3.b.3 Proportion of health facilities that have a core set of relevant essential medicines available and affordable on a sustainable basis', '', '', '003', 'A', 'SDGS', GETDATE());
INSERT INTO "MENUSELECTION"(MENU, SELECTION, PRESTEXT, PRESTEXTS, DESCRIPTION, LEVELNO, SORTCODE, PRESENTATION, USERID, LOGDATE) VALUES ('03', 'T3_c', 'TARGET code 3.c   - تحقيق زيادة كبيرة في تمويل قطاع الصحة، وتوظيف قوى عاملة في هذا القطاع وتطويرها وتدريبها واستبقائها في البلدان النامية، وبخاصة في أقل البلدان نموا والدول الجزرية الصغيرة النامية', '', '', '2', '012', 'A', 'SDGS', GETDATE());
INSERT INTO "MENUSELECTION_ENG"(MENU, SELECTION, PRESTEXT, PRESTEXTS, DESCRIPTION, SORTCODE, PRESENTATION, USERID, LOGDATE) VALUES ('03', 'T3_c', 'TARGET code 3.c   - Substantially increase health financing and the recruitment, development, training and retention of the health workforce in developing countries, especially in least developed countries and small island developing States', '', '', '012', 'A', 'SDGS', GETDATE());
INSERT INTO "MENUSELECTION"(MENU, SELECTION, PRESTEXT, PRESTEXTS, DESCRIPTION, LEVELNO, SORTCODE, PRESENTATION, USERID, LOGDATE) VALUES ('T3_c', 'C030c01', '3.c.1 معدل كثافة الأخصائيين الصحيين وتوزيعهم', '', '', '3', '001', 'A', 'SDGS', GETDATE());
INSERT INTO "MENUSELECTION_ENG"(MENU, SELECTION, PRESTEXT, PRESTEXTS, DESCRIPTION, SORTCODE, PRESENTATION, USERID, LOGDATE) VALUES ('T3_c', 'C030c01', '3.c.1 Health worker density and distribution', '', '', '001', 'A', 'SDGS', GETDATE());
INSERT INTO "MENUSELECTION"(MENU, SELECTION, PRESTEXT, PRESTEXTS, DESCRIPTION, LEVELNO, SORTCODE, PRESENTATION, USERID, LOGDATE) VALUES ('C030c01', 'S3cC030c0101', 'C030c01_01 - ???? ????? ?????????? ??????? ????????? ?????', '', '', '4', '001', 'A', 'SDGS', GETDATE());
INSERT INTO "MENUSELECTION_ENG"(MENU, SELECTION, PRESTEXT, PRESTEXTS, DESCRIPTION, SORTCODE, PRESENTATION, USERID, LOGDATE) VALUES ('C030c01', 'S3cC030c0101', 'C030c01_01 - Health worker density and distribution, Physicians', '', '', '001', 'A', 'SDGS', GETDATE());
INSERT INTO "MENUSELECTION"(MENU, SELECTION, PRESTEXT, PRESTEXTS, DESCRIPTION, LEVELNO, SORTCODE, PRESENTATION, USERID, LOGDATE) VALUES ('C030c01', 'S3cC030c0102', 'C030c01_02 - ???? ????? ?????????? ??????? ????????? ????? ?????', '', '', '4', '002', 'A', 'SDGS', GETDATE());
INSERT INTO "MENUSELECTION_ENG"(MENU, SELECTION, PRESTEXT, PRESTEXTS, DESCRIPTION, SORTCODE, PRESENTATION, USERID, LOGDATE) VALUES ('C030c01', 'S3cC030c0102', 'C030c01_02 - Health worker density and distribution, Dentists', '', '', '002', 'A', 'SDGS', GETDATE());
INSERT INTO "MENUSELECTION"(MENU, SELECTION, PRESTEXT, PRESTEXTS, DESCRIPTION, LEVELNO, SORTCODE, PRESENTATION, USERID, LOGDATE) VALUES ('C030c01', 'S3cC030c0103', 'C030c01_03 - ???? ????? ?????????? ??????? ????????? ??????', '', '', '4', '003', 'A', 'SDGS', GETDATE());
INSERT INTO "MENUSELECTION_ENG"(MENU, SELECTION, PRESTEXT, PRESTEXTS, DESCRIPTION, SORTCODE, PRESENTATION, USERID, LOGDATE) VALUES ('C030c01', 'S3cC030c0103', 'C030c01_03 - Health worker density and distribution, Pharmacist', '', '', '003', 'A', 'SDGS', GETDATE());
INSERT INTO "MENUSELECTION"(MENU, SELECTION, PRESTEXT, PRESTEXTS, DESCRIPTION, LEVELNO, SORTCODE, PRESENTATION, USERID, LOGDATE) VALUES ('C030c01', 'S3cC030c0104', 'C030c01_04 - ??? ????? ?????????? ??????? ????????? ??????', '', '', '4', '004', 'A', 'SDGS', GETDATE());
INSERT INTO "MENUSELECTION_ENG"(MENU, SELECTION, PRESTEXT, PRESTEXTS, DESCRIPTION, SORTCODE, PRESENTATION, USERID, LOGDATE) VALUES ('C030c01', 'S3cC030c0104', 'C030c01_04 - Health worker density and distribution, Nursing', '', '', '004', 'A', 'SDGS', GETDATE());
INSERT INTO "MENUSELECTION"(MENU, SELECTION, PRESTEXT, PRESTEXTS, DESCRIPTION, LEVELNO, SORTCODE, PRESENTATION, USERID, LOGDATE) VALUES ('C030c01', 'S3cC030c0105', 'C030c01_05 - ???? ????? ?????????? ??????? ????????? ?????', '', '', '4', '005', 'A', 'SDGS', GETDATE());
INSERT INTO "MENUSELECTION_ENG"(MENU, SELECTION, PRESTEXT, PRESTEXTS, DESCRIPTION, SORTCODE, PRESENTATION, USERID, LOGDATE) VALUES ('C030c01', 'S3cC030c0105', 'C030c01_05 - Health worker density and distribution, Midwifery', '', '', '005', 'A', 'SDGS', GETDATE());
INSERT INTO "MENUSELECTION"(MENU, SELECTION, PRESTEXT, PRESTEXTS, DESCRIPTION, LEVELNO, SORTCODE, PRESENTATION, USERID, LOGDATE) VALUES ('03', 'T3_d', 'TARGET code 3.d   - تعزيز قدرات جميع البلدان، ولا سيما البلدان النامية، في مجال الإنذار المبكر والحد من المخاطر وإدارة المخاطر الصحية الوطنية والعالمية', '', '', '2', '013', 'A', 'SDGS', GETDATE());
INSERT INTO "MENUSELECTION_ENG"(MENU, SELECTION, PRESTEXT, PRESTEXTS, DESCRIPTION, SORTCODE, PRESENTATION, USERID, LOGDATE) VALUES ('03', 'T3_d', 'TARGET code 3.d   - Strengthen the capacity of all countries, in particular developing countries, for early warning, risk reduction and management of national and global health risks', '', '', '013', 'A', 'SDGS', GETDATE());
INSERT INTO "MENUSELECTION"(MENU, SELECTION, PRESTEXT, PRESTEXTS, DESCRIPTION, LEVELNO, SORTCODE, PRESENTATION, USERID, LOGDATE) VALUES ('T3_d', 'C030d01', '3.d.1 القدرة على تنفيذ اللوائح الصحية الدولية، والجاهزية لمواجهة حالات الطوارئ الصحية', '', '', '3', '001', 'A', 'SDGS', GETDATE());
INSERT INTO "MENUSELECTION_ENG"(MENU, SELECTION, PRESTEXT, PRESTEXTS, DESCRIPTION, SORTCODE, PRESENTATION, USERID, LOGDATE) VALUES ('T3_d', 'C030d01', '3.d.1 International Health Regulations (IHR) capacity and health emergency preparedness', '', '', '001', 'A', 'SDGS', GETDATE());
INSERT INTO "MENUSELECTION"(MENU, SELECTION, PRESTEXT, PRESTEXTS, DESCRIPTION, LEVELNO, SORTCODE, PRESENTATION, USERID, LOGDATE) VALUES ('T3_d', 'C030d02', '3.d.2 النسبة المئوية لعدوى مجرى الدم المقاومة لمضادات الميكروبات', '', '', '3', '002', 'A', 'SDGS', GETDATE());
INSERT INTO "MENUSELECTION_ENG"(MENU, SELECTION, PRESTEXT, PRESTEXTS, DESCRIPTION, SORTCODE, PRESENTATION, USERID, LOGDATE) VALUES ('T3_d', 'C030d02', '3.d.2 Percentage of bloodstream infections due to selected antimicrobial-resistant organisms', '', '', '002', 'A', 'SDGS', GETDATE());
INSERT INTO "MENUSELECTION" (MENU, SELECTION, PRESTEXT, PRESTEXTS, DESCRIPTION, LEVELNO, SORTCODE, PRESENTATION, USERID, LOGDATE) VALUES ('START', '04', 'Goal AR4 - التعليم الجيد', '', '', '1', '004', 'A', 'SDGS', GETDATE());
INSERT INTO "MENUSELECTION_ENG" (MENU, SELECTION, PRESTEXT, PRESTEXTS, DESCRIPTION, SORTCODE, PRESENTATION, USERID, LOGDATE) VALUES ('START', '04', 'Goal4 - Quality Education', '', '', '004', 'A', 'SDGS', GETDATE());
INSERT INTO "MENUSELECTION"(MENU, SELECTION, PRESTEXT, PRESTEXTS, DESCRIPTION, LEVELNO, SORTCODE, PRESENTATION, USERID, LOGDATE) VALUES ('04', 'T4_1', 'TARGET code 4.1   - ضمان أن يتمتّع جميع الفتيات والفتيان بتعليم ابتدائي وثانوي مجاني ومنصف وجيّد يؤدي إلى تحقيق نتائج تعليمية ملائمة وفعالة بحلول عام ٢٠٣٠', '', '', '2', '001', 'A', 'SDGS', GETDATE());
INSERT INTO "MENUSELECTION_ENG"(MENU, SELECTION, PRESTEXT, PRESTEXTS, DESCRIPTION, SORTCODE, PRESENTATION, USERID, LOGDATE) VALUES ('04', 'T4_1', 'TARGET code 4.1   - By 2030, ensure that all girls and boys complete free, equitable and quality primary and secondary education leading to relevant and effective learning outcomes', '', '', '001', 'A', 'SDGS', GETDATE());
INSERT INTO "MENUSELECTION"(MENU, SELECTION, PRESTEXT, PRESTEXTS, DESCRIPTION, LEVELNO, SORTCODE, PRESENTATION, USERID, LOGDATE) VALUES ('T4_1', 'C040101', '4.1.1 نسبة الأطفال والشباب (أ) في الصف الثاني/الثالث؛ و (ب) في نهاية المرحلة الابتدائية؛ و (ج) في نهاية المرحلة الأولى من التعليم الثانوي، الذين يحققون على الأقل الحد الأدنى من مستوى الكفاءة في ''1‘ القراءة، و ''2‘ الرياضيات، بحسب الجنس', '', '', '3', '001', 'A', 'SDGS', GETDATE());
INSERT INTO "MENUSELECTION_ENG"(MENU, SELECTION, PRESTEXT, PRESTEXTS, DESCRIPTION, SORTCODE, PRESENTATION, USERID, LOGDATE) VALUES ('T4_1', 'C040101', '4.1.1 Proportion of children and young people: (a) in grades 2/3; (b) at the end of primary; and (c) at the end of lower secondary achieving at least a minimum proficiency level in (i) reading and (ii) mathematics, by sex', '', '', '001', 'A', 'SDGS', GETDATE());
INSERT INTO "MENUSELECTION"(MENU, SELECTION, PRESTEXT, PRESTEXTS, DESCRIPTION, LEVELNO, SORTCODE, PRESENTATION, USERID, LOGDATE) VALUES ('C040101', 'S41C04010101', 'C040101_01 - ?????? ??????? ??????? ????????? ?? ???? ?????? ??????? ?????? ?????? ?????? ??????? ????????', '', '', '4', '001', 'A', 'SDGS', GETDATE());
INSERT INTO "MENUSELECTION_ENG"(MENU, SELECTION, PRESTEXT, PRESTEXTS, DESCRIPTION, SORTCODE, PRESENTATION, USERID, LOGDATE) VALUES ('C040101', 'S41C04010101', 'C040101_01 - Percentage of children in grades 2\3who demonstrated foundational reading skills', '', '', '001', 'A', 'SDGS', GETDATE());
INSERT INTO "MENUSELECTION"(MENU, SELECTION, PRESTEXT, PRESTEXTS, DESCRIPTION, LEVELNO, SORTCODE, PRESENTATION, USERID, LOGDATE) VALUES ('C040101', 'S41C04010102', 'C040101_02 - ?????? ??????? ??????? ????????? ?? ??????? ????????* ?????? ?????? ?????? ??????? ????????', '', '', '4', '002', 'A', 'SDGS', GETDATE());
INSERT INTO "MENUSELECTION_ENG"(MENU, SELECTION, PRESTEXT, PRESTEXTS, DESCRIPTION, SORTCODE, PRESENTATION, USERID, LOGDATE) VALUES ('C040101', 'S41C04010102', 'C040101_02 - Percentage of children at basic stage* who demonstrated foundational reading skills', '', '', '002', 'A', 'SDGS', GETDATE());
INSERT INTO "MENUSELECTION"(MENU, SELECTION, PRESTEXT, PRESTEXTS, DESCRIPTION, LEVELNO, SORTCODE, PRESENTATION, USERID, LOGDATE) VALUES ('C040101', 'S41C04010103', 'C040101_03 - ?????? ??????? ??????? ??? ???? ?????? ??????? ?????? ?????? ?????? ?????? ????????', '', '', '4', '003', 'A', 'SDGS', GETDATE());
INSERT INTO "MENUSELECTION_ENG"(MENU, SELECTION, PRESTEXT, PRESTEXTS, DESCRIPTION, SORTCODE, PRESENTATION, USERID, LOGDATE) VALUES ('C040101', 'S41C04010103', 'C040101_03 - Percentage of children in grades 2\3 who demonstrate foundational numeracy skills', '', '', '003', 'A', 'SDGS', GETDATE());
INSERT INTO "MENUSELECTION"(MENU, SELECTION, PRESTEXT, PRESTEXTS, DESCRIPTION, LEVELNO, SORTCODE, PRESENTATION, USERID, LOGDATE) VALUES ('C040101', 'S41C04010104', 'C040101_04 - ?????? ??????? ??????? ?? ??????? ????????* ?????? ?????? ?????? ?????? ????????', '', '', '4', '004', 'A', 'SDGS', GETDATE());
INSERT INTO "MENUSELECTION_ENG"(MENU, SELECTION, PRESTEXT, PRESTEXTS, DESCRIPTION, SORTCODE, PRESENTATION, USERID, LOGDATE) VALUES ('C040101', 'S41C04010104', 'C040101_04 - Percentage of children at basic stage* who demonstrate foundational numeracy skills', '', '', '004', 'A', 'SDGS', GETDATE());
INSERT INTO "MENUSELECTION"(MENU, SELECTION, PRESTEXT, PRESTEXTS, DESCRIPTION, LEVELNO, SORTCODE, PRESENTATION, USERID, LOGDATE) VALUES ('T4_1', 'C040102', '4.1.2 معدل الاتمام حسب المستوى التعليمي', '', '', '3', '002', 'A', 'SDGS', GETDATE());
INSERT INTO "MENUSELECTION_ENG"(MENU, SELECTION, PRESTEXT, PRESTEXTS, DESCRIPTION, SORTCODE, PRESENTATION, USERID, LOGDATE) VALUES ('T4_1', 'C040102', '4.1.2 Completion rate (primary education, lower secondary education, upper secondary education)', '', '', '002', 'A', 'SDGS', GETDATE());
INSERT INTO "MENUSELECTION"(MENU, SELECTION, PRESTEXT, PRESTEXTS, DESCRIPTION, LEVELNO, SORTCODE, PRESENTATION, USERID, LOGDATE) VALUES ('04', 'T4_2', 'TARGET code 4.2   - كفالة أن تتاح لجميع الفتيات والفتيان، بحلول عام ٢٠٣٠، فرص الحصول على نوعية جيدة من النماء والرعاية في مرحلة الطفولة المبكرة والتعليم قبل الابتدائي حتى يكونوا جاهزين للتعليم  الابتدائي', '', '', '2', '002', 'A', 'SDGS', GETDATE());
INSERT INTO "MENUSELECTION_ENG"(MENU, SELECTION, PRESTEXT, PRESTEXTS, DESCRIPTION, SORTCODE, PRESENTATION, USERID, LOGDATE) VALUES ('04', 'T4_2', 'TARGET code 4.2   - By 2030, ensure that all girls and boys have access to quality early childhood development, care and pre-primary education so that they are ready for primary education', '', '', '002', 'A', 'SDGS', GETDATE());
INSERT INTO "MENUSELECTION"(MENU, SELECTION, PRESTEXT, PRESTEXTS, DESCRIPTION, LEVELNO, SORTCODE, PRESENTATION, USERID, LOGDATE) VALUES ('T4_2', 'C040201', '4.2.1 نسبة الأطفال دون الخامسة الذين هم ماضون على المسار الصحيح من حيث النمو في مجالات الصحة، والتعلم، والرفاه النفسي والاجتماعي، بحسب الجنس', '', '', '3', '001', 'A', 'SDGS', GETDATE());
INSERT INTO "MENUSELECTION_ENG"(MENU, SELECTION, PRESTEXT, PRESTEXTS, DESCRIPTION, SORTCODE, PRESENTATION, USERID, LOGDATE) VALUES ('T4_2', 'C040201', '4.2.1 Proportion of children under 5 years of age who are developmentally on track in health, learning and psychosocial well-being, by sex', '', '', '001', 'A', 'SDGS', GETDATE());
INSERT INTO "MENUSELECTION"(MENU, SELECTION, PRESTEXT, PRESTEXTS, DESCRIPTION, LEVELNO, SORTCODE, PRESENTATION, USERID, LOGDATE) VALUES ('C040201', 'S42C04020101', 'C040201_01 - ?????? ??????? ??????? ????? ?????? ??????? ??? 3-4 ????? ?????? ?? ??? ?????? ?????? ????? ??????? ???????? ?????? ????? (??????? - ??????)', '', '', '4', '001', 'A', 'SDGS', GETDATE());
INSERT INTO "MENUSELECTION_ENG"(MENU, SELECTION, PRESTEXT, PRESTEXTS, DESCRIPTION, SORTCODE, PRESENTATION, USERID, LOGDATE) VALUES ('C040201', 'S42C04020101', 'C040201_01 - Percentage of children age 3-4 years who are developmentally on track for indicated domains (Literacy-numeracy)', '', '', '001', 'A', 'SDGS', GETDATE());
INSERT INTO "MENUSELECTION"(MENU, SELECTION, PRESTEXT, PRESTEXTS, DESCRIPTION, LEVELNO, SORTCODE, PRESENTATION, USERID, LOGDATE) VALUES ('C040201', 'S42C04020103', 'C040201_03 - ?????? ??????? ??????? ????? ?????? ??????? ??? 3-4 ????? ?????? ?? ??? ?????? ?????? ????? ??????? ???????? ?????? ????? (??????? - ?????)', '', '', '4', '002', 'A', 'SDGS', GETDATE());
INSERT INTO "MENUSELECTION_ENG"(MENU, SELECTION, PRESTEXT, PRESTEXTS, DESCRIPTION, SORTCODE, PRESENTATION, USERID, LOGDATE) VALUES ('C040201', 'S42C04020103', 'C040201_03 - Percentage of children age 3-4 years who are developmentally on track for indicated domains (Social-emotional)', '', '', '002', 'A', 'SDGS', GETDATE());
INSERT INTO "MENUSELECTION"(MENU, SELECTION, PRESTEXT, PRESTEXTS, DESCRIPTION, LEVELNO, SORTCODE, PRESENTATION, USERID, LOGDATE) VALUES ('C040201', 'S42C04020102', 'C040201_02 - ?????? ??????? ??????? ????? ?????? ??????? ??? 3-4 ????? ?????? ?? ??? ?????? ?????? ????? ??????? ???????? ?????? ????? (????)', '', '', '4', '003', 'A', 'SDGS', GETDATE());
INSERT INTO "MENUSELECTION_ENG"(MENU, SELECTION, PRESTEXT, PRESTEXTS, DESCRIPTION, SORTCODE, PRESENTATION, USERID, LOGDATE) VALUES ('C040201', 'S42C04020102', 'C040201_02 - Percentage of children age 3-4 years who are developmentally on track for indicated domains (physical)', '', '', '003', 'A', 'SDGS', GETDATE());
INSERT INTO "MENUSELECTION"(MENU, SELECTION, PRESTEXT, PRESTEXTS, DESCRIPTION, LEVELNO, SORTCODE, PRESENTATION, USERID, LOGDATE) VALUES ('C040201', 'S42C04020104', 'C040201_04 - ?????? ??????? ??????? ????? ?????? ??????? ??? 3-4 ????? ?????? ?? ??? ?????? ?????? ????? ??????? ???????? ?????? ????? (??????)', '', '', '4', '004', 'A', 'SDGS', GETDATE());
INSERT INTO "MENUSELECTION_ENG"(MENU, SELECTION, PRESTEXT, PRESTEXTS, DESCRIPTION, SORTCODE, PRESENTATION, USERID, LOGDATE) VALUES ('C040201', 'S42C04020104', 'C040201_04 - Percentage of children age 3-4 years who are developmentally on track for indicated domains (learning)', '', '', '004', 'A', 'SDGS', GETDATE());
INSERT INTO "MENUSELECTION"(MENU, SELECTION, PRESTEXT, PRESTEXTS, DESCRIPTION, LEVELNO, SORTCODE, PRESENTATION, USERID, LOGDATE) VALUES ('T4_2', 'C040202', '4.2.2 معدل المشاركة في التعلُّم المنظَّم (قبل سنة واحدة من سن الالتحاق الرسمي بالتعليم الابتدائي)، بحسب الجنس', '', '', '3', '002', 'A', 'SDGS', GETDATE());
INSERT INTO "MENUSELECTION_ENG"(MENU, SELECTION, PRESTEXT, PRESTEXTS, DESCRIPTION, SORTCODE, PRESENTATION, USERID, LOGDATE) VALUES ('T4_2', 'C040202', '4.2.2 Participation rate in organized learning (one year before the official primary entry age), by sex', '', '', '002', 'A', 'SDGS', GETDATE());
INSERT INTO "MENUSELECTION"(MENU, SELECTION, PRESTEXT, PRESTEXTS, DESCRIPTION, LEVELNO, SORTCODE, PRESENTATION, USERID, LOGDATE) VALUES ('C040202', 'S42C04020201', 'C040202_01 - ???? ???????? ?? ???????? ???????? (??? ??? ????? ?? ?? ???????? ?????? ???????? ?????????)? ???? ?????', '', '', '4', '001', 'A', 'SDGS', GETDATE());
INSERT INTO "MENUSELECTION_ENG"(MENU, SELECTION, PRESTEXT, PRESTEXTS, DESCRIPTION, SORTCODE, PRESENTATION, USERID, LOGDATE) VALUES ('C040202', 'S42C04020201', 'C040202_01 - Participation rate in organized learning (one year before the official primary entry age), by sex (%)', '', '', '001', 'A', 'SDGS', GETDATE());
INSERT INTO "MENUSELECTION"(MENU, SELECTION, PRESTEXT, PRESTEXTS, DESCRIPTION, LEVELNO, SORTCODE, PRESENTATION, USERID, LOGDATE) VALUES ('04', 'T4_3', 'TARGET code 4.3   - كفالة تكافؤ فرص جميع النساء والرجال في الحصول على التعليم التقني والمهني والتعليم العالي الجيّد والميسور التكلفة، بما في ذلك التعليم الجامعي، بحلول عام ٢٠٣٠', '', '', '2', '003', 'A', 'SDGS', GETDATE());
INSERT INTO "MENUSELECTION_ENG"(MENU, SELECTION, PRESTEXT, PRESTEXTS, DESCRIPTION, SORTCODE, PRESENTATION, USERID, LOGDATE) VALUES ('04', 'T4_3', 'TARGET code 4.3   - By 2030, ensure equal access for all women and men to affordable and quality technical, vocational and tertiary education, including university', '', '', '003', 'A', 'SDGS', GETDATE());
INSERT INTO "MENUSELECTION"(MENU, SELECTION, PRESTEXT, PRESTEXTS, DESCRIPTION, LEVELNO, SORTCODE, PRESENTATION, USERID, LOGDATE) VALUES ('T4_3', 'C040301', '4.3.1 معدل مشاركة الشباب والكبار في التعليم الرسمي وغير الرسمي والتدريب خلال الاثني عشر شهراً السابقة، بحسب الجنس', '', '', '3', '001', 'A', 'SDGS', GETDATE());
INSERT INTO "MENUSELECTION_ENG"(MENU, SELECTION, PRESTEXT, PRESTEXTS, DESCRIPTION, SORTCODE, PRESENTATION, USERID, LOGDATE) VALUES ('T4_3', 'C040301', '4.3.1 Participation rate of youth and adults in formal and non-formal education and training in the previous 12 months, by sex', '', '', '001', 'A', 'SDGS', GETDATE());
INSERT INTO "MENUSELECTION"(MENU, SELECTION, PRESTEXT, PRESTEXTS, DESCRIPTION, LEVELNO, SORTCODE, PRESENTATION, USERID, LOGDATE) VALUES ('C040301', 'S43C04030101', 'C040301_01 - ???? ?????? ?????? ??????? ?? ??????? ?????? ???? ?????? ???????? ???? ?????? ??? ????? ???????? ???? ?????', '', '', '4', '001', 'A', 'SDGS', GETDATE());
INSERT INTO "MENUSELECTION_ENG"(MENU, SELECTION, PRESTEXT, PRESTEXTS, DESCRIPTION, SORTCODE, PRESENTATION, USERID, LOGDATE) VALUES ('C040301', 'S43C04030101', 'C040301_01 - Participation rate in formal and non-formal education and training, by sex (%)', '', '', '001', 'A', 'SDGS', GETDATE());
INSERT INTO "MENUSELECTION"(MENU, SELECTION, PRESTEXT, PRESTEXTS, DESCRIPTION, LEVELNO, SORTCODE, PRESENTATION, USERID, LOGDATE) VALUES ('04', 'T4_4', 'TARGET code 4.4   - تحقيق زيادة كبيرة في عدد الشباب والكبار الذين تتوافر لديهم المهارات المناسبة، بما في ذلك المهارات التقنية والمهنية، للعمل وشغل وظائف لائقة ولمباشرة الأعمال الحرة، بحلول عام ٢٠٣٠', '', '', '2', '004', 'A', 'SDGS', GETDATE());
INSERT INTO "MENUSELECTION_ENG"(MENU, SELECTION, PRESTEXT, PRESTEXTS, DESCRIPTION, SORTCODE, PRESENTATION, USERID, LOGDATE) VALUES ('04', 'T4_4', 'TARGET code 4.4   - By 2030, substantially increase the number of youth and adults who have relevant skills, including technical and vocational skills, for employment, decent jobs and entrepreneurship', '', '', '004', 'A', 'SDGS', GETDATE());
INSERT INTO "MENUSELECTION"(MENU, SELECTION, PRESTEXT, PRESTEXTS, DESCRIPTION, LEVELNO, SORTCODE, PRESENTATION, USERID, LOGDATE) VALUES ('T4_4', 'C040401', '4.4.1 نسبة الشباب والبالغين الذين تتوافر لديهم مهارات تكنولوجيا المعلومات والاتصالات، بحسب نوع المهارة', '', '', '3', '001', 'A', 'SDGS', GETDATE());
INSERT INTO "MENUSELECTION_ENG"(MENU, SELECTION, PRESTEXT, PRESTEXTS, DESCRIPTION, SORTCODE, PRESENTATION, USERID, LOGDATE) VALUES ('T4_4', 'C040401', '4.4.1 Proportion of youth and adults with information and communications technology (ICT) skills, by type of skill', '', '', '001', 'A', 'SDGS', GETDATE());
INSERT INTO "MENUSELECTION"(MENU, SELECTION, PRESTEXT, PRESTEXTS, DESCRIPTION, LEVELNO, SORTCODE, PRESENTATION, USERID, LOGDATE) VALUES ('04', 'T4_5', 'TARGET code 4.5   - القضاء على التفاوت بين الجنسين في التعليم، وكفالة تكافؤ فرص الوصول إلى جميع مستويات التعليم والتدريب المهني للفئات الضعيفة، بما في ذلك للأشخاص ذوي الإعاقة، وأفراد الشعوب الأصلية، والأطفال الذين يعيشون في ظروف هشة، بحلول عام ٢٠٣٠', '', '', '2', '005', 'A', 'SDGS', GETDATE());
INSERT INTO "MENUSELECTION_ENG"(MENU, SELECTION, PRESTEXT, PRESTEXTS, DESCRIPTION, SORTCODE, PRESENTATION, USERID, LOGDATE) VALUES ('04', 'T4_5', 'TARGET code 4.5   - By 2030, eliminate gender disparities in education and ensure equal access to all levels of education and vocational training for the vulnerable, including persons with disabilities, indigenous peoples and children in vulnerable situations', '', '', '005', 'A', 'SDGS', GETDATE());
INSERT INTO "MENUSELECTION"(MENU, SELECTION, PRESTEXT, PRESTEXTS, DESCRIPTION, LEVELNO, SORTCODE, PRESENTATION, USERID, LOGDATE) VALUES ('T4_5', 'C040501', '4.5.1 مؤشرات التكافؤ (أنثى/ذكر، وريفي/حضري، وأدنى/أعلى خمس السكان ثراء، وفئات أخرى مثل ذوي الإعاقة وأفراد الشعوب الأصلية، والمتضررين من النزاعات، متى توافرت البيانات عن ذلك) لجميع مؤشرات التعليم المندرجة في هذه القائمة، التي يمكن تصنيفها', '', '', '3', '001', 'A', 'SDGS', GETDATE());
INSERT INTO "MENUSELECTION_ENG"(MENU, SELECTION, PRESTEXT, PRESTEXTS, DESCRIPTION, SORTCODE, PRESENTATION, USERID, LOGDATE) VALUES ('T4_5', 'C040501', '4.5.1 Parity indices (female/male, rural/urban, bottom/top wealth quintile and others such as disability status, indigenous peoples and conflict-affected, as data become available) for all education indicators on this list that can be disaggregated', '', '', '001', 'A', 'SDGS', GETDATE());
INSERT INTO "MENUSELECTION"(MENU, SELECTION, PRESTEXT, PRESTEXTS, DESCRIPTION, LEVELNO, SORTCODE, PRESENTATION, USERID, LOGDATE) VALUES ('04', 'T4_6', 'TARGET code 4.6   - كفالة أن يلمّ جميع الشباب ونسبة كبيرة من الكبار، رجالاً ونساء على حد سواء، بالقراءة والكتابة والحساب، بحلول عام ٢٠٣٠', '', '', '2', '006', 'A', 'SDGS', GETDATE());
INSERT INTO "MENUSELECTION_ENG"(MENU, SELECTION, PRESTEXT, PRESTEXTS, DESCRIPTION, SORTCODE, PRESENTATION, USERID, LOGDATE) VALUES ('04', 'T4_6', 'TARGET code 4.6   - By 2030, ensure that all youth and a substantial proportion of adults, both men and women, achieve literacy and numeracy', '', '', '006', 'A', 'SDGS', GETDATE());
INSERT INTO "MENUSELECTION"(MENU, SELECTION, PRESTEXT, PRESTEXTS, DESCRIPTION, LEVELNO, SORTCODE, PRESENTATION, USERID, LOGDATE) VALUES ('T4_6', 'C040601', '4.6.1 نسبة السكان في فئة عمرية معينة الذين يحققون على الأقل مستوى ثابتا من الكفاءة في المهارات الوظيفية المتصلة بما يلي: (أ) الأمية و (ب) الحساب، بحسب الجنس', '', '', '3', '001', 'A', 'SDGS', GETDATE());
INSERT INTO "MENUSELECTION_ENG"(MENU, SELECTION, PRESTEXT, PRESTEXTS, DESCRIPTION, SORTCODE, PRESENTATION, USERID, LOGDATE) VALUES ('T4_6', 'C040601', '4.6.1 Proportion of population in a given age group achieving at least a fixed level of proficiency in functional (a) literacy and (b) numeracy skills, by sex', '', '', '001', 'A', 'SDGS', GETDATE());
INSERT INTO "MENUSELECTION"(MENU, SELECTION, PRESTEXT, PRESTEXTS, DESCRIPTION, LEVELNO, SORTCODE, PRESENTATION, USERID, LOGDATE) VALUES ('04', 'T4_7', 'TARGET code 4.7   - كفالة أن يكتسب جميع المتعلّمين المعارف والمهارات اللازمة لدعم التنمية المستدامة، بما في ذلك جملة أمور منها التعليم لتحقيق التنمية المستدامة، واتّباع أساليب العيش المستدامة، وحقوق الإنسان، والمساواة بين الجنسين، والترويج لثقافة السلام ونبذ العنف، والمواطنة العالمية، وتقدير التنوع الثقافي، وتقدير مساهمة الثقافة في التنمية المستدامة، بحلول عام ٢٠٣٠', '', '', '2', '007', 'A', 'SDGS', GETDATE());
INSERT INTO "MENUSELECTION_ENG"(MENU, SELECTION, PRESTEXT, PRESTEXTS, DESCRIPTION, SORTCODE, PRESENTATION, USERID, LOGDATE) VALUES ('04', 'T4_7', 'TARGET code 4.7   - By 2030, ensure that all learners acquire the knowledge and skills needed to promote sustainable development, including, among others, through education for sustainable development and sustainable lifestyles, human rights, gender equality, promotion of a culture of peace and non-violence, global citizenship and appreciation of cultural diversity and of culture''s contribution to sustainable development', '', '', '007', 'A', 'SDGS', GETDATE());
INSERT INTO "MENUSELECTION"(MENU, SELECTION, PRESTEXT, PRESTEXTS, DESCRIPTION, LEVELNO, SORTCODE, PRESENTATION, USERID, LOGDATE) VALUES ('T4_7', 'C040701', '4.7.1 مدى تعميم ‘1'' تعليم المواطنة العالمية و ‘2'' التعليم من أجل التنمية المستدامة، بما في ذلك المساواة بين الجنسين وحقوق الإنسان، وذلك على جميع الصعد في (أ) السياسات التعليمية على الصعيد الوطني؛ و (ب) المناهج الدراسية؛ و (ج) تدريب المعلمين؛ و (د) تقييم الطلاب', '', '', '3', '001', 'A', 'SDGS', GETDATE());
INSERT INTO "MENUSELECTION_ENG"(MENU, SELECTION, PRESTEXT, PRESTEXTS, DESCRIPTION, SORTCODE, PRESENTATION, USERID, LOGDATE) VALUES ('T4_7', 'C040701', '4.7.1 Extent to which (i) global citizenship education and (ii) education for sustainable development, including gender equality and human rights, are mainstreamed at all levels in: (a) national education policies; (b) curricula; (c) teacher education; and (d) student assessment', '', '', '001', 'A', 'SDGS', GETDATE());
INSERT INTO "MENUSELECTION"(MENU, SELECTION, PRESTEXT, PRESTEXTS, DESCRIPTION, LEVELNO, SORTCODE, PRESENTATION, USERID, LOGDATE) VALUES ('04', 'T4_a', 'TARGET code 4.a   - بناء مرافق تعليمية تراعي الأطفال، وذوي الإعاقة، والفروق بين الجنسين، ورفع مستوى المرافق التعليمية القائمة، وتهيئة بيئة تعليمية فعالة ومأمونة وخالية من العنف وشاملة للجميع', '', '', '2', '008', 'A', 'SDGS', GETDATE());
INSERT INTO "MENUSELECTION_ENG"(MENU, SELECTION, PRESTEXT, PRESTEXTS, DESCRIPTION, SORTCODE, PRESENTATION, USERID, LOGDATE) VALUES ('04', 'T4_a', 'TARGET code 4.a   - Build and upgrade education facilities that are child, disability and gender sensitive and provide safe, non-violent, inclusive and effective learning environments for all', '', '', '008', 'A', 'SDGS', GETDATE());
INSERT INTO "MENUSELECTION"(MENU, SELECTION, PRESTEXT, PRESTEXTS, DESCRIPTION, LEVELNO, SORTCODE, PRESENTATION, USERID, LOGDATE) VALUES ('T4_a', 'C040a01', '4.a.1 نسبة المدارس التي تحصل على مرافق صحية أساسية غير مختلطة؛', '', '', '3', '001', 'A', 'SDGS', GETDATE());
INSERT INTO "MENUSELECTION_ENG"(MENU, SELECTION, PRESTEXT, PRESTEXTS, DESCRIPTION, SORTCODE, PRESENTATION, USERID, LOGDATE) VALUES ('T4_a', 'C040a01', '4.a.1 Proportion of schools with access to: (a) electricity; (b) the Internet for pedagogical purposes; (c) computers for pedagogical purposes; (d) adapted infrastructure and materials for students with disabilities; (e) basic drinking water; (f) single-sex basic sanitation facilities; and (g) basic handwashing facilities (as per the WASH indicator definitions)', '', '', '001', 'A', 'SDGS', GETDATE());
INSERT INTO "MENUSELECTION"(MENU, SELECTION, PRESTEXT, PRESTEXTS, DESCRIPTION, LEVELNO, SORTCODE, PRESENTATION, USERID, LOGDATE) VALUES ('C040a01', 'S4aC040a0101', 'C040a01_01 - ???? ??????? ???? ???? ??? ?????? ??????????', '', '', '4', '001', 'A', 'SDGS', GETDATE());
INSERT INTO "MENUSELECTION_ENG"(MENU, SELECTION, PRESTEXT, PRESTEXTS, DESCRIPTION, SORTCODE, PRESENTATION, USERID, LOGDATE) VALUES ('C040a01', 'S4aC040a0101', 'C040a01_01 - Proportion of schools with access to: (a) electricity', '', '', '001', 'A', 'SDGS', GETDATE());
INSERT INTO "MENUSELECTION"(MENU, SELECTION, PRESTEXT, PRESTEXTS, DESCRIPTION, LEVELNO, SORTCODE, PRESENTATION, USERID, LOGDATE) VALUES ('C040a01', 'S4aC040a0102', 'C040a01_02 - ???? ??????? ???? ???? ??? ???? ???????? ?????? ???????', '', '', '4', '002', 'A', 'SDGS', GETDATE());
INSERT INTO "MENUSELECTION_ENG"(MENU, SELECTION, PRESTEXT, PRESTEXTS, DESCRIPTION, SORTCODE, PRESENTATION, USERID, LOGDATE) VALUES ('C040a01', 'S4aC040a0102', 'C040a01_02 - Proportion of schools with access to: (b) the Internet for pedagogical purposes', '', '', '002', 'A', 'SDGS', GETDATE());
INSERT INTO "MENUSELECTION"(MENU, SELECTION, PRESTEXT, PRESTEXTS, DESCRIPTION, LEVELNO, SORTCODE, PRESENTATION, USERID, LOGDATE) VALUES ('04', 'T4_b', 'TARGET code 4.b   - التوسع بصورة ملحوظة على الصعيد العالمي في عدد المنح المدرسية المتاحة للبلدان النامية، ولا سيما أقل البلدان نموا، والدول الجزرية الصغيرة النامية، والبلدان الأفريقية، للالتحاق بالتعليم العالي، بما في ذلك التدريب المهني وتكنولوجيا المعلومات والاتصالات، والبرامج التقنية والهندسية والعلمية في البلدان المتقدمة والبلدان النامية الأخرى، بحلول عام ٢٠٣٠', '', '', '2', '009', 'A', 'SDGS', GETDATE());
INSERT INTO "MENUSELECTION_ENG"(MENU, SELECTION, PRESTEXT, PRESTEXTS, DESCRIPTION, SORTCODE, PRESENTATION, USERID, LOGDATE) VALUES ('04', 'T4_b', 'TARGET code 4.b   - By 2020, substantially expand globally the number of scholarships available to developing countries, in particular least developed countries, small island developing States and African countries, for enrolment in higher education, including vocational training and information and communications technology, technical, engineering and scientific programmes, in developed countries and other developing countries', '', '', '009', 'A', 'SDGS', GETDATE());
INSERT INTO "MENUSELECTION"(MENU, SELECTION, PRESTEXT, PRESTEXTS, DESCRIPTION, LEVELNO, SORTCODE, PRESENTATION, USERID, LOGDATE) VALUES ('T4_b', 'C040b01', '4.b.1 حجم تدفقات المساعدة الإنمائية الرسمية لتقديم المنح الدراسية، بحسب القطاع ونوع الدراسة', '', '', '3', '001', 'A', 'SDGS', GETDATE());
INSERT INTO "MENUSELECTION_ENG"(MENU, SELECTION, PRESTEXT, PRESTEXTS, DESCRIPTION, SORTCODE, PRESENTATION, USERID, LOGDATE) VALUES ('T4_b', 'C040b01', '4.b.1 Volume of official development assistance flows for scholarships by sector and type of study', '', '', '001', 'A', 'SDGS', GETDATE());
INSERT INTO "MENUSELECTION"(MENU, SELECTION, PRESTEXT, PRESTEXTS, DESCRIPTION, LEVELNO, SORTCODE, PRESENTATION, USERID, LOGDATE) VALUES ('04', 'T4_c', 'TARGET code 4.c   - تحقيق زيادة كبيرة في عدد المعلمين المؤهلين، بوسائل منها التعاون الدولي لتدريب المعلمين في البلدان النامية، وبخاصة في أقل البلدان نموًّا والدول الجزرية الصغيرة النامية، بحلول عام ٢٠٣٠', '', '', '2', '010', 'A', 'SDGS', GETDATE());
INSERT INTO "MENUSELECTION_ENG"(MENU, SELECTION, PRESTEXT, PRESTEXTS, DESCRIPTION, SORTCODE, PRESENTATION, USERID, LOGDATE) VALUES ('04', 'T4_c', 'TARGET code 4.c   - By 2030, substantially increase the supply of qualified teachers, including through international cooperation for teacher training in developing countries, especially least developed countries and small island developing States', '', '', '010', 'A', 'SDGS', GETDATE());
INSERT INTO "MENUSELECTION"(MENU, SELECTION, PRESTEXT, PRESTEXTS, DESCRIPTION, LEVELNO, SORTCODE, PRESENTATION, USERID, LOGDATE) VALUES ('T4_c', 'C040c01', '4.c.1 نسبة المعلمين في (أ) مرحلة ما قبل التعليم الابتدائي؛ و (ب) التعليم الابتدائي؛ و (ج) التعليم الإعدادي؛ و (د) التعليم الثانوي، الذين حصلوا على الأقل على الحد الأدنى من التدريب المنظَّم للمعلمين (كالتدريب التربوي)، قبل الخدمة أو في أثناء الخدمة، اللازم للتدريس على المستوى المناسب في بلد معين', '', '', '3', '001', 'A', 'SDGS', GETDATE());
INSERT INTO "MENUSELECTION_ENG"(MENU, SELECTION, PRESTEXT, PRESTEXTS, DESCRIPTION, SORTCODE, PRESENTATION, USERID, LOGDATE) VALUES ('T4_c', 'C040c01', '4.c.1 Proportion of teachers in: (a) pre-primary; (b) primary; (c) lower secondary; and (d) upper secondary education who have received at least the minimum organized teacher training (e.g. pedagogical training) pre-service or in-service required for teaching at the relevant level in a given country', '', '', '001', 'A', 'SDGS', GETDATE());
INSERT INTO "MENUSELECTION" (MENU, SELECTION, PRESTEXT, PRESTEXTS, DESCRIPTION, LEVELNO, SORTCODE, PRESENTATION, USERID, LOGDATE) VALUES ('START', '05', 'Goal AR5 - المساواة بين الجنسين', '', '', '1', '005', 'A', 'SDGS', GETDATE());
INSERT INTO "MENUSELECTION_ENG" (MENU, SELECTION, PRESTEXT, PRESTEXTS, DESCRIPTION, SORTCODE, PRESENTATION, USERID, LOGDATE) VALUES ('START', '05', 'Goal5 - Gender Equality', '', '', '005', 'A', 'SDGS', GETDATE());
INSERT INTO "MENUSELECTION"(MENU, SELECTION, PRESTEXT, PRESTEXTS, DESCRIPTION, LEVELNO, SORTCODE, PRESENTATION, USERID, LOGDATE) VALUES ('05', 'T5_1', 'TARGET code 5.1   - القضاء على جميع أشكال التمييز ضد جميع النساء والفتيات في كل مكان', '', '', '2', '001', 'A', 'SDGS', GETDATE());
INSERT INTO "MENUSELECTION_ENG"(MENU, SELECTION, PRESTEXT, PRESTEXTS, DESCRIPTION, SORTCODE, PRESENTATION, USERID, LOGDATE) VALUES ('05', 'T5_1', 'TARGET code 5.1   - End all forms of discrimination against all women and girls everywhere', '', '', '001', 'A', 'SDGS', GETDATE());
INSERT INTO "MENUSELECTION"(MENU, SELECTION, PRESTEXT, PRESTEXTS, DESCRIPTION, LEVELNO, SORTCODE, PRESENTATION, USERID, LOGDATE) VALUES ('T5_1', 'C050101', '5.1.1  ما إذا كانت ثمة أطر قانونية قائمة، أم لا، من أجل تعزيز وإنفاذ ورصد  المساواة وعدم التمييز على أساس الجنس', '', '', '3', '001', 'A', 'SDGS', GETDATE());
INSERT INTO "MENUSELECTION_ENG"(MENU, SELECTION, PRESTEXT, PRESTEXTS, DESCRIPTION, SORTCODE, PRESENTATION, USERID, LOGDATE) VALUES ('T5_1', 'C050101', '5.1.1 Whether or not legal frameworks are in place to promote, enforce and monitor equality and non‑discrimination on the basis of sex', '', '', '001', 'A', 'SDGS', GETDATE());
INSERT INTO "MENUSELECTION"(MENU, SELECTION, PRESTEXT, PRESTEXTS, DESCRIPTION, LEVELNO, SORTCODE, PRESENTATION, USERID, LOGDATE) VALUES ('05', 'T5_2', 'TARGET code 5.2   - القضاء على جميع أشكال العنف ضد جميع النساء والفتيات في المجالين العام والخاص، بما في ذلك الاتجار بالبشر والاستغلال الجنسي وغير ذلك من أنواع الاستغلال', '', '', '2', '002', 'A', 'SDGS', GETDATE());
INSERT INTO "MENUSELECTION_ENG"(MENU, SELECTION, PRESTEXT, PRESTEXTS, DESCRIPTION, SORTCODE, PRESENTATION, USERID, LOGDATE) VALUES ('05', 'T5_2', 'TARGET code 5.2   - Eliminate all forms of violence against all women and girls in the public and private spheres, including trafficking and sexual and other types of exploitation', '', '', '002', 'A', 'SDGS', GETDATE());
INSERT INTO "MENUSELECTION"(MENU, SELECTION, PRESTEXT, PRESTEXTS, DESCRIPTION, LEVELNO, SORTCODE, PRESENTATION, USERID, LOGDATE) VALUES ('T5_2', 'C050201', '5.2.1  نسبة النساء المعاشرات والفتيات في الخامسة عشرة وما فوق اللاتي تعرضن لعنف بدني أو جنسي أو نفسي من عشير حالي أو سابق، خلال الاثني عشر شهراً السابقة، مصنفة بحسب شكل العنف والعمر', '', '', '3', '001', 'A', 'SDGS', GETDATE());
INSERT INTO "MENUSELECTION_ENG"(MENU, SELECTION, PRESTEXT, PRESTEXTS, DESCRIPTION, SORTCODE, PRESENTATION, USERID, LOGDATE) VALUES ('T5_2', 'C050201', '5.2.1 Proportion of ever-partnered women and girls aged 15 years and older subjected to physical, sexual or psychological violence by a current or former intimate partner in the previous 12 months, by form of violence and by age', '', '', '001', 'A', 'SDGS', GETDATE());
INSERT INTO "MENUSELECTION"(MENU, SELECTION, PRESTEXT, PRESTEXTS, DESCRIPTION, LEVELNO, SORTCODE, PRESENTATION, USERID, LOGDATE) VALUES ('C050201', 'S52C05020101', 'C050201_01 - ???? ?????? ????????? ???????? ?? ??????? ???? ??? ??? ?????? ????? ???? ???? ?? ???? ?? ???? ?? ???? ???? ?? ????? ???? ?????? ??? ????? ???????? ????? ???? ??? ????? ??????', '', '', '4', '001', 'A', 'SDGS', GETDATE());
INSERT INTO "MENUSELECTION_ENG"(MENU, SELECTION, PRESTEXT, PRESTEXTS, DESCRIPTION, SORTCODE, PRESENTATION, USERID, LOGDATE) VALUES ('C050201', 'S52C05020101', 'C050201_01 - Proportion of ever-partnered women and girls subjected to physical and sexual violence by a current or former intimate partner in the previous 12 months, by age (%)', '', '', '001', 'A', 'SDGS', GETDATE());
INSERT INTO "MENUSELECTION"(MENU, SELECTION, PRESTEXT, PRESTEXTS, DESCRIPTION, LEVELNO, SORTCODE, PRESENTATION, USERID, LOGDATE) VALUES ('T5_2', 'C050202', '5.2.2  نسبة النساء والفتيات في الخامسة عشرة وما فوق اللاتي تعرضن للعنف الجنسي من أشخاص غير العشير، خلال الاثني عشر شهراً السابقة، بحسب العمر ومكان حدوث العنف', '', '', '3', '002', 'A', 'SDGS', GETDATE());
INSERT INTO "MENUSELECTION_ENG"(MENU, SELECTION, PRESTEXT, PRESTEXTS, DESCRIPTION, SORTCODE, PRESENTATION, USERID, LOGDATE) VALUES ('T5_2', 'C050202', '5.2.2 Proportion of women and girls aged 15 years and older subjected to sexual violence by persons other than an intimate partner in the previous 12 months, by age and place of occurrence', '', '', '002', 'A', 'SDGS', GETDATE());
INSERT INTO "MENUSELECTION"(MENU, SELECTION, PRESTEXT, PRESTEXTS, DESCRIPTION, LEVELNO, SORTCODE, PRESENTATION, USERID, LOGDATE) VALUES ('C050202', 'S52C05020201', 'C050202_01 - ???? ?????? ???????? ?? ??????? ???? ??? ??? ?????? ????? ????? ?????? ?? ????? ??? ??????? ???? ?????? ??? ????? ???????? ???? ????? ????? ???? ?????', '', '', '4', '001', 'A', 'SDGS', GETDATE());
INSERT INTO "MENUSELECTION_ENG"(MENU, SELECTION, PRESTEXT, PRESTEXTS, DESCRIPTION, SORTCODE, PRESENTATION, USERID, LOGDATE) VALUES ('C050202', 'S52C05020201', 'C050202_01 - Proportion of women and girls aged 15 years and older subjected to sexual violence by persons other than an intimate partner in the previous 12 months, by age and place of occurrence', '', '', '001', 'A', 'SDGS', GETDATE());
INSERT INTO "MENUSELECTION"(MENU, SELECTION, PRESTEXT, PRESTEXTS, DESCRIPTION, LEVELNO, SORTCODE, PRESENTATION, USERID, LOGDATE) VALUES ('05', 'T5_3', 'TARGET code 5.3   - القضاء على جميع الممارسات الضارة، من قبيل زواج الأطفال، والزواج المبكر، والزواج القسري، وتشويه الأعضاء التناسلية للإناث', '', '', '2', '003', 'A', 'SDGS', GETDATE());
INSERT INTO "MENUSELECTION_ENG"(MENU, SELECTION, PRESTEXT, PRESTEXTS, DESCRIPTION, SORTCODE, PRESENTATION, USERID, LOGDATE) VALUES ('05', 'T5_3', 'TARGET code 5.3   - Eliminate all harmful practices, such as child, early and forced marriage and female genital mutilation', '', '', '003', 'A', 'SDGS', GETDATE());
INSERT INTO "MENUSELECTION"(MENU, SELECTION, PRESTEXT, PRESTEXTS, DESCRIPTION, LEVELNO, SORTCODE, PRESENTATION, USERID, LOGDATE) VALUES ('T5_3', 'C050301', '5.3.1 نسبة النساء اللاتي تتراوح أعمارهن بين 20 و 24 سنة واللاتي تزوجن أو ارتبطن بقرين قبل أن يبلغن 15 عاما', '', '', '3', '001', 'A', 'SDGS', GETDATE());
INSERT INTO "MENUSELECTION_ENG"(MENU, SELECTION, PRESTEXT, PRESTEXTS, DESCRIPTION, SORTCODE, PRESENTATION, USERID, LOGDATE) VALUES ('T5_3', 'C050301', '5.3.1 Proportion of women aged 20-24 years who were married or in a union before age 15 and before age 18', '', '', '001', 'A', 'SDGS', GETDATE());
INSERT INTO "MENUSELECTION"(MENU, SELECTION, PRESTEXT, PRESTEXTS, DESCRIPTION, LEVELNO, SORTCODE, PRESENTATION, USERID, LOGDATE) VALUES ('C050301', 'S53C05030101', 'C050301_01 - ???? ?????? ?? ????? 20-24 ??? ?????? ??? ?????? ?? 15 ???', '', '', '4', '001', 'A', 'SDGS', GETDATE());
INSERT INTO "MENUSELECTION_ENG"(MENU, SELECTION, PRESTEXT, PRESTEXTS, DESCRIPTION, SORTCODE, PRESENTATION, USERID, LOGDATE) VALUES ('C050301', 'S53C05030101', 'C050301_01 - Proportion of women aged 20-24 years who were married before age 15 (%)', '', '', '001', 'A', 'SDGS', GETDATE());
INSERT INTO "MENUSELECTION"(MENU, SELECTION, PRESTEXT, PRESTEXTS, DESCRIPTION, LEVELNO, SORTCODE, PRESENTATION, USERID, LOGDATE) VALUES ('C050301', 'S53C05030102', 'C050301_02 - ???? ?????? ?? ????? 20-24 ??? ?????? ??? ?????? ?? 18 ???', '', '', '4', '002', 'A', 'SDGS', GETDATE());
INSERT INTO "MENUSELECTION_ENG"(MENU, SELECTION, PRESTEXT, PRESTEXTS, DESCRIPTION, SORTCODE, PRESENTATION, USERID, LOGDATE) VALUES ('C050301', 'S53C05030102', 'C050301_02 - Proportion of women aged 20-24 years who were married before age 18 (%)', '', '', '002', 'A', 'SDGS', GETDATE());
INSERT INTO "MENUSELECTION"(MENU, SELECTION, PRESTEXT, PRESTEXTS, DESCRIPTION, LEVELNO, SORTCODE, PRESENTATION, USERID, LOGDATE) VALUES ('T5_3', 'C050302', '5.3.2  نسبة الفتيات والنساء اللاتي تتراوح أعمارهن بين 15 و 49 عاما اللاتي خضعن لعملية تشويه /بتر الأعضاء التناسلية، بحسب العمر', '', '', '3', '002', 'A', 'SDGS', GETDATE());
INSERT INTO "MENUSELECTION_ENG"(MENU, SELECTION, PRESTEXT, PRESTEXTS, DESCRIPTION, SORTCODE, PRESENTATION, USERID, LOGDATE) VALUES ('T5_3', 'C050302', '5.3.2 Proportion of girls and women aged 15-49 years who have undergone female genital mutilation/cutting, by age', '', '', '002', 'A', 'SDGS', GETDATE());
INSERT INTO "MENUSELECTION"(MENU, SELECTION, PRESTEXT, PRESTEXTS, DESCRIPTION, LEVELNO, SORTCODE, PRESENTATION, USERID, LOGDATE) VALUES ('05', 'T5_4', 'TARGET code 5.4   - الاعتراف بأعمال الرعاية والعمل المنزلي غير المدفوعة الأجر وتقديرها، بتوفير الخدمات العامة والهياكل الأساسية، ووضع سياسات للحماية الاجتماعية، وتعزيز تقاسم المسؤولية داخل الأسرة المعيشية والعائلة، حسبما يكون ذلك مناسبا على الصعيد الوطني', '', '', '2', '004', 'A', 'SDGS', GETDATE());
INSERT INTO "MENUSELECTION_ENG"(MENU, SELECTION, PRESTEXT, PRESTEXTS, DESCRIPTION, SORTCODE, PRESENTATION, USERID, LOGDATE) VALUES ('05', 'T5_4', 'TARGET code 5.4   - Recognize and value unpaid care and domestic work through the provision of public services, infrastructure and social protection policies and the promotion of shared responsibility within the household and the family as nationally appropriate', '', '', '004', 'A', 'SDGS', GETDATE());
INSERT INTO "MENUSELECTION"(MENU, SELECTION, PRESTEXT, PRESTEXTS, DESCRIPTION, LEVELNO, SORTCODE, PRESENTATION, USERID, LOGDATE) VALUES ('T5_4', 'C050401', '5.4.1 نسبة الوقت المخصص للأعمال المنزلية وأعمال الرعاية غير مدفوعة  الأجر، بحسب الجنس والعمر والمكان', '', '', '3', '001', 'A', 'SDGS', GETDATE());
INSERT INTO "MENUSELECTION_ENG"(MENU, SELECTION, PRESTEXT, PRESTEXTS, DESCRIPTION, SORTCODE, PRESENTATION, USERID, LOGDATE) VALUES ('T5_4', 'C050401', '5.4.1 Proportion of time spent on unpaid domestic and care work, by sex, age and location', '', '', '001', 'A', 'SDGS', GETDATE());
INSERT INTO "MENUSELECTION"(MENU, SELECTION, PRESTEXT, PRESTEXTS, DESCRIPTION, LEVELNO, SORTCODE, PRESENTATION, USERID, LOGDATE) VALUES ('C050401', 'S54C05040101', 'C050401_01 - ???? ????? ?????? ??????? ???????? ?????? ??????? ??? ??????  ?????? ???? ????? ?????? ???????', '', '', '4', '001', 'A', 'SDGS', GETDATE());
INSERT INTO "MENUSELECTION_ENG"(MENU, SELECTION, PRESTEXT, PRESTEXTS, DESCRIPTION, SORTCODE, PRESENTATION, USERID, LOGDATE) VALUES ('C050401', 'S54C05040101', 'C050401_01 - Proportion of time spent on unpaid domestic chores and care work, by sex, age and location (%)', '', '', '001', 'A', 'SDGS', GETDATE());
INSERT INTO "MENUSELECTION"(MENU, SELECTION, PRESTEXT, PRESTEXTS, DESCRIPTION, LEVELNO, SORTCODE, PRESENTATION, USERID, LOGDATE) VALUES ('05', 'T5_5', 'TARGET code 5.5   - كفالة المشاركة الكاملة والفعالة للمرأة وفرصها المتساوية مع الرجل في شغل المناصب القيادية على جميع مستويات صنع القرار في الحياة السياسية والاقتصادية والعامة', '', '', '2', '005', 'A', 'SDGS', GETDATE());
INSERT INTO "MENUSELECTION_ENG"(MENU, SELECTION, PRESTEXT, PRESTEXTS, DESCRIPTION, SORTCODE, PRESENTATION, USERID, LOGDATE) VALUES ('05', 'T5_5', 'TARGET code 5.5   - Ensure women''s full and effective participation and equal opportunities for leadership at all levels of decision-making in political, economic and public life', '', '', '005', 'A', 'SDGS', GETDATE());
INSERT INTO "MENUSELECTION"(MENU, SELECTION, PRESTEXT, PRESTEXTS, DESCRIPTION, LEVELNO, SORTCODE, PRESENTATION, USERID, LOGDATE) VALUES ('T5_5', 'C050502', '5.5.2 نسبة النساء في المناصب الإدارية', '', '', '3', '001', 'A', 'SDGS', GETDATE());
INSERT INTO "MENUSELECTION_ENG"(MENU, SELECTION, PRESTEXT, PRESTEXTS, DESCRIPTION, SORTCODE, PRESENTATION, USERID, LOGDATE) VALUES ('T5_5', 'C050502', '5.5.2 Proportion of women in managerial positions', '', '', '001', 'A', 'SDGS', GETDATE());
INSERT INTO "MENUSELECTION"(MENU, SELECTION, PRESTEXT, PRESTEXTS, DESCRIPTION, LEVELNO, SORTCODE, PRESENTATION, USERID, LOGDATE) VALUES ('C050502', 'S55C05050201', 'C050502_01 - ???? ?????? ?? ??????? ????????', '', '', '4', '001', 'A', 'SDGS', GETDATE());
INSERT INTO "MENUSELECTION_ENG"(MENU, SELECTION, PRESTEXT, PRESTEXTS, DESCRIPTION, SORTCODE, PRESENTATION, USERID, LOGDATE) VALUES ('C050502', 'S55C05050201', 'C050502_01 - Proportion of women in managerial positions', '', '', '001', 'A', 'SDGS', GETDATE());
INSERT INTO "MENUSELECTION"(MENU, SELECTION, PRESTEXT, PRESTEXTS, DESCRIPTION, LEVELNO, SORTCODE, PRESENTATION, USERID, LOGDATE) VALUES ('T5_5', 'C050501', '5.5.1 نسبة المقاعد التي تشغلها النساء في البرلمانات الوطنية', '', '', '3', '002', 'A', 'SDGS', GETDATE());
INSERT INTO "MENUSELECTION_ENG"(MENU, SELECTION, PRESTEXT, PRESTEXTS, DESCRIPTION, SORTCODE, PRESENTATION, USERID, LOGDATE) VALUES ('T5_5', 'C050501', '5.5.1 Proportion of seats held by women in (a) national parliaments (b) local governments', '', '', '002', 'A', 'SDGS', GETDATE());
INSERT INTO "MENUSELECTION"(MENU, SELECTION, PRESTEXT, PRESTEXTS, DESCRIPTION, LEVELNO, SORTCODE, PRESENTATION, USERID, LOGDATE) VALUES ('C050501', 'S55C05050102', 'C050501_02 - ???? ??????? ???? ?????? ?????? ?? ???????? ??????? (??????? ???????)', '', '', '4', '001', 'A', 'SDGS', GETDATE());
INSERT INTO "MENUSELECTION_ENG"(MENU, SELECTION, PRESTEXT, PRESTEXTS, DESCRIPTION, SORTCODE, PRESENTATION, USERID, LOGDATE) VALUES ('C050501', 'S55C05050102', 'C050501_02 - Proportion of seats held by women in local governments', '', '', '001', 'A', 'SDGS', GETDATE());
INSERT INTO "MENUSELECTION"(MENU, SELECTION, PRESTEXT, PRESTEXTS, DESCRIPTION, LEVELNO, SORTCODE, PRESENTATION, USERID, LOGDATE) VALUES ('C050501', 'S55C05050101', 'C050501_01 - ???? ??????? ???? ?????? ?????? ?? ?????????? ???????', '', '', '4', '002', 'A', 'SDGS', GETDATE());
INSERT INTO "MENUSELECTION_ENG"(MENU, SELECTION, PRESTEXT, PRESTEXTS, DESCRIPTION, SORTCODE, PRESENTATION, USERID, LOGDATE) VALUES ('C050501', 'S55C05050101', 'C050501_01 - Proportion of seats held by women in national parliaments (% of total number of seats)', '', '', '002', 'A', 'SDGS', GETDATE());
INSERT INTO "MENUSELECTION"(MENU, SELECTION, PRESTEXT, PRESTEXTS, DESCRIPTION, LEVELNO, SORTCODE, PRESENTATION, USERID, LOGDATE) VALUES ('05', 'T5_6', 'TARGET code 5.6   - كفالة حصول الجميع على خدمات الصحة الجنسية والإنجابية وعلى الحقوق الإنجابية، على النحو المتفق عليه وفقا لبرنامج عمل المؤتمر الدولي للسكان والتنمية ومنهاج عمل بيجين والوثائق الختامية لمؤتمرات استعراضهما', '', '', '2', '006', 'A', 'SDGS', GETDATE());
INSERT INTO "MENUSELECTION_ENG"(MENU, SELECTION, PRESTEXT, PRESTEXTS, DESCRIPTION, SORTCODE, PRESENTATION, USERID, LOGDATE) VALUES ('05', 'T5_6', 'TARGET code 5.6   - Ensure universal access to sexual and reproductive health and reproductive rights as agreed in accordance with the Programme of Action of the International Conference on Population and Development and the Beijing Platform for Action and the outcome documents of their review conferences', '', '', '006', 'A', 'SDGS', GETDATE());
INSERT INTO "MENUSELECTION"(MENU, SELECTION, PRESTEXT, PRESTEXTS, DESCRIPTION, LEVELNO, SORTCODE, PRESENTATION, USERID, LOGDATE) VALUES ('T5_6', 'C050601', '5.6.1 نسبة النساء من سن 15 إلى 49 سنة اللاتي يتخذن بأنفسهن قرارات مستنيرة بشأن العلاقات الجنسية واستخدام وسائل منع الحمل والرعاية الخاصة بالصحة الإنجابية', '', '', '3', '001', 'A', 'SDGS', GETDATE());
INSERT INTO "MENUSELECTION_ENG"(MENU, SELECTION, PRESTEXT, PRESTEXTS, DESCRIPTION, SORTCODE, PRESENTATION, USERID, LOGDATE) VALUES ('T5_6', 'C050601', '5.6.1 Proportion of women aged 15-49 years who make their own informed decisions regarding sexual relations, contraceptive use and reproductive health care', '', '', '001', 'A', 'SDGS', GETDATE());
INSERT INTO "MENUSELECTION"(MENU, SELECTION, PRESTEXT, PRESTEXTS, DESCRIPTION, LEVELNO, SORTCODE, PRESENTATION, USERID, LOGDATE) VALUES ('T5_6', 'C050602', '5.6.2 عدد البلدان التي لديها قوانين وأنظمة تكفل حصول النساء من سن 15 إلى 49 سنة على خدمات الرعاية والمعلومات والتثقيف في مجال الصحة الجنسية والإنجابية', '', '', '3', '002', 'A', 'SDGS', GETDATE());
INSERT INTO "MENUSELECTION_ENG"(MENU, SELECTION, PRESTEXT, PRESTEXTS, DESCRIPTION, SORTCODE, PRESENTATION, USERID, LOGDATE) VALUES ('T5_6', 'C050602', '5.6.2 Number of countries with laws and regulations that guarantee full and equal access to women and men aged 15 years and older to sexual and reproductive health care, information and education', '', '', '002', 'A', 'SDGS', GETDATE());
INSERT INTO "MENUSELECTION"(MENU, SELECTION, PRESTEXT, PRESTEXTS, DESCRIPTION, LEVELNO, SORTCODE, PRESENTATION, USERID, LOGDATE) VALUES ('05', 'T5_a', 'TARGET code 5.a   - إجراء إصلاحات لمنح المرأة حقوقا متساوية في الموارد الاقتصادية، وكذلك إمكانية حصولها على حق الملكية والسيطرة على الأرض وغيرها من الممتلكات، وعلى الخدمات المالية، والميراث والموارد الطبيعية، وفقا للقوانين الوطنية', '', '', '2', '007', 'A', 'SDGS', GETDATE());
INSERT INTO "MENUSELECTION_ENG"(MENU, SELECTION, PRESTEXT, PRESTEXTS, DESCRIPTION, SORTCODE, PRESENTATION, USERID, LOGDATE) VALUES ('05', 'T5_a', 'TARGET code 5.a   - Undertake reforms to give women equal rights to economic resources, as well as access to ownership and control over land and other forms of property, financial services, inheritance and natural resources, in accordance with national laws', '', '', '007', 'A', 'SDGS', GETDATE());
INSERT INTO "MENUSELECTION"(MENU, SELECTION, PRESTEXT, PRESTEXTS, DESCRIPTION, LEVELNO, SORTCODE, PRESENTATION, USERID, LOGDATE) VALUES ('T5_a', 'C050a01', '5.a.1 نسبة إجمالي المزارعين الذين يمتلكون أراضي زراعية أو لديهم حقوق مضمونة في الأراضي الزراعية بحسب الجنس ب. حصة المرأة بين الملاك أو أصحاب الحقوق في الأراضي الزراعية، وبحسب نوع الحيازة', '', '', '3', '001', 'A', 'SDGS', GETDATE());
INSERT INTO "MENUSELECTION_ENG"(MENU, SELECTION, PRESTEXT, PRESTEXTS, DESCRIPTION, SORTCODE, PRESENTATION, USERID, LOGDATE) VALUES ('T5_a', 'C050a01', '5.a.1 (a) Proportion of total agricultural population with ownership or secure rights over agricultural land, by sex; and (b) share of women among owners or rights-bearers of agricultural land, by type of tenure', '', '', '001', 'A', 'SDGS', GETDATE());
INSERT INTO "MENUSELECTION"(MENU, SELECTION, PRESTEXT, PRESTEXTS, DESCRIPTION, LEVELNO, SORTCODE, PRESENTATION, USERID, LOGDATE) VALUES ('T5_a', 'C050a02', '5.a.2 نسبة البلدان التي يكفل فيها الإطار القانوني (بما في ذلك القانون العرفي) للمرأة المساواة في الحقوق في ملكية الأراضي و/أو السيطرة عليها', '', '', '3', '002', 'A', 'SDGS', GETDATE());
INSERT INTO "MENUSELECTION_ENG"(MENU, SELECTION, PRESTEXT, PRESTEXTS, DESCRIPTION, SORTCODE, PRESENTATION, USERID, LOGDATE) VALUES ('T5_a', 'C050a02', '5.a.2 Proportion of countries where the legal framework (including customary law) guarantees women''s equal rights to land ownership and/or control', '', '', '002', 'A', 'SDGS', GETDATE());
INSERT INTO "MENUSELECTION"(MENU, SELECTION, PRESTEXT, PRESTEXTS, DESCRIPTION, LEVELNO, SORTCODE, PRESENTATION, USERID, LOGDATE) VALUES ('05', 'T5_b', 'TARGET code 5.b   - تعزيز استخدام التكنولوجيا التمكينية، وبخاصة تكنولوجيا المعلومات والاتصالات، من أجل تعزيز تمكين المرأة', '', '', '2', '008', 'A', 'SDGS', GETDATE());
INSERT INTO "MENUSELECTION_ENG"(MENU, SELECTION, PRESTEXT, PRESTEXTS, DESCRIPTION, SORTCODE, PRESENTATION, USERID, LOGDATE) VALUES ('05', 'T5_b', 'TARGET code 5.b   - Enhance the use of enabling technology, in particular information and communications technology, to promote the empowerment of women', '', '', '008', 'A', 'SDGS', GETDATE());
INSERT INTO "MENUSELECTION"(MENU, SELECTION, PRESTEXT, PRESTEXTS, DESCRIPTION, LEVELNO, SORTCODE, PRESENTATION, USERID, LOGDATE) VALUES ('T5_b', 'C050b01', '5.b.1 نسبة الأفراد الحائزين على هواتف نقالة/خلوية، بحسب الجنس', '', '', '3', '001', 'A', 'SDGS', GETDATE());
INSERT INTO "MENUSELECTION_ENG"(MENU, SELECTION, PRESTEXT, PRESTEXTS, DESCRIPTION, SORTCODE, PRESENTATION, USERID, LOGDATE) VALUES ('T5_b', 'C050b01', '5.b.1 Proportion of individuals who own a mobile telephone, by sex', '', '', '001', 'A', 'SDGS', GETDATE());
INSERT INTO "MENUSELECTION"(MENU, SELECTION, PRESTEXT, PRESTEXTS, DESCRIPTION, LEVELNO, SORTCODE, PRESENTATION, USERID, LOGDATE) VALUES ('C050b01', 'S5bC050b0101', 'C050b01_01 - ???? ??????? ???????? ??? ????? ?????/?????? ???? ?????', '', '', '4', '001', 'A', 'SDGS', GETDATE());
INSERT INTO "MENUSELECTION_ENG"(MENU, SELECTION, PRESTEXT, PRESTEXTS, DESCRIPTION, SORTCODE, PRESENTATION, USERID, LOGDATE) VALUES ('C050b01', 'S5bC050b0101', 'C050b01_01 - Proportion of individuals who own a mobile telephone, by sex', '', '', '001', 'A', 'SDGS', GETDATE());
INSERT INTO "MENUSELECTION"(MENU, SELECTION, PRESTEXT, PRESTEXTS, DESCRIPTION, LEVELNO, SORTCODE, PRESENTATION, USERID, LOGDATE) VALUES ('05', 'T5_c', 'TARGET code 5.c   - اعتماد سياسات سليمة وتشريعات قابلة للإنفاذ وتعزيز هذه السياسات والتشريعات للنهوض بالمساواة بين الجنسين وتمكين كل النساء والفتيات على جميع المستويات', '', '', '2', '009', 'A', 'SDGS', GETDATE());
INSERT INTO "MENUSELECTION_ENG"(MENU, SELECTION, PRESTEXT, PRESTEXTS, DESCRIPTION, SORTCODE, PRESENTATION, USERID, LOGDATE) VALUES ('05', 'T5_c', 'TARGET code 5.c   - Adopt and strengthen sound policies and enforceable legislation for the promotion of gender equality and the empowerment of all women and girls at all levels', '', '', '009', 'A', 'SDGS', GETDATE());
INSERT INTO "MENUSELECTION"(MENU, SELECTION, PRESTEXT, PRESTEXTS, DESCRIPTION, LEVELNO, SORTCODE, PRESENTATION, USERID, LOGDATE) VALUES ('T5_c', 'C050c01', '5.c.1 نسبة البلدان التي لديها نظم لتخصيص وتتبع المخصصات العامة المرصودة للمساواة بين الجنسين وتمكين المرأة', '', '', '3', '001', 'A', 'SDGS', GETDATE());
INSERT INTO "MENUSELECTION_ENG"(MENU, SELECTION, PRESTEXT, PRESTEXTS, DESCRIPTION, SORTCODE, PRESENTATION, USERID, LOGDATE) VALUES ('T5_c', 'C050c01', '5.c.1 Proportion of countries with systems to track and make public allocations for gender equality and women''s empowerment', '', '', '001', 'A', 'SDGS', GETDATE());
INSERT INTO "MENUSELECTION" (MENU, SELECTION, PRESTEXT, PRESTEXTS, DESCRIPTION, LEVELNO, SORTCODE, PRESENTATION, USERID, LOGDATE) VALUES ('START', '06', 'Goal AR6 - المياه النظيفة والنظافة الصحية', '', '', '1', '006', 'A', 'SDGS', GETDATE());
INSERT INTO "MENUSELECTION_ENG" (MENU, SELECTION, PRESTEXT, PRESTEXTS, DESCRIPTION, SORTCODE, PRESENTATION, USERID, LOGDATE) VALUES ('START', '06', 'Goal6 - Clean Water and Sanitation', '', '', '006', 'A', 'SDGS', GETDATE());
INSERT INTO "MENUSELECTION"(MENU, SELECTION, PRESTEXT, PRESTEXTS, DESCRIPTION, LEVELNO, SORTCODE, PRESENTATION, USERID, LOGDATE) VALUES ('06', 'T6_1', 'TARGET code 6.1   - تحقيق هدف حصول الجميع على نحو منصف على مياه الشرب المأمونة والميسورة التكلفة بحلول عام ٢٠٣٠', '', '', '2', '001', 'A', 'SDGS', GETDATE());
INSERT INTO "MENUSELECTION_ENG"(MENU, SELECTION, PRESTEXT, PRESTEXTS, DESCRIPTION, SORTCODE, PRESENTATION, USERID, LOGDATE) VALUES ('06', 'T6_1', 'TARGET code 6.1   - By 2030, achieve universal and equitable access to safe and affordable drinking water for all', '', '', '001', 'A', 'SDGS', GETDATE());
INSERT INTO "MENUSELECTION"(MENU, SELECTION, PRESTEXT, PRESTEXTS, DESCRIPTION, LEVELNO, SORTCODE, PRESENTATION, USERID, LOGDATE) VALUES ('T6_1', 'C060101', '6.1.1 نسبة السكان الذين يستفيدون من خدمات مياه الشرب بطريقة مأمونة', '', '', '3', '001', 'A', 'SDGS', GETDATE());
INSERT INTO "MENUSELECTION_ENG"(MENU, SELECTION, PRESTEXT, PRESTEXTS, DESCRIPTION, SORTCODE, PRESENTATION, USERID, LOGDATE) VALUES ('T6_1', 'C060101', '6.1.1 Proportion of population using safely managed drinking water services', '', '', '001', 'A', 'SDGS', GETDATE());
INSERT INTO "MENUSELECTION"(MENU, SELECTION, PRESTEXT, PRESTEXTS, DESCRIPTION, LEVELNO, SORTCODE, PRESENTATION, USERID, LOGDATE) VALUES ('C060101', 'S61C06010101', 'C060101_01 - ???? ?????? ????? ???????? ?? ????? ???? ????? ?????? ??????', '', '', '4', '001', 'A', 'SDGS', GETDATE());
INSERT INTO "MENUSELECTION_ENG"(MENU, SELECTION, PRESTEXT, PRESTEXTS, DESCRIPTION, SORTCODE, PRESENTATION, USERID, LOGDATE) VALUES ('C060101', 'S61C06010101', 'C060101_01 - Proportion of population using safely managed drinking water services, by urban/rural (%)', '', '', '001', 'A', 'SDGS', GETDATE());
INSERT INTO "MENUSELECTION"(MENU, SELECTION, PRESTEXT, PRESTEXTS, DESCRIPTION, LEVELNO, SORTCODE, PRESENTATION, USERID, LOGDATE) VALUES ('06', 'T6_2', 'TARGET code 6.2   - تحقيق هدف حصول الجميع على خدمات الصرف الصحي والنظافة الصحية، وإنهاء التغوط في العراء، وإيلاء اهتمام خاص لاحتياجات النساء والفتيات ومن يعيشون في أوضاع هشة، بحلول عام ٢٠٣٠', '', '', '2', '002', 'A', 'SDGS', GETDATE());
INSERT INTO "MENUSELECTION_ENG"(MENU, SELECTION, PRESTEXT, PRESTEXTS, DESCRIPTION, SORTCODE, PRESENTATION, USERID, LOGDATE) VALUES ('06', 'T6_2', 'TARGET code 6.2   - By 2030, achieve access to adequate and equitable sanitation and hygiene for all and end open defecation, paying special attention to the needs of women and girls and those in vulnerable situations', '', '', '002', 'A', 'SDGS', GETDATE());
INSERT INTO "MENUSELECTION"(MENU, SELECTION, PRESTEXT, PRESTEXTS, DESCRIPTION, LEVELNO, SORTCODE, PRESENTATION, USERID, LOGDATE) VALUES ('T6_2', 'C060201', '6.2.1 نسبة السكان الذين يستفيدون من الإدارة السليمة لخدمات  الصرف الصحي، بما فيها مر افق غسل اليدين بالصابون والمياه', '', '', '3', '001', 'A', 'SDGS', GETDATE());
INSERT INTO "MENUSELECTION_ENG"(MENU, SELECTION, PRESTEXT, PRESTEXTS, DESCRIPTION, SORTCODE, PRESENTATION, USERID, LOGDATE) VALUES ('T6_2', 'C060201', '6.2.1 Proportion of population using safely managed sanitation services, including a hand-washing facility with soap and water', '', '', '001', 'A', 'SDGS', GETDATE());
INSERT INTO "MENUSELECTION"(MENU, SELECTION, PRESTEXT, PRESTEXTS, DESCRIPTION, LEVELNO, SORTCODE, PRESENTATION, USERID, LOGDATE) VALUES ('C060201', 'S62C06020101', 'C060201_01 - ??? ?????? ????? ???????? ?? ??????? ??????? ??????  ????? ?????? ??? ???? ?? ??? ??? ?????? ???????? ???????', '', '', '4', '001', 'A', 'SDGS', GETDATE());
INSERT INTO "MENUSELECTION_ENG"(MENU, SELECTION, PRESTEXT, PRESTEXTS, DESCRIPTION, SORTCODE, PRESENTATION, USERID, LOGDATE) VALUES ('C060201', 'S62C06020101', 'C060201_01 - Proportion of population using safely managed sanitation services, by urban/rural (%)', '', '', '001', 'A', 'SDGS', GETDATE());
INSERT INTO "MENUSELECTION"(MENU, SELECTION, PRESTEXT, PRESTEXTS, DESCRIPTION, LEVELNO, SORTCODE, PRESENTATION, USERID, LOGDATE) VALUES ('06', 'T6_3', 'TARGET code 6.3   - تحسين نوعية المياه بالحد من التلوث، ووقف إلقاء النفايات والمواد الكيميائية الخطرة، وتقليل تسرّبها إلى أدنى حد، وخفض نسبة مياه المجاري غير المعالجة إلى النصف، وزيادة إعادة التدوير وإعادة الاستخدام المأمون بنسبة كبيرة على الصعيد العالمي، بحلول عام ٢٠٣٠', '', '', '2', '003', 'A', 'SDGS', GETDATE());
INSERT INTO "MENUSELECTION_ENG"(MENU, SELECTION, PRESTEXT, PRESTEXTS, DESCRIPTION, SORTCODE, PRESENTATION, USERID, LOGDATE) VALUES ('06', 'T6_3', 'TARGET code 6.3   - By 2030, improve water quality by reducing pollution, eliminating dumping and minimizing release of hazardous chemicals and materials, halving the proportion of untreated wastewater and substantially increasing recycling and safe reuse globally', '', '', '003', 'A', 'SDGS', GETDATE());
INSERT INTO "MENUSELECTION"(MENU, SELECTION, PRESTEXT, PRESTEXTS, DESCRIPTION, LEVELNO, SORTCODE, PRESENTATION, USERID, LOGDATE) VALUES ('T6_3', 'C060301', '6.3.1 نسبة مياه الصرف الصحي المعالجة بطريقة آمنة', '', '', '3', '001', 'A', 'SDGS', GETDATE());
INSERT INTO "MENUSELECTION_ENG"(MENU, SELECTION, PRESTEXT, PRESTEXTS, DESCRIPTION, SORTCODE, PRESENTATION, USERID, LOGDATE) VALUES ('T6_3', 'C060301', '6.3.1 Proportion of wastewater safely treated', '', '', '001', 'A', 'SDGS', GETDATE());
INSERT INTO "MENUSELECTION"(MENU, SELECTION, PRESTEXT, PRESTEXTS, DESCRIPTION, LEVELNO, SORTCODE, PRESENTATION, USERID, LOGDATE) VALUES ('T6_3', 'C060302', '6.3.2 نسبة الكتل المائية الآتية من مياه محيطة ذات نوعية جيدة', '', '', '3', '002', 'A', 'SDGS', GETDATE());
INSERT INTO "MENUSELECTION_ENG"(MENU, SELECTION, PRESTEXT, PRESTEXTS, DESCRIPTION, SORTCODE, PRESENTATION, USERID, LOGDATE) VALUES ('T6_3', 'C060302', '6.3.2 Proportion of bodies of water with good ambient water quality', '', '', '002', 'A', 'SDGS', GETDATE());
INSERT INTO "MENUSELECTION"(MENU, SELECTION, PRESTEXT, PRESTEXTS, DESCRIPTION, LEVELNO, SORTCODE, PRESENTATION, USERID, LOGDATE) VALUES ('06', 'T6_4', 'TARGET code 6.4   - تحقيق زيادة كبيرة في كفاءة استخدام المياه في جميع القطاعات، وكفالة سحب المياه العذبة وإمداداتها على نحو مستدام من أجل معالجة شح المياه، والحد بقدر كبير من عدد الأشخاص الذين يعانون من ندرة المياه، بحلول عام ٢٠٣٠', '', '', '2', '004', 'A', 'SDGS', GETDATE());
INSERT INTO "MENUSELECTION_ENG"(MENU, SELECTION, PRESTEXT, PRESTEXTS, DESCRIPTION, SORTCODE, PRESENTATION, USERID, LOGDATE) VALUES ('06', 'T6_4', 'TARGET code 6.4   - By 2030, substantially increase water-use efficiency across all sectors and ensure sustainable withdrawals and supply of freshwater to address water scarcity and substantially reduce the number of people suffering from water scarcity', '', '', '004', 'A', 'SDGS', GETDATE());
INSERT INTO "MENUSELECTION"(MENU, SELECTION, PRESTEXT, PRESTEXTS, DESCRIPTION, LEVELNO, SORTCODE, PRESENTATION, USERID, LOGDATE) VALUES ('T6_4', 'C060401', '6.4.1 التغير في كفاءة استخدام المياه على مدى فترة من الزمن', '', '', '3', '001', 'A', 'SDGS', GETDATE());
INSERT INTO "MENUSELECTION_ENG"(MENU, SELECTION, PRESTEXT, PRESTEXTS, DESCRIPTION, SORTCODE, PRESENTATION, USERID, LOGDATE) VALUES ('T6_4', 'C060401', '6.4.1 Change in water-use efficiency over time', '', '', '001', 'A', 'SDGS', GETDATE());
INSERT INTO "MENUSELECTION"(MENU, SELECTION, PRESTEXT, PRESTEXTS, DESCRIPTION, LEVELNO, SORTCODE, PRESENTATION, USERID, LOGDATE) VALUES ('T6_4', 'C060402', '6.4.2 حجم الضغط الذي تتعرض له المياه : سحب المياه العذبة كنسبة من موارد المياه العذبة', '', '', '3', '002', 'A', 'SDGS', GETDATE());
INSERT INTO "MENUSELECTION_ENG"(MENU, SELECTION, PRESTEXT, PRESTEXTS, DESCRIPTION, SORTCODE, PRESENTATION, USERID, LOGDATE) VALUES ('T6_4', 'C060402', '6.4.2 Level of water stress: freshwater withdrawal as a proportion of available freshwater resources', '', '', '002', 'A', 'SDGS', GETDATE());
INSERT INTO "MENUSELECTION"(MENU, SELECTION, PRESTEXT, PRESTEXTS, DESCRIPTION, LEVELNO, SORTCODE, PRESENTATION, USERID, LOGDATE) VALUES ('06', 'T6_5', 'TARGET code 6.5   - تنفيذ الإدارة المتكاملة لموارد المياه على جميع المستويات، بوسائل منها التعاون العابر للحدود، حسب الاقتضاء، بحلول عام ٢٠٣٠', '', '', '2', '005', 'A', 'SDGS', GETDATE());
INSERT INTO "MENUSELECTION_ENG"(MENU, SELECTION, PRESTEXT, PRESTEXTS, DESCRIPTION, SORTCODE, PRESENTATION, USERID, LOGDATE) VALUES ('06', 'T6_5', 'TARGET code 6.5   - By 2030, implement integrated water resources management at all levels, including through transboundary cooperation as appropriate', '', '', '005', 'A', 'SDGS', GETDATE());
INSERT INTO "MENUSELECTION"(MENU, SELECTION, PRESTEXT, PRESTEXTS, DESCRIPTION, LEVELNO, SORTCODE, PRESENTATION, USERID, LOGDATE) VALUES ('T6_5', 'C060501', '6.5.1 درجة تنفيذ الإدارة المتكاملة للموارد المائية  (صفر - 100)', '', '', '3', '001', 'A', 'SDGS', GETDATE());
INSERT INTO "MENUSELECTION_ENG"(MENU, SELECTION, PRESTEXT, PRESTEXTS, DESCRIPTION, SORTCODE, PRESENTATION, USERID, LOGDATE) VALUES ('T6_5', 'C060501', '6.5.1 Degree of integrated water resources management implementation (0-100)', '', '', '001', 'A', 'SDGS', GETDATE());
INSERT INTO "MENUSELECTION"(MENU, SELECTION, PRESTEXT, PRESTEXTS, DESCRIPTION, LEVELNO, SORTCODE, PRESENTATION, USERID, LOGDATE) VALUES ('T6_5', 'C060502', '6.5.2 نسبة منطقة حوض الميا العابرة للحدود التي لها ترتيبات تشغيلية  للتعاون في مجال المياه', '', '', '3', '002', 'A', 'SDGS', GETDATE());
INSERT INTO "MENUSELECTION_ENG"(MENU, SELECTION, PRESTEXT, PRESTEXTS, DESCRIPTION, SORTCODE, PRESENTATION, USERID, LOGDATE) VALUES ('T6_5', 'C060502', '6.5.2 Proportion of transboundary basin area with an operational arrangement for water cooperation', '', '', '002', 'A', 'SDGS', GETDATE());
INSERT INTO "MENUSELECTION"(MENU, SELECTION, PRESTEXT, PRESTEXTS, DESCRIPTION, LEVELNO, SORTCODE, PRESENTATION, USERID, LOGDATE) VALUES ('06', 'T6_6', 'TARGET code 6.6   - حماية وترميم النظم الإيكولوجية المتصلة بالمياه، بما في ذلك الجبال والغابات والأراضي الرطبة والأنهار ومستودعات المياه الجوفية والبحيرات، بحلول عام 2020', '', '', '2', '006', 'A', 'SDGS', GETDATE());
INSERT INTO "MENUSELECTION_ENG"(MENU, SELECTION, PRESTEXT, PRESTEXTS, DESCRIPTION, SORTCODE, PRESENTATION, USERID, LOGDATE) VALUES ('06', 'T6_6', 'TARGET code 6.6   - By 2020, protect and restore water-related ecosystems, including mountains, forests, wetlands, rivers, aquifers and lakes', '', '', '006', 'A', 'SDGS', GETDATE());
INSERT INTO "MENUSELECTION"(MENU, SELECTION, PRESTEXT, PRESTEXTS, DESCRIPTION, LEVELNO, SORTCODE, PRESENTATION, USERID, LOGDATE) VALUES ('T6_6', 'C060601', '6.6.1 نسبة التغير في نطاق النظم الإيكولوجية المتصلة بالمياه خلال فترة من الزمن', '', '', '3', '001', 'A', 'SDGS', GETDATE());
INSERT INTO "MENUSELECTION_ENG"(MENU, SELECTION, PRESTEXT, PRESTEXTS, DESCRIPTION, SORTCODE, PRESENTATION, USERID, LOGDATE) VALUES ('T6_6', 'C060601', '6.6.1 Change in the extent of water-related ecosystems over time', '', '', '001', 'A', 'SDGS', GETDATE());
INSERT INTO "MENUSELECTION"(MENU, SELECTION, PRESTEXT, PRESTEXTS, DESCRIPTION, LEVELNO, SORTCODE, PRESENTATION, USERID, LOGDATE) VALUES ('06', 'T6_a', 'TARGET code 6.a   -  توسيع نطاق التعاون الدولي وتقديم الدعم في مجال بناء القدرات إلى البلدان النامية في الأنشطة والبرامج المتصلة بالمياه والصرف الصحي، بما في ذلك جمع المياه، وإزالة ملوحتها، وكفاءة استخدام المياه، ومعالجة المياه المستعملة، وتكنولوجيات إعادة التدوير وإعادة الاستخدام', '', '', '2', '007', 'A', 'SDGS', GETDATE());
INSERT INTO "MENUSELECTION_ENG"(MENU, SELECTION, PRESTEXT, PRESTEXTS, DESCRIPTION, SORTCODE, PRESENTATION, USERID, LOGDATE) VALUES ('06', 'T6_a', 'TARGET code 6.a   - By 2030, expand international cooperation and capacity-building support to developing countries in water- and sanitation-related activities and programmes, including water harvesting, desalination, water efficiency, wastewater treatment, recycling and reuse technologies', '', '', '007', 'A', 'SDGS', GETDATE());
INSERT INTO "MENUSELECTION"(MENU, SELECTION, PRESTEXT, PRESTEXTS, DESCRIPTION, LEVELNO, SORTCODE, PRESENTATION, USERID, LOGDATE) VALUES ('T6_a', 'C060a01', '6.a.1 مقدار المساعدة الإنمائية الرسمية ذات الصلة بالمياه والصرف الصحي  التي تعد جزءا من خطة حكومية منسقة للإنفاق', '', '', '3', '001', 'A', 'SDGS', GETDATE());
INSERT INTO "MENUSELECTION_ENG"(MENU, SELECTION, PRESTEXT, PRESTEXTS, DESCRIPTION, SORTCODE, PRESENTATION, USERID, LOGDATE) VALUES ('T6_a', 'C060a01', '6.a.1 Amount of water- and sanitation-related official development assistance that is part of a government-coordinated spending plan', '', '', '001', 'A', 'SDGS', GETDATE());
INSERT INTO "MENUSELECTION"(MENU, SELECTION, PRESTEXT, PRESTEXTS, DESCRIPTION, LEVELNO, SORTCODE, PRESENTATION, USERID, LOGDATE) VALUES ('C060a01', 'S6aC060a0101', 'C060a01_01 - ????? ???????? ????????? ??????? ??? ????? ??????? ?????? ????? ???? ??? ???? ?? ??? ?????? ????? ???????', '', '', '4', '001', 'A', 'SDGS', GETDATE());
INSERT INTO "MENUSELECTION_ENG"(MENU, SELECTION, PRESTEXT, PRESTEXTS, DESCRIPTION, SORTCODE, PRESENTATION, USERID, LOGDATE) VALUES ('C060a01', 'S6aC060a0101', 'C060a01_01 - Amount of water- and sanitation-related official development assistance that is part of a government-coordinated spending plan', '', '', '001', 'A', 'SDGS', GETDATE());
INSERT INTO "MENUSELECTION"(MENU, SELECTION, PRESTEXT, PRESTEXTS, DESCRIPTION, LEVELNO, SORTCODE, PRESENTATION, USERID, LOGDATE) VALUES ('06', 'T6_b', 'TARGET code 6.b   - دعم وتعزيز مشاركة المجتمعات المحلية في تحسين إدارة المياه والصرف الصحي', '', '', '2', '008', 'A', 'SDGS', GETDATE());
INSERT INTO "MENUSELECTION_ENG"(MENU, SELECTION, PRESTEXT, PRESTEXTS, DESCRIPTION, SORTCODE, PRESENTATION, USERID, LOGDATE) VALUES ('06', 'T6_b', 'TARGET code 6.b   - Support and strengthen the participation of local communities in improving water and sanitation management', '', '', '008', 'A', 'SDGS', GETDATE());
INSERT INTO "MENUSELECTION"(MENU, SELECTION, PRESTEXT, PRESTEXTS, DESCRIPTION, LEVELNO, SORTCODE, PRESENTATION, USERID, LOGDATE) VALUES ('T6_b', 'C060b01', '6.b.1 نسبة الوحدات الإدارية المحلية التي لديها سياسات وإجراءات تنفيذية راسخة فيما يتعلق بمشاركة المجتمعات المحلية في إدارة المياه  والصرف الصحي', '', '', '3', '001', 'A', 'SDGS', GETDATE());
INSERT INTO "MENUSELECTION_ENG"(MENU, SELECTION, PRESTEXT, PRESTEXTS, DESCRIPTION, SORTCODE, PRESENTATION, USERID, LOGDATE) VALUES ('T6_b', 'C060b01', '6.b.1 Proportion of local administrative units with established and operational policies and procedures for participation of local communities in water and sanitation management', '', '', '001', 'A', 'SDGS', GETDATE());
INSERT INTO "MENUSELECTION" (MENU, SELECTION, PRESTEXT, PRESTEXTS, DESCRIPTION, LEVELNO, SORTCODE, PRESENTATION, USERID, LOGDATE) VALUES ('START', '07', 'Goal AR7 - طاقة نظيفة وباسعار معقولة', '', '', '1', '007', 'A', 'SDGS', GETDATE());
INSERT INTO "MENUSELECTION_ENG" (MENU, SELECTION, PRESTEXT, PRESTEXTS, DESCRIPTION, SORTCODE, PRESENTATION, USERID, LOGDATE) VALUES ('START', '07', 'Goal7 - Affordable and Clean Energy', '', '', '007', 'A', 'SDGS', GETDATE());
INSERT INTO "MENUSELECTION"(MENU, SELECTION, PRESTEXT, PRESTEXTS, DESCRIPTION, LEVELNO, SORTCODE, PRESENTATION, USERID, LOGDATE) VALUES ('07', 'T7_1', 'TARGET code 7.1   - ضمان حصول الجميع بتكلفة ميسورة على خدمات الطاقة الحديثة الموثوقة بحلول عام 2030', '', '', '2', '001', 'A', 'SDGS', GETDATE());
INSERT INTO "MENUSELECTION_ENG"(MENU, SELECTION, PRESTEXT, PRESTEXTS, DESCRIPTION, SORTCODE, PRESENTATION, USERID, LOGDATE) VALUES ('07', 'T7_1', 'TARGET code 7.1   - By 2030, ensure universal access to affordable, reliable and modern energy services', '', '', '001', 'A', 'SDGS', GETDATE());
INSERT INTO "MENUSELECTION"(MENU, SELECTION, PRESTEXT, PRESTEXTS, DESCRIPTION, LEVELNO, SORTCODE, PRESENTATION, USERID, LOGDATE) VALUES ('T7_1', 'C070101', '7.1.1 نسبة السكان المستفيدين من خدمات الكهرباء', '', '', '3', '001', 'A', 'SDGS', GETDATE());
INSERT INTO "MENUSELECTION_ENG"(MENU, SELECTION, PRESTEXT, PRESTEXTS, DESCRIPTION, SORTCODE, PRESENTATION, USERID, LOGDATE) VALUES ('T7_1', 'C070101', '7.1.1 Proportion of population with access to electricity', '', '', '001', 'A', 'SDGS', GETDATE());
INSERT INTO "MENUSELECTION"(MENU, SELECTION, PRESTEXT, PRESTEXTS, DESCRIPTION, LEVELNO, SORTCODE, PRESENTATION, USERID, LOGDATE) VALUES ('C070101', 'S71C07010101', 'C070101_01 - ??? ?????? ?????????? ?? ????? ????????', '', '', '4', '001', 'A', 'SDGS', GETDATE());
INSERT INTO "MENUSELECTION_ENG"(MENU, SELECTION, PRESTEXT, PRESTEXTS, DESCRIPTION, SORTCODE, PRESENTATION, USERID, LOGDATE) VALUES ('C070101', 'S71C07010101', 'C070101_01 - Proportion of population with access to electricity, by urban/rural (%)', '', '', '001', 'A', 'SDGS', GETDATE());
INSERT INTO "MENUSELECTION"(MENU, SELECTION, PRESTEXT, PRESTEXTS, DESCRIPTION, LEVELNO, SORTCODE, PRESENTATION, USERID, LOGDATE) VALUES ('T7_1', 'C070102', '7.1.2 نسبة السكان الذي يعتمدون أساساً على الوقود والتكنولوجيا النظيفين', '', '', '3', '002', 'A', 'SDGS', GETDATE());
INSERT INTO "MENUSELECTION_ENG"(MENU, SELECTION, PRESTEXT, PRESTEXTS, DESCRIPTION, SORTCODE, PRESENTATION, USERID, LOGDATE) VALUES ('T7_1', 'C070102', '7.1.2 Proportion of population with primary reliance on clean fuels and technology', '', '', '002', 'A', 'SDGS', GETDATE());
INSERT INTO "MENUSELECTION"(MENU, SELECTION, PRESTEXT, PRESTEXTS, DESCRIPTION, LEVELNO, SORTCODE, PRESENTATION, USERID, LOGDATE) VALUES ('C070102', 'S71C07010201', 'C070102_01 - ???? ?????? ???? ??????? ?????? ??? ?????? ???????????? ????????', '', '', '4', '001', 'A', 'SDGS', GETDATE());
INSERT INTO "MENUSELECTION_ENG"(MENU, SELECTION, PRESTEXT, PRESTEXTS, DESCRIPTION, SORTCODE, PRESENTATION, USERID, LOGDATE) VALUES ('C070102', 'S71C07010201', 'C070102_01 - Proportion of population with primary reliance on clean fuels and technology (%)', '', '', '001', 'A', 'SDGS', GETDATE());
INSERT INTO "MENUSELECTION"(MENU, SELECTION, PRESTEXT, PRESTEXTS, DESCRIPTION, LEVELNO, SORTCODE, PRESENTATION, USERID, LOGDATE) VALUES ('07', 'T7_2', 'TARGET code 7.2   - تحقيق زيادة كبيرة في حصة الطاقة المتجددة في مجموعة مصادر الطاقة العالمية بحلول عام 2030', '', '', '2', '002', 'A', 'SDGS', GETDATE());
INSERT INTO "MENUSELECTION_ENG"(MENU, SELECTION, PRESTEXT, PRESTEXTS, DESCRIPTION, SORTCODE, PRESENTATION, USERID, LOGDATE) VALUES ('07', 'T7_2', 'TARGET code 7.2   - By 2030, increase substantially the share of renewable energy in the global energy mix', '', '', '002', 'A', 'SDGS', GETDATE());
INSERT INTO "MENUSELECTION"(MENU, SELECTION, PRESTEXT, PRESTEXTS, DESCRIPTION, LEVELNO, SORTCODE, PRESENTATION, USERID, LOGDATE) VALUES ('T7_2', 'C070201', '7.2.1 حصة الطاقة المتجددة في مجموع الاستهلاك النهائي للطاقة', '', '', '3', '001', 'A', 'SDGS', GETDATE());
INSERT INTO "MENUSELECTION_ENG"(MENU, SELECTION, PRESTEXT, PRESTEXTS, DESCRIPTION, SORTCODE, PRESENTATION, USERID, LOGDATE) VALUES ('T7_2', 'C070201', '7.2.1 Renewable energy share in the total final energy consumption', '', '', '001', 'A', 'SDGS', GETDATE());
INSERT INTO "MENUSELECTION"(MENU, SELECTION, PRESTEXT, PRESTEXTS, DESCRIPTION, LEVELNO, SORTCODE, PRESENTATION, USERID, LOGDATE) VALUES ('C070201', 'S72C07020101', 'C070201_01 - ??? ?????? ???????? ?? ????? ????????? ??????? ??????', '', '', '4', '001', 'A', 'SDGS', GETDATE());
INSERT INTO "MENUSELECTION_ENG"(MENU, SELECTION, PRESTEXT, PRESTEXTS, DESCRIPTION, SORTCODE, PRESENTATION, USERID, LOGDATE) VALUES ('C070201', 'S72C07020101', 'C070201_01 - Renewable energy share in the total final energy consumption (%)', '', '', '001', 'A', 'SDGS', GETDATE());
INSERT INTO "MENUSELECTION"(MENU, SELECTION, PRESTEXT, PRESTEXTS, DESCRIPTION, LEVELNO, SORTCODE, PRESENTATION, USERID, LOGDATE) VALUES ('07', 'T7_3', 'TARGET code 7.3   - مضاعفة المعدل العالمي للتحسُّن في كفاءة استخدام الطاقة بحلول عام 2030', '', '', '2', '003', 'A', 'SDGS', GETDATE());
INSERT INTO "MENUSELECTION_ENG"(MENU, SELECTION, PRESTEXT, PRESTEXTS, DESCRIPTION, SORTCODE, PRESENTATION, USERID, LOGDATE) VALUES ('07', 'T7_3', 'TARGET code 7.3   - By 2030, double the global rate of improvement in energy efficiency', '', '', '003', 'A', 'SDGS', GETDATE());
INSERT INTO "MENUSELECTION"(MENU, SELECTION, PRESTEXT, PRESTEXTS, DESCRIPTION, LEVELNO, SORTCODE, PRESENTATION, USERID, LOGDATE) VALUES ('T7_3', 'C070301', '7.3.1 كثافة الطاقة التي تقاس من حيث الطاقة الأولية والناتج المحلي الإجمالي', '', '', '3', '001', 'A', 'SDGS', GETDATE());
INSERT INTO "MENUSELECTION_ENG"(MENU, SELECTION, PRESTEXT, PRESTEXTS, DESCRIPTION, SORTCODE, PRESENTATION, USERID, LOGDATE) VALUES ('T7_3', 'C070301', '7.3.1 Energy intensity measured in terms of primary energy and GDP', '', '', '001', 'A', 'SDGS', GETDATE());
INSERT INTO "MENUSELECTION"(MENU, SELECTION, PRESTEXT, PRESTEXTS, DESCRIPTION, LEVELNO, SORTCODE, PRESENTATION, USERID, LOGDATE) VALUES ('C070301', 'S73C07030101', 'C070301_01 - ????? ?????? ???? ???? ?? ??? ?????? ??????? ??????? ?????? ????????', '', '', '4', '001', 'A', 'SDGS', GETDATE());
INSERT INTO "MENUSELECTION_ENG"(MENU, SELECTION, PRESTEXT, PRESTEXTS, DESCRIPTION, SORTCODE, PRESENTATION, USERID, LOGDATE) VALUES ('C070301', 'S73C07030101', 'C070301_01 - Energy intensity level of primary energy (megajoules per constant 2011 purchasing power parity GDP)', '', '', '001', 'A', 'SDGS', GETDATE());
INSERT INTO "MENUSELECTION"(MENU, SELECTION, PRESTEXT, PRESTEXTS, DESCRIPTION, LEVELNO, SORTCODE, PRESENTATION, USERID, LOGDATE) VALUES ('07', 'T7_a', 'TARGET code 7.a   - تعزيز التعاون الدولي من أجل تيسير الوصول إلى بحوث وتكنولوجيا الطاقة النظيفة، بما في ذلك تلك المتعلّقة بالطاقة المتجددة، والكفاءة في استخدام الطاقة، وتكنولوجيا الوقود الأحفوري المتقدمة والأنظف، وتشجيع الاستثمار في الهياكل الأساسية للطاقة وتكنولوجيا الطاقة النظيفة، بحلول عام 2030', '', '', '2', '004', 'A', 'SDGS', GETDATE());
INSERT INTO "MENUSELECTION_ENG"(MENU, SELECTION, PRESTEXT, PRESTEXTS, DESCRIPTION, SORTCODE, PRESENTATION, USERID, LOGDATE) VALUES ('07', 'T7_a', 'TARGET code 7.a   - By 2030, enhance international cooperation to facilitate access to clean energy research and technology, including renewable energy, energy efficiency and advanced and cleaner fossil-fuel technology, and promote investment in energy infrastructure and clean energy technology', '', '', '004', 'A', 'SDGS', GETDATE());
INSERT INTO "MENUSELECTION"(MENU, SELECTION, PRESTEXT, PRESTEXTS, DESCRIPTION, LEVELNO, SORTCODE, PRESENTATION, USERID, LOGDATE) VALUES ('T7_a', 'C070a01', '7.a.1 التدفقات المالية الدولية الموجهة إلى البلدان النامية لدعم أنشطة البحث والتطوير في مجال الطاقة النظيفة وإنتاج الطاقة المتجددة، بما في ذلك النظم الهجينة', '', '', '3', '001', 'A', 'SDGS', GETDATE());
INSERT INTO "MENUSELECTION_ENG"(MENU, SELECTION, PRESTEXT, PRESTEXTS, DESCRIPTION, SORTCODE, PRESENTATION, USERID, LOGDATE) VALUES ('T7_a', 'C070a01', '7.a.1 International financial flows to developing countries in support of clean energy research and development and renewable energy production, including in hybrid systems', '', '', '001', 'A', 'SDGS', GETDATE());
INSERT INTO "MENUSELECTION"(MENU, SELECTION, PRESTEXT, PRESTEXTS, DESCRIPTION, LEVELNO, SORTCODE, PRESENTATION, USERID, LOGDATE) VALUES ('07', 'T7_b', 'TARGET code 7.b   - توسيع نطاق الهياكل الأساسية وتحسين مستوى التكنولوجيا من أجل تقديم خدمات الطاقة الحديثة والمستدامة للجميع في البلدان النامية، وبخاصة في أقل البلدان نمواً، والدول الجزرية الصغيرة النامية، والبلدان النامية غير الساحلية، وفقاً لبرامج الدعم المقدم لكل منها، بحلول عام 2030', '', '', '2', '005', 'A', 'SDGS', GETDATE());
INSERT INTO "MENUSELECTION_ENG"(MENU, SELECTION, PRESTEXT, PRESTEXTS, DESCRIPTION, SORTCODE, PRESENTATION, USERID, LOGDATE) VALUES ('07', 'T7_b', 'TARGET code 7.b   - By 2030, expand infrastructure and upgrade technology for supplying modern and sustainable energy services for all in developing countries, in particular least developed countries, small island developing States and landlocked developing countries, in accordance with their respective programmes of support', '', '', '005', 'A', 'SDGS', GETDATE());
INSERT INTO "MENUSELECTION"(MENU, SELECTION, PRESTEXT, PRESTEXTS, DESCRIPTION, LEVELNO, SORTCODE, PRESENTATION, USERID, LOGDATE) VALUES ('T7_b', 'C070b01', '7.b.1 الاستثمار في مجال كفاءة الطاقة كنسبة مئوية من الناتج المحلي الإجمالي  ومبلغ الاستثمار المباشر الأجنبي للتحويلات المالية في البنية التحتية  وفي خدمات التكنولوجيا لأغراض التنمية المستدامة', '', '', '3', '001', 'A', 'SDGS', GETDATE());
INSERT INTO "MENUSELECTION_ENG"(MENU, SELECTION, PRESTEXT, PRESTEXTS, DESCRIPTION, SORTCODE, PRESENTATION, USERID, LOGDATE) VALUES ('T7_b', 'C070b01', '7.b.1 Investments in energy efficiency as a proportion of GDP and the amount of foreign direct investment in financial transfer for infrastructure and technology to sustainable development services', '', '', '001', 'A', 'SDGS', GETDATE());
INSERT INTO "MENUSELECTION"(MENU, SELECTION, PRESTEXT, PRESTEXTS, DESCRIPTION, LEVELNO, SORTCODE, PRESENTATION, USERID, LOGDATE) VALUES ('T7_b', 'C200208', '7.b.1 قدرة توليد الطاقة المتجددة المنشأة في البلدان النامية (بالواط لكل فرد)', '', '', '3', '002', 'A', 'SDGS', GETDATE());
INSERT INTO "MENUSELECTION_ENG"(MENU, SELECTION, PRESTEXT, PRESTEXTS, DESCRIPTION, SORTCODE, PRESENTATION, USERID, LOGDATE) VALUES ('T7_b', 'C200208', '7.b.1 Installed renewable energy-generating capacity in developing countries (in watts per capita)', '', '', '002', 'A', 'SDGS', GETDATE());
INSERT INTO "MENUSELECTION" (MENU, SELECTION, PRESTEXT, PRESTEXTS, DESCRIPTION, LEVELNO, SORTCODE, PRESENTATION, USERID, LOGDATE) VALUES ('START', '08', 'Goal AR8 - العمل اللائق ونمو الاقتصاد', '', '', '1', '008', 'A', 'SDGS', GETDATE());
INSERT INTO "MENUSELECTION_ENG" (MENU, SELECTION, PRESTEXT, PRESTEXTS, DESCRIPTION, SORTCODE, PRESENTATION, USERID, LOGDATE) VALUES ('START', '08', 'Goal8 - Decent Work and Economic Growth', '', '', '008', 'A', 'SDGS', GETDATE());
INSERT INTO "MENUSELECTION"(MENU, SELECTION, PRESTEXT, PRESTEXTS, DESCRIPTION, LEVELNO, SORTCODE, PRESENTATION, USERID, LOGDATE) VALUES ('08', 'T8_1', 'TARGET code 8.1   - الحفاظ على النمو الاقتصادي الفردي وفقا للظروف الوطنية، وبخاصة على نمو الناتج المحلي الإجمالي بنسبة 7 في المائة على الأقل سنويا في أقل البلدان نموا', '', '', '2', '001', 'A', 'SDGS', GETDATE());
INSERT INTO "MENUSELECTION_ENG"(MENU, SELECTION, PRESTEXT, PRESTEXTS, DESCRIPTION, SORTCODE, PRESENTATION, USERID, LOGDATE) VALUES ('08', 'T8_1', 'TARGET code 8.1   - Sustain per capita economic growth in accordance with national circumstances and, in particular, at least 7 per cent gross domestic product growth per annum in the least developed countries', '', '', '001', 'A', 'SDGS', GETDATE());
INSERT INTO "MENUSELECTION"(MENU, SELECTION, PRESTEXT, PRESTEXTS, DESCRIPTION, LEVELNO, SORTCODE, PRESENTATION, USERID, LOGDATE) VALUES ('T8_1', 'C080101', '8.1.1 معدل النمو السنوي لنصيب الفرد من الناتج المحلي الإجمالي الحقيقي', '', '', '3', '001', 'A', 'SDGS', GETDATE());
INSERT INTO "MENUSELECTION_ENG"(MENU, SELECTION, PRESTEXT, PRESTEXTS, DESCRIPTION, SORTCODE, PRESENTATION, USERID, LOGDATE) VALUES ('T8_1', 'C080101', '8.1.1 Annual growth rate of real GDP per capita', '', '', '001', 'A', 'SDGS', GETDATE());
INSERT INTO "MENUSELECTION"(MENU, SELECTION, PRESTEXT, PRESTEXTS, DESCRIPTION, LEVELNO, SORTCODE, PRESENTATION, USERID, LOGDATE) VALUES ('C080101', 'S81C08010101', 'C080101_01 - (%) ???? ????? ?????? ????? ????? ?? ?????? ?????? ???????? ???????', '', '', '4', '001', 'A', 'SDGS', GETDATE());
INSERT INTO "MENUSELECTION_ENG"(MENU, SELECTION, PRESTEXT, PRESTEXTS, DESCRIPTION, SORTCODE, PRESENTATION, USERID, LOGDATE) VALUES ('C080101', 'S81C08010101', 'C080101_01 - Annual growth rate of real GDP per capita (%)', '', '', '001', 'A', 'SDGS', GETDATE());
INSERT INTO "MENUSELECTION"(MENU, SELECTION, PRESTEXT, PRESTEXTS, DESCRIPTION, LEVELNO, SORTCODE, PRESENTATION, USERID, LOGDATE) VALUES ('08', 'T8_10', 'TARGET code 8.10  - تعزيز قدرة المؤسسات المالية المحلية على تشجيع إمكانية الحصول على الخدمات المصرفية والتأمين والخدمات المالية للجميع، وتوسيع نطاقها', '', '', '2', '002', 'A', 'SDGS', GETDATE());
INSERT INTO "MENUSELECTION_ENG"(MENU, SELECTION, PRESTEXT, PRESTEXTS, DESCRIPTION, SORTCODE, PRESENTATION, USERID, LOGDATE) VALUES ('08', 'T8_10', 'TARGET code 8.10  - Sustain per capita economic growth in accordance with national circumstances and, in particular, at least 7 per cent gross domestic product growth per annum in the least developed countries', '', '', '002', 'A', 'SDGS', GETDATE());
INSERT INTO "MENUSELECTION"(MENU, SELECTION, PRESTEXT, PRESTEXTS, DESCRIPTION, LEVELNO, SORTCODE, PRESENTATION, USERID, LOGDATE) VALUES ('T8_10', 'C081001', '8.10.1 عدد فروع المصارف التجارية  لكل 100000نسمة من البالغين', '', '', '3', '001', 'A', 'SDGS', GETDATE());
INSERT INTO "MENUSELECTION_ENG"(MENU, SELECTION, PRESTEXT, PRESTEXTS, DESCRIPTION, SORTCODE, PRESENTATION, USERID, LOGDATE) VALUES ('T8_10', 'C081001', '8.10.1  (a) Number of commercial bank branches per 100,000 adults and (b) number of automated teller machines (ATMs) per 100,000 adults', '', '', '001', 'A', 'SDGS', GETDATE());
INSERT INTO "MENUSELECTION"(MENU, SELECTION, PRESTEXT, PRESTEXTS, DESCRIPTION, LEVELNO, SORTCODE, PRESENTATION, USERID, LOGDATE) VALUES ('C081001', 'S810C08100101', 'C081001_01 - ??? ???? ??????? ??? 000 100 ???? ?? ????????', '', '', '4', '001', 'A', 'SDGS', GETDATE());
INSERT INTO "MENUSELECTION_ENG"(MENU, SELECTION, PRESTEXT, PRESTEXTS, DESCRIPTION, SORTCODE, PRESENTATION, USERID, LOGDATE) VALUES ('C081001', 'S810C08100101', 'C081001_01 - Number of commercial bank branches per 100,000 adults', '', '', '001', 'A', 'SDGS', GETDATE());
INSERT INTO "MENUSELECTION"(MENU, SELECTION, PRESTEXT, PRESTEXTS, DESCRIPTION, LEVELNO, SORTCODE, PRESENTATION, USERID, LOGDATE) VALUES ('C081001', 'S810C08100102', 'C081001_02 - ????? ????? ????? ??? 000 100 ???? ?? ????????', '', '', '4', '002', 'A', 'SDGS', GETDATE());
INSERT INTO "MENUSELECTION_ENG"(MENU, SELECTION, PRESTEXT, PRESTEXTS, DESCRIPTION, SORTCODE, PRESENTATION, USERID, LOGDATE) VALUES ('C081001', 'S810C08100102', 'C081001_02 - Number of automated teller machines (ATMs) per 100,000 adults', '', '', '002', 'A', 'SDGS', GETDATE());
INSERT INTO "MENUSELECTION"(MENU, SELECTION, PRESTEXT, PRESTEXTS, DESCRIPTION, LEVELNO, SORTCODE, PRESENTATION, USERID, LOGDATE) VALUES ('T8_10', 'C081002', '8.10.2 نسبة البالغين 15 سنة فأكثر الذين لهم حساب مصرفي أو حساب في مؤسسة مالية أخرى أو لدى مقدم خدمات مالية متنقلة', '', '', '3', '002', 'A', 'SDGS', GETDATE());
INSERT INTO "MENUSELECTION_ENG"(MENU, SELECTION, PRESTEXT, PRESTEXTS, DESCRIPTION, SORTCODE, PRESENTATION, USERID, LOGDATE) VALUES ('T8_10', 'C081002', '8.10.2  Proportion of adults (15 years and older) with an account at a bank or other financial institution or with a mobile-money-service provider', '', '', '002', 'A', 'SDGS', GETDATE());
INSERT INTO "MENUSELECTION"(MENU, SELECTION, PRESTEXT, PRESTEXTS, DESCRIPTION, LEVELNO, SORTCODE, PRESENTATION, USERID, LOGDATE) VALUES ('C081002', 'S810C08100201', 'C081002_01 - ???? ???????? 15 ??? ????? ????? ??? ???? ????? ?? ???? ?? ????? ????? ???? ?? ??? ???? ????? ????? ??????', '', '', '4', '001', 'A', 'SDGS', GETDATE());
INSERT INTO "MENUSELECTION_ENG"(MENU, SELECTION, PRESTEXT, PRESTEXTS, DESCRIPTION, SORTCODE, PRESENTATION, USERID, LOGDATE) VALUES ('C081002', 'S810C08100201', 'C081002_01 - Proportion of adults (15 years and older) with an account at a financial institution or mobile-money-service provider (% of adults aged 15 years and older)', '', '', '001', 'A', 'SDGS', GETDATE());
INSERT INTO "MENUSELECTION"(MENU, SELECTION, PRESTEXT, PRESTEXTS, DESCRIPTION, LEVELNO, SORTCODE, PRESENTATION, USERID, LOGDATE) VALUES ('08', 'T8_2', 'TARGET code 8.2   - تحقيق مستويات أعلى من الإنتاجية الاقتصادية من خلال التنويع، والارتقاء بمستوى التكنولوجيا، والابتكار، بما في ذلك من خلال التركيز على القطاعات المتسمة بالقيمة المضافة العالية والقطاعات الكثيفة العمالة', '', '', '2', '003', 'A', 'SDGS', GETDATE());
INSERT INTO "MENUSELECTION_ENG"(MENU, SELECTION, PRESTEXT, PRESTEXTS, DESCRIPTION, SORTCODE, PRESENTATION, USERID, LOGDATE) VALUES ('08', 'T8_2', 'TARGET code 8.2   - Achieve higher levels of economic productivity through diversification, technological upgrading and innovation, including through a focus on high-value added and labour-intensive sectors', '', '', '003', 'A', 'SDGS', GETDATE());
INSERT INTO "MENUSELECTION"(MENU, SELECTION, PRESTEXT, PRESTEXTS, DESCRIPTION, LEVELNO, SORTCODE, PRESENTATION, USERID, LOGDATE) VALUES ('T8_2', 'C080201', '8.2.1 معدل النمو السنوي لنصيب الفرد العامل من الناتج المحلي الإجمالي الحقيقي', '', '', '3', '001', 'A', 'SDGS', GETDATE());
INSERT INTO "MENUSELECTION_ENG"(MENU, SELECTION, PRESTEXT, PRESTEXTS, DESCRIPTION, SORTCODE, PRESENTATION, USERID, LOGDATE) VALUES ('T8_2', 'C080201', '8.2.1 Annual growth rate of real GDP per employed person', '', '', '001', 'A', 'SDGS', GETDATE());
INSERT INTO "MENUSELECTION"(MENU, SELECTION, PRESTEXT, PRESTEXTS, DESCRIPTION, LEVELNO, SORTCODE, PRESENTATION, USERID, LOGDATE) VALUES ('C080201', 'S82C08020101', 'C080201_01 - (%)???? ????? ?????? ????? ????? ?????? ?? ?????? ?????? ???????? ???????', '', '', '4', '001', 'A', 'SDGS', GETDATE());
INSERT INTO "MENUSELECTION_ENG"(MENU, SELECTION, PRESTEXT, PRESTEXTS, DESCRIPTION, SORTCODE, PRESENTATION, USERID, LOGDATE) VALUES ('C080201', 'S82C08020101', 'C080201_01 - Annual growth rate of real GDP per employed person (%)', '', '', '001', 'A', 'SDGS', GETDATE());
INSERT INTO "MENUSELECTION"(MENU, SELECTION, PRESTEXT, PRESTEXTS, DESCRIPTION, LEVELNO, SORTCODE, PRESENTATION, USERID, LOGDATE) VALUES ('08', 'T8_3', 'TARGET code 8.3   - تعزيز السياسات الموجهة نحو التنمية والتي تدعم الأنشطة الإنتاجية، وفرص العمل اللائق، ومباشرة الأعمال الحرة، والقدرة على الإبداع والابتكار، وتشجع على إضفاء الطابع الرسمي على المشاريع المتناهية الصغر والصغيرة والمتوسطة الحجم، ونموها، بما في ذلك من خلال الحصول على الخدمات المالية', '', '', '2', '004', 'A', 'SDGS', GETDATE());
INSERT INTO "MENUSELECTION_ENG"(MENU, SELECTION, PRESTEXT, PRESTEXTS, DESCRIPTION, SORTCODE, PRESENTATION, USERID, LOGDATE) VALUES ('08', 'T8_3', 'TARGET code 8.3   - Promote development-oriented policies that support productive activities, decent job creation, entrepreneurship, creativity and innovation, and encourage the formalization and growth of micro-, small- and medium-sized enterprises, including through access to financial services', '', '', '004', 'A', 'SDGS', GETDATE());
INSERT INTO "MENUSELECTION"(MENU, SELECTION, PRESTEXT, PRESTEXTS, DESCRIPTION, LEVELNO, SORTCODE, PRESENTATION, USERID, LOGDATE) VALUES ('T8_3', 'C080301', '8.3.1 نسبة العمالة غير الرسمية في غير العمالة الزراعية، بحسب الجنس', '', '', '3', '001', 'A', 'SDGS', GETDATE());
INSERT INTO "MENUSELECTION_ENG"(MENU, SELECTION, PRESTEXT, PRESTEXTS, DESCRIPTION, SORTCODE, PRESENTATION, USERID, LOGDATE) VALUES ('T8_3', 'C080301', '8.3.1 Proportion of informal employment in non‑agriculture employment, by sex', '', '', '001', 'A', 'SDGS', GETDATE());
INSERT INTO "MENUSELECTION"(MENU, SELECTION, PRESTEXT, PRESTEXTS, DESCRIPTION, LEVELNO, SORTCODE, PRESENTATION, USERID, LOGDATE) VALUES ('C080301', 'S83C08030101', 'C080301_01 - (%) ???? ??????? ??? ??????? ?? ??? ??????? ????????? ???? ?????', '', '', '4', '001', 'A', 'SDGS', GETDATE());
INSERT INTO "MENUSELECTION_ENG"(MENU, SELECTION, PRESTEXT, PRESTEXTS, DESCRIPTION, SORTCODE, PRESENTATION, USERID, LOGDATE) VALUES ('C080301', 'S83C08030101', 'C080301_01 - Proportion of informal employment in non-agriculture employment, by sex (ILO harmonized estimates) (%)', '', '', '001', 'A', 'SDGS', GETDATE());
INSERT INTO "MENUSELECTION"(MENU, SELECTION, PRESTEXT, PRESTEXTS, DESCRIPTION, LEVELNO, SORTCODE, PRESENTATION, USERID, LOGDATE) VALUES ('08', 'T8_4', 'TARGET code 8.4   - تحسين الكفاءة في استخدام الموارد العالمية في مجال الاستهلاك والإنتاج، تدريجيا، حتى عام 2030، والسعي إلى فصل النمو الاقتصادي عن التدهور البيئي، وفقا للإطار العشري للبرامج بشأن الاستهلاك والإنتاج المستدامين، مع اضطلاع البلدان المتقدمة النمو بدور الريادة', '', '', '2', '005', 'A', 'SDGS', GETDATE());
INSERT INTO "MENUSELECTION_ENG"(MENU, SELECTION, PRESTEXT, PRESTEXTS, DESCRIPTION, SORTCODE, PRESENTATION, USERID, LOGDATE) VALUES ('08', 'T8_4', 'TARGET code 8.4   - Improve progressively, through 2030, global resource efficiency in consumption and production and endeavour to decouple economic growth from environmental degradation, in accordance with the 10-Year Framework of Programmes on Sustainable Consumption and Production, with developed countries taking the lead', '', '', '005', 'A', 'SDGS', GETDATE());
INSERT INTO "MENUSELECTION"(MENU, SELECTION, PRESTEXT, PRESTEXTS, DESCRIPTION, LEVELNO, SORTCODE, PRESENTATION, USERID, LOGDATE) VALUES ('T8_4', 'C200202', '8.4.1 الأثر المادي ونصيب الفرد من الأثر المادي ونصيب الناتج المحلي الاجمالي من الأثر المادي', '', '', '3', '001', 'A', 'SDGS', GETDATE());
INSERT INTO "MENUSELECTION_ENG"(MENU, SELECTION, PRESTEXT, PRESTEXTS, DESCRIPTION, SORTCODE, PRESENTATION, USERID, LOGDATE) VALUES ('T8_4', 'C200202', '8.4.1 Material footprint, material footprint per capita, and material footprint per GDP', '', '', '001', 'A', 'SDGS', GETDATE());
INSERT INTO "MENUSELECTION"(MENU, SELECTION, PRESTEXT, PRESTEXTS, DESCRIPTION, LEVELNO, SORTCODE, PRESENTATION, USERID, LOGDATE) VALUES ('T8_4', 'C200203', '8.4.2 لاستهلاك المادي المحلي ونصيب الفرد من الاستهلاك المادي المحلي ونسبة الاستهلاك المادي المحلي إلى الناتج المحلي الإجمالي', '', '', '3', '002', 'A', 'SDGS', GETDATE());
INSERT INTO "MENUSELECTION_ENG"(MENU, SELECTION, PRESTEXT, PRESTEXTS, DESCRIPTION, SORTCODE, PRESENTATION, USERID, LOGDATE) VALUES ('T8_4', 'C200203', '8.4.2 Domestic material consumption, domestic material consumption per capita, and domestic material consumption per GDP', '', '', '002', 'A', 'SDGS', GETDATE());
INSERT INTO "MENUSELECTION"(MENU, SELECTION, PRESTEXT, PRESTEXTS, DESCRIPTION, LEVELNO, SORTCODE, PRESENTATION, USERID, LOGDATE) VALUES ('08', 'T8_5', 'TARGET code 8.5   - تحقيق العمالة الكاملة والمنتجة وتوفير العمل اللائق لجميع النساء والرجال، بما في ذلك الشباب والأشخاص ذوو الإعاقة، وتكافؤ الأجر لقاء العمل المتكافئ القيمة، بحلول عام 2030', '', '', '2', '006', 'A', 'SDGS', GETDATE());
INSERT INTO "MENUSELECTION_ENG"(MENU, SELECTION, PRESTEXT, PRESTEXTS, DESCRIPTION, SORTCODE, PRESENTATION, USERID, LOGDATE) VALUES ('08', 'T8_5', 'TARGET code 8.5   - By 2030, achieve full and productive employment and decent work for all women and men, including for young people and persons with disabilities, and equal pay for work of equal value', '', '', '006', 'A', 'SDGS', GETDATE());
INSERT INTO "MENUSELECTION"(MENU, SELECTION, PRESTEXT, PRESTEXTS, DESCRIPTION, LEVELNO, SORTCODE, PRESENTATION, USERID, LOGDATE) VALUES ('T8_5', 'C080501', '8.5.1 متوسط الدخل في الساعة للنساء والرجال العاملين، بحسب الوظيفة والعمر والأشخاص ذوي الإعاقة', '', '', '3', '001', 'A', 'SDGS', GETDATE());
INSERT INTO "MENUSELECTION_ENG"(MENU, SELECTION, PRESTEXT, PRESTEXTS, DESCRIPTION, SORTCODE, PRESENTATION, USERID, LOGDATE) VALUES ('T8_5', 'C080501', '8.5.1 Average hourly earnings of female and male employees, by occupation, age and persons with disabilities', '', '', '001', 'A', 'SDGS', GETDATE());
INSERT INTO "MENUSELECTION"(MENU, SELECTION, PRESTEXT, PRESTEXTS, DESCRIPTION, LEVELNO, SORTCODE, PRESENTATION, USERID, LOGDATE) VALUES ('C080501', 'S85C08050101', 'C080501_01 - (NIS) ????? ????? ?? ?????? ?????? ??????? ????????? ???? ??????? ?????? ???????? ??? ???????', '', '', '4', '001', 'A', 'SDGS', GETDATE());
INSERT INTO "MENUSELECTION_ENG"(MENU, SELECTION, PRESTEXT, PRESTEXTS, DESCRIPTION, SORTCODE, PRESENTATION, USERID, LOGDATE) VALUES ('C080501', 'S85C08050101', 'C080501_01 - Average hourly earnings of female and male employees, by occupation, age and persons with disabilities (NIS)', '', '', '001', 'A', 'SDGS', GETDATE());
INSERT INTO "MENUSELECTION"(MENU, SELECTION, PRESTEXT, PRESTEXTS, DESCRIPTION, LEVELNO, SORTCODE, PRESENTATION, USERID, LOGDATE) VALUES ('T8_5', 'C080502', '8.5.2 معدل البطالة، بحسب الجنس والعمر والأشخاص ذوي الإعاقة', '', '', '3', '002', 'A', 'SDGS', GETDATE());
INSERT INTO "MENUSELECTION_ENG"(MENU, SELECTION, PRESTEXT, PRESTEXTS, DESCRIPTION, SORTCODE, PRESENTATION, USERID, LOGDATE) VALUES ('T8_5', 'C080502', '8.5.2 Unemployment rate, by sex, age and persons with disabilities', '', '', '002', 'A', 'SDGS', GETDATE());
INSERT INTO "MENUSELECTION"(MENU, SELECTION, PRESTEXT, PRESTEXTS, DESCRIPTION, LEVELNO, SORTCODE, PRESENTATION, USERID, LOGDATE) VALUES ('C080502', 'S85C08050201', 'C080502_01 - ???? ???????? ???? ????? ?????? ???????? ??? ???????', '', '', '4', '001', 'A', 'SDGS', GETDATE());
INSERT INTO "MENUSELECTION_ENG"(MENU, SELECTION, PRESTEXT, PRESTEXTS, DESCRIPTION, SORTCODE, PRESENTATION, USERID, LOGDATE) VALUES ('C080502', 'S85C08050201', 'C080502_01 - Unemployment rate, by sex, age and persons with disabilities', '', '', '001', 'A', 'SDGS', GETDATE());
INSERT INTO "MENUSELECTION"(MENU, SELECTION, PRESTEXT, PRESTEXTS, DESCRIPTION, LEVELNO, SORTCODE, PRESENTATION, USERID, LOGDATE) VALUES ('08', 'T8_6', 'TARGET code 8.6   - الحد بدرجة كبيرة من نسبة الشباب غير الملتحقين بالعمالة أو التعليم أو التدريب بحلول عام 2020', '', '', '2', '007', 'A', 'SDGS', GETDATE());
INSERT INTO "MENUSELECTION_ENG"(MENU, SELECTION, PRESTEXT, PRESTEXTS, DESCRIPTION, SORTCODE, PRESENTATION, USERID, LOGDATE) VALUES ('08', 'T8_6', 'TARGET code 8.6   - By 2020, substantially reduce the proportion of youth not in employment, education or training', '', '', '007', 'A', 'SDGS', GETDATE());
INSERT INTO "MENUSELECTION"(MENU, SELECTION, PRESTEXT, PRESTEXTS, DESCRIPTION, LEVELNO, SORTCODE, PRESENTATION, USERID, LOGDATE) VALUES ('T8_6', 'C080601', '8.6.1 نسبة الشباب (الذين تتراوح أعمارهم بين 15 و 24 سنة) خارج دائرة التعليم والعمالة والتدريب', '', '', '3', '001', 'A', 'SDGS', GETDATE());
INSERT INTO "MENUSELECTION_ENG"(MENU, SELECTION, PRESTEXT, PRESTEXTS, DESCRIPTION, SORTCODE, PRESENTATION, USERID, LOGDATE) VALUES ('T8_6', 'C080601', '8.6.1 Proportion of youth (aged 15-24 years) not in education, employment or training', '', '', '001', 'A', 'SDGS', GETDATE());
INSERT INTO "MENUSELECTION"(MENU, SELECTION, PRESTEXT, PRESTEXTS, DESCRIPTION, LEVELNO, SORTCODE, PRESENTATION, USERID, LOGDATE) VALUES ('C080601', 'S86C08060101', 'C080601_01 - (%) ???? ?????? (????? ?????? ??????? ??? 15 ? 24 ???) ???? ????? ??????? ???????? ????????', '', '', '4', '001', 'A', 'SDGS', GETDATE());
INSERT INTO "MENUSELECTION_ENG"(MENU, SELECTION, PRESTEXT, PRESTEXTS, DESCRIPTION, SORTCODE, PRESENTATION, USERID, LOGDATE) VALUES ('C080601', 'S86C08060101', 'C080601_01 - Proportion of youth not in education, employment or training, by sex and age (%)', '', '', '001', 'A', 'SDGS', GETDATE());
INSERT INTO "MENUSELECTION"(MENU, SELECTION, PRESTEXT, PRESTEXTS, DESCRIPTION, LEVELNO, SORTCODE, PRESENTATION, USERID, LOGDATE) VALUES ('08', 'T8_7', 'TARGET code 8.7   - اتخاذ تدابير فورية وفعالة للقضاء على السخرة وإنهاء الرق المعاصر والاتجار بالبشر لضمان حظر واستئصال أسوأ أشكال عمل الأطفال، بما في ذلك تجنيدهم واستخدامهم كجنود، وإنهاء عمل الأطفال بجميع أشكاله بحلول عام 2025', '', '', '2', '008', 'A', 'SDGS', GETDATE());
INSERT INTO "MENUSELECTION_ENG"(MENU, SELECTION, PRESTEXT, PRESTEXTS, DESCRIPTION, SORTCODE, PRESENTATION, USERID, LOGDATE) VALUES ('08', 'T8_7', 'TARGET code 8.7   - Take immediate and effective measures to eradicate forced labour, end modern slavery and human trafficking and secure the prohibition and elimination of the worst forms of child labour, including recruitment and use of child soldiers, and by 2025 end child labour in all its forms', '', '', '008', 'A', 'SDGS', GETDATE());
INSERT INTO "MENUSELECTION"(MENU, SELECTION, PRESTEXT, PRESTEXTS, DESCRIPTION, LEVELNO, SORTCODE, PRESENTATION, USERID, LOGDATE) VALUES ('T8_7', 'C080701', '8.7.1  النسبة المئوية للأطفال الذين تتراوح أعمارهم بين 5 و 17 سنة والمنخرطين في سوق عمل الأطفال وعددهم، بحسب الجنس والعمر', '', '', '3', '001', 'A', 'SDGS', GETDATE());
INSERT INTO "MENUSELECTION_ENG"(MENU, SELECTION, PRESTEXT, PRESTEXTS, DESCRIPTION, SORTCODE, PRESENTATION, USERID, LOGDATE) VALUES ('T8_7', 'C080701', '8.7.1 Proportion and number of children aged 5‑17 years engaged in child labour, by sex and age', '', '', '001', 'A', 'SDGS', GETDATE());
INSERT INTO "MENUSELECTION"(MENU, SELECTION, PRESTEXT, PRESTEXTS, DESCRIPTION, LEVELNO, SORTCODE, PRESENTATION, USERID, LOGDATE) VALUES ('C080701', 'S87C08070101', 'C080701_01 - (%) ?????? ??????? ??????? ????????? ?? ??? ?????? ???? ????? ??????', '', '', '4', '001', 'A', 'SDGS', GETDATE());
INSERT INTO "MENUSELECTION_ENG"(MENU, SELECTION, PRESTEXT, PRESTEXTS, DESCRIPTION, SORTCODE, PRESENTATION, USERID, LOGDATE) VALUES ('C080701', 'S87C08070101', 'C080701_01 - Proportion of children engaged in economic activity, by sex and age  (%)', '', '', '001', 'A', 'SDGS', GETDATE());
INSERT INTO "MENUSELECTION"(MENU, SELECTION, PRESTEXT, PRESTEXTS, DESCRIPTION, LEVELNO, SORTCODE, PRESENTATION, USERID, LOGDATE) VALUES ('08', 'T8_8', 'TARGET code 8.8   - حماية حقوق العمل وتعزيز بيئة عمل سالمة وآمنة لجميع العمال، بمن فيهم العمال المهاجرون، وبخاصة المهاجرات، والعاملون في الوظائف غير المستقرة', '', '', '2', '009', 'A', 'SDGS', GETDATE());
INSERT INTO "MENUSELECTION_ENG"(MENU, SELECTION, PRESTEXT, PRESTEXTS, DESCRIPTION, SORTCODE, PRESENTATION, USERID, LOGDATE) VALUES ('08', 'T8_8', 'TARGET code 8.8   - Protect labour rights and promote safe and secure working environments for all workers, including migrant workers, in particular women migrants, and those in precarious employment', '', '', '009', 'A', 'SDGS', GETDATE());
INSERT INTO "MENUSELECTION"(MENU, SELECTION, PRESTEXT, PRESTEXTS, DESCRIPTION, LEVELNO, SORTCODE, PRESENTATION, USERID, LOGDATE) VALUES ('T8_8', 'C080801', '8.8.1  التواتر في معدلات إصابات العمل المميتة وغير المميتة، بحسب جنس المهاجرين ووضعهم', '', '', '3', '001', 'A', 'SDGS', GETDATE());
INSERT INTO "MENUSELECTION_ENG"(MENU, SELECTION, PRESTEXT, PRESTEXTS, DESCRIPTION, SORTCODE, PRESENTATION, USERID, LOGDATE) VALUES ('T8_8', 'C080801', '8.8.1 Frequency rates of fatal and non-fatal occupational injuries, by sex and migrant status', '', '', '001', 'A', 'SDGS', GETDATE());
INSERT INTO "MENUSELECTION"(MENU, SELECTION, PRESTEXT, PRESTEXTS, DESCRIPTION, LEVELNO, SORTCODE, PRESENTATION, USERID, LOGDATE) VALUES ('T8_8', 'C080802', '8.8.2 زيادة في الامتثال لحقوق العمل (حرية تكوين الجمعيات والمفاوضة الجماعية) استنادا إلى نصوص منظمة العمل الدولية والتشريعات الوطنية، بحسب الجنس ووضع المهاجرين', '', '', '3', '002', 'A', 'SDGS', GETDATE());
INSERT INTO "MENUSELECTION_ENG"(MENU, SELECTION, PRESTEXT, PRESTEXTS, DESCRIPTION, SORTCODE, PRESENTATION, USERID, LOGDATE) VALUES ('T8_8', 'C080802', '8.8.2 Level of national compliance of labour rights (freedom of association and collective bargaining) based on International Labour Organization (ILO) textual sources and national legislation, by sex and migrant status', '', '', '002', 'A', 'SDGS', GETDATE());
INSERT INTO "MENUSELECTION"(MENU, SELECTION, PRESTEXT, PRESTEXTS, DESCRIPTION, LEVELNO, SORTCODE, PRESENTATION, USERID, LOGDATE) VALUES ('08', 'T8_9', 'TARGET code 8.9   - وضع وتنفيذ سياسات تهدف إلى تعزيز السياحة المستدامة التي توفر فرص العمل وتعزز الثقافة والمنتجات المحلية بحلول عام 2030', '', '', '2', '010', 'A', 'SDGS', GETDATE());
INSERT INTO "MENUSELECTION_ENG"(MENU, SELECTION, PRESTEXT, PRESTEXTS, DESCRIPTION, SORTCODE, PRESENTATION, USERID, LOGDATE) VALUES ('08', 'T8_9', 'TARGET code 8.9   - By 2030, devise and implement policies to promote sustainable tourism that creates jobs and promotes local culture and products', '', '', '010', 'A', 'SDGS', GETDATE());
INSERT INTO "MENUSELECTION"(MENU, SELECTION, PRESTEXT, PRESTEXTS, DESCRIPTION, LEVELNO, SORTCODE, PRESENTATION, USERID, LOGDATE) VALUES ('T8_9', 'C080901', '8.9.1 الناتج المحلي الإجمالي للسياحة المباشرة كنسبة من مجموع الناتج المحلي الإجمالي ومن معدل النمو', '', '', '3', '001', 'A', 'SDGS', GETDATE());
INSERT INTO "MENUSELECTION_ENG"(MENU, SELECTION, PRESTEXT, PRESTEXTS, DESCRIPTION, SORTCODE, PRESENTATION, USERID, LOGDATE) VALUES ('T8_9', 'C080901', '8.9.1 Tourism direct GDP as a proportion of total GDP and in growth rate', '', '', '001', 'A', 'SDGS', GETDATE());
INSERT INTO "MENUSELECTION"(MENU, SELECTION, PRESTEXT, PRESTEXTS, DESCRIPTION, LEVELNO, SORTCODE, PRESENTATION, USERID, LOGDATE) VALUES ('C080901', 'S89C08090101', 'C080901_01 - (%)?????? ?????? ???????? ??????? ???????? ????? ?? ????? ?????? ?????? ???????? ??? ???? ?????', '', '', '4', '001', 'A', 'SDGS', GETDATE());
INSERT INTO "MENUSELECTION_ENG"(MENU, SELECTION, PRESTEXT, PRESTEXTS, DESCRIPTION, SORTCODE, PRESENTATION, USERID, LOGDATE) VALUES ('C080901', 'S89C08090101', 'C080901_01 - Tourism direct GDP as a proportion of total GDP and in growth rate (%)', '', '', '001', 'A', 'SDGS', GETDATE());
INSERT INTO "MENUSELECTION"(MENU, SELECTION, PRESTEXT, PRESTEXTS, DESCRIPTION, LEVELNO, SORTCODE, PRESENTATION, USERID, LOGDATE) VALUES ('08', 'T8_a', 'TARGET code 8.a   - زيادة دعم المعونة المقدمة من أجل التجارة للبلدان النامية، وبخاصة أقل البلدان نمواً، بوسائل منها الإطار المتكامل المعزز للمساعدة التقنية المتصلة بالتجارة المقدمة إلى أقل البلدان نمواً', '', '', '2', '011', 'A', 'SDGS', GETDATE());
INSERT INTO "MENUSELECTION_ENG"(MENU, SELECTION, PRESTEXT, PRESTEXTS, DESCRIPTION, SORTCODE, PRESENTATION, USERID, LOGDATE) VALUES ('08', 'T8_a', 'TARGET code 8.a   - Increase Aid for Trade support for developing countries, in particular least developed countries, including through the Enhanced Integrated Framework for Trade-related Technical Assistance to Least Developed Countries', '', '', '011', 'A', 'SDGS', GETDATE());
INSERT INTO "MENUSELECTION"(MENU, SELECTION, PRESTEXT, PRESTEXTS, DESCRIPTION, LEVELNO, SORTCODE, PRESENTATION, USERID, LOGDATE) VALUES ('T8_a', 'C080a01', '8.a.1 المعونة من أجل الالتزامات والمدفوعات المتصلة بالتجارة', '', '', '3', '001', 'A', 'SDGS', GETDATE());
INSERT INTO "MENUSELECTION_ENG"(MENU, SELECTION, PRESTEXT, PRESTEXTS, DESCRIPTION, SORTCODE, PRESENTATION, USERID, LOGDATE) VALUES ('T8_a', 'C080a01', '8.a.1 Aid for Trade commitments and disbursements', '', '', '001', 'A', 'SDGS', GETDATE());
INSERT INTO "MENUSELECTION"(MENU, SELECTION, PRESTEXT, PRESTEXTS, DESCRIPTION, LEVELNO, SORTCODE, PRESENTATION, USERID, LOGDATE) VALUES ('C080a01', 'S8aC080a0101', 'C080a01_01 - ?????? ???????? ??????? ?? ??? ???????  ??????? (??? ????  ?????????)', '', '', '4', '001', 'A', 'SDGS', GETDATE());
INSERT INTO "MENUSELECTION_ENG"(MENU, SELECTION, PRESTEXT, PRESTEXTS, DESCRIPTION, SORTCODE, PRESENTATION, USERID, LOGDATE) VALUES ('C080a01', 'S8aC080a0101', 'C080a01_01 - Total official flows (commitments) for Aid for Trade, by donor countries (millions of constant 2016 United States dollars)', '', '', '001', 'A', 'SDGS', GETDATE());
INSERT INTO "MENUSELECTION"(MENU, SELECTION, PRESTEXT, PRESTEXTS, DESCRIPTION, LEVELNO, SORTCODE, PRESENTATION, USERID, LOGDATE) VALUES ('C080a01', 'S8aC080a0102', 'C080a01_02 - ?????? ???????? ??????? ?? ??? ???????  ??????? (??? ??????  ??????)', '', '', '4', '002', 'A', 'SDGS', GETDATE());
INSERT INTO "MENUSELECTION_ENG"(MENU, SELECTION, PRESTEXT, PRESTEXTS, DESCRIPTION, SORTCODE, PRESENTATION, USERID, LOGDATE) VALUES ('C080a01', 'S8aC080a0102', 'C080a01_02 - Total official flows (disbursement) for Aid for Trade, by donor countries (millions of constant 2016 United States dollars)', '', '', '002', 'A', 'SDGS', GETDATE());
INSERT INTO "MENUSELECTION"(MENU, SELECTION, PRESTEXT, PRESTEXTS, DESCRIPTION, LEVELNO, SORTCODE, PRESENTATION, USERID, LOGDATE) VALUES ('08', 'T8_b', 'TARGET code 8.b   - وضع وتفعيل استراتيجية عالمية لتشغيل الشباب وتنفيذ الميثاق العالمي لتوفير فرص للعمل، الصادر عن منظمة العمل الدولية، بحلول عام 2020', '', '', '2', '012', 'A', 'SDGS', GETDATE());
INSERT INTO "MENUSELECTION_ENG"(MENU, SELECTION, PRESTEXT, PRESTEXTS, DESCRIPTION, SORTCODE, PRESENTATION, USERID, LOGDATE) VALUES ('08', 'T8_b', 'TARGET code 8.b   - By 2020, develop and operationalize a global strategy for youth employment and implement the Global Jobs Pact of the International Labour Organization', '', '', '012', 'A', 'SDGS', GETDATE());
INSERT INTO "MENUSELECTION"(MENU, SELECTION, PRESTEXT, PRESTEXTS, DESCRIPTION, LEVELNO, SORTCODE, PRESENTATION, USERID, LOGDATE) VALUES ('T8_b', 'C080b01', '8.b.1  وجود استراتيجية وطنية مكتملة وموضوعة موضع التنفيذ تتعلق بتشغيل الشباب، سواء كاستراتيجية قائمة بذاتها أو كعنصر من الاستراتيجية الوطنية للتشغيل', '', '', '3', '001', 'A', 'SDGS', GETDATE());
INSERT INTO "MENUSELECTION_ENG"(MENU, SELECTION, PRESTEXT, PRESTEXTS, DESCRIPTION, SORTCODE, PRESENTATION, USERID, LOGDATE) VALUES ('T8_b', 'C080b01', '8.b.1 Existence of a developed and operationalized national strategy for youth employment, as a distinct strategy or as part of a national employment strategy', '', '', '001', 'A', 'SDGS', GETDATE());
INSERT INTO "MENUSELECTION" (MENU, SELECTION, PRESTEXT, PRESTEXTS, DESCRIPTION, LEVELNO, SORTCODE, PRESENTATION, USERID, LOGDATE) VALUES ('START', '09', 'Goal AR9 - الصناعة والابتكار والهياكل الاساسية', '', '', '1', '009', 'A', 'SDGS', GETDATE());
INSERT INTO "MENUSELECTION_ENG" (MENU, SELECTION, PRESTEXT, PRESTEXTS, DESCRIPTION, SORTCODE, PRESENTATION, USERID, LOGDATE) VALUES ('START', '09', 'Goal9 - Industry, Innovation, and Infrastructure', '', '', '009', 'A', 'SDGS', GETDATE());
INSERT INTO "MENUSELECTION"(MENU, SELECTION, PRESTEXT, PRESTEXTS, DESCRIPTION, LEVELNO, SORTCODE, PRESENTATION, USERID, LOGDATE) VALUES ('09', 'T9_1', 'TARGET code 9.1   - إقامة بنى تحتية جيدة النوعية وموثوقة ومستدامة وقادرة على الصمود، بما في ذلك البنى التحتية الإقليمية والعابرة للحدود، لدعم التنمية الاقتصادية ورفاه الإنسان، مع التركيز على تيسير سُبُل وصول الجميع إليها بتكلفة ميسورة وعلى قدم المساواة', '', '', '2', '001', 'A', 'SDGS', GETDATE());
INSERT INTO "MENUSELECTION_ENG"(MENU, SELECTION, PRESTEXT, PRESTEXTS, DESCRIPTION, SORTCODE, PRESENTATION, USERID, LOGDATE) VALUES ('09', 'T9_1', 'TARGET code 9.1   - Develop quality, reliable, sustainable and resilient infrastructure, including regional and trans-border infrastructure, to support economic development and human well-being, with a focus on affordable and equitable access for all', '', '', '001', 'A', 'SDGS', GETDATE());
INSERT INTO "MENUSELECTION"(MENU, SELECTION, PRESTEXT, PRESTEXTS, DESCRIPTION, LEVELNO, SORTCODE, PRESENTATION, USERID, LOGDATE) VALUES ('T9_1', 'C090101', '9.1.1 نسبة سكان المناطق الريفية الذين يعيشون في نطاق 2 كم من طريق لكل الفصول', '', '', '3', '001', 'A', 'SDGS', GETDATE());
INSERT INTO "MENUSELECTION_ENG"(MENU, SELECTION, PRESTEXT, PRESTEXTS, DESCRIPTION, SORTCODE, PRESENTATION, USERID, LOGDATE) VALUES ('T9_1', 'C090101', '9.1.1 Proportion of the rural population who live within 2 km of an all-season road', '', '', '001', 'A', 'SDGS', GETDATE());
INSERT INTO "MENUSELECTION"(MENU, SELECTION, PRESTEXT, PRESTEXTS, DESCRIPTION, LEVELNO, SORTCODE, PRESENTATION, USERID, LOGDATE) VALUES ('T9_1', 'C090102', '9.1.2 جم نقل الركاب والبضائع، حسب وسيلة النقل', '', '', '3', '002', 'A', 'SDGS', GETDATE());
INSERT INTO "MENUSELECTION_ENG"(MENU, SELECTION, PRESTEXT, PRESTEXTS, DESCRIPTION, SORTCODE, PRESENTATION, USERID, LOGDATE) VALUES ('T9_1', 'C090102', '9.1.2 Passenger and freight volumes, by mode of transport', '', '', '002', 'A', 'SDGS', GETDATE());
INSERT INTO "MENUSELECTION"(MENU, SELECTION, PRESTEXT, PRESTEXTS, DESCRIPTION, LEVELNO, SORTCODE, PRESENTATION, USERID, LOGDATE) VALUES ('09', 'T9_2', 'TARGET code 9.2   - تعزيز التصنيع الشامل للجميع والمستدام، وتحقيق زيادة كبيرة بحلول عام 2030 في حصة الصناعة في العمالة وفي الناتج المحلي الإجمالي، بما يتماشى مع الظروف الوطنية، ومضاعفة حصتها في أقل البلدان نموا', '', '', '2', '002', 'A', 'SDGS', GETDATE());
INSERT INTO "MENUSELECTION_ENG"(MENU, SELECTION, PRESTEXT, PRESTEXTS, DESCRIPTION, SORTCODE, PRESENTATION, USERID, LOGDATE) VALUES ('09', 'T9_2', 'TARGET code 9.2   - Promote inclusive and sustainable industrialization and, by 2030, significantly raise industry''s share of employment and gross domestic product, in line with national circumstances, and double its share in least developed countries', '', '', '002', 'A', 'SDGS', GETDATE());
INSERT INTO "MENUSELECTION"(MENU, SELECTION, PRESTEXT, PRESTEXTS, DESCRIPTION, LEVELNO, SORTCODE, PRESENTATION, USERID, LOGDATE) VALUES ('T9_2', 'C090201', '9.2.1 القيمة المضافة من الصناعة التحويلية كنسبة من الناتج المحلي الإجمالي', '', '', '3', '001', 'A', 'SDGS', GETDATE());
INSERT INTO "MENUSELECTION_ENG"(MENU, SELECTION, PRESTEXT, PRESTEXTS, DESCRIPTION, SORTCODE, PRESENTATION, USERID, LOGDATE) VALUES ('T9_2', 'C090201', '9.2.1 Manufacturing value added as a proportion of GDP and per capita', '', '', '001', 'A', 'SDGS', GETDATE());
INSERT INTO "MENUSELECTION"(MENU, SELECTION, PRESTEXT, PRESTEXTS, DESCRIPTION, LEVELNO, SORTCODE, PRESENTATION, USERID, LOGDATE) VALUES ('C090201', 'S92C09020101', 'C090201_01 - (%)?????? ??????? ?? ??????? ????????? ????? ?? ?????? ?????? ????????', '', '', '4', '001', 'A', 'SDGS', GETDATE());
INSERT INTO "MENUSELECTION_ENG"(MENU, SELECTION, PRESTEXT, PRESTEXTS, DESCRIPTION, SORTCODE, PRESENTATION, USERID, LOGDATE) VALUES ('C090201', 'S92C09020101', 'C090201_01 - Manufacturing value added as a proportion of GDP (%)', '', '', '001', 'A', 'SDGS', GETDATE());
INSERT INTO "MENUSELECTION"(MENU, SELECTION, PRESTEXT, PRESTEXTS, DESCRIPTION, LEVELNO, SORTCODE, PRESENTATION, USERID, LOGDATE) VALUES ('C090201', 'S92C09020108', 'C090201_08 - (%)?????? ??????? ?? ??????? ????????? ??? ???? ?????', '', '', '4', '002', 'A', 'SDGS', GETDATE());
INSERT INTO "MENUSELECTION_ENG"(MENU, SELECTION, PRESTEXT, PRESTEXTS, DESCRIPTION, SORTCODE, PRESENTATION, USERID, LOGDATE) VALUES ('C090201', 'S92C09020108', 'C090201_08 - Manufacturing value added  per capita (%)', '', '', '002', 'A', 'SDGS', GETDATE());
INSERT INTO "MENUSELECTION"(MENU, SELECTION, PRESTEXT, PRESTEXTS, DESCRIPTION, LEVELNO, SORTCODE, PRESENTATION, USERID, LOGDATE) VALUES ('T9_2', 'C090202', '9.2.2 العمالة الصناعية كنسبة من مجموع العمالة', '', '', '3', '002', 'A', 'SDGS', GETDATE());
INSERT INTO "MENUSELECTION_ENG"(MENU, SELECTION, PRESTEXT, PRESTEXTS, DESCRIPTION, SORTCODE, PRESENTATION, USERID, LOGDATE) VALUES ('T9_2', 'C090202', '9.2.2 Manufacturing employment as a proportion of total employment', '', '', '002', 'A', 'SDGS', GETDATE());
INSERT INTO "MENUSELECTION"(MENU, SELECTION, PRESTEXT, PRESTEXTS, DESCRIPTION, LEVELNO, SORTCODE, PRESENTATION, USERID, LOGDATE) VALUES ('C090202', 'S92C09020201', 'C090202_01 - ( %)??????? ?? ??????? ????????? ????? ?? ????? ???????', '', '', '4', '001', 'A', 'SDGS', GETDATE());
INSERT INTO "MENUSELECTION_ENG"(MENU, SELECTION, PRESTEXT, PRESTEXTS, DESCRIPTION, SORTCODE, PRESENTATION, USERID, LOGDATE) VALUES ('C090202', 'S92C09020201', 'C090202_01 - Manufacturing employment as a proportion of total employment (%)', '', '', '001', 'A', 'SDGS', GETDATE());
INSERT INTO "MENUSELECTION"(MENU, SELECTION, PRESTEXT, PRESTEXTS, DESCRIPTION, LEVELNO, SORTCODE, PRESENTATION, USERID, LOGDATE) VALUES ('09', 'T9_3', 'TARGET code 9.3   -  زيادة فرص حصول المشاريع الصناعية الصغيرة الحجم وسائر المشاريع، ولا سيما في البلدان النامية، على الخدمات المالية، بما في ذلك الائتمانات ميسورة التكلفة، وإدماجها في سلاسل القيمة والأسواق', '', '', '2', '003', 'A', 'SDGS', GETDATE());
INSERT INTO "MENUSELECTION_ENG"(MENU, SELECTION, PRESTEXT, PRESTEXTS, DESCRIPTION, SORTCODE, PRESENTATION, USERID, LOGDATE) VALUES ('09', 'T9_3', 'TARGET code 9.3   - Increase the access of small-scale industrial and other enterprises, in particular in developing countries, to financial services, including affordable credit, and their integration into value chains and markets', '', '', '003', 'A', 'SDGS', GETDATE());
INSERT INTO "MENUSELECTION"(MENU, SELECTION, PRESTEXT, PRESTEXTS, DESCRIPTION, LEVELNO, SORTCODE, PRESENTATION, USERID, LOGDATE) VALUES ('T9_3', 'C090301', '9.3.1 نسبة المشاريع الصناعية الصغيرة من مجموع القيمة المضافة للصناعة', '', '', '3', '001', 'A', 'SDGS', GETDATE());
INSERT INTO "MENUSELECTION_ENG"(MENU, SELECTION, PRESTEXT, PRESTEXTS, DESCRIPTION, SORTCODE, PRESENTATION, USERID, LOGDATE) VALUES ('T9_3', 'C090301', '9.3.1 Proportion of small-scale industries in total industry value added', '', '', '001', 'A', 'SDGS', GETDATE());
INSERT INTO "MENUSELECTION"(MENU, SELECTION, PRESTEXT, PRESTEXTS, DESCRIPTION, LEVELNO, SORTCODE, PRESENTATION, USERID, LOGDATE) VALUES ('C090301', 'S93C09030101', 'C090301_01 - (%)???? ???????? ??????? ????? ?? ????? ?????? ??????? ?? ????????', '', '', '4', '001', 'A', 'SDGS', GETDATE());
INSERT INTO "MENUSELECTION_ENG"(MENU, SELECTION, PRESTEXT, PRESTEXTS, DESCRIPTION, SORTCODE, PRESENTATION, USERID, LOGDATE) VALUES ('C090301', 'S93C09030101', 'C090301_01 - Proportion of small-scale industries in total industry value added (%)', '', '', '001', 'A', 'SDGS', GETDATE());
INSERT INTO "MENUSELECTION"(MENU, SELECTION, PRESTEXT, PRESTEXTS, DESCRIPTION, LEVELNO, SORTCODE, PRESENTATION, USERID, LOGDATE) VALUES ('T9_3', 'C090302', '9.3.2  نسبة المشاريع الصناعية الصغيرة بقرض أو خط ائتمان', '', '', '3', '002', 'A', 'SDGS', GETDATE());
INSERT INTO "MENUSELECTION_ENG"(MENU, SELECTION, PRESTEXT, PRESTEXTS, DESCRIPTION, SORTCODE, PRESENTATION, USERID, LOGDATE) VALUES ('T9_3', 'C090302', '9.3.2 Proportion of small-scale industries with a loan or line of credit', '', '', '002', 'A', 'SDGS', GETDATE());
INSERT INTO "MENUSELECTION"(MENU, SELECTION, PRESTEXT, PRESTEXTS, DESCRIPTION, LEVELNO, SORTCODE, PRESENTATION, USERID, LOGDATE) VALUES ('C090302', 'S93C09030201', 'C090302_01 - (%)???? ???????? ???????? ??????? ???? ?? ?? ??????', '', '', '4', '001', 'A', 'SDGS', GETDATE());
INSERT INTO "MENUSELECTION_ENG"(MENU, SELECTION, PRESTEXT, PRESTEXTS, DESCRIPTION, SORTCODE, PRESENTATION, USERID, LOGDATE) VALUES ('C090302', 'S93C09030201', 'C090302_01 - Proportion of small-scale industries with a loan or line of credit(%)', '', '', '001', 'A', 'SDGS', GETDATE());
INSERT INTO "MENUSELECTION"(MENU, SELECTION, PRESTEXT, PRESTEXTS, DESCRIPTION, LEVELNO, SORTCODE, PRESENTATION, USERID, LOGDATE) VALUES ('09', 'T9_4', 'TARGET code 9.4   - تحسين البنى التحتية وتحديث الصناعات بحلول عام 2030 من أجل تحقيق استدامتها، مع زيادة كفاءة استخدام الموارد وزيادة اعتماد التكنولوجيات والعمليات الصناعية النظيفة والسليمة بيئيا، ومع قيام جميع البلدان باتخاذ إجراءات وفقا لقدراتها', '', '', '2', '004', 'A', 'SDGS', GETDATE());
INSERT INTO "MENUSELECTION_ENG"(MENU, SELECTION, PRESTEXT, PRESTEXTS, DESCRIPTION, SORTCODE, PRESENTATION, USERID, LOGDATE) VALUES ('09', 'T9_4', 'TARGET code 9.4   - By 2030, upgrade infrastructure and retrofit industries to make them sustainable, with increased resource-use efficiency and greater adoption of clean and environmentally sound technologies and industrial processes, with all countries taking action in accordance with their respective capabilities', '', '', '004', 'A', 'SDGS', GETDATE());
INSERT INTO "MENUSELECTION"(MENU, SELECTION, PRESTEXT, PRESTEXTS, DESCRIPTION, LEVELNO, SORTCODE, PRESENTATION, USERID, LOGDATE) VALUES ('T9_4', 'C090401', '9.4.1 انبعاثات CO2 لكل وحدة من القيمة المضافة', '', '', '3', '001', 'A', 'SDGS', GETDATE());
INSERT INTO "MENUSELECTION_ENG"(MENU, SELECTION, PRESTEXT, PRESTEXTS, DESCRIPTION, SORTCODE, PRESENTATION, USERID, LOGDATE) VALUES ('T9_4', 'C090401', '9.4.1 CO2 emission per unit of value added', '', '', '001', 'A', 'SDGS', GETDATE());
INSERT INTO "MENUSELECTION"(MENU, SELECTION, PRESTEXT, PRESTEXTS, DESCRIPTION, LEVELNO, SORTCODE, PRESENTATION, USERID, LOGDATE) VALUES ('C090401', 'S94C09040101', 'C090401_01 - ??/ ???????? ????? ??????) ???????? ???? ????? ??????? ??? ???? ?? ?????? ???????)', '', '', '4', '001', 'A', 'SDGS', GETDATE());
INSERT INTO "MENUSELECTION_ENG"(MENU, SELECTION, PRESTEXT, PRESTEXTS, DESCRIPTION, SORTCODE, PRESENTATION, USERID, LOGDATE) VALUES ('C090401', 'S94C09040101', 'C090401_01 - Carbon dioxide emissions per unit of manufacturing value added (kilogrammes of CO2 per constant 2010 United States dollars)', '', '', '001', 'A', 'SDGS', GETDATE());
INSERT INTO "MENUSELECTION"(MENU, SELECTION, PRESTEXT, PRESTEXTS, DESCRIPTION, LEVELNO, SORTCODE, PRESENTATION, USERID, LOGDATE) VALUES ('09', 'T9_5', 'TARGET code 9.5   - تعزيز البحث العلمي وتحسين القدرات التكنولوجية في القطاعات الصناعية في جميع البلدان، ولا سيما البلدان النامية، بما في ذلك، بحلول عام 2030، تشجيع الابتكار والزيادة بنسبة كبيرة في عدد العاملين في مجال البحث والتطوير لكل مليون شخص، وزيادة إنفاق القطاعين العام والخاص على البحث والتطوير', '', '', '2', '005', 'A', 'SDGS', GETDATE());
INSERT INTO "MENUSELECTION_ENG"(MENU, SELECTION, PRESTEXT, PRESTEXTS, DESCRIPTION, SORTCODE, PRESENTATION, USERID, LOGDATE) VALUES ('09', 'T9_5', 'TARGET code 9.5   - Enhance scientific research, upgrade the technological capabilities of industrial sectors in all countries, in particular developing countries, including, by 2030, encouraging innovation and substantially increasing the number of research and development workers per 1 million people and public and private research and development spending', '', '', '005', 'A', 'SDGS', GETDATE());
INSERT INTO "MENUSELECTION"(MENU, SELECTION, PRESTEXT, PRESTEXTS, DESCRIPTION, LEVELNO, SORTCODE, PRESENTATION, USERID, LOGDATE) VALUES ('T9_5', 'C090501', '9.5.1 الإنفاق على الأبحاث والتطوير كنسبة من الناتج المحلي الإجمالي', '', '', '3', '001', 'A', 'SDGS', GETDATE());
INSERT INTO "MENUSELECTION_ENG"(MENU, SELECTION, PRESTEXT, PRESTEXTS, DESCRIPTION, SORTCODE, PRESENTATION, USERID, LOGDATE) VALUES ('T9_5', 'C090501', '9.5.1 Research and development expenditure as a proportion of GDP', '', '', '001', 'A', 'SDGS', GETDATE());
INSERT INTO "MENUSELECTION"(MENU, SELECTION, PRESTEXT, PRESTEXTS, DESCRIPTION, LEVELNO, SORTCODE, PRESENTATION, USERID, LOGDATE) VALUES ('C090501', 'S95C09050101', 'C090501_01 - (%)??????? ??? ????? ???????? ????? ?? ?????? ?????? ????????', '', '', '4', '001', 'A', 'SDGS', GETDATE());
INSERT INTO "MENUSELECTION_ENG"(MENU, SELECTION, PRESTEXT, PRESTEXTS, DESCRIPTION, SORTCODE, PRESENTATION, USERID, LOGDATE) VALUES ('C090501', 'S95C09050101', 'C090501_01 - Research and development expenditure as a proportion of GDP (%)', '', '', '001', 'A', 'SDGS', GETDATE());
INSERT INTO "MENUSELECTION"(MENU, SELECTION, PRESTEXT, PRESTEXTS, DESCRIPTION, LEVELNO, SORTCODE, PRESENTATION, USERID, LOGDATE) VALUES ('T9_5', 'C090502', '9.5.2  الباحثون (بمعدل دوام كامل) لكل مليون نسمة', '', '', '3', '002', 'A', 'SDGS', GETDATE());
INSERT INTO "MENUSELECTION_ENG"(MENU, SELECTION, PRESTEXT, PRESTEXTS, DESCRIPTION, SORTCODE, PRESENTATION, USERID, LOGDATE) VALUES ('T9_5', 'C090502', '9.5.2 Researchers (in full-time equivalent) per million inhabitants', '', '', '002', 'A', 'SDGS', GETDATE());
INSERT INTO "MENUSELECTION"(MENU, SELECTION, PRESTEXT, PRESTEXTS, DESCRIPTION, LEVELNO, SORTCODE, PRESENTATION, USERID, LOGDATE) VALUES ('C090502', 'S95C09050201', 'C090502_01 - ???????? ?? ???? ????? (?????? ?????? ??????)  ??? ????? ????', '', '', '4', '001', 'A', 'SDGS', GETDATE());
INSERT INTO "MENUSELECTION_ENG"(MENU, SELECTION, PRESTEXT, PRESTEXTS, DESCRIPTION, SORTCODE, PRESENTATION, USERID, LOGDATE) VALUES ('C090502', 'S95C09050201', 'C090502_01 - Researchers (in full-time equivalent) per million inhabitants (per 1,000,000 population)', '', '', '001', 'A', 'SDGS', GETDATE());
INSERT INTO "MENUSELECTION"(MENU, SELECTION, PRESTEXT, PRESTEXTS, DESCRIPTION, LEVELNO, SORTCODE, PRESENTATION, USERID, LOGDATE) VALUES ('09', 'T9_a', 'TARGET code 9.a   - يسير تطوير البنى التحتية المستدامة والقادرة على الصمود في البلدان النامية من خلال تحسين الدعم المالي والتكنولوجي والتقني المقدم للبلدان الأفريقية، وأقل البلدان نموا، والبلدان النامية غير الساحلية، والدول الجزرية الصغيرة النامية', '', '', '2', '006', 'A', 'SDGS', GETDATE());
INSERT INTO "MENUSELECTION_ENG"(MENU, SELECTION, PRESTEXT, PRESTEXTS, DESCRIPTION, SORTCODE, PRESENTATION, USERID, LOGDATE) VALUES ('09', 'T9_a', 'TARGET code 9.a   - Facilitate sustainable and resilient infrastructure development in developing countries through enhanced financial, technological and technical support to African countries, least developed countries, landlocked developing countries and small island developing States', '', '', '006', 'A', 'SDGS', GETDATE());
INSERT INTO "MENUSELECTION"(MENU, SELECTION, PRESTEXT, PRESTEXTS, DESCRIPTION, LEVELNO, SORTCODE, PRESENTATION, USERID, LOGDATE) VALUES ('T9_a', 'C090a01', '9.a.1 مجموع التدفقات الرسمية الدولية (المساعدة الإنمائية الرسمية بالإضافة إلى التدفقات الرسمية الأخرى) للبنية التحتية', '', '', '3', '001', 'A', 'SDGS', GETDATE());
INSERT INTO "MENUSELECTION_ENG"(MENU, SELECTION, PRESTEXT, PRESTEXTS, DESCRIPTION, SORTCODE, PRESENTATION, USERID, LOGDATE) VALUES ('T9_a', 'C090a01', '9.a.1 Total official international support (official development assistance plus other official flows) to infrastructure', '', '', '001', 'A', 'SDGS', GETDATE());
INSERT INTO "MENUSELECTION"(MENU, SELECTION, PRESTEXT, PRESTEXTS, DESCRIPTION, LEVELNO, SORTCODE, PRESENTATION, USERID, LOGDATE) VALUES ('09', 'T9_b', 'TARGET code 9.b   - دعم تطوير التكنولوجيا المحلية والبحث والابتكار في البلدان النامية، بما في ذلك عن طريق كفالة وجود بيئة مؤاتية من حيث السياسات للتنويع الصناعي وإضافة قيمة للسلع الأساسية بين أمور أخرى', '', '', '2', '007', 'A', 'SDGS', GETDATE());
INSERT INTO "MENUSELECTION_ENG"(MENU, SELECTION, PRESTEXT, PRESTEXTS, DESCRIPTION, SORTCODE, PRESENTATION, USERID, LOGDATE) VALUES ('09', 'T9_b', 'TARGET code 9.b   - Support domestic technology development, research and innovation in developing countries, including by ensuring a conducive policy environment for, inter alia, industrial diversification and value addition to commodities', '', '', '007', 'A', 'SDGS', GETDATE());
INSERT INTO "MENUSELECTION"(MENU, SELECTION, PRESTEXT, PRESTEXTS, DESCRIPTION, LEVELNO, SORTCODE, PRESENTATION, USERID, LOGDATE) VALUES ('T9_b', 'C090b01', '9.b.1 نسبة القيمة المضافة للصناعة التكنولوجية المتقدمة والمتوسطة من مجموع القيمة المضافة', '', '', '3', '001', 'A', 'SDGS', GETDATE());
INSERT INTO "MENUSELECTION_ENG"(MENU, SELECTION, PRESTEXT, PRESTEXTS, DESCRIPTION, SORTCODE, PRESENTATION, USERID, LOGDATE) VALUES ('T9_b', 'C090b01', '9.b.1 Proportion of medium and high-tech industry value added in total value added', '', '', '001', 'A', 'SDGS', GETDATE());
INSERT INTO "MENUSELECTION"(MENU, SELECTION, PRESTEXT, PRESTEXTS, DESCRIPTION, LEVELNO, SORTCODE, PRESENTATION, USERID, LOGDATE) VALUES ('C090b01', 'S9bC090b0101', 'C090b01_01 - ???? ?????? ??????? ??????? ??????????? ???????? ????????? ?? ????? ?????? ??????? (??????? ?????????)', '', '', '4', '001', 'A', 'SDGS', GETDATE());
INSERT INTO "MENUSELECTION_ENG"(MENU, SELECTION, PRESTEXT, PRESTEXTS, DESCRIPTION, SORTCODE, PRESENTATION, USERID, LOGDATE) VALUES ('C090b01', 'S9bC090b0101', 'C090b01_01 - Proportion of medium and high-tech industry value added in total value added', '', '', '001', 'A', 'SDGS', GETDATE());
INSERT INTO "MENUSELECTION"(MENU, SELECTION, PRESTEXT, PRESTEXTS, DESCRIPTION, LEVELNO, SORTCODE, PRESENTATION, USERID, LOGDATE) VALUES ('09', 'T9_c', 'TARGET code 9.c   - تحقيق زيادة كبيرة في فرص الحصول على تكنولوجيا المعلومات والاتصالات، والسعي إلى توفير فرص الوصول الشامل والميسور إلى شبكة الإنترنت في أقل البلدان نموا بحلول عام 2020', '', '', '2', '008', 'A', 'SDGS', GETDATE());
INSERT INTO "MENUSELECTION_ENG"(MENU, SELECTION, PRESTEXT, PRESTEXTS, DESCRIPTION, SORTCODE, PRESENTATION, USERID, LOGDATE) VALUES ('09', 'T9_c', 'TARGET code 9.c   - Significantly increase access to information and communications technology and strive to provide universal and affordable access to the Internet in least developed countries by 2020', '', '', '008', 'A', 'SDGS', GETDATE());
INSERT INTO "MENUSELECTION"(MENU, SELECTION, PRESTEXT, PRESTEXTS, DESCRIPTION, LEVELNO, SORTCODE, PRESENTATION, USERID, LOGDATE) VALUES ('T9_c', 'C090c01', '9.c.1 نسبة الأفراد الذين تشملهم شبكات الهاتف الخلوي، حسب التكنولوجيا', '', '', '3', '001', 'A', 'SDGS', GETDATE());
INSERT INTO "MENUSELECTION_ENG"(MENU, SELECTION, PRESTEXT, PRESTEXTS, DESCRIPTION, SORTCODE, PRESENTATION, USERID, LOGDATE) VALUES ('T9_c', 'C090c01', '9.c.1 Proportion of population covered by a mobil=RIGHT(A1,LEN(A1)-3)e network, by technology', '', '', '001', 'A', 'SDGS', GETDATE());
INSERT INTO "MENUSELECTION"(MENU, SELECTION, PRESTEXT, PRESTEXTS, DESCRIPTION, LEVELNO, SORTCODE, PRESENTATION, USERID, LOGDATE) VALUES ('C090c01', 'S9cC090c0101', 'C090c01_01 - (%)???? ?????? ????????? ????? ?????? ???????? ???? ???????????', '', '', '4', '001', 'A', 'SDGS', GETDATE());
INSERT INTO "MENUSELECTION_ENG"(MENU, SELECTION, PRESTEXT, PRESTEXTS, DESCRIPTION, SORTCODE, PRESENTATION, USERID, LOGDATE) VALUES ('C090c01', 'S9cC090c0101', 'C090c01_01 - Proportion of population covered by a mobile network, by technology (%)', '', '', '001', 'A', 'SDGS', GETDATE());
INSERT INTO "MENUSELECTION" (MENU, SELECTION, PRESTEXT, PRESTEXTS, DESCRIPTION, LEVELNO, SORTCODE, PRESENTATION, USERID, LOGDATE) VALUES ('START', '10', 'Goal AR10 - الحد من اوجه عدم المساواة', '', '', '1', '010', 'A', 'SDGS', GETDATE());
INSERT INTO "MENUSELECTION_ENG" (MENU, SELECTION, PRESTEXT, PRESTEXTS, DESCRIPTION, SORTCODE, PRESENTATION, USERID, LOGDATE) VALUES ('START', '10', 'Goal10 - Reducing Inequalities', '', '', '010', 'A', 'SDGS', GETDATE());
INSERT INTO "MENUSELECTION"(MENU, SELECTION, PRESTEXT, PRESTEXTS, DESCRIPTION, LEVELNO, SORTCODE, PRESENTATION, USERID, LOGDATE) VALUES ('10', 'T10_1', 'TARGET code 10.1  - التوصل تدريجيا إلى تحقيق نمو الدخل ودعم استمرار ذلك النمو لأدنى 40 في المائة من السكان بمعدل أعلى من المعدل المتوسط الوطني بحلول عام 2030', '', '', '2', '001', 'A', 'SDGS', GETDATE());
INSERT INTO "MENUSELECTION_ENG"(MENU, SELECTION, PRESTEXT, PRESTEXTS, DESCRIPTION, SORTCODE, PRESENTATION, USERID, LOGDATE) VALUES ('10', 'T10_1', 'TARGET code 10.1  - By 2030, progressively achieve and sustain income growth of the bottom 40 per cent of the population at a rate higher than the national average', '', '', '001', 'A', 'SDGS', GETDATE());
INSERT INTO "MENUSELECTION"(MENU, SELECTION, PRESTEXT, PRESTEXTS, DESCRIPTION, LEVELNO, SORTCODE, PRESENTATION, USERID, LOGDATE) VALUES ('T10_1', 'C100101', '10.1.1 معدلات نمو نصيب الفرد من إنفاق الأسر المعيشية أو إيراداتها  ضمن أدنى 40 في المائة من السكان ومجموع السكان', '', '', '3', '001', 'A', 'SDGS', GETDATE());
INSERT INTO "MENUSELECTION_ENG"(MENU, SELECTION, PRESTEXT, PRESTEXTS, DESCRIPTION, SORTCODE, PRESENTATION, USERID, LOGDATE) VALUES ('T10_1', 'C100101', '10.1.1 Growth rates of household expenditure or income per capita among the bottom 40 per cent of the population and the total population', '', '', '001', 'A', 'SDGS', GETDATE());
INSERT INTO "MENUSELECTION"(MENU, SELECTION, PRESTEXT, PRESTEXTS, DESCRIPTION, LEVELNO, SORTCODE, PRESENTATION, USERID, LOGDATE) VALUES ('C100101', 'S101C10010101', 'C100101_01 - ?????? ??? ???? ????? ?? ????? ????? ???????? ?? ????????? ??? ???? 40 ?? ?????? ?? ?????? ?????? ??????', '', '', '4', '001', 'A', 'SDGS', GETDATE());
INSERT INTO "MENUSELECTION_ENG"(MENU, SELECTION, PRESTEXT, PRESTEXTS, DESCRIPTION, SORTCODE, PRESENTATION, USERID, LOGDATE) VALUES ('C100101', 'S101C10010101', 'C100101_01 - Growth rates of household expenditure or income per capita (%)', '', '', '001', 'A', 'SDGS', GETDATE());
INSERT INTO "MENUSELECTION"(MENU, SELECTION, PRESTEXT, PRESTEXTS, DESCRIPTION, LEVELNO, SORTCODE, PRESENTATION, USERID, LOGDATE) VALUES ('10', 'T10_2', 'TARGET code 10.2  - تمكين وتعزيز الإدماج الاجتماعي والاقتصادي والسياسي للجميع، بغض النظر عن السن أو الجنس أو الإعاقة أو العرق أو الإثنية أو الأصل أو الدين أو الوضع الاقتصادي أو غير ذلك، بحلول عام 2030', '', '', '2', '002', 'A', 'SDGS', GETDATE());
INSERT INTO "MENUSELECTION_ENG"(MENU, SELECTION, PRESTEXT, PRESTEXTS, DESCRIPTION, SORTCODE, PRESENTATION, USERID, LOGDATE) VALUES ('10', 'T10_2', 'TARGET code 10.2  - By 2030, empower and promote the social, economic and political inclusion of all, irrespective of age, sex, disability, race, ethnicity, origin, religion or economic or other status', '', '', '002', 'A', 'SDGS', GETDATE());
INSERT INTO "MENUSELECTION"(MENU, SELECTION, PRESTEXT, PRESTEXTS, DESCRIPTION, LEVELNO, SORTCODE, PRESENTATION, USERID, LOGDATE) VALUES ('T10_2', 'C100201', '10.2.1 نسبة السكان الذين يعيشون دون 50 في المائة من متوسط الدخل، بحسب العمر والجنس والأشخاصذوي الإعاقة', '', '', '3', '001', 'A', 'SDGS', GETDATE());
INSERT INTO "MENUSELECTION_ENG"(MENU, SELECTION, PRESTEXT, PRESTEXTS, DESCRIPTION, SORTCODE, PRESENTATION, USERID, LOGDATE) VALUES ('T10_2', 'C100201', '10.2.1 Proportion of people living below 50 per cent of median income, by sex, age and persons with disabilities', '', '', '001', 'A', 'SDGS', GETDATE());
INSERT INTO "MENUSELECTION"(MENU, SELECTION, PRESTEXT, PRESTEXTS, DESCRIPTION, LEVELNO, SORTCODE, PRESENTATION, USERID, LOGDATE) VALUES ('10', 'T10_3', 'TARGET code 10.3  - ضمان تكافؤ الفرص والحد من أوجه انعدام المساواة في النتائج، بما في ذلك من خلال إزالة القوانين والسياسات والممارسات التمييزية، وتعزيز التشريعات والسياسات والإجراءات الملائمة في هذا الصدد', '', '', '2', '003', 'A', 'SDGS', GETDATE());
INSERT INTO "MENUSELECTION_ENG"(MENU, SELECTION, PRESTEXT, PRESTEXTS, DESCRIPTION, SORTCODE, PRESENTATION, USERID, LOGDATE) VALUES ('10', 'T10_3', 'TARGET code 10.3  - Ensure equal opportunity and reduce inequalities of outcome, including by eliminating discriminatory laws, policies and practices and promoting appropriate legislation, policies and action in this regard', '', '', '003', 'A', 'SDGS', GETDATE());
INSERT INTO "MENUSELECTION"(MENU, SELECTION, PRESTEXT, PRESTEXTS, DESCRIPTION, LEVELNO, SORTCODE, PRESENTATION, USERID, LOGDATE) VALUES ('T10_3', 'C200204', '10.3.1 نسبة السكان الذين أبلغوا أنهم شعروا شخصيا بتعرضهم للتمييز أو المضايقة خلال الاثني عشر شهرا الماضية، استناداً إلى أساس من التمييز المحظور بموجب القانون الدولي لحقوق الإنسان', '', '', '3', '001', 'A', 'SDGS', GETDATE());
INSERT INTO "MENUSELECTION_ENG"(MENU, SELECTION, PRESTEXT, PRESTEXTS, DESCRIPTION, SORTCODE, PRESENTATION, USERID, LOGDATE) VALUES ('T10_3', 'C200204', '10.3.1 Proportion of population reporting having personally felt discriminated against or harassed in the previous 12 months on the basis of a ground of discrimination prohibited under international human rights law', '', '', '001', 'A', 'SDGS', GETDATE());
INSERT INTO "MENUSELECTION"(MENU, SELECTION, PRESTEXT, PRESTEXTS, DESCRIPTION, LEVELNO, SORTCODE, PRESENTATION, USERID, LOGDATE) VALUES ('C200204', 'S103C20020401', 'C200204_01 - ???? ?????? ????? ?????? ???? ????? ????? ??????? ??????? ?? ???????? ???? ?????? ??? ???? ???????? ???????? ??? ???? ?? ??????? ??????? ????? ??????? ?????? ????? ???????', '', '', '4', '001', 'A', 'SDGS', GETDATE());
INSERT INTO "MENUSELECTION_ENG"(MENU, SELECTION, PRESTEXT, PRESTEXTS, DESCRIPTION, SORTCODE, PRESENTATION, USERID, LOGDATE) VALUES ('C200204', 'S103C20020401', 'C200204_01 - Proportion of population reporting having personally felt discriminated against or harassed in the previous 12 months on the basis of a ground of discrimination prohibited under international human rights law', '', '', '001', 'A', 'SDGS', GETDATE());
INSERT INTO "MENUSELECTION"(MENU, SELECTION, PRESTEXT, PRESTEXTS, DESCRIPTION, LEVELNO, SORTCODE, PRESENTATION, USERID, LOGDATE) VALUES ('10', 'T10_4', 'TARGET code 10.4  - اعتماد سياسات، ولا سيما السياسات المالية وسياسات الأجور والحماية الاجتماعية، وتحقيق قدر أكبر من المساواة تدريجيا', '', '', '2', '004', 'A', 'SDGS', GETDATE());
INSERT INTO "MENUSELECTION_ENG"(MENU, SELECTION, PRESTEXT, PRESTEXTS, DESCRIPTION, SORTCODE, PRESENTATION, USERID, LOGDATE) VALUES ('10', 'T10_4', 'TARGET code 10.4  - Adopt policies, especially fiscal, wage and social protection policies, and progressively achieve greater equality', '', '', '004', 'A', 'SDGS', GETDATE());
INSERT INTO "MENUSELECTION"(MENU, SELECTION, PRESTEXT, PRESTEXTS, DESCRIPTION, LEVELNO, SORTCODE, PRESENTATION, USERID, LOGDATE) VALUES ('T10_4', 'C100401', '10.4.1 حصة العمل في الناتج المحلي الإجمالي، بما في ذلك الأجور  ومدفوعات الحماية  الاجتماعية', '', '', '3', '001', 'A', 'SDGS', GETDATE());
INSERT INTO "MENUSELECTION_ENG"(MENU, SELECTION, PRESTEXT, PRESTEXTS, DESCRIPTION, SORTCODE, PRESENTATION, USERID, LOGDATE) VALUES ('T10_4', 'C100401', '10.4.1 Labour share of GDP, comprising wages and social protection transfers', '', '', '001', 'A', 'SDGS', GETDATE());
INSERT INTO "MENUSELECTION"(MENU, SELECTION, PRESTEXT, PRESTEXTS, DESCRIPTION, LEVELNO, SORTCODE, PRESENTATION, USERID, LOGDATE) VALUES ('T10_4', 'C100402', '10.4.2 أثر السياسة المالية من حيث إعادة التوزيع', '', '', '3', '002', 'A', 'SDGS', GETDATE());
INSERT INTO "MENUSELECTION_ENG"(MENU, SELECTION, PRESTEXT, PRESTEXTS, DESCRIPTION, SORTCODE, PRESENTATION, USERID, LOGDATE) VALUES ('T10_4', 'C100402', '10.4.2 Redistributive impact of fiscal policy', '', '', '002', 'A', 'SDGS', GETDATE());
INSERT INTO "MENUSELECTION"(MENU, SELECTION, PRESTEXT, PRESTEXTS, DESCRIPTION, LEVELNO, SORTCODE, PRESENTATION, USERID, LOGDATE) VALUES ('10', 'T10_5', 'TARGET code 10.5  - تحسين تنظيم ورصد الأسواق والمؤسسات المالية العالمية وتعزيز تنفيذ تلك التنظيمات', '', '', '2', '005', 'A', 'SDGS', GETDATE());
INSERT INTO "MENUSELECTION_ENG"(MENU, SELECTION, PRESTEXT, PRESTEXTS, DESCRIPTION, SORTCODE, PRESENTATION, USERID, LOGDATE) VALUES ('10', 'T10_5', 'TARGET code 10.5  - Improve the regulation and monitoring of global financial markets and institutions and strengthen the implementation of such regulations', '', '', '005', 'A', 'SDGS', GETDATE());
INSERT INTO "MENUSELECTION"(MENU, SELECTION, PRESTEXT, PRESTEXTS, DESCRIPTION, LEVELNO, SORTCODE, PRESENTATION, USERID, LOGDATE) VALUES ('T10_5', 'C100501', '10.5.1 مؤشرات السلامة المالية', '', '', '3', '001', 'A', 'SDGS', GETDATE());
INSERT INTO "MENUSELECTION_ENG"(MENU, SELECTION, PRESTEXT, PRESTEXTS, DESCRIPTION, SORTCODE, PRESENTATION, USERID, LOGDATE) VALUES ('T10_5', 'C100501', '10.5.1 Financial Soundness Indicators', '', '', '001', 'A', 'SDGS', GETDATE());
INSERT INTO "MENUSELECTION"(MENU, SELECTION, PRESTEXT, PRESTEXTS, DESCRIPTION, LEVELNO, SORTCODE, PRESENTATION, USERID, LOGDATE) VALUES ('10', 'T10_6', 'TARGET code 10.6  - ضمان تعزيز تمثيل البلدان النامية وإسماع صوتها في عملية صنع القرار في المؤسسات الاقتصادية والمالية الدولية العالمية، من أجل تحقيق المزيد من الفعالية والمصداقية والمساءلة والشرعية للمؤسسات', '', '', '2', '006', 'A', 'SDGS', GETDATE());
INSERT INTO "MENUSELECTION_ENG"(MENU, SELECTION, PRESTEXT, PRESTEXTS, DESCRIPTION, SORTCODE, PRESENTATION, USERID, LOGDATE) VALUES ('10', 'T10_6', 'TARGET code 10.6  - Ensure enhanced representation and voice for developing countries in decision-making in global international economic and financial institutions in order to deliver more effective, credible, accountable and legitimate institutions', '', '', '006', 'A', 'SDGS', GETDATE());
INSERT INTO "MENUSELECTION"(MENU, SELECTION, PRESTEXT, PRESTEXTS, DESCRIPTION, LEVELNO, SORTCODE, PRESENTATION, USERID, LOGDATE) VALUES ('T10_6', 'C200205', '10.6.1  نسبة البلدان النامية الأعضاء في المنظمات الدولية وحقوقها في التصويت في تلك المنظمات', '', '', '3', '001', 'A', 'SDGS', GETDATE());
INSERT INTO "MENUSELECTION_ENG"(MENU, SELECTION, PRESTEXT, PRESTEXTS, DESCRIPTION, SORTCODE, PRESENTATION, USERID, LOGDATE) VALUES ('T10_6', 'C200205', '10.6.1 Proportion of members and voting rights of developing countries in international organizations', '', '', '001', 'A', 'SDGS', GETDATE());
INSERT INTO "MENUSELECTION"(MENU, SELECTION, PRESTEXT, PRESTEXTS, DESCRIPTION, LEVELNO, SORTCODE, PRESENTATION, USERID, LOGDATE) VALUES ('C200205', 'S106C20020501', 'C200205_01 - ????? ??????? ??????? ?? ???????? ??????? (???=1? ??=2)', '', '', '4', '001', 'A', 'SDGS', GETDATE());
INSERT INTO "MENUSELECTION_ENG"(MENU, SELECTION, PRESTEXT, PRESTEXTS, DESCRIPTION, SORTCODE, PRESENTATION, USERID, LOGDATE) VALUES ('C200205', 'S106C20020501', 'C200205_01 - membership of developing countries in international organizations (Yes=1; No=2)', '', '', '001', 'A', 'SDGS', GETDATE());
INSERT INTO "MENUSELECTION"(MENU, SELECTION, PRESTEXT, PRESTEXTS, DESCRIPTION, LEVELNO, SORTCODE, PRESENTATION, USERID, LOGDATE) VALUES ('C200205', 'S106C20020502', 'C200205_02 - ???? ??????? ??????? ??????? ?? ???????? ??????? (???=1? ??=2)', '', '', '4', '002', 'A', 'SDGS', GETDATE());
INSERT INTO "MENUSELECTION_ENG"(MENU, SELECTION, PRESTEXT, PRESTEXTS, DESCRIPTION, SORTCODE, PRESENTATION, USERID, LOGDATE) VALUES ('C200205', 'S106C20020502', 'C200205_02 - voting rights of developing countries in international organizations (Yes=1; No=2)', '', '', '002', 'A', 'SDGS', GETDATE());
INSERT INTO "MENUSELECTION"(MENU, SELECTION, PRESTEXT, PRESTEXTS, DESCRIPTION, LEVELNO, SORTCODE, PRESENTATION, USERID, LOGDATE) VALUES ('10', 'T10_7', 'TARGET code 10.7  - تيسير الهجرة وتنقل الأشخاص على نحو منظم وآمن ومنتظم ومتسم بالمسؤولية، بما في ذلك من خلال تنفيذ سياسات الهجرة المخطط لها والتي تتسم بحسن الإدارة', '', '', '2', '007', 'A', 'SDGS', GETDATE());
INSERT INTO "MENUSELECTION_ENG"(MENU, SELECTION, PRESTEXT, PRESTEXTS, DESCRIPTION, SORTCODE, PRESENTATION, USERID, LOGDATE) VALUES ('10', 'T10_7', 'TARGET code 10.7  - Facilitate orderly, safe, regular and responsible migration and mobility of people, including through the implementation of planned and well-managed migration policies', '', '', '007', 'A', 'SDGS', GETDATE());
INSERT INTO "MENUSELECTION"(MENU, SELECTION, PRESTEXT, PRESTEXTS, DESCRIPTION, LEVELNO, SORTCODE, PRESENTATION, USERID, LOGDATE) VALUES ('T10_7', 'C100701', '10.7.1  تكاليف التوظيف التي يتحملها الموظف كنسبة من الإيرادات السنوية  في بلد المقصد', '', '', '3', '001', 'A', 'SDGS', GETDATE());
INSERT INTO "MENUSELECTION_ENG"(MENU, SELECTION, PRESTEXT, PRESTEXTS, DESCRIPTION, SORTCODE, PRESENTATION, USERID, LOGDATE) VALUES ('T10_7', 'C100701', '10.7.1 Recruitment cost borne by employee as a proportion of yearly income earned in country of destination', '', '', '001', 'A', 'SDGS', GETDATE());
INSERT INTO "MENUSELECTION"(MENU, SELECTION, PRESTEXT, PRESTEXTS, DESCRIPTION, LEVELNO, SORTCODE, PRESENTATION, USERID, LOGDATE) VALUES ('C100701', 'S107C10070101', 'C100701_01 - ?????? ??????? ???? ??????? ??????? ????? ?? ????????? ??????? ?? ??? ??????', '', '', '4', '001', 'A', 'SDGS', GETDATE());
INSERT INTO "MENUSELECTION_ENG"(MENU, SELECTION, PRESTEXT, PRESTEXTS, DESCRIPTION, SORTCODE, PRESENTATION, USERID, LOGDATE) VALUES ('C100701', 'S107C10070101', 'C100701_01 - Recruitment cost borne by employee as a proportion of yearly income earned in country of destination', '', '', '001', 'A', 'SDGS', GETDATE());
INSERT INTO "MENUSELECTION"(MENU, SELECTION, PRESTEXT, PRESTEXTS, DESCRIPTION, LEVELNO, SORTCODE, PRESENTATION, USERID, LOGDATE) VALUES ('T10_7', 'C100702', '10.7.2  عدد البلدان التي نفذت سياسات هجرة متسمة بحسن الادارة', '', '', '3', '002', 'A', 'SDGS', GETDATE());
INSERT INTO "MENUSELECTION_ENG"(MENU, SELECTION, PRESTEXT, PRESTEXTS, DESCRIPTION, SORTCODE, PRESENTATION, USERID, LOGDATE) VALUES ('T10_7', 'C100702', '10.7.2 Number of countries that have implemented well-managed migration policies', '', '', '002', 'A', 'SDGS', GETDATE());
INSERT INTO "MENUSELECTION"(MENU, SELECTION, PRESTEXT, PRESTEXTS, DESCRIPTION, LEVELNO, SORTCODE, PRESENTATION, USERID, LOGDATE) VALUES ('T10_7', 'C100703', '10.7.3 عدد الأشخاص الذين ماتوا أو اختفوا في عملية الهجرة نحو وجهة دولية', '', '', '3', '003', 'A', 'SDGS', GETDATE());
INSERT INTO "MENUSELECTION_ENG"(MENU, SELECTION, PRESTEXT, PRESTEXTS, DESCRIPTION, SORTCODE, PRESENTATION, USERID, LOGDATE) VALUES ('T10_7', 'C100703', '10.7.3 Number of people who died or disappeared in the process of migration towards an international destination', '', '', '003', 'A', 'SDGS', GETDATE());
INSERT INTO "MENUSELECTION"(MENU, SELECTION, PRESTEXT, PRESTEXTS, DESCRIPTION, LEVELNO, SORTCODE, PRESENTATION, USERID, LOGDATE) VALUES ('T10_7', 'C100704', '10.7.4 نسبة السكان اللاجئين، بحسب البلد الأصلي', '', '', '3', '004', 'A', 'SDGS', GETDATE());
INSERT INTO "MENUSELECTION_ENG"(MENU, SELECTION, PRESTEXT, PRESTEXTS, DESCRIPTION, SORTCODE, PRESENTATION, USERID, LOGDATE) VALUES ('T10_7', 'C100704', '10.7.4 Proportion of the population who are refugees, by country of origin', '', '', '004', 'A', 'SDGS', GETDATE());
INSERT INTO "MENUSELECTION"(MENU, SELECTION, PRESTEXT, PRESTEXTS, DESCRIPTION, LEVELNO, SORTCODE, PRESENTATION, USERID, LOGDATE) VALUES ('10', 'T10_a', 'TARGET code 10.a  - تنفيذ مبدأ المعاملة الخاصة والتفضيلية للبلدان النامية، وبخاصة أقل البلدان نموا، بما يتماشى مع اتفاقات منظمة التجارة العالمية', '', '', '2', '008', 'A', 'SDGS', GETDATE());
INSERT INTO "MENUSELECTION_ENG"(MENU, SELECTION, PRESTEXT, PRESTEXTS, DESCRIPTION, SORTCODE, PRESENTATION, USERID, LOGDATE) VALUES ('10', 'T10_a', 'TARGET code 10.a  - Implement the principle of special and differential treatment for developing countries, in particular least developed countries, in accordance with World Trade Organization agreements', '', '', '008', 'A', 'SDGS', GETDATE());
INSERT INTO "MENUSELECTION"(MENU, SELECTION, PRESTEXT, PRESTEXTS, DESCRIPTION, LEVELNO, SORTCODE, PRESENTATION, USERID, LOGDATE) VALUES ('T10_a', 'C100a01', '10.a.1  نسبة بنود التعريفات الجمركية المطبقة على الواردات من أقل البلدان  نموا والبلدان النامية المتمتعة بالإعفاء الكامل من الرسوم الجمركية', '', '', '3', '001', 'A', 'SDGS', GETDATE());
INSERT INTO "MENUSELECTION_ENG"(MENU, SELECTION, PRESTEXT, PRESTEXTS, DESCRIPTION, SORTCODE, PRESENTATION, USERID, LOGDATE) VALUES ('T10_a', 'C100a01', '10.a.1 Proportion of tariff lines applied to imports from least developed countries and developing countries with zero-tariff', '', '', '001', 'A', 'SDGS', GETDATE());
INSERT INTO "MENUSELECTION"(MENU, SELECTION, PRESTEXT, PRESTEXTS, DESCRIPTION, LEVELNO, SORTCODE, PRESENTATION, USERID, LOGDATE) VALUES ('10', 'T10_b', 'TARGET code 10.b  - تشجيع المساعدة الإنمائية الرسمية والتدفقات المالية، بما في ذلك الاستثمار الأجنبي المباشر، إلى الدول التي تشتد الحاجة فيها إليها، ولا سيما أقل البلدان نموا، والبلدان الأفريقية، والدول الجزرية الصغيرة النامية، والبلدان النامية غير الساحلية، وفقا لخططها وبرامجها الوطنية', '', '', '2', '009', 'A', 'SDGS', GETDATE());
INSERT INTO "MENUSELECTION_ENG"(MENU, SELECTION, PRESTEXT, PRESTEXTS, DESCRIPTION, SORTCODE, PRESENTATION, USERID, LOGDATE) VALUES ('10', 'T10_b', 'TARGET code 10.b  - Encourage official development assistance and financial flows, including foreign direct investment, to States where the need is greatest, in particular least developed countries, African countries, small island developing States and landlocked developing countries, in accordance with their national plans and programmes', '', '', '009', 'A', 'SDGS', GETDATE());
INSERT INTO "MENUSELECTION"(MENU, SELECTION, PRESTEXT, PRESTEXTS, DESCRIPTION, LEVELNO, SORTCODE, PRESENTATION, USERID, LOGDATE) VALUES ('T10_b', 'C100b01', '10.b.1 مجموع تدفقات الموارد المخصصة للتنمية، بحسب البلدان المستفيدة والبلدان المانحة وأنواع التدفقات (على سبيل المثال المساعدة الإنمائية الرسمية، والاستثمار الأجنبي المباشر، والتدفقات الأخرى)', '', '', '3', '001', 'A', 'SDGS', GETDATE());
INSERT INTO "MENUSELECTION_ENG"(MENU, SELECTION, PRESTEXT, PRESTEXTS, DESCRIPTION, SORTCODE, PRESENTATION, USERID, LOGDATE) VALUES ('T10_b', 'C100b01', '10.b.1 Total resource flows for development, by recipient and donor countries and type of flow (e.g. official development assistance, foreign direct investment and other flows)', '', '', '001', 'A', 'SDGS', GETDATE());
INSERT INTO "MENUSELECTION"(MENU, SELECTION, PRESTEXT, PRESTEXTS, DESCRIPTION, LEVELNO, SORTCODE, PRESENTATION, USERID, LOGDATE) VALUES ('10', 'T10_c', 'TARGET code 10.c  - خفض تكاليف معاملات تحويلات المهاجرين إلى أقل من 3 في المائة، وإلغاء قنوات التحويلات المالية التي تربو تكاليفها على 5 في المائة، بحلول عام 2030', '', '', '2', '010', 'A', 'SDGS', GETDATE());
INSERT INTO "MENUSELECTION_ENG"(MENU, SELECTION, PRESTEXT, PRESTEXTS, DESCRIPTION, SORTCODE, PRESENTATION, USERID, LOGDATE) VALUES ('10', 'T10_c', 'TARGET code 10.c  - By 2030, reduce to less than 3 per cent the transaction costs of migrant remittances and eliminate remittance corridors with costs higher than 5 per cent', '', '', '010', 'A', 'SDGS', GETDATE());
INSERT INTO "MENUSELECTION"(MENU, SELECTION, PRESTEXT, PRESTEXTS, DESCRIPTION, LEVELNO, SORTCODE, PRESENTATION, USERID, LOGDATE) VALUES ('T10_c', 'C100c01', '10.c.1 تكاليف التحويلات المالية كنسبة من المبالغ المحولة', '', '', '3', '001', 'A', 'SDGS', GETDATE());
INSERT INTO "MENUSELECTION_ENG"(MENU, SELECTION, PRESTEXT, PRESTEXTS, DESCRIPTION, SORTCODE, PRESENTATION, USERID, LOGDATE) VALUES ('T10_c', 'C100c01', '10.c.1 Remittance costs as a proportion of the amount remitted', '', '', '001', 'A', 'SDGS', GETDATE());
INSERT INTO "MENUSELECTION"(MENU, SELECTION, PRESTEXT, PRESTEXTS, DESCRIPTION, LEVELNO, SORTCODE, PRESENTATION, USERID, LOGDATE) VALUES ('C100c01', 'S10cC100c0101', 'C100c01_01 - ?????? ????????? ??????? ????? ?? ??????? ???????', '', '', '4', '001', 'A', 'SDGS', GETDATE());
INSERT INTO "MENUSELECTION_ENG"(MENU, SELECTION, PRESTEXT, PRESTEXTS, DESCRIPTION, SORTCODE, PRESENTATION, USERID, LOGDATE) VALUES ('C100c01', 'S10cC100c0101', 'C100c01_01 - Remittance costs as a proportion of the amount remitted (%)', '', '', '001', 'A', 'SDGS', GETDATE());
INSERT INTO "MENUSELECTION" (MENU, SELECTION, PRESTEXT, PRESTEXTS, DESCRIPTION, LEVELNO, SORTCODE, PRESENTATION, USERID, LOGDATE) VALUES ('START', '11', 'Goal AR11 - مدن ومجتمعات محلية مستدامة', '', '', '1', '011', 'A', 'SDGS', GETDATE());
INSERT INTO "MENUSELECTION_ENG" (MENU, SELECTION, PRESTEXT, PRESTEXTS, DESCRIPTION, SORTCODE, PRESENTATION, USERID, LOGDATE) VALUES ('START', '11', 'Goal11 - Sustainable Cities and Communities', '', '', '011', 'A', 'SDGS', GETDATE());
INSERT INTO "MENUSELECTION"(MENU, SELECTION, PRESTEXT, PRESTEXTS, DESCRIPTION, LEVELNO, SORTCODE, PRESENTATION, USERID, LOGDATE) VALUES ('11', 'T11_1', 'TARGET code 11.1  - كفالة حصول الجميع على مساكن وخدمات أساسية ملائمة وآمنة وميسورة التكلفة، ورفع مستوى الأحياء الفقيرة، بحلول عام ٢٠٣٠', '', '', '2', '001', 'A', 'SDGS', GETDATE());
INSERT INTO "MENUSELECTION_ENG"(MENU, SELECTION, PRESTEXT, PRESTEXTS, DESCRIPTION, SORTCODE, PRESENTATION, USERID, LOGDATE) VALUES ('11', 'T11_1', 'TARGET code 11.1  - By 2030, ensure access for all to adequate, safe and affordable housing and basic services and upgrade slums', '', '', '001', 'A', 'SDGS', GETDATE());
INSERT INTO "MENUSELECTION"(MENU, SELECTION, PRESTEXT, PRESTEXTS, DESCRIPTION, LEVELNO, SORTCODE, PRESENTATION, USERID, LOGDATE) VALUES ('T11_1', 'C110101', '11.1.1 نسبة السكان الحضرين الذين يعيشون في أحياء فقيرة أو مستوطنات غير رسمية أو مساكن غير لائقة', '', '', '3', '001', 'A', 'SDGS', GETDATE());
INSERT INTO "MENUSELECTION_ENG"(MENU, SELECTION, PRESTEXT, PRESTEXTS, DESCRIPTION, SORTCODE, PRESENTATION, USERID, LOGDATE) VALUES ('T11_1', 'C110101', '11.1.1 Proportion of urban population living in slums, informal settlements or inadequate housing', '', '', '001', 'A', 'SDGS', GETDATE());
INSERT INTO "MENUSELECTION"(MENU, SELECTION, PRESTEXT, PRESTEXTS, DESCRIPTION, LEVELNO, SORTCODE, PRESENTATION, USERID, LOGDATE) VALUES ('11', 'T11_2', 'TARGET code 11.2  - توفير إمكانية وصول الجميع إلى نظم نقل مأمونة وميسورة التكلفة ويسهل الوصول إليها ومستدامة، وتحسين السلامة على الطرق، وخاصةً بتوسيع نطاق النقل العام، مع إيلاء اهتمام خاص لاحتياجات الأشخاص الذين يعيشون في ظروف هشة والنساء والأطفال والأشخاص ذوي الإعاقة وكبار السن، بحلول عام ٢٠٣٠', '', '', '2', '002', 'A', 'SDGS', GETDATE());
INSERT INTO "MENUSELECTION_ENG"(MENU, SELECTION, PRESTEXT, PRESTEXTS, DESCRIPTION, SORTCODE, PRESENTATION, USERID, LOGDATE) VALUES ('11', 'T11_2', 'TARGET code 11.2  - By 2030, provide access to safe, affordable, accessible and sustainable transport systems for all, improving road safety, notably by expanding public transport, with special attention to the needs of those in vulnerable situations, women, children, persons with disabilities and older persons', '', '', '002', 'A', 'SDGS', GETDATE());
INSERT INTO "MENUSELECTION"(MENU, SELECTION, PRESTEXT, PRESTEXTS, DESCRIPTION, LEVELNO, SORTCODE, PRESENTATION, USERID, LOGDATE) VALUES ('T11_2', 'C110201', '11.2.1 نسبة السكان الذين تتوافر لهم وسائل النقل العام المناسبة، بحسب العمر والجنس والأشخاص ذوي الإعاقة', '', '', '3', '001', 'A', 'SDGS', GETDATE());
INSERT INTO "MENUSELECTION_ENG"(MENU, SELECTION, PRESTEXT, PRESTEXTS, DESCRIPTION, SORTCODE, PRESENTATION, USERID, LOGDATE) VALUES ('T11_2', 'C110201', '11.2.1 Proportion of population that has convenient access to public transport, by sex, age and persons with disabilities', '', '', '001', 'A', 'SDGS', GETDATE());
INSERT INTO "MENUSELECTION"(MENU, SELECTION, PRESTEXT, PRESTEXTS, DESCRIPTION, LEVELNO, SORTCODE, PRESENTATION, USERID, LOGDATE) VALUES ('11', 'T11_3', 'TARGET code 11.3  - تعزيز التوسع الحضري الشامل للجميع والمستدام، والقدرة على تخطيط وإدارة المستوطنات البشرية في جميع البلدان على نحو قائم على المشاركة ومتكامل ومستدام، بحلول عام ٢٠٣٠', '', '', '2', '003', 'A', 'SDGS', GETDATE());
INSERT INTO "MENUSELECTION_ENG"(MENU, SELECTION, PRESTEXT, PRESTEXTS, DESCRIPTION, SORTCODE, PRESENTATION, USERID, LOGDATE) VALUES ('11', 'T11_3', 'TARGET code 11.3  - By 2030, enhance inclusive and sustainable urbanization and capacity for participatory, integrated and sustainable human settlement planning and management in all countries', '', '', '003', 'A', 'SDGS', GETDATE());
INSERT INTO "MENUSELECTION"(MENU, SELECTION, PRESTEXT, PRESTEXTS, DESCRIPTION, LEVELNO, SORTCODE, PRESENTATION, USERID, LOGDATE) VALUES ('T11_3', 'C110301', '11.3.1  نسبة معدل استهلاك الأراضي الى معدل النمو السكاني', '', '', '3', '001', 'A', 'SDGS', GETDATE());
INSERT INTO "MENUSELECTION_ENG"(MENU, SELECTION, PRESTEXT, PRESTEXTS, DESCRIPTION, SORTCODE, PRESENTATION, USERID, LOGDATE) VALUES ('T11_3', 'C110301', '11.3.1 Ratio of land consumption rate to population growth rate', '', '', '001', 'A', 'SDGS', GETDATE());
INSERT INTO "MENUSELECTION"(MENU, SELECTION, PRESTEXT, PRESTEXTS, DESCRIPTION, LEVELNO, SORTCODE, PRESENTATION, USERID, LOGDATE) VALUES ('T11_3', 'C110302', '11.3.2 نسبة المدن التي لديها هيكل يتيح مشاركة المجتمع المدني على نحو مباشر في تخطيط المناطق الحضرية، ويعمل بانتظام ويُدار بطريقة ديمقراطية', '', '', '3', '002', 'A', 'SDGS', GETDATE());
INSERT INTO "MENUSELECTION_ENG"(MENU, SELECTION, PRESTEXT, PRESTEXTS, DESCRIPTION, SORTCODE, PRESENTATION, USERID, LOGDATE) VALUES ('T11_3', 'C110302', '11.3.2 Proportion of cities with a direct participation structure of civil society in urban planning and management that operate regularly and democratically', '', '', '002', 'A', 'SDGS', GETDATE());
INSERT INTO "MENUSELECTION"(MENU, SELECTION, PRESTEXT, PRESTEXTS, DESCRIPTION, LEVELNO, SORTCODE, PRESENTATION, USERID, LOGDATE) VALUES ('11', 'T11_4', 'TARGET code 11.4  - تعزيز الجهود الرامية إلى حماية وصون التراث الثقافي والطبيعي العالمي', '', '', '2', '004', 'A', 'SDGS', GETDATE());
INSERT INTO "MENUSELECTION_ENG"(MENU, SELECTION, PRESTEXT, PRESTEXTS, DESCRIPTION, SORTCODE, PRESENTATION, USERID, LOGDATE) VALUES ('11', 'T11_4', 'TARGET code 11.4  - Strengthen efforts to protect and safeguard the world''s cultural and natural heritage', '', '', '004', 'A', 'SDGS', GETDATE());
INSERT INTO "MENUSELECTION"(MENU, SELECTION, PRESTEXT, PRESTEXTS, DESCRIPTION, LEVELNO, SORTCODE, PRESENTATION, USERID, LOGDATE) VALUES ('T11_4', 'C110401', '11.4.1 مجموع النفقات (القطاعين العام والخاص ( التيأنفقت للحفاظ على نصيب الفرد من الدخل وحمايةوحفظ التراث الثقافي والطبيعي، بحسب نوع التراث(الثقافي والطبيعي والمختلط وتحديده من قبل مركز التراثالعالمي) ومستوى الحكم (وطني وإقليمي، ومحلي/بلدي)،ونوع الإنفاق (إنفاق تشغيلي/استثمار) ونوع التمويلالمقدم من القطاع الخاص (تبرعات عينية، ومن القطاعالخاص غير الربحي، وبرامج الرعاية)', '', '', '3', '001', 'A', 'SDGS', GETDATE());
INSERT INTO "MENUSELECTION_ENG"(MENU, SELECTION, PRESTEXT, PRESTEXTS, DESCRIPTION, SORTCODE, PRESENTATION, USERID, LOGDATE) VALUES ('T11_4', 'C110401', '11.4.1 Total expenditure (public and private) per capita spent on the preservation, protection and conservation of all cultural and natural heritage, by type of heritage (cultural, natural, mixed and World Heritage Centre designation), level of government (national, regional and local/municipal), type of expenditure (operating expenditure/investment) and type of private funding (donations in kind, private non-profit sector and sponsorship)', '', '', '001', 'A', 'SDGS', GETDATE());
INSERT INTO "MENUSELECTION"(MENU, SELECTION, PRESTEXT, PRESTEXTS, DESCRIPTION, LEVELNO, SORTCODE, PRESENTATION, USERID, LOGDATE) VALUES ('11', 'T11_5', 'TARGET code 11.5  - تحقيق انخفاض كبير في عدد الوفيات وعدد الأشخاص المتأثرين، وانخفاض كبير في الخسائر الاقتصادية المباشرة المتصلة بالناتج المحلي الإجمالي العالمي التي تحدث بسبب الكوارث، بما في ذلك الكوارث المتصلة بالمياه، مع التركيز على حماية الفقراء والأشخاص الذين يعيشون في ظروف هشة، بحلول عام ٢٠٣٠', '', '', '2', '005', 'A', 'SDGS', GETDATE());
INSERT INTO "MENUSELECTION_ENG"(MENU, SELECTION, PRESTEXT, PRESTEXTS, DESCRIPTION, SORTCODE, PRESENTATION, USERID, LOGDATE) VALUES ('11', 'T11_5', 'TARGET code 11.5  - By 2030, significantly reduce the number of deaths and the number of people affected and substantially decrease the direct economic losses relative to global gross domestic product caused by disasters, including water-related disasters, with a focus on protecting the poor and people in vulnerable situations', '', '', '005', 'A', 'SDGS', GETDATE());
INSERT INTO "MENUSELECTION"(MENU, SELECTION, PRESTEXT, PRESTEXTS, DESCRIPTION, LEVELNO, SORTCODE, PRESENTATION, USERID, LOGDATE) VALUES ('T11_5', 'C110502', '11.5.2 الخسائر الاقتصادية المباشرة المتصلة بالناتج المحلي الإجمالي العالمي بما في ذلك الأضرار التي لحقت بالبنية التحتية وتعطيل الخدمات الأساسية  نتيجة للكوارث', '', '', '3', '001', 'A', 'SDGS', GETDATE());
INSERT INTO "MENUSELECTION_ENG"(MENU, SELECTION, PRESTEXT, PRESTEXTS, DESCRIPTION, SORTCODE, PRESENTATION, USERID, LOGDATE) VALUES ('T11_5', 'C110502', '11.5.2 Direct economic loss in relation to global GDP, damage to critical infrastructure and number of disruptions to basic services, attributed to disasters', '', '', '001', 'A', 'SDGS', GETDATE());
INSERT INTO "MENUSELECTION"(MENU, SELECTION, PRESTEXT, PRESTEXTS, DESCRIPTION, LEVELNO, SORTCODE, PRESENTATION, USERID, LOGDATE) VALUES ('T11_5', 'C200303', '11.5.1 عدد الأشخاص المتوفين  بسبب الكوارث من بين كل 000 100 شخص', '', '', '3', '002', 'A', 'SDGS', GETDATE());
INSERT INTO "MENUSELECTION_ENG"(MENU, SELECTION, PRESTEXT, PRESTEXTS, DESCRIPTION, SORTCODE, PRESENTATION, USERID, LOGDATE) VALUES ('T11_5', 'C200303', '11.5.1 Number of deaths, missing persons and directly affected persons attributed to disasters per 100,000 population', '', '', '002', 'A', 'SDGS', GETDATE());
INSERT INTO "MENUSELECTION"(MENU, SELECTION, PRESTEXT, PRESTEXTS, DESCRIPTION, LEVELNO, SORTCODE, PRESENTATION, USERID, LOGDATE) VALUES ('C200303', 'S115C20030301', 'C200303_01 - ??? ???????  ???? ??????? ?? ?? 000 100 ???', '', '', '4', '001', 'A', 'SDGS', GETDATE());
INSERT INTO "MENUSELECTION_ENG"(MENU, SELECTION, PRESTEXT, PRESTEXTS, DESCRIPTION, SORTCODE, PRESENTATION, USERID, LOGDATE) VALUES ('C200303', 'S115C20030301', 'C200303_01 - Number of deaths attributed to disasters per 100,000 population', '', '', '001', 'A', 'SDGS', GETDATE());
INSERT INTO "MENUSELECTION"(MENU, SELECTION, PRESTEXT, PRESTEXTS, DESCRIPTION, LEVELNO, SORTCODE, PRESENTATION, USERID, LOGDATE) VALUES ('C200303', 'S115C20030302', 'C200303_02 - ???  ?????????  ???? ??????? ?? ?? 000 100 ???', '', '', '4', '002', 'A', 'SDGS', GETDATE());
INSERT INTO "MENUSELECTION_ENG"(MENU, SELECTION, PRESTEXT, PRESTEXTS, DESCRIPTION, SORTCODE, PRESENTATION, USERID, LOGDATE) VALUES ('C200303', 'S115C20030302', 'C200303_02 - Number of missing persons attributed to disasters per 100,000 population', '', '', '002', 'A', 'SDGS', GETDATE());
INSERT INTO "MENUSELECTION"(MENU, SELECTION, PRESTEXT, PRESTEXTS, DESCRIPTION, LEVELNO, SORTCODE, PRESENTATION, USERID, LOGDATE) VALUES ('C200303', 'S115C20030303', 'C200303_03 - ??? ????????? ???? ??????? ?? ?? 000 100 ???', '', '', '4', '003', 'A', 'SDGS', GETDATE());
INSERT INTO "MENUSELECTION_ENG"(MENU, SELECTION, PRESTEXT, PRESTEXTS, DESCRIPTION, SORTCODE, PRESENTATION, USERID, LOGDATE) VALUES ('C200303', 'S115C20030303', 'C200303_03 - Number of directly affected persons attributed to disasters per 100,000 population', '', '', '003', 'A', 'SDGS', GETDATE());
INSERT INTO "MENUSELECTION"(MENU, SELECTION, PRESTEXT, PRESTEXTS, DESCRIPTION, LEVELNO, SORTCODE, PRESENTATION, USERID, LOGDATE) VALUES ('11', 'T11_6', 'TARGET code 11.6  - الحد من الأثر البيئي السلبي الفردي للمدن، بطُرق منها إيلاء اهتمام خاص لنوعية الهواء وإدارة نفايات البلديات وغيرها، بحلول عام ٢٠٣٠', '', '', '2', '006', 'A', 'SDGS', GETDATE());
INSERT INTO "MENUSELECTION_ENG"(MENU, SELECTION, PRESTEXT, PRESTEXTS, DESCRIPTION, SORTCODE, PRESENTATION, USERID, LOGDATE) VALUES ('11', 'T11_6', 'TARGET code 11.6  - By 2030, reduce the adverse per capita environmental impact of cities, including by paying special attention to air quality and municipal and other waste management', '', '', '006', 'A', 'SDGS', GETDATE());
INSERT INTO "MENUSELECTION"(MENU, SELECTION, PRESTEXT, PRESTEXTS, DESCRIPTION, LEVELNO, SORTCODE, PRESENTATION, USERID, LOGDATE) VALUES ('T11_6', 'C110601', '11.6.1 نسبة النفايات الصلبة للمدن التي تُجمع بانتظام  ومع تفريغها نهائيا  بقدر كاف من مجموع النفايات الصلبة للمدن، بحسب المدينة', '', '', '3', '001', 'A', 'SDGS', GETDATE());
INSERT INTO "MENUSELECTION_ENG"(MENU, SELECTION, PRESTEXT, PRESTEXTS, DESCRIPTION, SORTCODE, PRESENTATION, USERID, LOGDATE) VALUES ('T11_6', 'C110601', '11.6.1 Proportion of urban solid waste regularly collected and with adequate final discharge out of total urban solid waste generated, by cities', '', '', '001', 'A', 'SDGS', GETDATE());
INSERT INTO "MENUSELECTION"(MENU, SELECTION, PRESTEXT, PRESTEXTS, DESCRIPTION, LEVELNO, SORTCODE, PRESENTATION, USERID, LOGDATE) VALUES ('T11_6', 'C110602', '11.6.2 المتوسط السنوي لمستويات الجسيمات(على سبيل المثال الجسيمات من الفئة 2.5 والجسيماتمن الفئة 10)  في المدن (المرجَّح حس السكان)', '', '', '3', '002', 'A', 'SDGS', GETDATE());
INSERT INTO "MENUSELECTION_ENG"(MENU, SELECTION, PRESTEXT, PRESTEXTS, DESCRIPTION, SORTCODE, PRESENTATION, USERID, LOGDATE) VALUES ('T11_6', 'C110602', '11.6.2 Annual mean levels of fine particulate matter (e.g. PM2.5 and PM10) in cities (population weighted)', '', '', '002', 'A', 'SDGS', GETDATE());
INSERT INTO "MENUSELECTION"(MENU, SELECTION, PRESTEXT, PRESTEXTS, DESCRIPTION, LEVELNO, SORTCODE, PRESENTATION, USERID, LOGDATE) VALUES ('11', 'T11_7', 'TARGET code 11.7  - توفير سبل استفادة الجميع من مساحات خضراء وأماكن عامة آمنة وشاملة للجميع ويمكن الوصول إليها، ولا سيما بالنسبة للنساء والأطفال وكبار السن والأشخاص ذوي الإعاقة، بحلول عام ٢٠٣٠', '', '', '2', '007', 'A', 'SDGS', GETDATE());
INSERT INTO "MENUSELECTION_ENG"(MENU, SELECTION, PRESTEXT, PRESTEXTS, DESCRIPTION, SORTCODE, PRESENTATION, USERID, LOGDATE) VALUES ('11', 'T11_7', 'TARGET code 11.7  - By 2030, provide universal access to safe, inclusive and accessible, green and public spaces, in particular for women and children, older persons and persons with disabilities', '', '', '007', 'A', 'SDGS', GETDATE());
INSERT INTO "MENUSELECTION"(MENU, SELECTION, PRESTEXT, PRESTEXTS, DESCRIPTION, LEVELNO, SORTCODE, PRESENTATION, USERID, LOGDATE) VALUES ('T11_7', 'C110701', '11.7.1  متوسط حصة المنطقة السكنية بالمدن التي ثمثلفضاء مفتوح للاستخدام  العام للجميع ، بحسب العمروالجنس والأشخاص ذوي الإعاقة', '', '', '3', '001', 'A', 'SDGS', GETDATE());
INSERT INTO "MENUSELECTION_ENG"(MENU, SELECTION, PRESTEXT, PRESTEXTS, DESCRIPTION, SORTCODE, PRESENTATION, USERID, LOGDATE) VALUES ('T11_7', 'C110701', '11.7.1 Average share of the built-up area of cities that is open space for public use for all, by sex, age and persons with disabilities', '', '', '001', 'A', 'SDGS', GETDATE());
INSERT INTO "MENUSELECTION"(MENU, SELECTION, PRESTEXT, PRESTEXTS, DESCRIPTION, LEVELNO, SORTCODE, PRESENTATION, USERID, LOGDATE) VALUES ('T11_7', 'C110702', '11.7.2  نسبة ضحايا التحرش البدني أو الجنسي بحسبالعمر والجنس ووضع الأشخاص ذوي الإعاقة ومكانحدوثه خلال  الاثني عشر شهرا السابقة', '', '', '3', '002', 'A', 'SDGS', GETDATE());
INSERT INTO "MENUSELECTION_ENG"(MENU, SELECTION, PRESTEXT, PRESTEXTS, DESCRIPTION, SORTCODE, PRESENTATION, USERID, LOGDATE) VALUES ('T11_7', 'C110702', '11.7.2 Proportion of persons victim of physical or sexual harassment, by sex, age, disability status and place of occurrence, in the previous 12 months', '', '', '002', 'A', 'SDGS', GETDATE());
INSERT INTO "MENUSELECTION"(MENU, SELECTION, PRESTEXT, PRESTEXTS, DESCRIPTION, LEVELNO, SORTCODE, PRESENTATION, USERID, LOGDATE) VALUES ('11', 'T11_a', 'TARGET code 11.a  - دعم الروابط الإيجابية الاقتصادية والاجتماعية والبيئية بين المناطق الحضرية والمناطق المحيطة بالمناطق الحضرية والمناطق الريفية، من خلال تعزيز تخطيط التنمية الوطنية والإقليمية', '', '', '2', '008', 'A', 'SDGS', GETDATE());
INSERT INTO "MENUSELECTION_ENG"(MENU, SELECTION, PRESTEXT, PRESTEXTS, DESCRIPTION, SORTCODE, PRESENTATION, USERID, LOGDATE) VALUES ('11', 'T11_a', 'TARGET code 11.a  - Support positive economic, social and environmental links between urban, peri-urban and rural areas by strengthening national and regional development planning', '', '', '008', 'A', 'SDGS', GETDATE());
INSERT INTO "MENUSELECTION"(MENU, SELECTION, PRESTEXT, PRESTEXTS, DESCRIPTION, LEVELNO, SORTCODE, PRESENTATION, USERID, LOGDATE) VALUES ('T11_a', 'C110a01', '11.a.1  نسبة السكان الذين يعيشون في المدن التي تنفذخطط إنمائية مدنية وإقليمية، وتدمج التوقعات السكانيةوالاحتياجات من الموارد، بحسب حجم المدينة', '', '', '3', '001', 'A', 'SDGS', GETDATE());
INSERT INTO "MENUSELECTION_ENG"(MENU, SELECTION, PRESTEXT, PRESTEXTS, DESCRIPTION, SORTCODE, PRESENTATION, USERID, LOGDATE) VALUES ('T11_a', 'C110a01', '11.a.1 Proportion of population living in cities that implement urban and regional development plans integrating population projections and resource needs, by size of city', '', '', '001', 'A', 'SDGS', GETDATE());
INSERT INTO "MENUSELECTION"(MENU, SELECTION, PRESTEXT, PRESTEXTS, DESCRIPTION, LEVELNO, SORTCODE, PRESENTATION, USERID, LOGDATE) VALUES ('11', 'T11_b', 'TARGET code 11.b  - العمل، بحلول عام 2020، على تحقيق زيادة كبيرة في عدد المدن والمستوطنات البشرية التي تعتمد وتنفذ سياسات وخططا متكاملة من أجل شمول الجميع، وتحقيق الكفاءة في استخدام الموارد، والتخفيف من تغير المناخ والتكيف معه، والقدرة على الصمود في مواجهة الكوارث، ووضع وتنفيذ الإدارة الكلية لمخاطر الكوارث على جميع المستويات، بما يتماشى مع إطار سِنداي للحد من مخاطر الكوارث للفترة 2015-٢٠٣٠', '', '', '2', '009', 'A', 'SDGS', GETDATE());
INSERT INTO "MENUSELECTION_ENG"(MENU, SELECTION, PRESTEXT, PRESTEXTS, DESCRIPTION, SORTCODE, PRESENTATION, USERID, LOGDATE) VALUES ('11', 'T11_b', 'TARGET code 11.b  - By 2020, substantially increase the number of cities and human settlements adopting and implementing integrated policies and plans towards inclusion, resource efficiency, mitigation and adaptation to climate change, resilience to disasters, and develop and implement, in line with the Sendai Framework for Disaster Risk Reduction 2015–2030, holistic disaster risk management at all levels', '', '', '009', 'A', 'SDGS', GETDATE());
INSERT INTO "MENUSELECTION"(MENU, SELECTION, PRESTEXT, PRESTEXTS, DESCRIPTION, LEVELNO, SORTCODE, PRESENTATION, USERID, LOGDATE) VALUES ('T11_b', 'C200304', '11.b.1 عدد البلدان التي تعتمد وتنفذ استراتيجيات وطنية للحد من مخاطر الكوارث تمشيا مع إطار سنداي للحد من مخاطر الكوارث للفترة 2015-٢٠٣٠.', '', '', '3', '001', 'A', 'SDGS', GETDATE());
INSERT INTO "MENUSELECTION_ENG"(MENU, SELECTION, PRESTEXT, PRESTEXTS, DESCRIPTION, SORTCODE, PRESENTATION, USERID, LOGDATE) VALUES ('T11_b', 'C200304', '11.b.1 Number of countries that adopt and implement national disaster risk reduction strategies in line with the Sendai Framework for Disaster Risk Reduction 2015-2030', '', '', '001', 'A', 'SDGS', GETDATE());
INSERT INTO "MENUSELECTION"(MENU, SELECTION, PRESTEXT, PRESTEXTS, DESCRIPTION, LEVELNO, SORTCODE, PRESENTATION, USERID, LOGDATE) VALUES ('C200304', 'S11bC20030401', 'C200304_01 - ??? ??????? ???? ????? ??????????? ?????  ?????? ???? ?? ????? ???????', '', '', '4', '001', 'A', 'SDGS', GETDATE());
INSERT INTO "MENUSELECTION_ENG"(MENU, SELECTION, PRESTEXT, PRESTEXTS, DESCRIPTION, SORTCODE, PRESENTATION, USERID, LOGDATE) VALUES ('C200304', 'S11bC20030401', 'C200304_01 - Number of countries that adopt and implement national disaster risk reduction strategies in line with the Sendai Framework for Disaster Risk Reduction 2015-2030', '', '', '001', 'A', 'SDGS', GETDATE());
INSERT INTO "MENUSELECTION"(MENU, SELECTION, PRESTEXT, PRESTEXTS, DESCRIPTION, LEVELNO, SORTCODE, PRESENTATION, USERID, LOGDATE) VALUES ('T11_b', 'C200305', '11.b.2 نسبة السلطات المحلية التي لديها وتطبق استراتيجيات الحد من المخاطر على مستوى السلطات المحلية بالاتساق مع الاستراتيجية الوطنية للحد من المخاطر', '', '', '3', '002', 'A', 'SDGS', GETDATE());
INSERT INTO "MENUSELECTION_ENG"(MENU, SELECTION, PRESTEXT, PRESTEXTS, DESCRIPTION, SORTCODE, PRESENTATION, USERID, LOGDATE) VALUES ('T11_b', 'C200305', '11.b.2 Proportion of local governments that adopt and implement local disaster risk reduction strategies in line with national disaster risk reduction strategies', '', '', '002', 'A', 'SDGS', GETDATE());
INSERT INTO "MENUSELECTION"(MENU, SELECTION, PRESTEXT, PRESTEXTS, DESCRIPTION, LEVELNO, SORTCODE, PRESENTATION, USERID, LOGDATE) VALUES ('C200305', 'S11bC20030501', 'C200305_01 - ???? ??????? ??????? ???? ????? ????? ??????????? ???? ?? ??????? ??? ????? ??????? ??????? ???????? ?? ???????????? ??????? ???? ?? ???????', '', '', '4', '001', 'A', 'SDGS', GETDATE());
INSERT INTO "MENUSELECTION_ENG"(MENU, SELECTION, PRESTEXT, PRESTEXTS, DESCRIPTION, SORTCODE, PRESENTATION, USERID, LOGDATE) VALUES ('C200305', 'S11bC20030501', 'C200305_01 - Proportion of local governments that adopt and implement local disaster risk reduction strategies in line with national disaster risk reduction strategies (%)', '', '', '001', 'A', 'SDGS', GETDATE());
INSERT INTO "MENUSELECTION"(MENU, SELECTION, PRESTEXT, PRESTEXTS, DESCRIPTION, LEVELNO, SORTCODE, PRESENTATION, USERID, LOGDATE) VALUES ('11', 'T11_c', 'TARGET code 11.c  - دعم أقل البلدان نمواً، بوسائل منها تقديم المساعدة المالية والتقنية، في إقامة المباني المستدامة والقادرة على الصمود باستخدام المواد المحلية', '', '', '2', '010', 'A', 'SDGS', GETDATE());
INSERT INTO "MENUSELECTION_ENG"(MENU, SELECTION, PRESTEXT, PRESTEXTS, DESCRIPTION, SORTCODE, PRESENTATION, USERID, LOGDATE) VALUES ('11', 'T11_c', 'TARGET code 11.c  - Support least developed countries, including through financial and technical assistance, in building sustainable and resilient buildings utilizing local materials', '', '', '010', 'A', 'SDGS', GETDATE());
INSERT INTO "MENUSELECTION" (MENU, SELECTION, PRESTEXT, PRESTEXTS, DESCRIPTION, LEVELNO, SORTCODE, PRESENTATION, USERID, LOGDATE) VALUES ('START', '12', 'Goal AR12 - الاستهلاك والانتاج المسؤولان', '', '', '1', '012', 'A', 'SDGS', GETDATE());
INSERT INTO "MENUSELECTION_ENG" (MENU, SELECTION, PRESTEXT, PRESTEXTS, DESCRIPTION, SORTCODE, PRESENTATION, USERID, LOGDATE) VALUES ('START', '12', 'Goal12 - Responsible Consumption and Production', '', '', '012', 'A', 'SDGS', GETDATE());
INSERT INTO "MENUSELECTION"(MENU, SELECTION, PRESTEXT, PRESTEXTS, DESCRIPTION, LEVELNO, SORTCODE, PRESENTATION, USERID, LOGDATE) VALUES ('12', 'T12_1', 'TARGET code 12.1  - تنفيذ الإطار العشري للبرامج المتعلقة بأنماط الاستهلاك والإنتاج المستدامة، مع قيام جميع البلدان باتخاذ إجراءات، وتولي البلدان المتقدمة النمو دور الريادة، مع مراعاة مستوى التنمية في البلدان النامية وقدراتها', '', '', '2', '001', 'A', 'SDGS', GETDATE());
INSERT INTO "MENUSELECTION_ENG"(MENU, SELECTION, PRESTEXT, PRESTEXTS, DESCRIPTION, SORTCODE, PRESENTATION, USERID, LOGDATE) VALUES ('12', 'T12_1', 'TARGET code 12.1  - Implement the 10 Year Framework of Programmes on Sustainable Consumption and Production Patterns, all countries taking action, with developed countries taking the lead, taking into account the development and capabilities of developing countries', '', '', '001', 'A', 'SDGS', GETDATE());
INSERT INTO "MENUSELECTION"(MENU, SELECTION, PRESTEXT, PRESTEXTS, DESCRIPTION, LEVELNO, SORTCODE, PRESENTATION, USERID, LOGDATE) VALUES ('T12_1', 'C120101', '12.1.1 عدد البلدان التي لديها خطط عمل وطنيةللاستهلاك والانتاج المستدامين أو التي أدمجت تلك الخططفي سياساتها الوطنية باعتبارها أولوية أو غاية', '', '', '3', '001', 'A', 'SDGS', GETDATE());
INSERT INTO "MENUSELECTION_ENG"(MENU, SELECTION, PRESTEXT, PRESTEXTS, DESCRIPTION, SORTCODE, PRESENTATION, USERID, LOGDATE) VALUES ('T12_1', 'C120101', '12.1.1 Number of countries with sustainable consumption and production (SCP) national action plans or SCP mainstreamed as a priority or a target into national policies', '', '', '001', 'A', 'SDGS', GETDATE());
INSERT INTO "MENUSELECTION"(MENU, SELECTION, PRESTEXT, PRESTEXTS, DESCRIPTION, LEVELNO, SORTCODE, PRESENTATION, USERID, LOGDATE) VALUES ('C120101', 'S121C12010101', 'C120101_01 - ??? ??????? ???? ????? ??? ??? ?????????????? ???????? ?????????? ?? ???? ????? ??? ??????? ???????? ??????? ????????? ?????? ?? ????', '', '', '4', '001', 'A', 'SDGS', GETDATE());
INSERT INTO "MENUSELECTION_ENG"(MENU, SELECTION, PRESTEXT, PRESTEXTS, DESCRIPTION, SORTCODE, PRESENTATION, USERID, LOGDATE) VALUES ('C120101', 'S121C12010101', 'C120101_01 - Number of countries with sustainable consumption and production (SCP) national action plans or SCP mainstreamed as a priority or target into national policies', '', '', '001', 'A', 'SDGS', GETDATE());
INSERT INTO "MENUSELECTION"(MENU, SELECTION, PRESTEXT, PRESTEXTS, DESCRIPTION, LEVELNO, SORTCODE, PRESENTATION, USERID, LOGDATE) VALUES ('12', 'T12_2', 'TARGET code 12.2  - تحقيق الإدارة المستدامة والاستخدام الكفؤ للموارد الطبيعية، بحلول عام ٢٠٣٠', '', '', '2', '002', 'A', 'SDGS', GETDATE());
INSERT INTO "MENUSELECTION_ENG"(MENU, SELECTION, PRESTEXT, PRESTEXTS, DESCRIPTION, SORTCODE, PRESENTATION, USERID, LOGDATE) VALUES ('12', 'T12_2', 'TARGET code 12.2  - By 2030, achieve the sustainable management and efficient use of natural resources', '', '', '002', 'A', 'SDGS', GETDATE());
INSERT INTO "MENUSELECTION"(MENU, SELECTION, PRESTEXT, PRESTEXTS, DESCRIPTION, LEVELNO, SORTCODE, PRESENTATION, USERID, LOGDATE) VALUES ('T12_2', 'C200202', '12.2.1 الأثر المادي ونصيب الفرد من الأثر المادي ونصيب الناتج المحلي الاجمالي من الأثر المادي', '', '', '3', '001', 'A', 'SDGS', GETDATE());
INSERT INTO "MENUSELECTION_ENG"(MENU, SELECTION, PRESTEXT, PRESTEXTS, DESCRIPTION, SORTCODE, PRESENTATION, USERID, LOGDATE) VALUES ('T12_2', 'C200202', '12.2.1 Material footprint, material footprint per capita, and material footprint per GDP', '', '', '001', 'A', 'SDGS', GETDATE());
INSERT INTO "MENUSELECTION"(MENU, SELECTION, PRESTEXT, PRESTEXTS, DESCRIPTION, LEVELNO, SORTCODE, PRESENTATION, USERID, LOGDATE) VALUES ('T12_2', 'C200203', '12.2.2 لاستهلاك المادي المحلي ونصيب الفرد من الاستهلاك المادي المحلي ونسبة الاستهلاك المادي المحلي إلى الناتج المحلي الإجمالي', '', '', '3', '002', 'A', 'SDGS', GETDATE());
INSERT INTO "MENUSELECTION_ENG"(MENU, SELECTION, PRESTEXT, PRESTEXTS, DESCRIPTION, SORTCODE, PRESENTATION, USERID, LOGDATE) VALUES ('T12_2', 'C200203', '12.2.2 Domestic material consumption, domestic material consumption per capita, and domestic material consumption per GDP', '', '', '002', 'A', 'SDGS', GETDATE());
INSERT INTO "MENUSELECTION"(MENU, SELECTION, PRESTEXT, PRESTEXTS, DESCRIPTION, LEVELNO, SORTCODE, PRESENTATION, USERID, LOGDATE) VALUES ('12', 'T12_3', 'TARGET code 12.3  - تخفيض نصيب الفرد من النفايات الغذائية العالمية على صعيد أماكن البيع بالتجزئة والمستهلكين بمقدار النصف، والحد من خسائر الأغذية في مراحل الإنتاج وسلاسل الإمداد، بما في ذلك خسائر ما بعد الحصاد، بحلول عام ٢٠٣٠', '', '', '2', '003', 'A', 'SDGS', GETDATE());
INSERT INTO "MENUSELECTION_ENG"(MENU, SELECTION, PRESTEXT, PRESTEXTS, DESCRIPTION, SORTCODE, PRESENTATION, USERID, LOGDATE) VALUES ('12', 'T12_3', 'TARGET code 12.3  - By 2030, halve per capita global food waste at the retail and consumer levels and reduce food losses along production and supply chains, including post-harvest losses', '', '', '003', 'A', 'SDGS', GETDATE());
INSERT INTO "MENUSELECTION"(MENU, SELECTION, PRESTEXT, PRESTEXTS, DESCRIPTION, LEVELNO, SORTCODE, PRESENTATION, USERID, LOGDATE) VALUES ('T12_3', 'C120301', '12.3.1 مؤشر الخسائر الغذائية العالمية', '', '', '3', '001', 'A', 'SDGS', GETDATE());
INSERT INTO "MENUSELECTION_ENG"(MENU, SELECTION, PRESTEXT, PRESTEXTS, DESCRIPTION, SORTCODE, PRESENTATION, USERID, LOGDATE) VALUES ('T12_3', 'C120301', '12.3.1 (a) Food loss index and (b) food waste index', '', '', '001', 'A', 'SDGS', GETDATE());
INSERT INTO "MENUSELECTION"(MENU, SELECTION, PRESTEXT, PRESTEXTS, DESCRIPTION, LEVELNO, SORTCODE, PRESENTATION, USERID, LOGDATE) VALUES ('12', 'T12_4', 'TARGET code 12.4  - تحقيق الإدارة السليمة بيئياً للمواد الكيميائية وجميع النفايات طوال دورة عمرها، وفقاً للأطر الدولية المتفق عليها، والحد كثيراً من إطلاقها في الهواء والماء والتربة من أجل التقليل إلى أدنى حد من آثارها الضارة على صحة الإنسان والبيئة، بحلول عام 2020', '', '', '2', '004', 'A', 'SDGS', GETDATE());
INSERT INTO "MENUSELECTION_ENG"(MENU, SELECTION, PRESTEXT, PRESTEXTS, DESCRIPTION, SORTCODE, PRESENTATION, USERID, LOGDATE) VALUES ('12', 'T12_4', 'TARGET code 12.4  - By 2020, achieve the environmentally sound management of chemicals and all wastes throughout their life cycle, in accordance with agreed international frameworks, and significantly reduce their release to air, water and soil in order to minimize their adverse impacts on human health and the environment', '', '', '004', 'A', 'SDGS', GETDATE());
INSERT INTO "MENUSELECTION"(MENU, SELECTION, PRESTEXT, PRESTEXTS, DESCRIPTION, LEVELNO, SORTCODE, PRESENTATION, USERID, LOGDATE) VALUES ('T12_4', 'C120401', '12.4.1 عدد الأطراف في الاتفاقات البيئية الدولية المتعددة الأطراف المتعلقة بنفايات المواد الخطرة وغيرها منالمواد الكيميائية، التي تفي بتعهداتها والتزاماتها في نقل المعلومات على النحو الذي يتطلبه كل اتفاق ذي صلة', '', '', '3', '001', 'A', 'SDGS', GETDATE());
INSERT INTO "MENUSELECTION_ENG"(MENU, SELECTION, PRESTEXT, PRESTEXTS, DESCRIPTION, SORTCODE, PRESENTATION, USERID, LOGDATE) VALUES ('T12_4', 'C120401', '12.4.1 Number of parties to international multilateral environmental agreements on hazardous waste, and other chemicals that meet their commitments and obligations in transmitting information as required by each relevant agreement', '', '', '001', 'A', 'SDGS', GETDATE());
INSERT INTO "MENUSELECTION"(MENU, SELECTION, PRESTEXT, PRESTEXTS, DESCRIPTION, LEVELNO, SORTCODE, PRESENTATION, USERID, LOGDATE) VALUES ('C120401', 'S124C12040101', 'C120401_01 - ??? ??????? ?? ????????? ??????? ??????? ???????? ??????? ???????? ??????? ?????? ?????? ?????? ?? ?????? ??????????? ???? ??? ????????? ??????????? ?? ??? ????????? ??? ????? ???? ?????? ?? ????? ?? ???', '', '', '4', '001', 'A', 'SDGS', GETDATE());
INSERT INTO "MENUSELECTION_ENG"(MENU, SELECTION, PRESTEXT, PRESTEXTS, DESCRIPTION, SORTCODE, PRESENTATION, USERID, LOGDATE) VALUES ('C120401', 'S124C12040101', 'C120401_01 - Number of parties to international multilateral environmental agreements on hazardous waste, and other chemicals that meet their commitments and obligations in transmitting information as required by each relevant agreement', '', '', '001', 'A', 'SDGS', GETDATE());
INSERT INTO "MENUSELECTION"(MENU, SELECTION, PRESTEXT, PRESTEXTS, DESCRIPTION, LEVELNO, SORTCODE, PRESENTATION, USERID, LOGDATE) VALUES ('T12_4', 'C120402', '12.4.2 نصيب الفرد من توليد النفايات الخطرة ونسبة النفايات الخطرة المعالَجة، بحسب نوع المعالجة', '', '', '3', '002', 'A', 'SDGS', GETDATE());
INSERT INTO "MENUSELECTION_ENG"(MENU, SELECTION, PRESTEXT, PRESTEXTS, DESCRIPTION, SORTCODE, PRESENTATION, USERID, LOGDATE) VALUES ('T12_4', 'C120402', '12.4.2 Hazardous waste generated per capita and proportion of hazardous waste treated, by type of treatment', '', '', '002', 'A', 'SDGS', GETDATE());
INSERT INTO "MENUSELECTION"(MENU, SELECTION, PRESTEXT, PRESTEXTS, DESCRIPTION, LEVELNO, SORTCODE, PRESENTATION, USERID, LOGDATE) VALUES ('12', 'T12_5', 'TARGET code 12.5  - الحد كثيراً من إنتاج النفايات، من خلال المنع والتخفيض وإعادة التدوير وإعادة الاستعمال، بحلول عام ٢٠٣٠', '', '', '2', '005', 'A', 'SDGS', GETDATE());
INSERT INTO "MENUSELECTION_ENG"(MENU, SELECTION, PRESTEXT, PRESTEXTS, DESCRIPTION, SORTCODE, PRESENTATION, USERID, LOGDATE) VALUES ('12', 'T12_5', 'TARGET code 12.5  - By 2030, substantially reduce waste generation through prevention, reduction, recycling and reuse', '', '', '005', 'A', 'SDGS', GETDATE());
INSERT INTO "MENUSELECTION"(MENU, SELECTION, PRESTEXT, PRESTEXTS, DESCRIPTION, LEVELNO, SORTCODE, PRESENTATION, USERID, LOGDATE) VALUES ('T12_5', 'C120501', '12.5.1 معدل إعادة التدوير على الصعيد الوطني، وعدد أطنان المواد المعاد تدويرها', '', '', '3', '001', 'A', 'SDGS', GETDATE());
INSERT INTO "MENUSELECTION_ENG"(MENU, SELECTION, PRESTEXT, PRESTEXTS, DESCRIPTION, SORTCODE, PRESENTATION, USERID, LOGDATE) VALUES ('T12_5', 'C120501', '12.5.1 National recycling rate, tons of material recycled', '', '', '001', 'A', 'SDGS', GETDATE());
INSERT INTO "MENUSELECTION"(MENU, SELECTION, PRESTEXT, PRESTEXTS, DESCRIPTION, LEVELNO, SORTCODE, PRESENTATION, USERID, LOGDATE) VALUES ('12', 'T12_6', 'TARGET code 12.6  - تشجيع الشركات، ولا سيما الشركات الكبيرة والشركات عبر الوطنية، على اعتماد ممارسات مستدامة، وإدراج معلومات الاستدامة في دورة تقديم تقاريرها', '', '', '2', '006', 'A', 'SDGS', GETDATE());
INSERT INTO "MENUSELECTION_ENG"(MENU, SELECTION, PRESTEXT, PRESTEXTS, DESCRIPTION, SORTCODE, PRESENTATION, USERID, LOGDATE) VALUES ('12', 'T12_6', 'TARGET code 12.6  - Encourage companies, especially large and transnational companies, to adopt sustainable practices and to integrate sustainability information into their reporting cycle', '', '', '006', 'A', 'SDGS', GETDATE());
INSERT INTO "MENUSELECTION"(MENU, SELECTION, PRESTEXT, PRESTEXTS, DESCRIPTION, LEVELNO, SORTCODE, PRESENTATION, USERID, LOGDATE) VALUES ('T12_6', 'C120601', '12.6.1 عدد الشركات التي تنشر تقارير تتعلق بالاستدامة', '', '', '3', '001', 'A', 'SDGS', GETDATE());
INSERT INTO "MENUSELECTION_ENG"(MENU, SELECTION, PRESTEXT, PRESTEXTS, DESCRIPTION, SORTCODE, PRESENTATION, USERID, LOGDATE) VALUES ('T12_6', 'C120601', '12.6.1 Number of companies publishing sustainability reports', '', '', '001', 'A', 'SDGS', GETDATE());
INSERT INTO "MENUSELECTION"(MENU, SELECTION, PRESTEXT, PRESTEXTS, DESCRIPTION, LEVELNO, SORTCODE, PRESENTATION, USERID, LOGDATE) VALUES ('12', 'T12_7', 'TARGET code 12.7  - تعزيز ممارسات الشراء العمومي المستدامة، وفقا للسياسات والأولويات الوطنية', '', '', '2', '007', 'A', 'SDGS', GETDATE());
INSERT INTO "MENUSELECTION_ENG"(MENU, SELECTION, PRESTEXT, PRESTEXTS, DESCRIPTION, SORTCODE, PRESENTATION, USERID, LOGDATE) VALUES ('12', 'T12_7', 'TARGET code 12.7  - Promote public procurement practices that are sustainable, in accordance with national policies and priorities', '', '', '007', 'A', 'SDGS', GETDATE());
INSERT INTO "MENUSELECTION"(MENU, SELECTION, PRESTEXT, PRESTEXTS, DESCRIPTION, LEVELNO, SORTCODE, PRESENTATION, USERID, LOGDATE) VALUES ('T12_7', 'C120701', '12.7.1 دد البلدان التي تنفذ السياسات وخطط العمل المتعلقة بالشراء العمومي المستدام', '', '', '3', '001', 'A', 'SDGS', GETDATE());
INSERT INTO "MENUSELECTION_ENG"(MENU, SELECTION, PRESTEXT, PRESTEXTS, DESCRIPTION, SORTCODE, PRESENTATION, USERID, LOGDATE) VALUES ('T12_7', 'C120701', '12.7.1 Number of countries implementing sustainable public procurement policies and action plans', '', '', '001', 'A', 'SDGS', GETDATE());
INSERT INTO "MENUSELECTION"(MENU, SELECTION, PRESTEXT, PRESTEXTS, DESCRIPTION, LEVELNO, SORTCODE, PRESENTATION, USERID, LOGDATE) VALUES ('12', 'T12_8', 'TARGET code 12.8  - كفالة أن تتوافر للناس في كل مكان المعلومات ذات الصلة والوعي بالتنمية المستدامة وأنماط العيش في وئام مع الطبيعة، بحلول عام ٢٠٣٠', '', '', '2', '008', 'A', 'SDGS', GETDATE());
INSERT INTO "MENUSELECTION_ENG"(MENU, SELECTION, PRESTEXT, PRESTEXTS, DESCRIPTION, SORTCODE, PRESENTATION, USERID, LOGDATE) VALUES ('12', 'T12_8', 'TARGET code 12.8  - By 2030, ensure that people everywhere have the relevant information and awareness for sustainble development and lifestyles in harmony with nature', '', '', '008', 'A', 'SDGS', GETDATE());
INSERT INTO "MENUSELECTION"(MENU, SELECTION, PRESTEXT, PRESTEXTS, DESCRIPTION, LEVELNO, SORTCODE, PRESENTATION, USERID, LOGDATE) VALUES ('T12_8', 'C120801', '12.8.1  مدى تعميم مراعاة ''1‘ تعليم المواطنة العالمية و ''2‘ التعليم من أجل التنمية المستدامة (بما في ذلك التثقيف بشأن تغير المناخ) في (أ) السياسات التربوية الوطنية، و (ب) المناهج الدراسية و (ج) تدريب المعلمين و (د) تقييم الطلاب', '', '', '3', '001', 'A', 'SDGS', GETDATE());
INSERT INTO "MENUSELECTION_ENG"(MENU, SELECTION, PRESTEXT, PRESTEXTS, DESCRIPTION, SORTCODE, PRESENTATION, USERID, LOGDATE) VALUES ('T12_8', 'C120801', '12.8.1 Extent to which (i) global citizenship education and (ii) education for sustainable development (including climate change education) are mainstreamed in (a) national education policies; (b) curricula; (c) teacher education; and (d) student assessment', '', '', '001', 'A', 'SDGS', GETDATE());
INSERT INTO "MENUSELECTION"(MENU, SELECTION, PRESTEXT, PRESTEXTS, DESCRIPTION, LEVELNO, SORTCODE, PRESENTATION, USERID, LOGDATE) VALUES ('12', 'T12_a', 'TARGET code 12.a  - دعم البلدان النامية لتعزيز قدراتها العلمية والتكنولوجية للمضي قدما نحو أنماط استهلاك وإنتاج أكثر استدامة', '', '', '2', '009', 'A', 'SDGS', GETDATE());
INSERT INTO "MENUSELECTION_ENG"(MENU, SELECTION, PRESTEXT, PRESTEXTS, DESCRIPTION, SORTCODE, PRESENTATION, USERID, LOGDATE) VALUES ('12', 'T12_a', 'TARGET code 12.a  - Support developing countries to strengthen their scientific and technological capacity to move towards more sustainable patterns of consumption and production', '', '', '009', 'A', 'SDGS', GETDATE());
INSERT INTO "MENUSELECTION"(MENU, SELECTION, PRESTEXT, PRESTEXTS, DESCRIPTION, LEVELNO, SORTCODE, PRESENTATION, USERID, LOGDATE) VALUES ('T12_a', 'C120a01', '12.a.1 الدعم المقدم إلى البلدان النامية في مجالي البحث والتطوير من أجل إرساء أنماط الاستهلاك والإنتاج المستدامة والتكنولوجيا السليمة بيئياً', '', '', '3', '001', 'A', 'SDGS', GETDATE());
INSERT INTO "MENUSELECTION_ENG"(MENU, SELECTION, PRESTEXT, PRESTEXTS, DESCRIPTION, SORTCODE, PRESENTATION, USERID, LOGDATE) VALUES ('T12_a', 'C120a01', '12.a.1 Amount of support to developing countries on research and development for sustainable consumption and production and environmentally sound technologies', '', '', '001', 'A', 'SDGS', GETDATE());
INSERT INTO "MENUSELECTION"(MENU, SELECTION, PRESTEXT, PRESTEXTS, DESCRIPTION, LEVELNO, SORTCODE, PRESENTATION, USERID, LOGDATE) VALUES ('12', 'T12_b', 'TARGET code 12.b  - وضع وتنفيذ أدوات لرصد تأثيرات السياحة المستدامة، التي توفر فرص العمل وتعزز الثقافة والمنتجات المحلية، في التنمية المستدامة', '', '', '2', '010', 'A', 'SDGS', GETDATE());
INSERT INTO "MENUSELECTION_ENG"(MENU, SELECTION, PRESTEXT, PRESTEXTS, DESCRIPTION, SORTCODE, PRESENTATION, USERID, LOGDATE) VALUES ('12', 'T12_b', 'TARGET code 12.b  - Develop and implement tools to monitor sustainable development impacts for sustainable tourism that creates jobs and promotes local culture and products', '', '', '010', 'A', 'SDGS', GETDATE());
INSERT INTO "MENUSELECTION"(MENU, SELECTION, PRESTEXT, PRESTEXTS, DESCRIPTION, LEVELNO, SORTCODE, PRESENTATION, USERID, LOGDATE) VALUES ('T12_b', 'C120b01', '12.b.1 عدد الاستراتيجيات أو السياسات وخطط العمل المنفذة في مجال السياحة المستدامة المتفق على أدوات رصدها وتقييمها', '', '', '3', '001', 'A', 'SDGS', GETDATE());
INSERT INTO "MENUSELECTION_ENG"(MENU, SELECTION, PRESTEXT, PRESTEXTS, DESCRIPTION, SORTCODE, PRESENTATION, USERID, LOGDATE) VALUES ('T12_b', 'C120b01', '12.b.1 Number of sustainable tourism strategies or policies and implemented action plans with agreed monitoring and evaluation tools', '', '', '001', 'A', 'SDGS', GETDATE());
INSERT INTO "MENUSELECTION"(MENU, SELECTION, PRESTEXT, PRESTEXTS, DESCRIPTION, LEVELNO, SORTCODE, PRESENTATION, USERID, LOGDATE) VALUES ('12', 'T12_c', 'TARGET code 12.c  - ترشيد إعانات الوقود الأحفوري غير الفعالة التي تشجع على الإسراف في الاستهلاك، وذلك بإزالة تشوهات الأسواق، وفقا للظروف الوطنية، بطُرق منها إعادة هيكلة الضرائب والتخلص بالتدريج من الإعانات الضارة، حيثما وجدت، لإظهار آثارها البيئية، مع إيلاء الاعتبار الكامل للاحتياجات والظروف الخاصة للبلدان النامية، والتقليل إلى أدنى حد ممكن من الآثار السلبية على نموها على نحو يكفل حماية الفقراء والمجتمعات المحلية المتأثرة', '', '', '2', '011', 'A', 'SDGS', GETDATE());
INSERT INTO "MENUSELECTION_ENG"(MENU, SELECTION, PRESTEXT, PRESTEXTS, DESCRIPTION, SORTCODE, PRESENTATION, USERID, LOGDATE) VALUES ('12', 'T12_c', 'TARGET code 12.c  - Rationalize inefficient fossil-fuel subsidies that encourage wasteful consumption by removing market distortions, in accordance with national circumstances, including by restructuring taxation and phasing out those harmful subsidies, where they exist, to reflect their environmental impacts, taking fully into account the specific needs and conditions of developing countries and minimizing the possible adverse impacts on their development in a manner that protects the poor and the affected communities', '', '', '011', 'A', 'SDGS', GETDATE());
INSERT INTO "MENUSELECTION"(MENU, SELECTION, PRESTEXT, PRESTEXTS, DESCRIPTION, LEVELNO, SORTCODE, PRESENTATION, USERID, LOGDATE) VALUES ('T12_c', 'C120c01', '12.c.1 مقدار إعانات الوقود الأحفوري لكل وحدة من الناتج المحلي الإجمالي (الإنتاج والاستهلاك) وكنسبة من مجموع النفقات الوطنية على الوقود الأحفوري', '', '', '3', '001', 'A', 'SDGS', GETDATE());
INSERT INTO "MENUSELECTION_ENG"(MENU, SELECTION, PRESTEXT, PRESTEXTS, DESCRIPTION, SORTCODE, PRESENTATION, USERID, LOGDATE) VALUES ('T12_c', 'C120c01', '12.c.1 Amount of fossil-fuel subsidies per unit of GDP (production and consumption) and as a proportion of total national expenditure on fossil fuels', '', '', '001', 'A', 'SDGS', GETDATE());
INSERT INTO "MENUSELECTION" (MENU, SELECTION, PRESTEXT, PRESTEXTS, DESCRIPTION, LEVELNO, SORTCODE, PRESENTATION, USERID, LOGDATE) VALUES ('START', '13', 'Goal AR13 - العمل المناخي', '', '', '1', '013', 'A', 'SDGS', GETDATE());
INSERT INTO "MENUSELECTION_ENG" (MENU, SELECTION, PRESTEXT, PRESTEXTS, DESCRIPTION, SORTCODE, PRESENTATION, USERID, LOGDATE) VALUES ('START', '13', 'Goal13 - Climate Action', '', '', '013', 'A', 'SDGS', GETDATE());
INSERT INTO "MENUSELECTION"(MENU, SELECTION, PRESTEXT, PRESTEXTS, DESCRIPTION, LEVELNO, SORTCODE, PRESENTATION, USERID, LOGDATE) VALUES ('13', 'T13_1', 'TARGET code 13.1  - تعزيز القدرة على الصمود في مواجهة المخاطر المرتبطة بالمناخ والكوارث الطبيعية في جميع البلدان، وتعزيز القدرة على التكيف مع تلك المخاطر', '', '', '2', '001', 'A', 'SDGS', GETDATE());
INSERT INTO "MENUSELECTION_ENG"(MENU, SELECTION, PRESTEXT, PRESTEXTS, DESCRIPTION, SORTCODE, PRESENTATION, USERID, LOGDATE) VALUES ('13', 'T13_1', 'TARGET code 13.1  - Strengthen resilience and adaptive capacity to climate-related hazards and natural disasters in all countries', '', '', '001', 'A', 'SDGS', GETDATE());
INSERT INTO "MENUSELECTION"(MENU, SELECTION, PRESTEXT, PRESTEXTS, DESCRIPTION, LEVELNO, SORTCODE, PRESENTATION, USERID, LOGDATE) VALUES ('T13_1', 'C200303', '13.1.1 عدد الأشخاص المتوفين  بسبب الكوارث من بين كل 000 100 شخص', '', '', '3', '001', 'A', 'SDGS', GETDATE());
INSERT INTO "MENUSELECTION_ENG"(MENU, SELECTION, PRESTEXT, PRESTEXTS, DESCRIPTION, SORTCODE, PRESENTATION, USERID, LOGDATE) VALUES ('T13_1', 'C200303', '13.1.1 Number of deaths, missing persons and directly affected persons attributed to disasters per 100,000 population', '', '', '001', 'A', 'SDGS', GETDATE());
INSERT INTO "MENUSELECTION"(MENU, SELECTION, PRESTEXT, PRESTEXTS, DESCRIPTION, LEVELNO, SORTCODE, PRESENTATION, USERID, LOGDATE) VALUES ('C200303', 'S131C20030301', 'C200303_01 - ??? ???????  ???? ??????? ?? ?? 000 100 ???', '', '', '4', '001', 'A', 'SDGS', GETDATE());
INSERT INTO "MENUSELECTION_ENG"(MENU, SELECTION, PRESTEXT, PRESTEXTS, DESCRIPTION, SORTCODE, PRESENTATION, USERID, LOGDATE) VALUES ('C200303', 'S131C20030301', 'C200303_01 - Number of deaths attributed to disasters per 100,000 population', '', '', '001', 'A', 'SDGS', GETDATE());
INSERT INTO "MENUSELECTION"(MENU, SELECTION, PRESTEXT, PRESTEXTS, DESCRIPTION, LEVELNO, SORTCODE, PRESENTATION, USERID, LOGDATE) VALUES ('C200303', 'S131C20030302', 'C200303_02 - ???  ?????????  ???? ??????? ?? ?? 000 100 ???', '', '', '4', '002', 'A', 'SDGS', GETDATE());
INSERT INTO "MENUSELECTION_ENG"(MENU, SELECTION, PRESTEXT, PRESTEXTS, DESCRIPTION, SORTCODE, PRESENTATION, USERID, LOGDATE) VALUES ('C200303', 'S131C20030302', 'C200303_02 - Number of missing persons attributed to disasters per 100,000 population', '', '', '002', 'A', 'SDGS', GETDATE());
INSERT INTO "MENUSELECTION"(MENU, SELECTION, PRESTEXT, PRESTEXTS, DESCRIPTION, LEVELNO, SORTCODE, PRESENTATION, USERID, LOGDATE) VALUES ('C200303', 'S131C20030303', 'C200303_03 - ??? ????????? ???? ??????? ?? ?? 000 100 ???', '', '', '4', '003', 'A', 'SDGS', GETDATE());
INSERT INTO "MENUSELECTION_ENG"(MENU, SELECTION, PRESTEXT, PRESTEXTS, DESCRIPTION, SORTCODE, PRESENTATION, USERID, LOGDATE) VALUES ('C200303', 'S131C20030303', 'C200303_03 - Number of directly affected persons attributed to disasters per 100,000 population', '', '', '003', 'A', 'SDGS', GETDATE());
INSERT INTO "MENUSELECTION"(MENU, SELECTION, PRESTEXT, PRESTEXTS, DESCRIPTION, LEVELNO, SORTCODE, PRESENTATION, USERID, LOGDATE) VALUES ('T13_1', 'C200304', '13.1.2 عدد البلدان التي تعتمد وتنفذ استراتيجيات وطنية للحد من مخاطر الكوارث تمشيا مع إطار سنداي للحد من مخاطر الكوارث للفترة 2015-٢٠٣٠.', '', '', '3', '002', 'A', 'SDGS', GETDATE());
INSERT INTO "MENUSELECTION_ENG"(MENU, SELECTION, PRESTEXT, PRESTEXTS, DESCRIPTION, SORTCODE, PRESENTATION, USERID, LOGDATE) VALUES ('T13_1', 'C200304', '13.1.2 Number of countries that adopt and implement national disaster risk reduction strategies in line with the Sendai Framework for Disaster Risk Reduction 2015-2030', '', '', '002', 'A', 'SDGS', GETDATE());
INSERT INTO "MENUSELECTION"(MENU, SELECTION, PRESTEXT, PRESTEXTS, DESCRIPTION, LEVELNO, SORTCODE, PRESENTATION, USERID, LOGDATE) VALUES ('C200304', 'S131C20030401', 'C200304_01 - ??? ??????? ???? ????? ??????????? ?????  ?????? ???? ?? ????? ???????', '', '', '4', '001', 'A', 'SDGS', GETDATE());
INSERT INTO "MENUSELECTION_ENG"(MENU, SELECTION, PRESTEXT, PRESTEXTS, DESCRIPTION, SORTCODE, PRESENTATION, USERID, LOGDATE) VALUES ('C200304', 'S131C20030401', 'C200304_01 - Number of countries that adopt and implement national disaster risk reduction strategies in line with the Sendai Framework for Disaster Risk Reduction 2015-2030', '', '', '001', 'A', 'SDGS', GETDATE());
INSERT INTO "MENUSELECTION"(MENU, SELECTION, PRESTEXT, PRESTEXTS, DESCRIPTION, LEVELNO, SORTCODE, PRESENTATION, USERID, LOGDATE) VALUES ('T13_1', 'C200305', '13.1.3 نسبة السلطات المحلية التي لديها وتطبق استراتيجيات الحد من المخاطر على مستوى السلطات المحلية بالاتساق مع الاستراتيجية الوطنية للحد من المخاطر', '', '', '3', '003', 'A', 'SDGS', GETDATE());
INSERT INTO "MENUSELECTION_ENG"(MENU, SELECTION, PRESTEXT, PRESTEXTS, DESCRIPTION, SORTCODE, PRESENTATION, USERID, LOGDATE) VALUES ('T13_1', 'C200305', '13.1.3 Proportion of local governments that adopt and implement local disaster risk reduction strategies in line with national disaster risk reduction strategies', '', '', '003', 'A', 'SDGS', GETDATE());
INSERT INTO "MENUSELECTION"(MENU, SELECTION, PRESTEXT, PRESTEXTS, DESCRIPTION, LEVELNO, SORTCODE, PRESENTATION, USERID, LOGDATE) VALUES ('C200305', 'S131C20030501', 'C200305_01 - ???? ??????? ??????? ???? ????? ????? ??????????? ???? ?? ??????? ??? ????? ??????? ??????? ???????? ?? ???????????? ??????? ???? ?? ???????', '', '', '4', '001', 'A', 'SDGS', GETDATE());
INSERT INTO "MENUSELECTION_ENG"(MENU, SELECTION, PRESTEXT, PRESTEXTS, DESCRIPTION, SORTCODE, PRESENTATION, USERID, LOGDATE) VALUES ('C200305', 'S131C20030501', 'C200305_01 - Proportion of local governments that adopt and implement local disaster risk reduction strategies in line with national disaster risk reduction strategies (%)', '', '', '001', 'A', 'SDGS', GETDATE());
INSERT INTO "MENUSELECTION"(MENU, SELECTION, PRESTEXT, PRESTEXTS, DESCRIPTION, LEVELNO, SORTCODE, PRESENTATION, USERID, LOGDATE) VALUES ('13', 'T13_2', 'TARGET code 13.2  - إدماج التدابير المتعلقة بتغير المناخ في السياسات والاستراتيجيات والخطط الوطنية', '', '', '2', '002', 'A', 'SDGS', GETDATE());
INSERT INTO "MENUSELECTION_ENG"(MENU, SELECTION, PRESTEXT, PRESTEXTS, DESCRIPTION, SORTCODE, PRESENTATION, USERID, LOGDATE) VALUES ('13', 'T13_2', 'TARGET code 13.2  - Integrate climate change measures into national policies, strategies and planning', '', '', '002', 'A', 'SDGS', GETDATE());
INSERT INTO "MENUSELECTION"(MENU, SELECTION, PRESTEXT, PRESTEXTS, DESCRIPTION, LEVELNO, SORTCODE, PRESENTATION, USERID, LOGDATE) VALUES ('T13_2', 'C130201', '13.2.1 عدد البلدان التي أبلغت عن وضع أو تفعيل سياسة/استراتيجية/خطة متكاملة تزيد قدراتها على التكيف مع الآثار الضارة لتغير المناخ وتعزز القدرة على التأقلم مع المناخ،  والتنمية القائمة على انبعاثات غازات الدفيئة المنخفضة على نحو لا يهدد إنتاج الأغذية (بما في ذلك وضع خطط تكيُّف وطنية، وتقديم مساهمة محددة على الصعيد الوطني، وبلاغات وطنية، وتقرير عن المستجدات لفترة السنتين، أو غير ذلك)', '', '', '3', '001', 'A', 'SDGS', GETDATE());
INSERT INTO "MENUSELECTION_ENG"(MENU, SELECTION, PRESTEXT, PRESTEXTS, DESCRIPTION, SORTCODE, PRESENTATION, USERID, LOGDATE) VALUES ('T13_2', 'C130201', '13.2.1 Number of countries that have communicated the establishment or operationalization of an integrated policy/strategy/plan which increases their ability to adapt to the adverse impacts of climate change, and foster climate resilience and low greenhouse gas emissions development in a manner that does not threaten food production (including a national adaptation plan, nationally determined contribution, national communication, biennial update report or other)', '', '', '001', 'A', 'SDGS', GETDATE());
INSERT INTO "MENUSELECTION"(MENU, SELECTION, PRESTEXT, PRESTEXTS, DESCRIPTION, LEVELNO, SORTCODE, PRESENTATION, USERID, LOGDATE) VALUES ('T13_2', 'C130202', '13.2.2 مجموع كميات المنبعثات غازات الدفيئة حسب السنة', '', '', '3', '002', 'A', 'SDGS', GETDATE());
INSERT INTO "MENUSELECTION_ENG"(MENU, SELECTION, PRESTEXT, PRESTEXTS, DESCRIPTION, SORTCODE, PRESENTATION, USERID, LOGDATE) VALUES ('T13_2', 'C130202', '13.2.2 Total greenhouse gas emissions per year', '', '', '002', 'A', 'SDGS', GETDATE());
INSERT INTO "MENUSELECTION"(MENU, SELECTION, PRESTEXT, PRESTEXTS, DESCRIPTION, LEVELNO, SORTCODE, PRESENTATION, USERID, LOGDATE) VALUES ('13', 'T13_3', 'TARGET code 13.3  - تحسين التعليم وإذكاء الوعي والقدرات البشرية والمؤسسية بشأن التخفيف من تغير المناخ، والتكيف معه، والحد من أثره والإنذار المبكر به', '', '', '2', '003', 'A', 'SDGS', GETDATE());
INSERT INTO "MENUSELECTION_ENG"(MENU, SELECTION, PRESTEXT, PRESTEXTS, DESCRIPTION, SORTCODE, PRESENTATION, USERID, LOGDATE) VALUES ('13', 'T13_3', 'TARGET code 13.3  - Improve education, awareness-raising and human and institutional capacity on climate change mitigation, adaptation, impact reduction and early warning', '', '', '003', 'A', 'SDGS', GETDATE());
INSERT INTO "MENUSELECTION"(MENU, SELECTION, PRESTEXT, PRESTEXTS, DESCRIPTION, LEVELNO, SORTCODE, PRESENTATION, USERID, LOGDATE) VALUES ('T13_3', 'C130301', '13.3.1 عدد البلدان التي أدمجت التخفيف من تغير المناخ، والتكيف معه، والحد من أثره والإنذار المبكر في مناهج التعليم الابتدائي والثانوي والعالي', '', '', '3', '001', 'A', 'SDGS', GETDATE());
INSERT INTO "MENUSELECTION_ENG"(MENU, SELECTION, PRESTEXT, PRESTEXTS, DESCRIPTION, SORTCODE, PRESENTATION, USERID, LOGDATE) VALUES ('T13_3', 'C130301', '13.3.1 Number of countries that have integrated mitigation, adaptation, impact reduction and early warning into primary, secondary and tertiary curricula', '', '', '001', 'A', 'SDGS', GETDATE());
INSERT INTO "MENUSELECTION"(MENU, SELECTION, PRESTEXT, PRESTEXTS, DESCRIPTION, LEVELNO, SORTCODE, PRESENTATION, USERID, LOGDATE) VALUES ('13', 'T13_a', 'TARGET code 13.a  - تنفيذ ما تعهدت به الأطراف من البلدان المتقدمة النمو في اتفاقية الأمم المتحدة الإطارية بشأن تغير المناخ من التزام بهدف التعبئة المشتركة لمبلغ قدره 100 بليون دولار سنوياً بحلول عام 2020 من جميع المصادر لتلبية احتياجات البلدان النامية، في سياق إجراءات تخفيفية مجدية وشفافية في التنفيذ، وجعل الصندوق الأخضر للمناخ في حالة تشغيل كامل بتزويده برأس المال في أقرب وقت ممكن', '', '', '2', '004', 'A', 'SDGS', GETDATE());
INSERT INTO "MENUSELECTION_ENG"(MENU, SELECTION, PRESTEXT, PRESTEXTS, DESCRIPTION, SORTCODE, PRESENTATION, USERID, LOGDATE) VALUES ('13', 'T13_a', 'TARGET code 13.a  - Implement the commitment undertaken by developed-country parties to the United Nations Framework Convention on Climate Change to a goal of mobilizing jointly $100 billion annually by 2020 from all sources to address the needs of developing countries in the context of meaningful mitigation actions and transparency on implementation and fully operationalize the Green Climate Fund through its capitalization as soon as possible', '', '', '004', 'A', 'SDGS', GETDATE());
INSERT INTO "MENUSELECTION"(MENU, SELECTION, PRESTEXT, PRESTEXTS, DESCRIPTION, LEVELNO, SORTCODE, PRESENTATION, USERID, LOGDATE) VALUES ('T13_a', 'C130a01', '13.a.1 المبلغ السنوي الذي يجمع سنوياً مقيّماً بدولار الولايات المتحدة في الفترة بين عامي 2020 و 2025 بهدف الوفاء بالتزام توفير 100 بليون دولار', '', '', '3', '001', 'A', 'SDGS', GETDATE());
INSERT INTO "MENUSELECTION_ENG"(MENU, SELECTION, PRESTEXT, PRESTEXTS, DESCRIPTION, SORTCODE, PRESENTATION, USERID, LOGDATE) VALUES ('T13_a', 'C130a01', '13.a.1  Mobilized amount of United States dollars per year between 2020 and 2025 accountable towards the $100 billion commitment', '', '', '001', 'A', 'SDGS', GETDATE());
INSERT INTO "MENUSELECTION"(MENU, SELECTION, PRESTEXT, PRESTEXTS, DESCRIPTION, LEVELNO, SORTCODE, PRESENTATION, USERID, LOGDATE) VALUES ('13', 'T13_b', 'TARGET code 13.b  - تعزيز الآليات اللازمة لتحسين مستوى قدرات التخطيط والإدارة الفعالين المتعلقين بتغير المناخ في أقل البلدان نموا، والدول الجزرية الصغيرة النامية، بما في ذلك التركيز على النساء والشباب والمجتمعات المحلية والمهمشة', '', '', '2', '005', 'A', 'SDGS', GETDATE());
INSERT INTO "MENUSELECTION_ENG"(MENU, SELECTION, PRESTEXT, PRESTEXTS, DESCRIPTION, SORTCODE, PRESENTATION, USERID, LOGDATE) VALUES ('13', 'T13_b', 'TARGET code 13.b  - Promote mechanisms for raising capacity for effective climate change-related planning and management in least developed countries and small island developing States, including focusing on women, youth and local and marginalized communities', '', '', '005', 'A', 'SDGS', GETDATE());
INSERT INTO "MENUSELECTION"(MENU, SELECTION, PRESTEXT, PRESTEXTS, DESCRIPTION, LEVELNO, SORTCODE, PRESENTATION, USERID, LOGDATE) VALUES ('T13_b', 'C130b01', '13.b.1 عدد أقل البلدان نمواً والدول الجزرية الصغيرة النامية التي تتلقى دعماً متخصصاً ومقدار الدعم المقدم، بما في ذلك التمويل والتكنولوجيا وبناء القدرات، لآليات تحسين مستوى قدرات التخطيط والإدارة الفعالين المتعلقين بتغير المناخ، بما في ذلك التركيز على النساء والشباب والمجتمعات المحلية والمهمشة', '', '', '3', '001', 'A', 'SDGS', GETDATE());
INSERT INTO "MENUSELECTION_ENG"(MENU, SELECTION, PRESTEXT, PRESTEXTS, DESCRIPTION, SORTCODE, PRESENTATION, USERID, LOGDATE) VALUES ('T13_b', 'C130b01', '13.b.1 Number of least developed countries and small island developing States that are receiving specialized support, and amount of support, including finance, technology and capacity-building, for mechanisms for raising capacities for effective climate change-related planning and management, including focusing on women, youth and local and marginalized communities', '', '', '001', 'A', 'SDGS', GETDATE());
INSERT INTO "MENUSELECTION" (MENU, SELECTION, PRESTEXT, PRESTEXTS, DESCRIPTION, LEVELNO, SORTCODE, PRESENTATION, USERID, LOGDATE) VALUES ('START', '14', 'Goal AR14 - الحياة تحت الماء', '', '', '1', '014', 'A', 'SDGS', GETDATE());
INSERT INTO "MENUSELECTION_ENG" (MENU, SELECTION, PRESTEXT, PRESTEXTS, DESCRIPTION, SORTCODE, PRESENTATION, USERID, LOGDATE) VALUES ('START', '14', 'Goal14 - Life Below Water', '', '', '014', 'A', 'SDGS', GETDATE());
INSERT INTO "MENUSELECTION"(MENU, SELECTION, PRESTEXT, PRESTEXTS, DESCRIPTION, LEVELNO, SORTCODE, PRESENTATION, USERID, LOGDATE) VALUES ('14', 'T14_1', 'TARGET code 14.1  - منع التلوث البحري بجميع أنواعه والحد منه بقدر كبير، ولا سيما التلوث الناجم عن الأنشطة البرية، بما في ذلك الحطام البحري، وتلوث المغذيات، بحلول عام 2025', '', '', '2', '001', 'A', 'SDGS', GETDATE());
INSERT INTO "MENUSELECTION_ENG"(MENU, SELECTION, PRESTEXT, PRESTEXTS, DESCRIPTION, SORTCODE, PRESENTATION, USERID, LOGDATE) VALUES ('14', 'T14_1', 'TARGET code 14.1  - By 2025, prevent and significantly reduce marine pollution of all kinds, in particular from land-based activities, including marine debris and nutrient pollution', '', '', '001', 'A', 'SDGS', GETDATE());
INSERT INTO "MENUSELECTION"(MENU, SELECTION, PRESTEXT, PRESTEXTS, DESCRIPTION, LEVELNO, SORTCODE, PRESENTATION, USERID, LOGDATE) VALUES ('T14_1', 'C140101', '14.1.1 مؤشر فرط المغذيات في المناطق الساحلية وكثافة المخلفات البلاستيكية الطافية', '', '', '3', '001', 'A', 'SDGS', GETDATE());
INSERT INTO "MENUSELECTION_ENG"(MENU, SELECTION, PRESTEXT, PRESTEXTS, DESCRIPTION, SORTCODE, PRESENTATION, USERID, LOGDATE) VALUES ('T14_1', 'C140101', '14.1.1 Index of coastal eutrophication and floating plastic debris density', '', '', '001', 'A', 'SDGS', GETDATE());
INSERT INTO "MENUSELECTION"(MENU, SELECTION, PRESTEXT, PRESTEXTS, DESCRIPTION, LEVELNO, SORTCODE, PRESENTATION, USERID, LOGDATE) VALUES ('14', 'T14_2', 'TARGET code 14.2  - إدارة النظم الإيكولوجية البحرية والساحلية على نحو مستدام وحمايتها، من أجل تجنب حدوث آثار سلبية كبيرة، بوسائل منها تعزيز قدرتها على الصمود، واتخاذ الإجراءات اللازمة لإعادتها إلى ما كانت عليه من أجل تحقيق الصحة والإنتاجية للمحيطات، بحلول عام 2020', '', '', '2', '002', 'A', 'SDGS', GETDATE());
INSERT INTO "MENUSELECTION_ENG"(MENU, SELECTION, PRESTEXT, PRESTEXTS, DESCRIPTION, SORTCODE, PRESENTATION, USERID, LOGDATE) VALUES ('14', 'T14_2', 'TARGET code 14.2  - By 2020, sustainably manage and protect marine and coastal ecosystems to avoid significant adverse impacts, including by strengthening their resilience, and take action for their restoration in order to achieve healthy and productive oceans', '', '', '002', 'A', 'SDGS', GETDATE());
INSERT INTO "MENUSELECTION"(MENU, SELECTION, PRESTEXT, PRESTEXTS, DESCRIPTION, LEVELNO, SORTCODE, PRESENTATION, USERID, LOGDATE) VALUES ('T14_2', 'C140201', '14.2.1 نسبة المناطق الاقتصادية الحصرية الوطنية التي تُدار باستخدام نُهج قائمة على النظم الإيكولوجية', '', '', '3', '001', 'A', 'SDGS', GETDATE());
INSERT INTO "MENUSELECTION_ENG"(MENU, SELECTION, PRESTEXT, PRESTEXTS, DESCRIPTION, SORTCODE, PRESENTATION, USERID, LOGDATE) VALUES ('T14_2', 'C140201', '14.2.1 Proportion of national exclusive economic zones managed using ecosystem-based approaches', '', '', '001', 'A', 'SDGS', GETDATE());
INSERT INTO "MENUSELECTION"(MENU, SELECTION, PRESTEXT, PRESTEXTS, DESCRIPTION, LEVELNO, SORTCODE, PRESENTATION, USERID, LOGDATE) VALUES ('14', 'T14_3', 'TARGET code 14.3  - تقليل تحمض المحيطات إلى أدنى حد ومعالجة آثاره، بجملة وسائل منها تعزيز التعاون العلمي على جميع المستويات', '', '', '2', '003', 'A', 'SDGS', GETDATE());
INSERT INTO "MENUSELECTION_ENG"(MENU, SELECTION, PRESTEXT, PRESTEXTS, DESCRIPTION, SORTCODE, PRESENTATION, USERID, LOGDATE) VALUES ('14', 'T14_3', 'TARGET code 14.3  - Minimize and address the impacts of ocean acidification, including through enhanced scientific cooperation at all levels', '', '', '003', 'A', 'SDGS', GETDATE());
INSERT INTO "MENUSELECTION"(MENU, SELECTION, PRESTEXT, PRESTEXTS, DESCRIPTION, LEVELNO, SORTCODE, PRESENTATION, USERID, LOGDATE) VALUES ('T14_3', 'C140301', '14.3.1 قياس متوسط الحموضة البحرية في مجموعة متفق عليها من محطات تمثيلية لأخذ العينات', '', '', '3', '001', 'A', 'SDGS', GETDATE());
INSERT INTO "MENUSELECTION_ENG"(MENU, SELECTION, PRESTEXT, PRESTEXTS, DESCRIPTION, SORTCODE, PRESENTATION, USERID, LOGDATE) VALUES ('T14_3', 'C140301', '14.3.1 Average marine acidity (pH) measured at agreed suite of representative sampling stations', '', '', '001', 'A', 'SDGS', GETDATE());
INSERT INTO "MENUSELECTION"(MENU, SELECTION, PRESTEXT, PRESTEXTS, DESCRIPTION, LEVELNO, SORTCODE, PRESENTATION, USERID, LOGDATE) VALUES ('14', 'T14_4', 'TARGET code 14.4  - تنظيم الصيد على نحو فعال، وإنهاء الصيد المفرط والصيد غير القانوني، وغير المبلغ عنه، وغير المنظم وممارسات الصيد المدمرة، وتنفيذ خطط إدارة قائمة على العلم، من أجل إعادة الأرصدة السمكية إلى ما كانت عليه في أقرب وقت ممكن، لتصل على الأقل إلى المستويات التي يمكن أن تتيح إنتاج أقصى غلة مستدامة وفقا لماً تحدده خصائصها البيولوجية، بحلول عام 2020', '', '', '2', '004', 'A', 'SDGS', GETDATE());
INSERT INTO "MENUSELECTION_ENG"(MENU, SELECTION, PRESTEXT, PRESTEXTS, DESCRIPTION, SORTCODE, PRESENTATION, USERID, LOGDATE) VALUES ('14', 'T14_4', 'TARGET code 14.4  - By 2020, effectively regulate harvesting and end overfishing, illegal, unreported and unregulated fishing and destructive fishing practices and implement science-based management plans, in order to restore fish stocks in the shortest time feasible, at least to levels that can produce maximum sustainable yield as determined by their biological characteristics', '', '', '004', 'A', 'SDGS', GETDATE());
INSERT INTO "MENUSELECTION"(MENU, SELECTION, PRESTEXT, PRESTEXTS, DESCRIPTION, LEVELNO, SORTCODE, PRESENTATION, USERID, LOGDATE) VALUES ('T14_4', 'C140401', '14.4.1 نسبة الأرصدة السمكية الموجودة ضمن المستويات المستدامة بيولوجيا', '', '', '3', '001', 'A', 'SDGS', GETDATE());
INSERT INTO "MENUSELECTION_ENG"(MENU, SELECTION, PRESTEXT, PRESTEXTS, DESCRIPTION, SORTCODE, PRESENTATION, USERID, LOGDATE) VALUES ('T14_4', 'C140401', '14.4.1 Proportion of fish stocks within biologically sustainable levels', '', '', '001', 'A', 'SDGS', GETDATE());
INSERT INTO "MENUSELECTION"(MENU, SELECTION, PRESTEXT, PRESTEXTS, DESCRIPTION, LEVELNO, SORTCODE, PRESENTATION, USERID, LOGDATE) VALUES ('14', 'T14_5', 'TARGET code 14.5  - حفظ 10 في المائة على الأقل من المناطق الساحلية والبحرية، بما يتسق مع القانون الوطني والدولي، واستناداً إلى أفضل المعلومات العلمية المتاحة، بحلول عام 2020', '', '', '2', '005', 'A', 'SDGS', GETDATE());
INSERT INTO "MENUSELECTION_ENG"(MENU, SELECTION, PRESTEXT, PRESTEXTS, DESCRIPTION, SORTCODE, PRESENTATION, USERID, LOGDATE) VALUES ('14', 'T14_5', 'TARGET code 14.5  - By 2020, conserve at least 10 per cent of coastal and marine areas, consistent with national and international law and based on the best available scientific information', '', '', '005', 'A', 'SDGS', GETDATE());
INSERT INTO "MENUSELECTION"(MENU, SELECTION, PRESTEXT, PRESTEXTS, DESCRIPTION, LEVELNO, SORTCODE, PRESENTATION, USERID, LOGDATE) VALUES ('T14_5', 'C140501', '14.5.1 نطاق المناطق المحمية مقابل المناطق البحرية', '', '', '3', '001', 'A', 'SDGS', GETDATE());
INSERT INTO "MENUSELECTION_ENG"(MENU, SELECTION, PRESTEXT, PRESTEXTS, DESCRIPTION, SORTCODE, PRESENTATION, USERID, LOGDATE) VALUES ('T14_5', 'C140501', '14.5.1 Coverage of protected areas in relation to marine areas', '', '', '001', 'A', 'SDGS', GETDATE());
INSERT INTO "MENUSELECTION"(MENU, SELECTION, PRESTEXT, PRESTEXTS, DESCRIPTION, LEVELNO, SORTCODE, PRESENTATION, USERID, LOGDATE) VALUES ('14', 'T14_6', 'TARGET code 14.6  - حظر أشكال معينة من الإعانات المقدمة إلى مصائد الأسماك التي تسهم في الإفراط في قدرات الصيد وفي صيد الأسماك، وإلغاء الإعانات التي تساهم في صيد الأسماك غير المشروع وغير المبلغ عنه وغير المنظم، والإحجام عن استحداث إعانات جديدة من هذا القبيل، مع التسليم بضرورة أن تكون المعاملة الخاصة والتفضيلية الملائمة والفعالة، للبلدان النامية وأقل البلدان نمواً، جزءاً لا يتجزأ من مفاوضات منظمة التجارة العالمية بشأن الإعانات المقدمة لمصائد الأسماك، بحلول عام 2020([1])', '', '', '2', '006', 'A', 'SDGS', GETDATE());
INSERT INTO "MENUSELECTION_ENG"(MENU, SELECTION, PRESTEXT, PRESTEXTS, DESCRIPTION, SORTCODE, PRESENTATION, USERID, LOGDATE) VALUES ('14', 'T14_6', 'TARGET code 14.6  - By 2020, prohibit certain forms of fisheries subsidies which contribute to overcapacity and overfishing, eliminate subsidies that contribute to illegal, unreported and unregulated fishing and refrain from introducing new such subsidies, recognizing that appropriate and effective special and differential treatment for developing and least developed countries should be an integral part of the World Trade Organization fisheries subsidies negotiation[2]', '', '', '006', 'A', 'SDGS', GETDATE());
INSERT INTO "MENUSELECTION"(MENU, SELECTION, PRESTEXT, PRESTEXTS, DESCRIPTION, LEVELNO, SORTCODE, PRESENTATION, USERID, LOGDATE) VALUES ('T14_6', 'C140601', '14.6.1 التقدم الذي تحرزه البلدان في مدى تنفيذ الصكوك الدولية الرامية إلى مكافحة صيد الأسماك غير المشروع وغير المبلغ عنه وغير المنظم', '', '', '3', '001', 'A', 'SDGS', GETDATE());
INSERT INTO "MENUSELECTION_ENG"(MENU, SELECTION, PRESTEXT, PRESTEXTS, DESCRIPTION, SORTCODE, PRESENTATION, USERID, LOGDATE) VALUES ('T14_6', 'C140601', '14.6.1 Progress by countries in the degree of implementation of international instruments aiming to combat illegal, unreported and unregulated fishing', '', '', '001', 'A', 'SDGS', GETDATE());
INSERT INTO "MENUSELECTION"(MENU, SELECTION, PRESTEXT, PRESTEXTS, DESCRIPTION, LEVELNO, SORTCODE, PRESENTATION, USERID, LOGDATE) VALUES ('14', 'T14_7', 'TARGET code 14.7  - زيادة الفوائد الاقتصادية التي تتحقق للدول الجزرية الصغيرة النامية وأقل البلدان نموا من الاستخدام المستدام للموارد البحرية، بجملة وسائل منها الإدارة المستدامة لمصائد الأسماك، وتربية الأحياء المائية، والسياحة، بحلول عام ٢٠٣٠', '', '', '2', '007', 'A', 'SDGS', GETDATE());
INSERT INTO "MENUSELECTION_ENG"(MENU, SELECTION, PRESTEXT, PRESTEXTS, DESCRIPTION, SORTCODE, PRESENTATION, USERID, LOGDATE) VALUES ('14', 'T14_7', 'TARGET code 14.7  - By 2030, increase the economic benefits to small island developing States and least developed countries from the sustainable use of marine resources, including through sustainable management of fisheries, aquaculture and tourism', '', '', '007', 'A', 'SDGS', GETDATE());
INSERT INTO "MENUSELECTION"(MENU, SELECTION, PRESTEXT, PRESTEXTS, DESCRIPTION, LEVELNO, SORTCODE, PRESENTATION, USERID, LOGDATE) VALUES ('T14_7', 'C140701', '14.7.1 مصائد الأسماك المستدامة كنسبة من الناتج المحلي الإجمالي في الدول الجزرية الصغيرة النامية، وأقل البلدان نمواً، وجميع البلدان', '', '', '3', '001', 'A', 'SDGS', GETDATE());
INSERT INTO "MENUSELECTION_ENG"(MENU, SELECTION, PRESTEXT, PRESTEXTS, DESCRIPTION, SORTCODE, PRESENTATION, USERID, LOGDATE) VALUES ('T14_7', 'C140701', '14.7.1 Sustainable fisheries as a proportion of GDP in small island developing States, least developed countries and all countries', '', '', '001', 'A', 'SDGS', GETDATE());
INSERT INTO "MENUSELECTION"(MENU, SELECTION, PRESTEXT, PRESTEXTS, DESCRIPTION, LEVELNO, SORTCODE, PRESENTATION, USERID, LOGDATE) VALUES ('14', 'T14_a', 'TARGET code 14.a  - زيادة المعارف العلمية، وتطوير قدرات البحث، ونقل التكنولوجيا البحرية، مع مراعاة معايير اللجنة الأوقيانوغرافية الحكومية الدولية ومبادئها التوجيهية المتعلقة بنقل التكنولوجيا البحرية، من أجل تحسين صحة المحيطات، وتعزيز إسهام التنوع البيولوجي البحري في تنمية البلدان النامية، ولا سيما الدول الجزرية الصغيرة النامية وأقل البلدان نموا', '', '', '2', '008', 'A', 'SDGS', GETDATE());
INSERT INTO "MENUSELECTION_ENG"(MENU, SELECTION, PRESTEXT, PRESTEXTS, DESCRIPTION, SORTCODE, PRESENTATION, USERID, LOGDATE) VALUES ('14', 'T14_a', 'TARGET code 14.a  - Increase scientific knowledge, develop research capacity and transfer marine technology, taking into account the Intergovernmental Oceanographic Commission Criteria and Guidelines on the Transfer of Marine Technology, in order to improve ocean health and to enhance the contribution of marine biodiversity to the development of developing countries, in particular small island developing States and least developed countries', '', '', '008', 'A', 'SDGS', GETDATE());
INSERT INTO "MENUSELECTION"(MENU, SELECTION, PRESTEXT, PRESTEXTS, DESCRIPTION, LEVELNO, SORTCODE, PRESENTATION, USERID, LOGDATE) VALUES ('T14_a', 'C140a01', '14.a.1 نسبة مجموع الميزانية المخصصة للبحوث في مجال التكنولوجيا البحرية', '', '', '3', '001', 'A', 'SDGS', GETDATE());
INSERT INTO "MENUSELECTION_ENG"(MENU, SELECTION, PRESTEXT, PRESTEXTS, DESCRIPTION, SORTCODE, PRESENTATION, USERID, LOGDATE) VALUES ('T14_a', 'C140a01', '14.a.1 Proportion of total research budget allocated to research in the field of marine technology', '', '', '001', 'A', 'SDGS', GETDATE());
INSERT INTO "MENUSELECTION"(MENU, SELECTION, PRESTEXT, PRESTEXTS, DESCRIPTION, LEVELNO, SORTCODE, PRESENTATION, USERID, LOGDATE) VALUES ('14', 'T14_b', 'TARGET code 14.b  - تيسير وصول صغار الصيادين الحرفيين إلى الموارد البحرية والأسواق', '', '', '2', '009', 'A', 'SDGS', GETDATE());
INSERT INTO "MENUSELECTION_ENG"(MENU, SELECTION, PRESTEXT, PRESTEXTS, DESCRIPTION, SORTCODE, PRESENTATION, USERID, LOGDATE) VALUES ('14', 'T14_b', 'TARGET code 14.b  - Provide access for small-scale artisanal fishers to marine resources and markets', '', '', '009', 'A', 'SDGS', GETDATE());
INSERT INTO "MENUSELECTION"(MENU, SELECTION, PRESTEXT, PRESTEXTS, DESCRIPTION, LEVELNO, SORTCODE, PRESENTATION, USERID, LOGDATE) VALUES ('T14_b', 'C140b01', '14.b.1 مدى تطبيق إطار قانوني/تنظيمي/سياساتي/مؤسسي يعترف بحقوق مصائد الأسماك الصغيرة في الوصول إلى الموارد البحرية ويحمي تلك الحقوق', '', '', '3', '001', 'A', 'SDGS', GETDATE());
INSERT INTO "MENUSELECTION_ENG"(MENU, SELECTION, PRESTEXT, PRESTEXTS, DESCRIPTION, SORTCODE, PRESENTATION, USERID, LOGDATE) VALUES ('T14_b', 'C140b01', '14.b.1 Progress by countries in the degree of application of a legal/regulatory/policy/institutional framework which recognizes and protects access rights for small-scale fisheries', '', '', '001', 'A', 'SDGS', GETDATE());
INSERT INTO "MENUSELECTION"(MENU, SELECTION, PRESTEXT, PRESTEXTS, DESCRIPTION, LEVELNO, SORTCODE, PRESENTATION, USERID, LOGDATE) VALUES ('14', 'T14_c', 'TARGET code 14.c  - تعزيز حفظ المحيطات ومواردها واستخدامها استخداما مستداما بتنفيذ القانون الدولي بصيغته الواردة في اتفاقية الأمم المتحدة لقانون البحار التي تضع الإطار القانوني لحفظ المحيطات ومواردها واستخدامها على نحو مستدام، على نحو ما تشير إليه الفقرة 158 من وثيقة ”المستقبل الذي نصبو إليه“', '', '', '2', '010', 'A', 'SDGS', GETDATE());
INSERT INTO "MENUSELECTION_ENG"(MENU, SELECTION, PRESTEXT, PRESTEXTS, DESCRIPTION, SORTCODE, PRESENTATION, USERID, LOGDATE) VALUES ('14', 'T14_c', 'TARGET code 14.c  - Enhance the conservation and sustainable use of oceans and their resources by implementing international law as reflected in the United Nations Convention on the Law of the Sea, which provides the legal framework for the conservation and sustainable use of oceans and their resources, as recalled in paragraph 158 of “The future we want”', '', '', '010', 'A', 'SDGS', GETDATE());
INSERT INTO "MENUSELECTION"(MENU, SELECTION, PRESTEXT, PRESTEXTS, DESCRIPTION, LEVELNO, SORTCODE, PRESENTATION, USERID, LOGDATE) VALUES ('T14_c', 'C140c01', '14.c.1 عدد البلدان التي تحرز تقدماً في التصديق على صكوك متعلقة بالمحيطات تنفذ القانون الدولي، وفي قبول تلك الصكوك وتنفيذها بموجب أطر قانونية وسياساتية ومؤسسية، على النحو الوارد في اتفاقية الأمم المتحدة لقانون البحار، من أجل حفظ المحيطات ومواردها، واستخدامها على نحو مستدام', '', '', '3', '001', 'A', 'SDGS', GETDATE());
INSERT INTO "MENUSELECTION_ENG"(MENU, SELECTION, PRESTEXT, PRESTEXTS, DESCRIPTION, SORTCODE, PRESENTATION, USERID, LOGDATE) VALUES ('T14_c', 'C140c01', '14.c.1 Number of countries making progress in ratifying, accepting and implementing through legal, policy and institutional frameworks, ocean-related instruments that implement international law, as reflected in the United Nation Convention on the Law of the Sea, for the conservation and sustainable use of the oceans and their resources', '', '', '001', 'A', 'SDGS', GETDATE());
INSERT INTO "MENUSELECTION" (MENU, SELECTION, PRESTEXT, PRESTEXTS, DESCRIPTION, LEVELNO, SORTCODE, PRESENTATION, USERID, LOGDATE) VALUES ('START', '15', 'Goal AR15 - الحياة في البر', '', '', '1', '015', 'A', 'SDGS', GETDATE());
INSERT INTO "MENUSELECTION_ENG" (MENU, SELECTION, PRESTEXT, PRESTEXTS, DESCRIPTION, SORTCODE, PRESENTATION, USERID, LOGDATE) VALUES ('START', '15', 'Goal15 - Life on Land', '', '', '015', 'A', 'SDGS', GETDATE());
INSERT INTO "MENUSELECTION"(MENU, SELECTION, PRESTEXT, PRESTEXTS, DESCRIPTION, LEVELNO, SORTCODE, PRESENTATION, USERID, LOGDATE) VALUES ('15', 'T15_1', 'TARGET code 15.1  - كفالة حفظ وترميم النظم الإيكولوجية البرية والنظم الإيكولوجية للمياه العذبة الداخلية وخدماتها، ولا سيما الغابات والأراضي الرطبة والجبال والأراضي الجافة، وكفالة استخدامها على نحو مستدام، وذلك وفقاً للالتزامات المنصوص عليها في الاتفاقات الدولية، بحلول عام 2020', '', '', '2', '001', 'A', 'SDGS', GETDATE());
INSERT INTO "MENUSELECTION_ENG"(MENU, SELECTION, PRESTEXT, PRESTEXTS, DESCRIPTION, SORTCODE, PRESENTATION, USERID, LOGDATE) VALUES ('15', 'T15_1', 'TARGET code 15.1  - By 2020, ensure the conservation, restoration and sustainable use of terrestrial and inland freshwater ecosystems and their services, in particular forests, wetlands, mountains and drylands, in line with obligations under international agreements', '', '', '001', 'A', 'SDGS', GETDATE());
INSERT INTO "MENUSELECTION"(MENU, SELECTION, PRESTEXT, PRESTEXTS, DESCRIPTION, LEVELNO, SORTCODE, PRESENTATION, USERID, LOGDATE) VALUES ('T15_1', 'C150101', '15.1.1 مساحة الغابات كنسبة من مجموع مساحة اليابسة', '', '', '3', '001', 'A', 'SDGS', GETDATE());
INSERT INTO "MENUSELECTION_ENG"(MENU, SELECTION, PRESTEXT, PRESTEXTS, DESCRIPTION, SORTCODE, PRESENTATION, USERID, LOGDATE) VALUES ('T15_1', 'C150101', '15.1.1 Forest area as a proportion of total land area', '', '', '001', 'A', 'SDGS', GETDATE());
INSERT INTO "MENUSELECTION"(MENU, SELECTION, PRESTEXT, PRESTEXTS, DESCRIPTION, LEVELNO, SORTCODE, PRESENTATION, USERID, LOGDATE) VALUES ('C150101', 'S151C15010101', 'C150101_01 - ???? ??????? ????? ?? ????? ????? ???????', '', '', '4', '001', 'A', 'SDGS', GETDATE());
INSERT INTO "MENUSELECTION_ENG"(MENU, SELECTION, PRESTEXT, PRESTEXTS, DESCRIPTION, SORTCODE, PRESENTATION, USERID, LOGDATE) VALUES ('C150101', 'S151C15010101', 'C150101_01 - Forest area as a proportion of total land area (%)', '', '', '001', 'A', 'SDGS', GETDATE());
INSERT INTO "MENUSELECTION"(MENU, SELECTION, PRESTEXT, PRESTEXTS, DESCRIPTION, LEVELNO, SORTCODE, PRESENTATION, USERID, LOGDATE) VALUES ('T15_1', 'C150102', '15.1.2 نسبة المواقع الهامة من التنوع البيولوجي البريوللمياه العذبة المشمولة في المناطق المحمية، بحسب نوع النظام الإيكولوجي', '', '', '3', '002', 'A', 'SDGS', GETDATE());
INSERT INTO "MENUSELECTION_ENG"(MENU, SELECTION, PRESTEXT, PRESTEXTS, DESCRIPTION, SORTCODE, PRESENTATION, USERID, LOGDATE) VALUES ('T15_1', 'C150102', '15.1.2 Proportion of important sites for terrestrial and freshwater biodiversity that are covered by protected areas, by ecosystem type', '', '', '002', 'A', 'SDGS', GETDATE());
INSERT INTO "MENUSELECTION"(MENU, SELECTION, PRESTEXT, PRESTEXTS, DESCRIPTION, LEVELNO, SORTCODE, PRESENTATION, USERID, LOGDATE) VALUES ('C150102', 'S151C15010201', 'C150102_01 - ???? ??????? ?????? ?? ?????? ????????? ????? ??????? ?????? ???????? ?? ??????? ??????? ? ???? ??? ?????? ??????????', '', '', '4', '001', 'A', 'SDGS', GETDATE());
INSERT INTO "MENUSELECTION_ENG"(MENU, SELECTION, PRESTEXT, PRESTEXTS, DESCRIPTION, SORTCODE, PRESENTATION, USERID, LOGDATE) VALUES ('C150102', 'S151C15010201', 'C150102_01 - Average proportion of Terrestrial Key Biodiversity Areas (KBAs) covered by protected areas (%)', '', '', '001', 'A', 'SDGS', GETDATE());
INSERT INTO "MENUSELECTION"(MENU, SELECTION, PRESTEXT, PRESTEXTS, DESCRIPTION, LEVELNO, SORTCODE, PRESENTATION, USERID, LOGDATE) VALUES ('15', 'T15_2', 'TARGET code 15.2  - تعزيز تنفيذ الإدارة المستدامة لجميع أنواع الغابات، ووقف إزالة الغابات، وترميم الغابات المتدهورة وتحقيق زيادة كبيرة في نسبة التشجير وإعادة غرس الغابات على الصعيد العالمي، بحلول عام 2020', '', '', '2', '002', 'A', 'SDGS', GETDATE());
INSERT INTO "MENUSELECTION_ENG"(MENU, SELECTION, PRESTEXT, PRESTEXTS, DESCRIPTION, SORTCODE, PRESENTATION, USERID, LOGDATE) VALUES ('15', 'T15_2', 'TARGET code 15.2  - By 2020, promote the implementation of sustainable management of all types of forests, halt deforestation, restore degraded forests and substantially increase afforestation and reforestation globally', '', '', '002', 'A', 'SDGS', GETDATE());
INSERT INTO "MENUSELECTION"(MENU, SELECTION, PRESTEXT, PRESTEXTS, DESCRIPTION, LEVELNO, SORTCODE, PRESENTATION, USERID, LOGDATE) VALUES ('T15_2', 'C150201', '15.2.1  ''نسبة الأراضي المتدهورة نسبة إلى مجموع مساحة اليابسة', '', '', '3', '001', 'A', 'SDGS', GETDATE());
INSERT INTO "MENUSELECTION_ENG"(MENU, SELECTION, PRESTEXT, PRESTEXTS, DESCRIPTION, SORTCODE, PRESENTATION, USERID, LOGDATE) VALUES ('T15_2', 'C150201', '15.2.1 Progress towards sustainable forest management', '', '', '001', 'A', 'SDGS', GETDATE());
INSERT INTO "MENUSELECTION"(MENU, SELECTION, PRESTEXT, PRESTEXTS, DESCRIPTION, LEVELNO, SORTCODE, PRESENTATION, USERID, LOGDATE) VALUES ('15', 'T15_3', 'TARGET code 15.3  - مكافحة التصحر، وترميم الأراضي والتربة المتدهورة، بما في ذلك الأراضي المتأثرة بالتصحر والجفاف والفيضانات، والسعي إلى تحقيق عالمٍ خالٍ من ظاهرة تدهور الأراضي، بحلول عام ٢٠٣٠', '', '', '2', '003', 'A', 'SDGS', GETDATE());
INSERT INTO "MENUSELECTION_ENG"(MENU, SELECTION, PRESTEXT, PRESTEXTS, DESCRIPTION, SORTCODE, PRESENTATION, USERID, LOGDATE) VALUES ('15', 'T15_3', 'TARGET code 15.3  - By 2030, combat desertification, restore degraded land and soil, including land affected by desertification, drought and floods, and strive to achieve a land degradation-neutral world', '', '', '003', 'A', 'SDGS', GETDATE());
INSERT INTO "MENUSELECTION"(MENU, SELECTION, PRESTEXT, PRESTEXTS, DESCRIPTION, LEVELNO, SORTCODE, PRESENTATION, USERID, LOGDATE) VALUES ('T15_3', 'C150301', '15.3.1 نسبة الأراضي المتدهورة نسبة إلى مجموع مساحة اليابسة', '', '', '3', '001', 'A', 'SDGS', GETDATE());
INSERT INTO "MENUSELECTION_ENG"(MENU, SELECTION, PRESTEXT, PRESTEXTS, DESCRIPTION, SORTCODE, PRESENTATION, USERID, LOGDATE) VALUES ('T15_3', 'C150301', '15.3.1 Proportion of land that is degraded over total land area', '', '', '001', 'A', 'SDGS', GETDATE());
INSERT INTO "MENUSELECTION"(MENU, SELECTION, PRESTEXT, PRESTEXTS, DESCRIPTION, LEVELNO, SORTCODE, PRESENTATION, USERID, LOGDATE) VALUES ('15', 'T15_4', 'TARGET code 15.4  - كفالة حفظ النظم الإيكولوجية الجبلية، بما في ذلك تنوعها البيولوجي، من أجل تعزيز قدرتها على توفير المنافع التي لا غنى عنها لتحقيق التنمية المستدامة، بحلول عام ٢٠٣٠', '', '', '2', '004', 'A', 'SDGS', GETDATE());
INSERT INTO "MENUSELECTION_ENG"(MENU, SELECTION, PRESTEXT, PRESTEXTS, DESCRIPTION, SORTCODE, PRESENTATION, USERID, LOGDATE) VALUES ('15', 'T15_4', 'TARGET code 15.4  - By 2030, ensure the conservation of mountain ecosystems, including their biodiversity, in order to enhance their capacity to provide benefits that are essential for sustainable development', '', '', '004', 'A', 'SDGS', GETDATE());
INSERT INTO "MENUSELECTION"(MENU, SELECTION, PRESTEXT, PRESTEXTS, DESCRIPTION, LEVELNO, SORTCODE, PRESENTATION, USERID, LOGDATE) VALUES ('T15_4', 'C150401', '15.4.1 التغطية محسوبة بالمناطق المحمية للمواقع المهمة للتنوع البيولوجي الجبلي', '', '', '3', '001', 'A', 'SDGS', GETDATE());
INSERT INTO "MENUSELECTION_ENG"(MENU, SELECTION, PRESTEXT, PRESTEXTS, DESCRIPTION, SORTCODE, PRESENTATION, USERID, LOGDATE) VALUES ('T15_4', 'C150401', '15.4.1 Coverage by protected areas of important sites for mountain biodiversity', '', '', '001', 'A', 'SDGS', GETDATE());
INSERT INTO "MENUSELECTION"(MENU, SELECTION, PRESTEXT, PRESTEXTS, DESCRIPTION, LEVELNO, SORTCODE, PRESENTATION, USERID, LOGDATE) VALUES ('C150401', 'S154C15040101', 'C150401_01 - ??????? ?????? ???????? ??????? ??????? ?????? ?????? ????????? ??????', '', '', '4', '001', 'A', 'SDGS', GETDATE());
INSERT INTO "MENUSELECTION_ENG"(MENU, SELECTION, PRESTEXT, PRESTEXTS, DESCRIPTION, SORTCODE, PRESENTATION, USERID, LOGDATE) VALUES ('C150401', 'S154C15040101', 'C150401_01 - Average proportion of Mountain Key Biodiversity Areas (KBAs) covered by protected areas (%)', '', '', '001', 'A', 'SDGS', GETDATE());
INSERT INTO "MENUSELECTION"(MENU, SELECTION, PRESTEXT, PRESTEXTS, DESCRIPTION, LEVELNO, SORTCODE, PRESENTATION, USERID, LOGDATE) VALUES ('T15_4', 'C150402', '15.4.2 مؤشر الغطاء الأخضر الجبلي', '', '', '3', '002', 'A', 'SDGS', GETDATE());
INSERT INTO "MENUSELECTION_ENG"(MENU, SELECTION, PRESTEXT, PRESTEXTS, DESCRIPTION, SORTCODE, PRESENTATION, USERID, LOGDATE) VALUES ('T15_4', 'C150402', '15.4.2 Mountain Green Cover Index', '', '', '002', 'A', 'SDGS', GETDATE());
INSERT INTO "MENUSELECTION"(MENU, SELECTION, PRESTEXT, PRESTEXTS, DESCRIPTION, LEVELNO, SORTCODE, PRESENTATION, USERID, LOGDATE) VALUES ('C150402', 'S154C15040201', 'C150402_01 - ???? ?????? ?????? ??????', '', '', '4', '001', 'A', 'SDGS', GETDATE());
INSERT INTO "MENUSELECTION_ENG"(MENU, SELECTION, PRESTEXT, PRESTEXTS, DESCRIPTION, SORTCODE, PRESENTATION, USERID, LOGDATE) VALUES ('C150402', 'S154C15040201', 'C150402_01 - Mountain Green Cover Index', '', '', '001', 'A', 'SDGS', GETDATE());
INSERT INTO "MENUSELECTION"(MENU, SELECTION, PRESTEXT, PRESTEXTS, DESCRIPTION, LEVELNO, SORTCODE, PRESENTATION, USERID, LOGDATE) VALUES ('15', 'T15_5', 'TARGET code 15.5  - اتخاذ إجراءات عاجلة وهامة للحد من تدهور الموائل الطبيعية، ووقف فقدان التنوع البيولوجي، والقيام، بحلول عام 2020، بحماية الأنواع المهدَّدة ومنع انقراضها', '', '', '2', '005', 'A', 'SDGS', GETDATE());
INSERT INTO "MENUSELECTION_ENG"(MENU, SELECTION, PRESTEXT, PRESTEXTS, DESCRIPTION, SORTCODE, PRESENTATION, USERID, LOGDATE) VALUES ('15', 'T15_5', 'TARGET code 15.5  - Take urgent and significant action to reduce the degradation of natural habitats, halt the loss of biodiversity and, by 2020, protect and prevent the extinction of threatened species', '', '', '005', 'A', 'SDGS', GETDATE());
INSERT INTO "MENUSELECTION"(MENU, SELECTION, PRESTEXT, PRESTEXTS, DESCRIPTION, LEVELNO, SORTCODE, PRESENTATION, USERID, LOGDATE) VALUES ('T15_5', 'C150501', '15.5.1  مؤشر القائمة الحمراء', '', '', '3', '001', 'A', 'SDGS', GETDATE());
INSERT INTO "MENUSELECTION_ENG"(MENU, SELECTION, PRESTEXT, PRESTEXTS, DESCRIPTION, SORTCODE, PRESENTATION, USERID, LOGDATE) VALUES ('T15_5', 'C150501', '15.5.1 Red List Index', '', '', '001', 'A', 'SDGS', GETDATE());
INSERT INTO "MENUSELECTION"(MENU, SELECTION, PRESTEXT, PRESTEXTS, DESCRIPTION, LEVELNO, SORTCODE, PRESENTATION, USERID, LOGDATE) VALUES ('C150501', 'S155C15050101', 'C150501_01 - ???? ??????? ???????', '', '', '4', '001', 'A', 'SDGS', GETDATE());
INSERT INTO "MENUSELECTION_ENG"(MENU, SELECTION, PRESTEXT, PRESTEXTS, DESCRIPTION, SORTCODE, PRESENTATION, USERID, LOGDATE) VALUES ('C150501', 'S155C15050101', 'C150501_01 - Red List Index', '', '', '001', 'A', 'SDGS', GETDATE());
INSERT INTO "MENUSELECTION"(MENU, SELECTION, PRESTEXT, PRESTEXTS, DESCRIPTION, LEVELNO, SORTCODE, PRESENTATION, USERID, LOGDATE) VALUES ('15', 'T15_6', 'TARGET code 15.6  - تعزيز التقاسم العادل والمنصف للمنافع الناشئة عن استخدام الموارد الجينية، وتعزيز السبل المناسبة للوصول إلى تلك الموارد، على النحو المتفق عليه دوليا', '', '', '2', '006', 'A', 'SDGS', GETDATE());
INSERT INTO "MENUSELECTION_ENG"(MENU, SELECTION, PRESTEXT, PRESTEXTS, DESCRIPTION, SORTCODE, PRESENTATION, USERID, LOGDATE) VALUES ('15', 'T15_6', 'TARGET code 15.6  -  Promote fair and equitable sharing of the benefits arising from the utilization of genetic resources and promote appropriate access to such resources, as internationally agreed', '', '', '006', 'A', 'SDGS', GETDATE());
INSERT INTO "MENUSELECTION"(MENU, SELECTION, PRESTEXT, PRESTEXTS, DESCRIPTION, LEVELNO, SORTCODE, PRESENTATION, USERID, LOGDATE) VALUES ('T15_6', 'C150601', '15.6.1 عدد البلدان التي اعتمد أطر تشريعية وإدارية وسياساتية لضمان التقاسم العادل والمنصف للمنافع', '', '', '3', '001', 'A', 'SDGS', GETDATE());
INSERT INTO "MENUSELECTION_ENG"(MENU, SELECTION, PRESTEXT, PRESTEXTS, DESCRIPTION, SORTCODE, PRESENTATION, USERID, LOGDATE) VALUES ('T15_6', 'C150601', '15.6.1 Number of countries that have adopted legislative, administrative and policy frameworks to ensure fair and equitable sharing of benefits', '', '', '001', 'A', 'SDGS', GETDATE());
INSERT INTO "MENUSELECTION"(MENU, SELECTION, PRESTEXT, PRESTEXTS, DESCRIPTION, LEVELNO, SORTCODE, PRESENTATION, USERID, LOGDATE) VALUES ('15', 'T15_7', 'TARGET code 15.7  - اتخاذ إجراءات عاجلة لوقف الصيد غير المشروع للأنواع المحمية من النباتات والحيوانات والاتجار بها، والتصدي لمنتجات الأحياء البرية غير المشروعة، على مستويي العرض والطلب على السواء', '', '', '2', '007', 'A', 'SDGS', GETDATE());
INSERT INTO "MENUSELECTION_ENG"(MENU, SELECTION, PRESTEXT, PRESTEXTS, DESCRIPTION, SORTCODE, PRESENTATION, USERID, LOGDATE) VALUES ('15', 'T15_7', 'TARGET code 15.7  -  Take urgent action to end poaching and trafficking of protected species of flora and fauna and address both demand and supply of illegal wildlife products', '', '', '007', 'A', 'SDGS', GETDATE());
INSERT INTO "MENUSELECTION"(MENU, SELECTION, PRESTEXT, PRESTEXTS, DESCRIPTION, LEVELNO, SORTCODE, PRESENTATION, USERID, LOGDATE) VALUES ('T15_7', 'C200206', '15.7.1 نسبة الأحياء البرية المتجر بها، التي جرى صيدها أو الاتجار بها على نحو غير مشروع', '', '', '3', '001', 'A', 'SDGS', GETDATE());
INSERT INTO "MENUSELECTION_ENG"(MENU, SELECTION, PRESTEXT, PRESTEXTS, DESCRIPTION, SORTCODE, PRESENTATION, USERID, LOGDATE) VALUES ('T15_7', 'C200206', '15.7.1 Proportion of traded wildlife that was poached or illicitly trafficked', '', '', '001', 'A', 'SDGS', GETDATE());
INSERT INTO "MENUSELECTION"(MENU, SELECTION, PRESTEXT, PRESTEXTS, DESCRIPTION, LEVELNO, SORTCODE, PRESENTATION, USERID, LOGDATE) VALUES ('15', 'T15_8', 'TARGET code 15.8  - اتخاذ تدابير لمنع إدخال الأنواع الغريبة الغازية إلى النظم الإيكولوجية للأراضي والمياه وتقليل أثر ذلك إلى حد كبير، ومراقبة الأنواع ذات الأولوية أو القضاء عليها، بحلول عام 2020', '', '', '2', '008', 'A', 'SDGS', GETDATE());
INSERT INTO "MENUSELECTION_ENG"(MENU, SELECTION, PRESTEXT, PRESTEXTS, DESCRIPTION, SORTCODE, PRESENTATION, USERID, LOGDATE) VALUES ('15', 'T15_8', 'TARGET code 15.8  - By 2020, introduce measures to prevent the introduction and significantly reduce the impact of invasive alien species on land and water ecosystems and control or eradicate the priority species', '', '', '008', 'A', 'SDGS', GETDATE());
INSERT INTO "MENUSELECTION"(MENU, SELECTION, PRESTEXT, PRESTEXTS, DESCRIPTION, LEVELNO, SORTCODE, PRESENTATION, USERID, LOGDATE) VALUES ('T15_8', 'C150801', '15.8.1  المساعدة الإنمائية الرسمية والإنفاق العام للحفظ والاستخدام المستدام للتنوع البيولوجي والنظم الإيكولوجية', '', '', '3', '001', 'A', 'SDGS', GETDATE());
INSERT INTO "MENUSELECTION_ENG"(MENU, SELECTION, PRESTEXT, PRESTEXTS, DESCRIPTION, SORTCODE, PRESENTATION, USERID, LOGDATE) VALUES ('T15_8', 'C150801', '15.8.1 Proportion of countries adopting relevant national legislation and adequately resourcing the prevention or control of invasive alien species', '', '', '001', 'A', 'SDGS', GETDATE());
INSERT INTO "MENUSELECTION"(MENU, SELECTION, PRESTEXT, PRESTEXTS, DESCRIPTION, LEVELNO, SORTCODE, PRESENTATION, USERID, LOGDATE) VALUES ('15', 'T15_9', 'TARGET code 15.9  - إدماج قيم النظم الإيكولوجية والتنوع البيولوجي في عمليات التخطيط، والعمليات الإنمائية، واستراتيجيات الحد من الفقر، والحسابات، على الصعيدين الوطني والمحلي، بحلول عام 2020', '', '', '2', '009', 'A', 'SDGS', GETDATE());
INSERT INTO "MENUSELECTION_ENG"(MENU, SELECTION, PRESTEXT, PRESTEXTS, DESCRIPTION, SORTCODE, PRESENTATION, USERID, LOGDATE) VALUES ('15', 'T15_9', 'TARGET code 15.9  - By 2020, integrate ecosystem and biodiversity values into national and local planning, development processes, poverty reduction strategies and accounts', '', '', '009', 'A', 'SDGS', GETDATE());
INSERT INTO "MENUSELECTION"(MENU, SELECTION, PRESTEXT, PRESTEXTS, DESCRIPTION, LEVELNO, SORTCODE, PRESENTATION, USERID, LOGDATE) VALUES ('T15_9', 'C150901', '15.9.1 التقدم المحرز نحو تحقيق الأهداف الوطنية المنشأة وفقا للهدف 2 من أهداف آيتشي المتعلقة بالتنوع البيولوجي من الخطة الاستراتيجية للتنوع البيولوجي للفترة 2011-2020', '', '', '3', '001', 'A', 'SDGS', GETDATE());
INSERT INTO "MENUSELECTION_ENG"(MENU, SELECTION, PRESTEXT, PRESTEXTS, DESCRIPTION, SORTCODE, PRESENTATION, USERID, LOGDATE) VALUES ('T15_9', 'C150901', '15.9.1 Progress towards national targets established in accordance with Aichi Biodiversity Target 2 of the Strategic Plan for Biodiversity 2011-2020', '', '', '001', 'A', 'SDGS', GETDATE());
INSERT INTO "MENUSELECTION"(MENU, SELECTION, PRESTEXT, PRESTEXTS, DESCRIPTION, LEVELNO, SORTCODE, PRESENTATION, USERID, LOGDATE) VALUES ('15', 'T15_a', 'TARGET code 15.a  - حشد الموارد المالية من جميع المصادر وزيادتها زيادة كبيرة بغرض حفظ التنوع البيولوجي والنظم الإيكولوجية واستخدامها استخداماً مستداماً', '', '', '2', '010', 'A', 'SDGS', GETDATE());
INSERT INTO "MENUSELECTION_ENG"(MENU, SELECTION, PRESTEXT, PRESTEXTS, DESCRIPTION, SORTCODE, PRESENTATION, USERID, LOGDATE) VALUES ('15', 'T15_a', 'TARGET code 15.a  - Mobilize and significantly increase financial resources from all sources to conserve and sustainably use biodiversity and ecosystems', '', '', '010', 'A', 'SDGS', GETDATE());
INSERT INTO "MENUSELECTION"(MENU, SELECTION, PRESTEXT, PRESTEXTS, DESCRIPTION, LEVELNO, SORTCODE, PRESENTATION, USERID, LOGDATE) VALUES ('T15_a', 'C200207', '15.a.1  المساعدة الإنمائية الرسمية والإنفاق العام للحفظ والاستخدام المستدام للتنوع البيولوجي والنظم الإيكولوجية', '', '', '3', '001', 'A', 'SDGS', GETDATE());
INSERT INTO "MENUSELECTION_ENG"(MENU, SELECTION, PRESTEXT, PRESTEXTS, DESCRIPTION, SORTCODE, PRESENTATION, USERID, LOGDATE) VALUES ('T15_a', 'C200207', '15.a.1 Official development assistance and public expenditure on conservation and sustainable use of biodiversity and ecosystems', '', '', '001', 'A', 'SDGS', GETDATE());
INSERT INTO "MENUSELECTION"(MENU, SELECTION, PRESTEXT, PRESTEXTS, DESCRIPTION, LEVELNO, SORTCODE, PRESENTATION, USERID, LOGDATE) VALUES ('C200207', 'S15aC20020701', 'C200207_01 - ???????? ????????? ??????? ???????? ????? ????? ?????????? ???????? ?????? ????????? ?????? ???????????', '', '', '4', '001', 'A', 'SDGS', GETDATE());
INSERT INTO "MENUSELECTION_ENG"(MENU, SELECTION, PRESTEXT, PRESTEXTS, DESCRIPTION, SORTCODE, PRESENTATION, USERID, LOGDATE) VALUES ('C200207', 'S15aC20020701', 'C200207_01 - Total official development assistance for biodiversity, by recipient countries (millions of constant 2016 United States dollars)', '', '', '001', 'A', 'SDGS', GETDATE());
INSERT INTO "MENUSELECTION"(MENU, SELECTION, PRESTEXT, PRESTEXTS, DESCRIPTION, LEVELNO, SORTCODE, PRESENTATION, USERID, LOGDATE) VALUES ('15', 'T15_b', 'TARGET code 15.b  - حشد موارد كبيرة من جميع المصادر وعلى جميع المستويات بغرض تمويل الإدارة المستدامة للغابات وتوفير ما يكفي من الحوافز للبلدان النامية لتعزيز تلك الإدارة، تحقيقا لأغراض منها حفظ الغابات وإعادة التحريج', '', '', '2', '011', 'A', 'SDGS', GETDATE());
INSERT INTO "MENUSELECTION_ENG"(MENU, SELECTION, PRESTEXT, PRESTEXTS, DESCRIPTION, SORTCODE, PRESENTATION, USERID, LOGDATE) VALUES ('15', 'T15_b', 'TARGET code 15.b  - Mobilize significant resources from all sources and at all levels to finance sustainable forest management and provide adequate incentives to developing countries to advance such management, including for conservation and reforestation', '', '', '011', 'A', 'SDGS', GETDATE());
INSERT INTO "MENUSELECTION"(MENU, SELECTION, PRESTEXT, PRESTEXTS, DESCRIPTION, LEVELNO, SORTCODE, PRESENTATION, USERID, LOGDATE) VALUES ('T15_b', 'C200207', '15.b.1  المساعدة الإنمائية الرسمية والإنفاق العام للحفظ والاستخدام المستدام للتنوع البيولوجي والنظم الإيكولوجية', '', '', '3', '001', 'A', 'SDGS', GETDATE());
INSERT INTO "MENUSELECTION_ENG"(MENU, SELECTION, PRESTEXT, PRESTEXTS, DESCRIPTION, SORTCODE, PRESENTATION, USERID, LOGDATE) VALUES ('T15_b', 'C200207', '15.b.1 Official development assistance and public expenditure on conservation and sustainable use of biodiversity and ecosystems', '', '', '001', 'A', 'SDGS', GETDATE());
INSERT INTO "MENUSELECTION"(MENU, SELECTION, PRESTEXT, PRESTEXTS, DESCRIPTION, LEVELNO, SORTCODE, PRESENTATION, USERID, LOGDATE) VALUES ('C200207', 'S15bC20020701', 'C200207_01 - ???????? ????????? ??????? ???????? ????? ????? ?????????? ???????? ?????? ????????? ?????? ???????????', '', '', '4', '001', 'A', 'SDGS', GETDATE());
INSERT INTO "MENUSELECTION_ENG"(MENU, SELECTION, PRESTEXT, PRESTEXTS, DESCRIPTION, SORTCODE, PRESENTATION, USERID, LOGDATE) VALUES ('C200207', 'S15bC20020701', 'C200207_01 - Total official development assistance for biodiversity, by recipient countries (millions of constant 2016 United States dollars)', '', '', '001', 'A', 'SDGS', GETDATE());
INSERT INTO "MENUSELECTION"(MENU, SELECTION, PRESTEXT, PRESTEXTS, DESCRIPTION, LEVELNO, SORTCODE, PRESENTATION, USERID, LOGDATE) VALUES ('15', 'T15_c', 'TARGET code 15.c  - تعزيز الدعم العالمي للجهود الرامية إلى مكافحة الصيد غير المشروع للأنواع المحمية والاتجار بها، وذلك بوسائل تشمل زيادة قدرات المجتمعات المحلية على السعي إلى الحصول على فرص سبل كسب الرزق المستدامة', '', '', '2', '012', 'A', 'SDGS', GETDATE());
INSERT INTO "MENUSELECTION_ENG"(MENU, SELECTION, PRESTEXT, PRESTEXTS, DESCRIPTION, SORTCODE, PRESENTATION, USERID, LOGDATE) VALUES ('15', 'T15_c', 'TARGET code 15.c  - Enhance global support for efforts to combat poaching and trafficking of protected species, including by increasing the capacity of local communities to pursue sustainable livelihood opportunities', '', '', '012', 'A', 'SDGS', GETDATE());
INSERT INTO "MENUSELECTION"(MENU, SELECTION, PRESTEXT, PRESTEXTS, DESCRIPTION, LEVELNO, SORTCODE, PRESENTATION, USERID, LOGDATE) VALUES ('T15_c', 'C200206', '15.c.1 نسبة الأحياء البرية المتجر بها، التي جرى صيدها أو الاتجار بها على نحو غير مشروع', '', '', '3', '001', 'A', 'SDGS', GETDATE());
INSERT INTO "MENUSELECTION_ENG"(MENU, SELECTION, PRESTEXT, PRESTEXTS, DESCRIPTION, SORTCODE, PRESENTATION, USERID, LOGDATE) VALUES ('T15_c', 'C200206', '15.c.1 Proportion of traded wildlife that was poached or illicitly trafficked', '', '', '001', 'A', 'SDGS', GETDATE());
INSERT INTO "MENUSELECTION" (MENU, SELECTION, PRESTEXT, PRESTEXTS, DESCRIPTION, LEVELNO, SORTCODE, PRESENTATION, USERID, LOGDATE) VALUES ('START', '16', 'Goal AR16 - السلام والعدل والمؤسسات القوية', '', '', '1', '016', 'A', 'SDGS', GETDATE());
INSERT INTO "MENUSELECTION_ENG" (MENU, SELECTION, PRESTEXT, PRESTEXTS, DESCRIPTION, SORTCODE, PRESENTATION, USERID, LOGDATE) VALUES ('START', '16', 'Goal16 - Peace, Justice and Strong Institutions', '', '', '016', 'A', 'SDGS', GETDATE());
INSERT INTO "MENUSELECTION"(MENU, SELECTION, PRESTEXT, PRESTEXTS, DESCRIPTION, LEVELNO, SORTCODE, PRESENTATION, USERID, LOGDATE) VALUES ('16', 'T16_1', 'TARGET code 16.1  - الحد بدرجة كبيرة من جميع أشكال العنف وما يتصل به من معدلات الوفيات في كل مكان', '', '', '2', '001', 'A', 'SDGS', GETDATE());
INSERT INTO "MENUSELECTION_ENG"(MENU, SELECTION, PRESTEXT, PRESTEXTS, DESCRIPTION, SORTCODE, PRESENTATION, USERID, LOGDATE) VALUES ('16', 'T16_1', 'TARGET code 16.1  - Significantly reduce all forms of violence and related death rates everywhere', '', '', '001', 'A', 'SDGS', GETDATE());
INSERT INTO "MENUSELECTION"(MENU, SELECTION, PRESTEXT, PRESTEXTS, DESCRIPTION, LEVELNO, SORTCODE, PRESENTATION, USERID, LOGDATE) VALUES ('T16_1', 'C160101', '16.1.1 عدد ضحايا القتل العمد لكل 000 100 ألف نسمة، بحسب العمر والجنس', '', '', '3', '001', 'A', 'SDGS', GETDATE());
INSERT INTO "MENUSELECTION_ENG"(MENU, SELECTION, PRESTEXT, PRESTEXTS, DESCRIPTION, SORTCODE, PRESENTATION, USERID, LOGDATE) VALUES ('T16_1', 'C160101', '16.1.1 Number of victims of intentional homicide per 100,000 population, by sex and age', '', '', '001', 'A', 'SDGS', GETDATE());
INSERT INTO "MENUSELECTION"(MENU, SELECTION, PRESTEXT, PRESTEXTS, DESCRIPTION, LEVELNO, SORTCODE, PRESENTATION, USERID, LOGDATE) VALUES ('C160101', 'S161C16010102', 'C160101_02 - ??? ????? ????? ????? ??? 100000  ????', '', '', '4', '001', 'A', 'SDGS', GETDATE());
INSERT INTO "MENUSELECTION_ENG"(MENU, SELECTION, PRESTEXT, PRESTEXTS, DESCRIPTION, SORTCODE, PRESENTATION, USERID, LOGDATE) VALUES ('C160101', 'S161C16010102', 'C160101_02 - Number of victims of intentional homicide per 100,000 population', '', '', '001', 'A', 'SDGS', GETDATE());
INSERT INTO "MENUSELECTION"(MENU, SELECTION, PRESTEXT, PRESTEXTS, DESCRIPTION, LEVELNO, SORTCODE, PRESENTATION, USERID, LOGDATE) VALUES ('C160101', 'S161C16010101', 'C160101_01 - ??? ????? ????? ????? ??? 100 ??? ?? ??????', '', '', '4', '002', 'A', 'SDGS', GETDATE());
INSERT INTO "MENUSELECTION_ENG"(MENU, SELECTION, PRESTEXT, PRESTEXTS, DESCRIPTION, SORTCODE, PRESENTATION, USERID, LOGDATE) VALUES ('C160101', 'S161C16010101', 'C160101_01 - Number of victims of intentional homicide per 100,000 population', '', '', '002', 'A', 'SDGS', GETDATE());
INSERT INTO "MENUSELECTION"(MENU, SELECTION, PRESTEXT, PRESTEXTS, DESCRIPTION, LEVELNO, SORTCODE, PRESENTATION, USERID, LOGDATE) VALUES ('T16_1', 'C160102', '16.1.2 الوفيات المتصلة بالنزاع لكل 000 100 نسمة (بحسب العمر والجنس والسبب)', '', '', '3', '002', 'A', 'SDGS', GETDATE());
INSERT INTO "MENUSELECTION_ENG"(MENU, SELECTION, PRESTEXT, PRESTEXTS, DESCRIPTION, SORTCODE, PRESENTATION, USERID, LOGDATE) VALUES ('T16_1', 'C160102', '16.1.2 Conflict-related deaths per 100,000 population, by sex, age and cause', '', '', '002', 'A', 'SDGS', GETDATE());
INSERT INTO "MENUSELECTION"(MENU, SELECTION, PRESTEXT, PRESTEXTS, DESCRIPTION, LEVELNO, SORTCODE, PRESENTATION, USERID, LOGDATE) VALUES ('T16_1', 'C160103', '16.1.3  نسبة السكان الذين تعرضوا للعنف البدنيأو النفسي أو الجنسي خلال الاثني عشر شهرا الماضية', '', '', '3', '003', 'A', 'SDGS', GETDATE());
INSERT INTO "MENUSELECTION_ENG"(MENU, SELECTION, PRESTEXT, PRESTEXTS, DESCRIPTION, SORTCODE, PRESENTATION, USERID, LOGDATE) VALUES ('T16_1', 'C160103', '16.1.3 Proportion of population subjected to physical, psychological or sexual violence in the previous 12 months', '', '', '003', 'A', 'SDGS', GETDATE());
INSERT INTO "MENUSELECTION"(MENU, SELECTION, PRESTEXT, PRESTEXTS, DESCRIPTION, LEVELNO, SORTCODE, PRESENTATION, USERID, LOGDATE) VALUES ('C160103', 'S161C16010301', 'C160103_01 - ???? ?????? ????? ?????? ????? ?????? ?? ?????? ??? ????? ???????', '', '', '4', '001', 'A', 'SDGS', GETDATE());
INSERT INTO "MENUSELECTION_ENG"(MENU, SELECTION, PRESTEXT, PRESTEXTS, DESCRIPTION, SORTCODE, PRESENTATION, USERID, LOGDATE) VALUES ('C160103', 'S161C16010301', 'C160103_01 - Proportion of population subjected to physical violence in the previous 12 months', '', '', '001', 'A', 'SDGS', GETDATE());
INSERT INTO "MENUSELECTION"(MENU, SELECTION, PRESTEXT, PRESTEXTS, DESCRIPTION, LEVELNO, SORTCODE, PRESENTATION, USERID, LOGDATE) VALUES ('C160103', 'S161C16010302', 'C160103_02 - ???? ?????? ????? ?????? ????? ?? ?????? ??? ????? ???????', '', '', '4', '002', 'A', 'SDGS', GETDATE());
INSERT INTO "MENUSELECTION_ENG"(MENU, SELECTION, PRESTEXT, PRESTEXTS, DESCRIPTION, SORTCODE, PRESENTATION, USERID, LOGDATE) VALUES ('C160103', 'S161C16010302', 'C160103_02 - Proportion of population subjected to robbery in the previous 12 months', '', '', '002', 'A', 'SDGS', GETDATE());
INSERT INTO "MENUSELECTION"(MENU, SELECTION, PRESTEXT, PRESTEXTS, DESCRIPTION, LEVELNO, SORTCODE, PRESENTATION, USERID, LOGDATE) VALUES ('T16_1', 'C160104', '16.1.4  نسبة السكان الذين يشعرون بالأمان عند تجوالهم على الأقدام بمفردهم في أنحاء المنطقة التي يعيشون فيها', '', '', '3', '004', 'A', 'SDGS', GETDATE());
INSERT INTO "MENUSELECTION_ENG"(MENU, SELECTION, PRESTEXT, PRESTEXTS, DESCRIPTION, SORTCODE, PRESENTATION, USERID, LOGDATE) VALUES ('T16_1', 'C160104', '16.1.4 Proportion of population that feel safe walking alone around the area they live', '', '', '004', 'A', 'SDGS', GETDATE());
INSERT INTO "MENUSELECTION"(MENU, SELECTION, PRESTEXT, PRESTEXTS, DESCRIPTION, LEVELNO, SORTCODE, PRESENTATION, USERID, LOGDATE) VALUES ('C160104', 'S161C16010401', 'C160104_01 - ?????? ????? ?????? ??????? ??? ??????? ??? ??????? ??????? ?? ????? ??????? ???? ?????? ????', '', '', '4', '001', 'A', 'SDGS', GETDATE());
INSERT INTO "MENUSELECTION_ENG"(MENU, SELECTION, PRESTEXT, PRESTEXTS, DESCRIPTION, SORTCODE, PRESENTATION, USERID, LOGDATE) VALUES ('C160104', 'S161C16010401', 'C160104_01 - population that feel safe walking alone around the area they live', '', '', '001', 'A', 'SDGS', GETDATE());
INSERT INTO "MENUSELECTION"(MENU, SELECTION, PRESTEXT, PRESTEXTS, DESCRIPTION, LEVELNO, SORTCODE, PRESENTATION, USERID, LOGDATE) VALUES ('16', 'T16_10', 'TARGET code 16.10 - كفالة وصول الجمهور إلى المعلومات وحماية الحريات الأساسية، وفقاً للتشريعات الوطنية والاتفاقات الدولية', '', '', '2', '002', 'A', 'SDGS', GETDATE());
INSERT INTO "MENUSELECTION_ENG"(MENU, SELECTION, PRESTEXT, PRESTEXTS, DESCRIPTION, SORTCODE, PRESENTATION, USERID, LOGDATE) VALUES ('16', 'T16_10', 'TARGET code 16.10 - Ensure public access to information and protect fundamental freedoms, in accordance with national legislation and international agreement', '', '', '002', 'A', 'SDGS', GETDATE());
INSERT INTO "MENUSELECTION"(MENU, SELECTION, PRESTEXT, PRESTEXTS, DESCRIPTION, LEVELNO, SORTCODE, PRESENTATION, USERID, LOGDATE) VALUES ('T16_10', 'C161001', '16.10.1 عدد ما تم التحق من من حالات القتل، والاختطاف، والاختفاء القسري، والاحتجاز التعسفي، والتعذيب للصحفيين العاملين في الوسط الإعلامي المرتبطين بهم والنقابيين والمدافعين عن حقوق الإنسان خلال الاثني عشر شهرا الماضية', '', '', '3', '001', 'A', 'SDGS', GETDATE());
INSERT INTO "MENUSELECTION_ENG"(MENU, SELECTION, PRESTEXT, PRESTEXTS, DESCRIPTION, SORTCODE, PRESENTATION, USERID, LOGDATE) VALUES ('T16_10', 'C161001', '16.10.1 Number of verified cases of killing, kidnapping, enforced disappearance, arbitrary detention and torture of journalists, associated media personnel, trade unionists and human rights advocates in the previous 12 months', '', '', '001', 'A', 'SDGS', GETDATE());
INSERT INTO "MENUSELECTION"(MENU, SELECTION, PRESTEXT, PRESTEXTS, DESCRIPTION, LEVELNO, SORTCODE, PRESENTATION, USERID, LOGDATE) VALUES ('C161001', 'S1610C16100101', 'C161001_01 - ??? ?? ?? ????? ?? ????? ????? ???????? ???????? ?? ????? ???????? ????????? ??? ?????????? ?????????? ?? ???? ??????? ???? ?????? ??? ???? ??????? ??? ???? ?????????? ?????? ??????????', '', '', '4', '001', 'A', 'SDGS', GETDATE());
INSERT INTO "MENUSELECTION_ENG"(MENU, SELECTION, PRESTEXT, PRESTEXTS, DESCRIPTION, SORTCODE, PRESENTATION, USERID, LOGDATE) VALUES ('C161001', 'S1610C16100101', 'C161001_01 - Number of verified cases of killing of journalists, associated media personnel, trade unionists and human rights advocates in the previous 12 months by Israeli Settlers and Army', '', '', '001', 'A', 'SDGS', GETDATE());
INSERT INTO "MENUSELECTION"(MENU, SELECTION, PRESTEXT, PRESTEXTS, DESCRIPTION, LEVELNO, SORTCODE, PRESENTATION, USERID, LOGDATE) VALUES ('T16_10', 'C161002', '16.10.2 عدد البلدان التي تعتمد وتنفذ ضمانات دستورية و/أو تشريعية سياساتية لإطلاع الجمهور عل المعلومات', '', '', '3', '002', 'A', 'SDGS', GETDATE());
INSERT INTO "MENUSELECTION_ENG"(MENU, SELECTION, PRESTEXT, PRESTEXTS, DESCRIPTION, SORTCODE, PRESENTATION, USERID, LOGDATE) VALUES ('T16_10', 'C161002', '16.10.2 Number of countries that adopt and implement constitutional, statutory and/or policy guarantees for public access to information', '', '', '002', 'A', 'SDGS', GETDATE());
INSERT INTO "MENUSELECTION"(MENU, SELECTION, PRESTEXT, PRESTEXTS, DESCRIPTION, LEVELNO, SORTCODE, PRESENTATION, USERID, LOGDATE) VALUES ('C161002', 'S1610C16100201', 'C161002_01 - ??? ?? ?? ????? ?? ????? ????? ???????? ???????? ?? ????? ???????? ????????? ??? ?????????? ?????????? ?? ???? ??????? ???? ?????? ??? ???? ??????? (??? ???????? ???????? ??????????)', '', '', '4', '001', 'A', 'SDGS', GETDATE());
INSERT INTO "MENUSELECTION_ENG"(MENU, SELECTION, PRESTEXT, PRESTEXTS, DESCRIPTION, SORTCODE, PRESENTATION, USERID, LOGDATE) VALUES ('C161002', 'S1610C16100201', 'C161002_01 - Number of verified cases of killing of journalists, associated media personnel, trade unionists and human rights advocates in the previous 12 months ( The Violator is Israeli Occupation)', '', '', '001', 'A', 'SDGS', GETDATE());
INSERT INTO "MENUSELECTION"(MENU, SELECTION, PRESTEXT, PRESTEXTS, DESCRIPTION, LEVELNO, SORTCODE, PRESENTATION, USERID, LOGDATE) VALUES ('C161002', 'S1610C16100202', 'C161002_02 - ??? ?? ?? ????? ?? ????? ????? ???????? ???????? ?? ????? ???????? ????????? ??? ?????????? ?????????? ?? ???? ??????? ???? ?????? ??? ???? ??????? (??? ???????? ???? ??????)', '', '', '4', '002', 'A', 'SDGS', GETDATE());
INSERT INTO "MENUSELECTION_ENG"(MENU, SELECTION, PRESTEXT, PRESTEXTS, DESCRIPTION, SORTCODE, PRESENTATION, USERID, LOGDATE) VALUES ('C161002', 'S1610C16100202', 'C161002_02 - Number of verified cases of killing of journalists, associated media personnel, trade unionists and human rights advocates in the previous 12 months ( The Violator is State of Palestine)', '', '', '002', 'A', 'SDGS', GETDATE());
INSERT INTO "MENUSELECTION"(MENU, SELECTION, PRESTEXT, PRESTEXTS, DESCRIPTION, LEVELNO, SORTCODE, PRESENTATION, USERID, LOGDATE) VALUES ('16', 'T16_2', 'TARGET code 16.2  - إنهاء إساءة المعاملة والاستغلال والاتجار بالبشر وجميع أشكال العنف ضد الأطفال وتعذيبهم', '', '', '2', '003', 'A', 'SDGS', GETDATE());
INSERT INTO "MENUSELECTION_ENG"(MENU, SELECTION, PRESTEXT, PRESTEXTS, DESCRIPTION, SORTCODE, PRESENTATION, USERID, LOGDATE) VALUES ('16', 'T16_2', 'TARGET code 16.2  - End abuse, exploitation, trafficking and all forms of violence against and torture of children', '', '', '003', 'A', 'SDGS', GETDATE());
INSERT INTO "MENUSELECTION"(MENU, SELECTION, PRESTEXT, PRESTEXTS, DESCRIPTION, LEVELNO, SORTCODE, PRESENTATION, USERID, LOGDATE) VALUES ('T16_2', 'C160201', '16.2.1  نسبة الأطفال الذين تتراوح أعمارهم بين سنة واحدة و17 سنة والذين تعرضوا لأي عقاب بدني و/أو اعتداء نفسي من جانب مقدمي الرعاية في الشهر الماضي', '', '', '3', '001', 'A', 'SDGS', GETDATE());
INSERT INTO "MENUSELECTION_ENG"(MENU, SELECTION, PRESTEXT, PRESTEXTS, DESCRIPTION, SORTCODE, PRESENTATION, USERID, LOGDATE) VALUES ('T16_2', 'C160201', '16.2.1 Proportion of children aged 1-17 years who experienced any physical punishment and/or psychological aggression by caregivers in the past month', '', '', '001', 'A', 'SDGS', GETDATE());
INSERT INTO "MENUSELECTION"(MENU, SELECTION, PRESTEXT, PRESTEXTS, DESCRIPTION, LEVELNO, SORTCODE, PRESENTATION, USERID, LOGDATE) VALUES ('C160201', 'S162C16020101', 'C160201_01 - ???? ??????? ????? ?????? ??????? ??? ??? ????? ?17 ??? ?????? ?????? ??? ???? ???? ?/?? ?????? ???? ?? ???? ????? ??????? ?? ????? ??????', '', '', '4', '001', 'A', 'SDGS', GETDATE());
INSERT INTO "MENUSELECTION_ENG"(MENU, SELECTION, PRESTEXT, PRESTEXTS, DESCRIPTION, SORTCODE, PRESENTATION, USERID, LOGDATE) VALUES ('C160201', 'S162C16020101', 'C160201_01 - Proportion of children aged 1-14 years who experienced physical punishment and/or psychological aggression by caregivers in last month (% of children aged 1-14 years)', '', '', '001', 'A', 'SDGS', GETDATE());
INSERT INTO "MENUSELECTION"(MENU, SELECTION, PRESTEXT, PRESTEXTS, DESCRIPTION, LEVELNO, SORTCODE, PRESENTATION, USERID, LOGDATE) VALUES ('T16_2', 'C160202', '16.2.2  عدد ضحايا الاتجار بالبشر لكل 000 100 نسمة، بحسب الجنس والعمر وشكل الاستغلال', '', '', '3', '002', 'A', 'SDGS', GETDATE());
INSERT INTO "MENUSELECTION_ENG"(MENU, SELECTION, PRESTEXT, PRESTEXTS, DESCRIPTION, SORTCODE, PRESENTATION, USERID, LOGDATE) VALUES ('T16_2', 'C160202', '16.2.2 Number of victims of human trafficking per 100,000 population, by sex, age and form of exploitation', '', '', '002', 'A', 'SDGS', GETDATE());
INSERT INTO "MENUSELECTION"(MENU, SELECTION, PRESTEXT, PRESTEXTS, DESCRIPTION, LEVELNO, SORTCODE, PRESENTATION, USERID, LOGDATE) VALUES ('T16_2', 'C160203', '16.2.3  نسبة الشابات والشبان الذين تتراوح أعمارهم بين 18 و29 سنة الذين تعرضوا للعنف الجنسي قبل سن الثامنة عشرة', '', '', '3', '003', 'A', 'SDGS', GETDATE());
INSERT INTO "MENUSELECTION_ENG"(MENU, SELECTION, PRESTEXT, PRESTEXTS, DESCRIPTION, SORTCODE, PRESENTATION, USERID, LOGDATE) VALUES ('T16_2', 'C160203', '16.2.3 Proportion of young women and men aged 18‑29 years who experienced sexual violence by age 18', '', '', '003', 'A', 'SDGS', GETDATE());
INSERT INTO "MENUSELECTION"(MENU, SELECTION, PRESTEXT, PRESTEXTS, DESCRIPTION, LEVELNO, SORTCODE, PRESENTATION, USERID, LOGDATE) VALUES ('C160203', 'S162C16020301', 'C160203_01 - ???? ??????? ??????? ????? ?????? ??????? ??? 18 ?29 ??? ????? ?????? ????? ?????? ??? ?? ??????? ????', '', '', '4', '001', 'A', 'SDGS', GETDATE());
INSERT INTO "MENUSELECTION_ENG"(MENU, SELECTION, PRESTEXT, PRESTEXTS, DESCRIPTION, SORTCODE, PRESENTATION, USERID, LOGDATE) VALUES ('C160203', 'S162C16020301', 'C160203_01 - Proportion of young women and men aged 18 and 29 years who experienced sexual violence by age 18', '', '', '001', 'A', 'SDGS', GETDATE());
INSERT INTO "MENUSELECTION"(MENU, SELECTION, PRESTEXT, PRESTEXTS, DESCRIPTION, LEVELNO, SORTCODE, PRESENTATION, USERID, LOGDATE) VALUES ('16', 'T16_3', 'TARGET code 16.3  - تعزيز سيادة القانون على الصعيدين الوطني والدولي وضمان تكافؤ فرص وصول الجميع إلى العدالة', '', '', '2', '004', 'A', 'SDGS', GETDATE());
INSERT INTO "MENUSELECTION_ENG"(MENU, SELECTION, PRESTEXT, PRESTEXTS, DESCRIPTION, SORTCODE, PRESENTATION, USERID, LOGDATE) VALUES ('16', 'T16_3', 'TARGET code 16.3  - Promote the rule of law at the national and international levels and ensure equal access to justice for all', '', '', '004', 'A', 'SDGS', GETDATE());
INSERT INTO "MENUSELECTION"(MENU, SELECTION, PRESTEXT, PRESTEXTS, DESCRIPTION, LEVELNO, SORTCODE, PRESENTATION, USERID, LOGDATE) VALUES ('T16_3', 'C160301', '16.3.1  نسبة ضحايا العنف خلال الاثني عشر شهرا الماضية التي أبلغ ضحاياها عما تعرضوا له من إيذاء إلى السلطات المختصة أو غيرها من آليات تسوية النزاعات المعترف بها رسميا', '', '', '3', '001', 'A', 'SDGS', GETDATE());
INSERT INTO "MENUSELECTION_ENG"(MENU, SELECTION, PRESTEXT, PRESTEXTS, DESCRIPTION, SORTCODE, PRESENTATION, USERID, LOGDATE) VALUES ('T16_3', 'C160301', '16.3.1 Proportion of victims of violence in the previous 12 months who reported their victimization to competent authorities or other officially recognized conflict resolution mechanisms', '', '', '001', 'A', 'SDGS', GETDATE());
INSERT INTO "MENUSELECTION"(MENU, SELECTION, PRESTEXT, PRESTEXTS, DESCRIPTION, LEVELNO, SORTCODE, PRESENTATION, USERID, LOGDATE) VALUES ('C160301', 'S163C16030101', 'C160301_01 - ???? ????? ????? ???? ?????? ??? ???? ??????? ???? ???? ??????? ??? ?????? ?? ?? ????? ??? ??????? ??????? ?? ????? ?? ????? ????? ???????? ??????? ??? ?????', '', '', '4', '001', 'A', 'SDGS', GETDATE());
INSERT INTO "MENUSELECTION_ENG"(MENU, SELECTION, PRESTEXT, PRESTEXTS, DESCRIPTION, SORTCODE, PRESENTATION, USERID, LOGDATE) VALUES ('C160301', 'S163C16030101', 'C160301_01 - Proportion of victims of violence in the previous 12 months who reported their victimization to competent authorities or other officially recognized conflict resolution mechanisms', '', '', '001', 'A', 'SDGS', GETDATE());
INSERT INTO "MENUSELECTION"(MENU, SELECTION, PRESTEXT, PRESTEXTS, DESCRIPTION, LEVELNO, SORTCODE, PRESENTATION, USERID, LOGDATE) VALUES ('T16_3', 'C160302', '16.3.2 المحتجزون غير المحكوم عليهم كنسبة من مجموع السجناء', '', '', '3', '002', 'A', 'SDGS', GETDATE());
INSERT INTO "MENUSELECTION_ENG"(MENU, SELECTION, PRESTEXT, PRESTEXTS, DESCRIPTION, SORTCODE, PRESENTATION, USERID, LOGDATE) VALUES ('T16_3', 'C160302', '16.3.2 Unsentenced detainees as a proportion of overall prison population', '', '', '002', 'A', 'SDGS', GETDATE());
INSERT INTO "MENUSELECTION"(MENU, SELECTION, PRESTEXT, PRESTEXTS, DESCRIPTION, LEVELNO, SORTCODE, PRESENTATION, USERID, LOGDATE) VALUES ('C160302', 'S163C16030201', 'C160302_01 - ????????? ??? ??????? ????? ????? ?? ????? ???????', '', '', '4', '001', 'A', 'SDGS', GETDATE());
INSERT INTO "MENUSELECTION_ENG"(MENU, SELECTION, PRESTEXT, PRESTEXTS, DESCRIPTION, SORTCODE, PRESENTATION, USERID, LOGDATE) VALUES ('C160302', 'S163C16030201', 'C160302_01 - Unsentenced detainees as a proportion of overall prison population', '', '', '001', 'A', 'SDGS', GETDATE());
INSERT INTO "MENUSELECTION"(MENU, SELECTION, PRESTEXT, PRESTEXTS, DESCRIPTION, LEVELNO, SORTCODE, PRESENTATION, USERID, LOGDATE) VALUES ('T16_3', 'C160303', '16.3.3 نسبة السكان الذين عانوا من نزاع في العامين الماضيين والذين وصلوا إلى آلية رسمية أو غير رسمية لتسوية المنازعات ، حسب نوع الآلية', '', '', '3', '003', 'A', 'SDGS', GETDATE());
INSERT INTO "MENUSELECTION_ENG"(MENU, SELECTION, PRESTEXT, PRESTEXTS, DESCRIPTION, SORTCODE, PRESENTATION, USERID, LOGDATE) VALUES ('T16_3', 'C160303', '16.3.3 Proportion of the population who have experienced a dispute in the past two years and who accessed a formal or informal dispute resolution mechanism, by type of mechanism', '', '', '003', 'A', 'SDGS', GETDATE());
INSERT INTO "MENUSELECTION"(MENU, SELECTION, PRESTEXT, PRESTEXTS, DESCRIPTION, LEVELNO, SORTCODE, PRESENTATION, USERID, LOGDATE) VALUES ('16', 'T16_4', 'TARGET code 16.4  - الحد بقدر كبير من التدفقات غير المشروعة للأموال والأسلحة، وتعزيز استرداد الأصول المسروقة وإعادتها ومكافحة جميع أشكال الجريمة المنظمة، بحلول عام 2030', '', '', '2', '005', 'A', 'SDGS', GETDATE());
INSERT INTO "MENUSELECTION_ENG"(MENU, SELECTION, PRESTEXT, PRESTEXTS, DESCRIPTION, SORTCODE, PRESENTATION, USERID, LOGDATE) VALUES ('16', 'T16_4', 'TARGET code 16.4  - By 2030, significantly reduce illicit financial and arms flows, strengthen the recovery and return of stolen assets and combat all forms of organized crime', '', '', '005', 'A', 'SDGS', GETDATE());
INSERT INTO "MENUSELECTION"(MENU, SELECTION, PRESTEXT, PRESTEXTS, DESCRIPTION, LEVELNO, SORTCODE, PRESENTATION, USERID, LOGDATE) VALUES ('T16_4', 'C160401', '16.4.1  القيمة الإجمالية للتدفقات المالية غير المشروعة الداخلة والخارجة (بالقيمة الحالية لدولارات الولايات المتحدة)', '', '', '3', '001', 'A', 'SDGS', GETDATE());
INSERT INTO "MENUSELECTION_ENG"(MENU, SELECTION, PRESTEXT, PRESTEXTS, DESCRIPTION, SORTCODE, PRESENTATION, USERID, LOGDATE) VALUES ('T16_4', 'C160401', '16.4.1 Total value of inward and outward illicit financial flows (in current United States dollars)', '', '', '001', 'A', 'SDGS', GETDATE());
INSERT INTO "MENUSELECTION"(MENU, SELECTION, PRESTEXT, PRESTEXTS, DESCRIPTION, LEVELNO, SORTCODE, PRESENTATION, USERID, LOGDATE) VALUES ('T16_4', 'C160402', '16.4.2  نسبة ما يُضبط من أسلحة وما يُقيد ويُقتفى أثره من أسلحة صغيرة وأسلحة خفيفة، وفقا للمعايير الدولية والصكوك القانونية', '', '', '3', '002', 'A', 'SDGS', GETDATE());
INSERT INTO "MENUSELECTION_ENG"(MENU, SELECTION, PRESTEXT, PRESTEXTS, DESCRIPTION, SORTCODE, PRESENTATION, USERID, LOGDATE) VALUES ('T16_4', 'C160402', '16.4.2 Proportion of seized, found or surrendered arms whose illicit origin or context has been traced or established by a competent authority in line with international instruments', '', '', '002', 'A', 'SDGS', GETDATE());
INSERT INTO "MENUSELECTION"(MENU, SELECTION, PRESTEXT, PRESTEXTS, DESCRIPTION, LEVELNO, SORTCODE, PRESENTATION, USERID, LOGDATE) VALUES ('16', 'T16_5', 'TARGET code 16.5  - الحد بدرجة كبيرة من الفساد والرشوة بجميع أشكالهما', '', '', '2', '006', 'A', 'SDGS', GETDATE());
INSERT INTO "MENUSELECTION_ENG"(MENU, SELECTION, PRESTEXT, PRESTEXTS, DESCRIPTION, SORTCODE, PRESENTATION, USERID, LOGDATE) VALUES ('16', 'T16_5', 'TARGET code 16.5  - Substantially reduce corruption and bribery in all their forms', '', '', '006', 'A', 'SDGS', GETDATE());
INSERT INTO "MENUSELECTION"(MENU, SELECTION, PRESTEXT, PRESTEXTS, DESCRIPTION, LEVELNO, SORTCODE, PRESENTATION, USERID, LOGDATE) VALUES ('T16_5', 'C160501', '16.5.1   نسبة الأشخاص الذين اتصلوا مرة واحدة على الأقل بمسؤول حكومي ودفعوا رشوة لمسؤول حكومي، أو طُلب منهم أولئك المسؤولون الحكوميون دفع رشوة، خلال الاثني عشر شهرا السابقة', '', '', '3', '001', 'A', 'SDGS', GETDATE());
INSERT INTO "MENUSELECTION_ENG"(MENU, SELECTION, PRESTEXT, PRESTEXTS, DESCRIPTION, SORTCODE, PRESENTATION, USERID, LOGDATE) VALUES ('T16_5', 'C160501', '16.5.1 Proportion of persons who had at least one contact with a public official and who paid a bribe to a public official, or were asked for a bribe by those public officials, during the previous 12 months', '', '', '001', 'A', 'SDGS', GETDATE());
INSERT INTO "MENUSELECTION"(MENU, SELECTION, PRESTEXT, PRESTEXTS, DESCRIPTION, LEVELNO, SORTCODE, PRESENTATION, USERID, LOGDATE) VALUES ('C160501', 'S165C16050101', 'C160501_01 - ???? ??????? ????? ?????? ??? ????? ??? ????? ?????? ????? ?????? ???? ?????? ?????? ?? ???? ???? ????? ????????? ????????? ??? ????? ???? ?????? ??? ???? ???????', '', '', '4', '001', 'A', 'SDGS', GETDATE());
INSERT INTO "MENUSELECTION_ENG"(MENU, SELECTION, PRESTEXT, PRESTEXTS, DESCRIPTION, SORTCODE, PRESENTATION, USERID, LOGDATE) VALUES ('C160501', 'S165C16050101', 'C160501_01 - Proportion of persons who had at least one contact with a public official and who paid a bribe to a public official, or were asked for a bribe by those public officials, during the previous 12 months', '', '', '001', 'A', 'SDGS', GETDATE());
INSERT INTO "MENUSELECTION"(MENU, SELECTION, PRESTEXT, PRESTEXTS, DESCRIPTION, LEVELNO, SORTCODE, PRESENTATION, USERID, LOGDATE) VALUES ('T16_5', 'C160502', '16.5.2 نسبة الأعمال التجارية التي اتصلت مرة واحدة على الأقل بمسؤول حكومي و دفعت رشوة إلى مسؤول حكومي أو طُلب منها دفع رشوة لأولئك المسؤولين الحكوميين، خلال الاثي عشر شهرا السابقة', '', '', '3', '002', 'A', 'SDGS', GETDATE());
INSERT INTO "MENUSELECTION_ENG"(MENU, SELECTION, PRESTEXT, PRESTEXTS, DESCRIPTION, SORTCODE, PRESENTATION, USERID, LOGDATE) VALUES ('T16_5', 'C160502', '16.5.2 Proportion of businesses that had at least one contact with a public official and that paid a bribe to a public official, or were asked for a bribe by those public officials during the previous 12 months', '', '', '002', 'A', 'SDGS', GETDATE());
INSERT INTO "MENUSELECTION"(MENU, SELECTION, PRESTEXT, PRESTEXTS, DESCRIPTION, LEVELNO, SORTCODE, PRESENTATION, USERID, LOGDATE) VALUES ('C160502', 'S165C16050201', 'C160502_01 - ???? ??????? ???????? ???? ????? ??? ????? ??? ????? ?????? ????? ? ???? ???? ??? ????? ????? ?? ???? ???? ??? ???? ?????? ????????? ?????????? ???? ????? ??? ???? ???????', '', '', '4', '001', 'A', 'SDGS', GETDATE());
INSERT INTO "MENUSELECTION_ENG"(MENU, SELECTION, PRESTEXT, PRESTEXTS, DESCRIPTION, SORTCODE, PRESENTATION, USERID, LOGDATE) VALUES ('C160502', 'S165C16050201', 'C160502_01 - Proportion of businesses that had at least one contact with a public official and that paid a bribe to a public official, or were asked for a bribe by those public officials during the previous 12 months', '', '', '001', 'A', 'SDGS', GETDATE());
INSERT INTO "MENUSELECTION"(MENU, SELECTION, PRESTEXT, PRESTEXTS, DESCRIPTION, LEVELNO, SORTCODE, PRESENTATION, USERID, LOGDATE) VALUES ('16', 'T16_6', 'TARGET code 16.6  - إنشاء مؤسسات فعالة وشفافة وخاضعة للمساءلة على جميع المستويات', '', '', '2', '007', 'A', 'SDGS', GETDATE());
INSERT INTO "MENUSELECTION_ENG"(MENU, SELECTION, PRESTEXT, PRESTEXTS, DESCRIPTION, SORTCODE, PRESENTATION, USERID, LOGDATE) VALUES ('16', 'T16_6', 'TARGET code 16.6  - Develop effective, accountable and transparent institutions at all levels', '', '', '007', 'A', 'SDGS', GETDATE());
INSERT INTO "MENUSELECTION"(MENU, SELECTION, PRESTEXT, PRESTEXTS, DESCRIPTION, LEVELNO, SORTCODE, PRESENTATION, USERID, LOGDATE) VALUES ('T16_6', 'C160601', '16.6.1   النفقات الحكومية الرئيسية كنسبة من الميزانيةالأصلية المعتمدة، بحسب القطاع (أو بحسب رموز الميزانيةأو ما شابه)', '', '', '3', '001', 'A', 'SDGS', GETDATE());
INSERT INTO "MENUSELECTION_ENG"(MENU, SELECTION, PRESTEXT, PRESTEXTS, DESCRIPTION, SORTCODE, PRESENTATION, USERID, LOGDATE) VALUES ('T16_6', 'C160601', '16.6.1 Primary government expenditures as a proportion of original approved budget, by sector (or by budget codes or similar)', '', '', '001', 'A', 'SDGS', GETDATE());
INSERT INTO "MENUSELECTION"(MENU, SELECTION, PRESTEXT, PRESTEXTS, DESCRIPTION, LEVELNO, SORTCODE, PRESENTATION, USERID, LOGDATE) VALUES ('C160601', 'S166C16060101', 'C160601_01 - ??????? ???????? ???????? ????? ?? ????????? ??????? ????????? ???? ?????? (?? ???? ???? ????????? ?? ?? ????)', '', '', '4', '001', 'A', 'SDGS', GETDATE());
INSERT INTO "MENUSELECTION_ENG"(MENU, SELECTION, PRESTEXT, PRESTEXTS, DESCRIPTION, SORTCODE, PRESENTATION, USERID, LOGDATE) VALUES ('C160601', 'S166C16060101', 'C160601_01 - Primary government expenditures as a proportion of original approved budget, by sector (or by budget codes or similar)', '', '', '001', 'A', 'SDGS', GETDATE());
INSERT INTO "MENUSELECTION"(MENU, SELECTION, PRESTEXT, PRESTEXTS, DESCRIPTION, LEVELNO, SORTCODE, PRESENTATION, USERID, LOGDATE) VALUES ('T16_6', 'C160602', '16.6.2 نسبة السكان الراضين عن تجربتهم الأخيرة في استعمال الخدمات العامة (المدارس الثانوية)', '', '', '3', '002', 'A', 'SDGS', GETDATE());
INSERT INTO "MENUSELECTION_ENG"(MENU, SELECTION, PRESTEXT, PRESTEXTS, DESCRIPTION, SORTCODE, PRESENTATION, USERID, LOGDATE) VALUES ('T16_6', 'C160602', '16.6.2 Proportion of population satisfied with their last experience of public services', '', '', '002', 'A', 'SDGS', GETDATE());
INSERT INTO "MENUSELECTION"(MENU, SELECTION, PRESTEXT, PRESTEXTS, DESCRIPTION, LEVELNO, SORTCODE, PRESENTATION, USERID, LOGDATE) VALUES ('C160602', 'S166C16060201', 'C160602_01 - ???? ?????? ??????? ?? ??????? ??????? ?? ??????? ??????? ?????? (????? ?????)', '', '', '4', '001', 'A', 'SDGS', GETDATE());
INSERT INTO "MENUSELECTION_ENG"(MENU, SELECTION, PRESTEXT, PRESTEXTS, DESCRIPTION, SORTCODE, PRESENTATION, USERID, LOGDATE) VALUES ('C160602', 'S166C16060201', 'C160602_01 - Proportion of population satisfied with their last experience of public services (healthcare services)', '', '', '001', 'A', 'SDGS', GETDATE());
INSERT INTO "MENUSELECTION"(MENU, SELECTION, PRESTEXT, PRESTEXTS, DESCRIPTION, LEVELNO, SORTCODE, PRESENTATION, USERID, LOGDATE) VALUES ('C160602', 'S166C16060202', 'C160602_02 - ???? ?????? ??????? ?? ??????? ??????? ?? ??????? ??????? ?????? (??????? ????????)', '', '', '4', '002', 'A', 'SDGS', GETDATE());
INSERT INTO "MENUSELECTION_ENG"(MENU, SELECTION, PRESTEXT, PRESTEXTS, DESCRIPTION, SORTCODE, PRESENTATION, USERID, LOGDATE) VALUES ('C160602', 'S166C16060202', 'C160602_02 - Proportion of population satisfied with their last experience of public services (primary public schools)', '', '', '002', 'A', 'SDGS', GETDATE());
INSERT INTO "MENUSELECTION"(MENU, SELECTION, PRESTEXT, PRESTEXTS, DESCRIPTION, LEVELNO, SORTCODE, PRESENTATION, USERID, LOGDATE) VALUES ('C160602', 'S166C16060203', 'C160602_03 - ???? ?????? ??????? ?? ??????? ??????? ?? ??????? ??????? ?????? (??????? ????????)', '', '', '4', '003', 'A', 'SDGS', GETDATE());
INSERT INTO "MENUSELECTION_ENG"(MENU, SELECTION, PRESTEXT, PRESTEXTS, DESCRIPTION, SORTCODE, PRESENTATION, USERID, LOGDATE) VALUES ('C160602', 'S166C16060203', 'C160602_03 - Proportion of population satisfied with their last experience of public services  (secondary public schools)', '', '', '003', 'A', 'SDGS', GETDATE());
INSERT INTO "MENUSELECTION"(MENU, SELECTION, PRESTEXT, PRESTEXTS, DESCRIPTION, LEVELNO, SORTCODE, PRESENTATION, USERID, LOGDATE) VALUES ('C160602', 'S166C16060204', 'C160602_04 - ???? ?????? ??????? ?? ??????? ??????? ?? ??????? ??????? ?????? (??????? ????????)', '', '', '4', '004', 'A', 'SDGS', GETDATE());
INSERT INTO "MENUSELECTION_ENG"(MENU, SELECTION, PRESTEXT, PRESTEXTS, DESCRIPTION, SORTCODE, PRESENTATION, USERID, LOGDATE) VALUES ('C160602', 'S166C16060204', 'C160602_04 - Proportion of population satisfied with their last experience of public services (administrative services)', '', '', '004', 'A', 'SDGS', GETDATE());
INSERT INTO "MENUSELECTION"(MENU, SELECTION, PRESTEXT, PRESTEXTS, DESCRIPTION, LEVELNO, SORTCODE, PRESENTATION, USERID, LOGDATE) VALUES ('16', 'T16_7', 'TARGET code 16.7  - ضمان اتخاذ القرارات على نحو مستجيب للاحتياجات وشامل', '', '', '2', '008', 'A', 'SDGS', GETDATE());
INSERT INTO "MENUSELECTION_ENG"(MENU, SELECTION, PRESTEXT, PRESTEXTS, DESCRIPTION, SORTCODE, PRESENTATION, USERID, LOGDATE) VALUES ('16', 'T16_7', 'TARGET code 16.7  - Ensure responsive, inclusive, participatory and representative decision-making at all levels', '', '', '008', 'A', 'SDGS', GETDATE());
INSERT INTO "MENUSELECTION"(MENU, SELECTION, PRESTEXT, PRESTEXTS, DESCRIPTION, LEVELNO, SORTCODE, PRESENTATION, USERID, LOGDATE) VALUES ('T16_7', 'C160701', '16.7.1 نسبة الوظائف (بحسب العمر، والجنس، والأشخاص ذوي الإعاقة، والفئات السكانية) في المؤسسات العامة (الهيئات التشريعية الوطنية والمحلية، والخدمة العامة، والسلطة القضائية) مقارنة بمستويات التوزيع على المستوى الوطني', '', '', '3', '001', 'A', 'SDGS', GETDATE());
INSERT INTO "MENUSELECTION_ENG"(MENU, SELECTION, PRESTEXT, PRESTEXTS, DESCRIPTION, SORTCODE, PRESENTATION, USERID, LOGDATE) VALUES ('T16_7', 'C160701', '16.7.1 Proportions of positions (by sex, age, persons with disabilities and population groups) in public institutions (national and local legislatures, public service, and judiciary) compared to national distributions', '', '', '001', 'A', 'SDGS', GETDATE());
INSERT INTO "MENUSELECTION"(MENU, SELECTION, PRESTEXT, PRESTEXTS, DESCRIPTION, LEVELNO, SORTCODE, PRESENTATION, USERID, LOGDATE) VALUES ('T16_7', 'C160702', '16.7.2  نسبة السكان الذين يعتقدون أن صنع القرار عملية شاملة للجميع وملبية للاحتياجات، بحسب الجنس والعمر والإعاقة والفئة السكانية (يسمح النظام السياسي في البلد لأفراد مثلك بان يكون لهم رأي بما تفعله الحكومة)', '', '', '3', '002', 'A', 'SDGS', GETDATE());
INSERT INTO "MENUSELECTION_ENG"(MENU, SELECTION, PRESTEXT, PRESTEXTS, DESCRIPTION, SORTCODE, PRESENTATION, USERID, LOGDATE) VALUES ('T16_7', 'C160702', '16.7.2 Proportion of population who believe decision-making is inclusive and responsive, by sex, age, disability and population group', '', '', '002', 'A', 'SDGS', GETDATE());
INSERT INTO "MENUSELECTION"(MENU, SELECTION, PRESTEXT, PRESTEXTS, DESCRIPTION, LEVELNO, SORTCODE, PRESENTATION, USERID, LOGDATE) VALUES ('C160702', 'S167C16070201', 'C160702_01 - ???? ?????? ????? ??????? ?? ??? ?????? ????? ????? ?????? ?????? ??????????? ???? ????? ?????? ???????? ?????? ????????  (???? ?????? ??????? ?? ????? ?????? ???? ??? ???? ??? ??? ??? ????? ???????)', '', '', '4', '001', 'A', 'SDGS', GETDATE());
INSERT INTO "MENUSELECTION_ENG"(MENU, SELECTION, PRESTEXT, PRESTEXTS, DESCRIPTION, SORTCODE, PRESENTATION, USERID, LOGDATE) VALUES ('C160702', 'S167C16070201', 'C160702_01 - Proportion of population who believe decision-making is inclusive and responsive, by sex, age, disability and population group (The political system in the country allows individuals like me to have an opinion on what the government is doing)', '', '', '001', 'A', 'SDGS', GETDATE());
INSERT INTO "MENUSELECTION"(MENU, SELECTION, PRESTEXT, PRESTEXTS, DESCRIPTION, LEVELNO, SORTCODE, PRESENTATION, USERID, LOGDATE) VALUES ('C160702', 'S167C16070202', 'C160702_02 - ???? ?????? ????? ??????? ?? ??? ?????? ????? ????? ?????? ?????? ??????????? ???? ????? ?????? ???????? ?????? ???????? (??? ?????? ??? ???????? ???????? ?? ?????)', '', '', '4', '002', 'A', 'SDGS', GETDATE());
INSERT INTO "MENUSELECTION_ENG"(MENU, SELECTION, PRESTEXT, PRESTEXTS, DESCRIPTION, SORTCODE, PRESENTATION, USERID, LOGDATE) VALUES ('C160702', 'S167C16070202', 'C160702_02 - Proportion of population who believe decision-making is inclusive and responsive, by sex, age, disability and population group (I trust in my ability to participate in politics in the country)', '', '', '002', 'A', 'SDGS', GETDATE());
INSERT INTO "MENUSELECTION"(MENU, SELECTION, PRESTEXT, PRESTEXTS, DESCRIPTION, LEVELNO, SORTCODE, PRESENTATION, USERID, LOGDATE) VALUES ('16', 'T16_8', 'TARGET code 16.8  - توسيع وتعزيز مشاركة البلدان النامية في مؤسسات الحوكمة العالمية', '', '', '2', '009', 'A', 'SDGS', GETDATE());
INSERT INTO "MENUSELECTION_ENG"(MENU, SELECTION, PRESTEXT, PRESTEXTS, DESCRIPTION, SORTCODE, PRESENTATION, USERID, LOGDATE) VALUES ('16', 'T16_8', 'TARGET code 16.8  - Broaden and strengthen the participation of developing countries in the institutions of global governance', '', '', '009', 'A', 'SDGS', GETDATE());
INSERT INTO "MENUSELECTION"(MENU, SELECTION, PRESTEXT, PRESTEXTS, DESCRIPTION, LEVELNO, SORTCODE, PRESENTATION, USERID, LOGDATE) VALUES ('T16_8', 'C200205', '16.8.1  نسبة البلدان النامية الأعضاء في المنظمات الدولية وحقوقها في التصويت في تلك المنظمات', '', '', '3', '001', 'A', 'SDGS', GETDATE());
INSERT INTO "MENUSELECTION_ENG"(MENU, SELECTION, PRESTEXT, PRESTEXTS, DESCRIPTION, SORTCODE, PRESENTATION, USERID, LOGDATE) VALUES ('T16_8', 'C200205', '16.8.1 Proportion of members and voting rights of developing countries in international organizations', '', '', '001', 'A', 'SDGS', GETDATE());
INSERT INTO "MENUSELECTION"(MENU, SELECTION, PRESTEXT, PRESTEXTS, DESCRIPTION, LEVELNO, SORTCODE, PRESENTATION, USERID, LOGDATE) VALUES ('C200205', 'S168C20020501', 'C200205_01 - ????? ??????? ??????? ?? ???????? ??????? (???=1? ??=2)', '', '', '4', '001', 'A', 'SDGS', GETDATE());
INSERT INTO "MENUSELECTION_ENG"(MENU, SELECTION, PRESTEXT, PRESTEXTS, DESCRIPTION, SORTCODE, PRESENTATION, USERID, LOGDATE) VALUES ('C200205', 'S168C20020501', 'C200205_01 - membership of developing countries in international organizations (Yes=1; No=2)', '', '', '001', 'A', 'SDGS', GETDATE());
INSERT INTO "MENUSELECTION"(MENU, SELECTION, PRESTEXT, PRESTEXTS, DESCRIPTION, LEVELNO, SORTCODE, PRESENTATION, USERID, LOGDATE) VALUES ('C200205', 'S168C20020502', 'C200205_02 - ???? ??????? ??????? ??????? ?? ???????? ??????? (???=1? ??=2)', '', '', '4', '002', 'A', 'SDGS', GETDATE());
INSERT INTO "MENUSELECTION_ENG"(MENU, SELECTION, PRESTEXT, PRESTEXTS, DESCRIPTION, SORTCODE, PRESENTATION, USERID, LOGDATE) VALUES ('C200205', 'S168C20020502', 'C200205_02 - voting rights of developing countries in international organizations (Yes=1; No=2)', '', '', '002', 'A', 'SDGS', GETDATE());
INSERT INTO "MENUSELECTION"(MENU, SELECTION, PRESTEXT, PRESTEXTS, DESCRIPTION, LEVELNO, SORTCODE, PRESENTATION, USERID, LOGDATE) VALUES ('16', 'T16_9', 'TARGET code 16.9  - توفير هوية قانونية للجميع، بما في ذلك تسجيل المواليد، بحلول عام 2030', '', '', '2', '010', 'A', 'SDGS', GETDATE());
INSERT INTO "MENUSELECTION_ENG"(MENU, SELECTION, PRESTEXT, PRESTEXTS, DESCRIPTION, SORTCODE, PRESENTATION, USERID, LOGDATE) VALUES ('16', 'T16_9', 'TARGET code 16.9  - By 2030, provide legal identity for all, including birth registration', '', '', '010', 'A', 'SDGS', GETDATE());
INSERT INTO "MENUSELECTION"(MENU, SELECTION, PRESTEXT, PRESTEXTS, DESCRIPTION, LEVELNO, SORTCODE, PRESENTATION, USERID, LOGDATE) VALUES ('T16_9', 'C160901', '16.9.1 نسبة الأطفال دون سن الخامسة الذين سُجلت ولاداتهم في قيد السجل المدني، بحسب العمر', '', '', '3', '001', 'A', 'SDGS', GETDATE());
INSERT INTO "MENUSELECTION_ENG"(MENU, SELECTION, PRESTEXT, PRESTEXTS, DESCRIPTION, SORTCODE, PRESENTATION, USERID, LOGDATE) VALUES ('T16_9', 'C160901', '16.9.1 Proportion of children under 5 years of age whose births have been registered with a civil authority, by age', '', '', '001', 'A', 'SDGS', GETDATE());
INSERT INTO "MENUSELECTION"(MENU, SELECTION, PRESTEXT, PRESTEXTS, DESCRIPTION, LEVELNO, SORTCODE, PRESENTATION, USERID, LOGDATE) VALUES ('C160901', 'S169C16090102', 'C160901_02 - ???? ??????? ??? ?? ??????? ????? ????? ???????? ?? ??? ????? ??????', '', '', '4', '001', 'A', 'SDGS', GETDATE());
INSERT INTO "MENUSELECTION_ENG"(MENU, SELECTION, PRESTEXT, PRESTEXTS, DESCRIPTION, SORTCODE, PRESENTATION, USERID, LOGDATE) VALUES ('C160901', 'S169C16090102', 'C160901_02 - Proportion of children under 5 years of age whose births have been registered with a civil authority', '', '', '001', 'A', 'SDGS', GETDATE());
INSERT INTO "MENUSELECTION"(MENU, SELECTION, PRESTEXT, PRESTEXTS, DESCRIPTION, LEVELNO, SORTCODE, PRESENTATION, USERID, LOGDATE) VALUES ('16', 'T16_a', 'TARGET code 16.a  - تعزيز المؤسسات الوطنية ذات الصلة، بوسائل منها التعاون الدولي، سعياً لبناء القدرات على جميع المستويات، ولا سيما في البلدان النامية، لمنع العنف ومكافحة الإرهاب والجريمة', '', '', '2', '011', 'A', 'SDGS', GETDATE());
INSERT INTO "MENUSELECTION_ENG"(MENU, SELECTION, PRESTEXT, PRESTEXTS, DESCRIPTION, SORTCODE, PRESENTATION, USERID, LOGDATE) VALUES ('16', 'T16_a', 'TARGET code 16.a  - Strengthen relevant national institutions, including through international cooperation, for building capacity at all levels, in particular in developing countries, to prevent violence and combat terrorism and crime', '', '', '011', 'A', 'SDGS', GETDATE());
INSERT INTO "MENUSELECTION"(MENU, SELECTION, PRESTEXT, PRESTEXTS, DESCRIPTION, LEVELNO, SORTCODE, PRESENTATION, USERID, LOGDATE) VALUES ('T16_a', 'C160a01', '16.a.1  وجود مؤسسات وطنية مستقلة لحقوق الإنسان وفقا لمبادئ باريس', '', '', '3', '001', 'A', 'SDGS', GETDATE());
INSERT INTO "MENUSELECTION_ENG"(MENU, SELECTION, PRESTEXT, PRESTEXTS, DESCRIPTION, SORTCODE, PRESENTATION, USERID, LOGDATE) VALUES ('T16_a', 'C160a01', '16.a.1 Existence of independent national human rights institutions in compliance with the Paris Principles', '', '', '001', 'A', 'SDGS', GETDATE());
INSERT INTO "MENUSELECTION"(MENU, SELECTION, PRESTEXT, PRESTEXTS, DESCRIPTION, LEVELNO, SORTCODE, PRESENTATION, USERID, LOGDATE) VALUES ('C160a01', 'S16aC160a0101', 'C160a01_01 - ???? ?????? ????? ?????? ????? ??????? ???? ?????? ????? (???=1? ??= 2)', '', '', '4', '001', 'A', 'SDGS', GETDATE());
INSERT INTO "MENUSELECTION_ENG"(MENU, SELECTION, PRESTEXT, PRESTEXTS, DESCRIPTION, SORTCODE, PRESENTATION, USERID, LOGDATE) VALUES ('C160a01', 'S16aC160a0101', 'C160a01_01 - Existence of independent national human rights institutions in compliance with the Paris Principles (Yes=1; No=2)', '', '', '001', 'A', 'SDGS', GETDATE());
INSERT INTO "MENUSELECTION"(MENU, SELECTION, PRESTEXT, PRESTEXTS, DESCRIPTION, LEVELNO, SORTCODE, PRESENTATION, USERID, LOGDATE) VALUES ('16', 'T16_b', 'TARGET code 16.b  - تعزيز القوانين والسياسات غير التمييزية لتحقيق التنمية المستدامة', '', '', '2', '012', 'A', 'SDGS', GETDATE());
INSERT INTO "MENUSELECTION_ENG"(MENU, SELECTION, PRESTEXT, PRESTEXTS, DESCRIPTION, SORTCODE, PRESENTATION, USERID, LOGDATE) VALUES ('16', 'T16_b', 'TARGET code 16.b  - Promote and enforce non-discriminatory laws and policies for sustainable development', '', '', '012', 'A', 'SDGS', GETDATE());
INSERT INTO "MENUSELECTION"(MENU, SELECTION, PRESTEXT, PRESTEXTS, DESCRIPTION, LEVELNO, SORTCODE, PRESENTATION, USERID, LOGDATE) VALUES ('T16_b', 'C200204', '16.b.1 نسبة السكان الذين أبلغوا أنهم شعروا شخصيا بتعرضهم للتمييز أو المضايقة خلال الاثني عشر شهرا الماضية، استناداً إلى أساس من التمييز المحظور بموجب القانون الدولي لحقوق الإنسان', '', '', '3', '001', 'A', 'SDGS', GETDATE());
INSERT INTO "MENUSELECTION_ENG"(MENU, SELECTION, PRESTEXT, PRESTEXTS, DESCRIPTION, SORTCODE, PRESENTATION, USERID, LOGDATE) VALUES ('T16_b', 'C200204', '16.b.1 Proportion of population reporting having personally felt discriminated against or harassed in the previous 12 months on the basis of a ground of discrimination prohibited under international human rights law', '', '', '001', 'A', 'SDGS', GETDATE());
INSERT INTO "MENUSELECTION"(MENU, SELECTION, PRESTEXT, PRESTEXTS, DESCRIPTION, LEVELNO, SORTCODE, PRESENTATION, USERID, LOGDATE) VALUES ('C200204', 'S16bC20020401', 'C200204_01 - ???? ?????? ????? ?????? ???? ????? ????? ??????? ??????? ?? ???????? ???? ?????? ??? ???? ???????? ???????? ??? ???? ?? ??????? ??????? ????? ??????? ?????? ????? ???????', '', '', '4', '001', 'A', 'SDGS', GETDATE());
INSERT INTO "MENUSELECTION_ENG"(MENU, SELECTION, PRESTEXT, PRESTEXTS, DESCRIPTION, SORTCODE, PRESENTATION, USERID, LOGDATE) VALUES ('C200204', 'S16bC20020401', 'C200204_01 - Proportion of population reporting having personally felt discriminated against or harassed in the previous 12 months on the basis of a ground of discrimination prohibited under international human rights law', '', '', '001', 'A', 'SDGS', GETDATE());
INSERT INTO "MENUSELECTION" (MENU, SELECTION, PRESTEXT, PRESTEXTS, DESCRIPTION, LEVELNO, SORTCODE, PRESENTATION, USERID, LOGDATE) VALUES ('START', '17', 'Goal AR17 - عقد الشراكات لتحقيق الاهداف', '', '', '1', '017', 'A', 'SDGS', GETDATE());
INSERT INTO "MENUSELECTION_ENG" (MENU, SELECTION, PRESTEXT, PRESTEXTS, DESCRIPTION, SORTCODE, PRESENTATION, USERID, LOGDATE) VALUES ('START', '17', 'Goal17 - Partnerships for the Goals', '', '', '017', 'A', 'SDGS', GETDATE());
INSERT INTO "MENUSELECTION"(MENU, SELECTION, PRESTEXT, PRESTEXTS, DESCRIPTION, LEVELNO, SORTCODE, PRESENTATION, USERID, LOGDATE) VALUES ('17', 'T17_1', 'TARGET code 17.1  - تعزيز تعبئة الموارد المحلية، بوسائل تشمل تقديم الدعم الدولي إلى البلدان النامية، لتحسين القدرات المحلية في مجال تحصيل الضرائب وغيرها من الإيرادات', '', '', '2', '001', 'A', 'SDGS', GETDATE());
INSERT INTO "MENUSELECTION_ENG"(MENU, SELECTION, PRESTEXT, PRESTEXTS, DESCRIPTION, SORTCODE, PRESENTATION, USERID, LOGDATE) VALUES ('17', 'T17_1', 'TARGET code 17.1  - Strengthen domestic resource mobilization, including through international support to developing countries, to improve domestic capacity for tax and other revenue collection', '', '', '001', 'A', 'SDGS', GETDATE());
INSERT INTO "MENUSELECTION"(MENU, SELECTION, PRESTEXT, PRESTEXTS, DESCRIPTION, LEVELNO, SORTCODE, PRESENTATION, USERID, LOGDATE) VALUES ('T17_1', 'C170101', '17.1.1 الإيرادات الحكومية الإجمالية كنسبة من الناتجالمحلي الإجمالي، بحسب المصدر', '', '', '3', '001', 'A', 'SDGS', GETDATE());
INSERT INTO "MENUSELECTION_ENG"(MENU, SELECTION, PRESTEXT, PRESTEXTS, DESCRIPTION, SORTCODE, PRESENTATION, USERID, LOGDATE) VALUES ('T17_1', 'C170101', '17.1.1 Total government revenue as a proportion of GDP, by source', '', '', '001', 'A', 'SDGS', GETDATE());
INSERT INTO "MENUSELECTION"(MENU, SELECTION, PRESTEXT, PRESTEXTS, DESCRIPTION, LEVELNO, SORTCODE, PRESENTATION, USERID, LOGDATE) VALUES ('C170101', 'S171C17010101', 'C170101_01 - ????????? ???????? ????????? ????? ?? ?????? ?????? ????????', '', '', '4', '001', 'A', 'SDGS', GETDATE());
INSERT INTO "MENUSELECTION_ENG"(MENU, SELECTION, PRESTEXT, PRESTEXTS, DESCRIPTION, SORTCODE, PRESENTATION, USERID, LOGDATE) VALUES ('C170101', 'S171C17010101', 'C170101_01 - Total government revenue as a proportion of GDP', '', '', '001', 'A', 'SDGS', GETDATE());
INSERT INTO "MENUSELECTION"(MENU, SELECTION, PRESTEXT, PRESTEXTS, DESCRIPTION, LEVELNO, SORTCODE, PRESENTATION, USERID, LOGDATE) VALUES ('T17_1', 'C170102', '17.1.2  نسبة الميزانية المحلية الممولة من الضرائب المحلية', '', '', '3', '002', 'A', 'SDGS', GETDATE());
INSERT INTO "MENUSELECTION_ENG"(MENU, SELECTION, PRESTEXT, PRESTEXTS, DESCRIPTION, SORTCODE, PRESENTATION, USERID, LOGDATE) VALUES ('T17_1', 'C170102', '17.1.2 Proportion of domestic budget funded by domestic taxes', '', '', '002', 'A', 'SDGS', GETDATE());
INSERT INTO "MENUSELECTION"(MENU, SELECTION, PRESTEXT, PRESTEXTS, DESCRIPTION, LEVELNO, SORTCODE, PRESENTATION, USERID, LOGDATE) VALUES ('C170102', 'S171C17010201', 'C170102_01 - ???? ????????? ??????? ??????? ?? ??????? ???????', '', '', '4', '001', 'A', 'SDGS', GETDATE());
INSERT INTO "MENUSELECTION_ENG"(MENU, SELECTION, PRESTEXT, PRESTEXTS, DESCRIPTION, SORTCODE, PRESENTATION, USERID, LOGDATE) VALUES ('C170102', 'S171C17010201', 'C170102_01 - Proportion of domestic budget funded by domestic taxes', '', '', '001', 'A', 'SDGS', GETDATE());
INSERT INTO "MENUSELECTION"(MENU, SELECTION, PRESTEXT, PRESTEXTS, DESCRIPTION, LEVELNO, SORTCODE, PRESENTATION, USERID, LOGDATE) VALUES ('17', 'T17_10', 'TARGET code 17.10 - تعزيز نظام تجاري متعدد الأطراف عالمي وقائم على القواعد ومفتوح وغير تمييزي ومنصف في إطار منظمة التجارة العالمية، بوسائل منها اختتام المفاوضات الجارية في إطار خطة الدوحة الإنمائية التي وضعتها تلك المنظمة', '', '', '2', '002', 'A', 'SDGS', GETDATE());
INSERT INTO "MENUSELECTION_ENG"(MENU, SELECTION, PRESTEXT, PRESTEXTS, DESCRIPTION, SORTCODE, PRESENTATION, USERID, LOGDATE) VALUES ('17', 'T17_10', 'TARGET code 17.10 - Promote a universal, rules-based, open, non-discriminatory and equitable multilateral trading system under the World Trade Organization, including through the conclusion of negotiations under its Doha Development Agenda', '', '', '002', 'A', 'SDGS', GETDATE());
INSERT INTO "MENUSELECTION"(MENU, SELECTION, PRESTEXT, PRESTEXTS, DESCRIPTION, LEVELNO, SORTCODE, PRESENTATION, USERID, LOGDATE) VALUES ('T17_10', 'C171001', '17.10.1 التعريفات الجمركية المرجحة في جميع أنحاء العالم -المتوسط', '', '', '3', '001', 'A', 'SDGS', GETDATE());
INSERT INTO "MENUSELECTION_ENG"(MENU, SELECTION, PRESTEXT, PRESTEXTS, DESCRIPTION, SORTCODE, PRESENTATION, USERID, LOGDATE) VALUES ('T17_10', 'C171001', '17.10.1 Worldwide weighted tariff-average', '', '', '001', 'A', 'SDGS', GETDATE());
INSERT INTO "MENUSELECTION"(MENU, SELECTION, PRESTEXT, PRESTEXTS, DESCRIPTION, LEVELNO, SORTCODE, PRESENTATION, USERID, LOGDATE) VALUES ('17', 'T17_11', 'TARGET code 17.11 - زيادة صادرات البلدان النامية زيادةً كبيرةً، ولا سيما بغرض مضاعفة حصة أقل البلدان نمواً من الصادرات العالمية بحلول عام 2020', '', '', '2', '003', 'A', 'SDGS', GETDATE());
INSERT INTO "MENUSELECTION_ENG"(MENU, SELECTION, PRESTEXT, PRESTEXTS, DESCRIPTION, SORTCODE, PRESENTATION, USERID, LOGDATE) VALUES ('17', 'T17_11', 'TARGET code 17.11 - Significantly increase the exports of developing countries, in particular with a view to doubling the least developed countries'' share of global exports by 2020', '', '', '003', 'A', 'SDGS', GETDATE());
INSERT INTO "MENUSELECTION"(MENU, SELECTION, PRESTEXT, PRESTEXTS, DESCRIPTION, LEVELNO, SORTCODE, PRESENTATION, USERID, LOGDATE) VALUES ('T17_11', 'C171101', '17.11.1 حصة البلدان النامية وأقل البلدان نمواً من الصادرات العالمية', '', '', '3', '001', 'A', 'SDGS', GETDATE());
INSERT INTO "MENUSELECTION_ENG"(MENU, SELECTION, PRESTEXT, PRESTEXTS, DESCRIPTION, SORTCODE, PRESENTATION, USERID, LOGDATE) VALUES ('T17_11', 'C171101', '17.11.1 Developing countries'' and least developed countries'' share of global exports', '', '', '001', 'A', 'SDGS', GETDATE());
INSERT INTO "MENUSELECTION"(MENU, SELECTION, PRESTEXT, PRESTEXTS, DESCRIPTION, LEVELNO, SORTCODE, PRESENTATION, USERID, LOGDATE) VALUES ('17', 'T17_12', 'TARGET code 17.12 - تحقيق التنفيذ المناسب التوقيت لوصول منتجات جميع أقل البلدان نمواً إلى الأسواق بدون رسوم جمركية أو حصص مفروضة، تماشياً مع قرارات منظمة التجارة العالمية، بوسائل منها كفالة جعل قواعد المنشأ التفضيلية المنطبقة على واردات أقل البلدان نمواً شفافةً وبسيطةً، وكفالة مساهمة تلك القواعد في تيسير الوصول إلى الأسواق', '', '', '2', '004', 'A', 'SDGS', GETDATE());
INSERT INTO "MENUSELECTION_ENG"(MENU, SELECTION, PRESTEXT, PRESTEXTS, DESCRIPTION, SORTCODE, PRESENTATION, USERID, LOGDATE) VALUES ('17', 'T17_12', 'TARGET code 17.12 - Realize timely implementation of duty-free and quota-free market access on a lasting basis for all least developed countries, consistent with World Trade Organization decisions, including by ensuring that preferential rules of origin applicable to imports from least developed countries are transparent and simple, and contribute to facilitating market access', '', '', '004', 'A', 'SDGS', GETDATE());
INSERT INTO "MENUSELECTION"(MENU, SELECTION, PRESTEXT, PRESTEXTS, DESCRIPTION, LEVELNO, SORTCODE, PRESENTATION, USERID, LOGDATE) VALUES ('T17_12', 'C171201', '17.12.1 متوسط التعريفات الجمركية التي تواجهها البلدان النامية وأقل البلدان نموا والدول الجزرية الصغيرة النامية', '', '', '3', '001', 'A', 'SDGS', GETDATE());
INSERT INTO "MENUSELECTION_ENG"(MENU, SELECTION, PRESTEXT, PRESTEXTS, DESCRIPTION, SORTCODE, PRESENTATION, USERID, LOGDATE) VALUES ('T17_12', 'C171201', '17.12.1 Average tariffs faced by developing countries, least developed countries and small island developing States', '', '', '001', 'A', 'SDGS', GETDATE());
INSERT INTO "MENUSELECTION"(MENU, SELECTION, PRESTEXT, PRESTEXTS, DESCRIPTION, LEVELNO, SORTCODE, PRESENTATION, USERID, LOGDATE) VALUES ('17', 'T17_13', 'TARGET code 17.13 - تعزيز استقرار الاقتصاد الكلي على الصعيد العالمي، بوسائل تشمل تنسيق السياسات وتحقيق اتساقها', '', '', '2', '005', 'A', 'SDGS', GETDATE());
INSERT INTO "MENUSELECTION_ENG"(MENU, SELECTION, PRESTEXT, PRESTEXTS, DESCRIPTION, SORTCODE, PRESENTATION, USERID, LOGDATE) VALUES ('17', 'T17_13', 'TARGET code 17.13 - Enhance global macroeconomic stability, including through policy coordination and policy coherence', '', '', '005', 'A', 'SDGS', GETDATE());
INSERT INTO "MENUSELECTION"(MENU, SELECTION, PRESTEXT, PRESTEXTS, DESCRIPTION, LEVELNO, SORTCODE, PRESENTATION, USERID, LOGDATE) VALUES ('T17_13', 'C171301', '17.13.1 لوحة متابعة حالة الاقتصاد الكلي', '', '', '3', '001', 'A', 'SDGS', GETDATE());
INSERT INTO "MENUSELECTION_ENG"(MENU, SELECTION, PRESTEXT, PRESTEXTS, DESCRIPTION, SORTCODE, PRESENTATION, USERID, LOGDATE) VALUES ('T17_13', 'C171301', '17.13.1 Macroeconomic Dashboard', '', '', '001', 'A', 'SDGS', GETDATE());
INSERT INTO "MENUSELECTION"(MENU, SELECTION, PRESTEXT, PRESTEXTS, DESCRIPTION, LEVELNO, SORTCODE, PRESENTATION, USERID, LOGDATE) VALUES ('17', 'T17_14', 'TARGET code 17.14 - تعزيز اتساق السياسات من أجل تحقيق التنمية المستدامة', '', '', '2', '006', 'A', 'SDGS', GETDATE());
INSERT INTO "MENUSELECTION_ENG"(MENU, SELECTION, PRESTEXT, PRESTEXTS, DESCRIPTION, SORTCODE, PRESENTATION, USERID, LOGDATE) VALUES ('17', 'T17_14', 'TARGET code 17.14 - Enhance policy coherence for sustainable development', '', '', '006', 'A', 'SDGS', GETDATE());
INSERT INTO "MENUSELECTION"(MENU, SELECTION, PRESTEXT, PRESTEXTS, DESCRIPTION, LEVELNO, SORTCODE, PRESENTATION, USERID, LOGDATE) VALUES ('T17_14', 'C171401', '17.14.1 عدد البلدان التي لديها آليات لتعزيز اتساق سياسات التنمية المستدامة', '', '', '3', '001', 'A', 'SDGS', GETDATE());
INSERT INTO "MENUSELECTION_ENG"(MENU, SELECTION, PRESTEXT, PRESTEXTS, DESCRIPTION, SORTCODE, PRESENTATION, USERID, LOGDATE) VALUES ('T17_14', 'C171401', '17.14.1 Number of countries with mechanisms in place to enhance policy coherence of sustainable development', '', '', '001', 'A', 'SDGS', GETDATE());
INSERT INTO "MENUSELECTION"(MENU, SELECTION, PRESTEXT, PRESTEXTS, DESCRIPTION, LEVELNO, SORTCODE, PRESENTATION, USERID, LOGDATE) VALUES ('17', 'T17_15', 'TARGET code 17.15 - احترام الحيز السياساتي والقيادة الخاصين بكل بلد لوضع وتنفيذ سياسات للقضاء على الفقر وتحقيق التنمية المستدامة', '', '', '2', '007', 'A', 'SDGS', GETDATE());
INSERT INTO "MENUSELECTION_ENG"(MENU, SELECTION, PRESTEXT, PRESTEXTS, DESCRIPTION, SORTCODE, PRESENTATION, USERID, LOGDATE) VALUES ('17', 'T17_15', 'TARGET code 17.15 - Respect each country''s policy space and leadership to establish and implement policies for poverty eradication and sustainable development', '', '', '007', 'A', 'SDGS', GETDATE());
INSERT INTO "MENUSELECTION"(MENU, SELECTION, PRESTEXT, PRESTEXTS, DESCRIPTION, LEVELNO, SORTCODE, PRESENTATION, USERID, LOGDATE) VALUES ('T17_15', 'C171501', '17.15.1 مدى استخدام أطر النتائج وأدوات التخطيط المملوكة للبلدان من جانب مقدمي التعاون الإنمائي', '', '', '3', '001', 'A', 'SDGS', GETDATE());
INSERT INTO "MENUSELECTION_ENG"(MENU, SELECTION, PRESTEXT, PRESTEXTS, DESCRIPTION, SORTCODE, PRESENTATION, USERID, LOGDATE) VALUES ('T17_15', 'C171501', '17.15.1 Extent of use of country-owned results frameworks and planning tools by providers of development cooperation', '', '', '001', 'A', 'SDGS', GETDATE());
INSERT INTO "MENUSELECTION"(MENU, SELECTION, PRESTEXT, PRESTEXTS, DESCRIPTION, LEVELNO, SORTCODE, PRESENTATION, USERID, LOGDATE) VALUES ('17', 'T17_16', 'TARGET code 17.16 - تعزيز الشراكة العالمية من أجل تحقيق التنمية المستدامة، واستكمالها بشراكات بين أصحاب المصلحة المتعددين لجمع المعارف والخبرات والتكنولوجيا والموارد المالية وتقاسمها، وذلك بهدف تحقيق أهداف التنمية المستدامة في جميع البلدان، ولا سيما البلدان النامية', '', '', '2', '008', 'A', 'SDGS', GETDATE());
INSERT INTO "MENUSELECTION_ENG"(MENU, SELECTION, PRESTEXT, PRESTEXTS, DESCRIPTION, SORTCODE, PRESENTATION, USERID, LOGDATE) VALUES ('17', 'T17_16', 'TARGET code 17.16 - Enhance the Global Partnership for Sustainable Development, complemented by multi-stakeholder partnerships that mobilize and share knowledge, expertise, technology and financial resources, to support the achievement of the Sustainable Development Goals in all countries, in particular developing countries', '', '', '008', 'A', 'SDGS', GETDATE());
INSERT INTO "MENUSELECTION"(MENU, SELECTION, PRESTEXT, PRESTEXTS, DESCRIPTION, LEVELNO, SORTCODE, PRESENTATION, USERID, LOGDATE) VALUES ('T17_16', 'C171601', '17.16.1 عدد البلدان التي أبلغت عن إحراز تقدم في رصد فعالية أطر رصد فعالية التنمية لأصحاب المصلحة المتعددين التي تدعم تحقيق أهداف التنمية المستدامة', '', '', '3', '001', 'A', 'SDGS', GETDATE());
INSERT INTO "MENUSELECTION_ENG"(MENU, SELECTION, PRESTEXT, PRESTEXTS, DESCRIPTION, SORTCODE, PRESENTATION, USERID, LOGDATE) VALUES ('T17_16', 'C171601', '17.16.1 Number of countries reporting progress in multi-stakeholder development effectiveness monitoring frameworks that support the achievement of the sustainable development goals', '', '', '001', 'A', 'SDGS', GETDATE());
INSERT INTO "MENUSELECTION"(MENU, SELECTION, PRESTEXT, PRESTEXTS, DESCRIPTION, LEVELNO, SORTCODE, PRESENTATION, USERID, LOGDATE) VALUES ('17', 'T17_17', 'TARGET code 17.17 - تشجيع وتعزيز الشراكات العامة وبين القطاع العام والقطاع الخاص وشراكات المجتمع المدني الفعالة، بالاستفادة من الخبرات المكتسبة من الشراكات ومن استراتيجياتها لتعبئة الموارد', '', '', '2', '009', 'A', 'SDGS', GETDATE());
INSERT INTO "MENUSELECTION_ENG"(MENU, SELECTION, PRESTEXT, PRESTEXTS, DESCRIPTION, SORTCODE, PRESENTATION, USERID, LOGDATE) VALUES ('17', 'T17_17', 'TARGET code 17.17 - Encourage and promote effective public, public-private and civil society partnerships, building on the experience and resourcing strategies of partnerships', '', '', '009', 'A', 'SDGS', GETDATE());
INSERT INTO "MENUSELECTION"(MENU, SELECTION, PRESTEXT, PRESTEXTS, DESCRIPTION, LEVELNO, SORTCODE, PRESENTATION, USERID, LOGDATE) VALUES ('T17_17', 'C171701', '17.17.1 المبلغ بدولارات الولايات المتحدة المرصود للشراكات بين القطاعين العام والخاص وشراكات المجتمع المدني', '', '', '3', '001', 'A', 'SDGS', GETDATE());
INSERT INTO "MENUSELECTION_ENG"(MENU, SELECTION, PRESTEXT, PRESTEXTS, DESCRIPTION, SORTCODE, PRESENTATION, USERID, LOGDATE) VALUES ('T17_17', 'C171701', '17.17.1 Amount of United States dollars committed to public-private and civil society partnerships', '', '', '001', 'A', 'SDGS', GETDATE());
INSERT INTO "MENUSELECTION"(MENU, SELECTION, PRESTEXT, PRESTEXTS, DESCRIPTION, LEVELNO, SORTCODE, PRESENTATION, USERID, LOGDATE) VALUES ('17', 'T17_18', 'TARGET code 17.18 - تعزيز تقديم الدعم لبناء قدرات البلدان النامية، بما في ذلك أقل البلدان نمواً والدول الجزرية الصغيرة النامية، لتحقيق زيادة كبيرة في توافر بيانات عالية الجودة ومناسبة التوقيت وموثوقة ومفصلة حسب الدخل، ونوع الجنس، والسن، والعرق، والانتماء العرقي، والوضع كمهاجر، والإعاقة، والموقع الجغرافي وغيرها من الخصائص ذات الصلة في السياقات الوطنية، بحلول عام 2020', '', '', '2', '010', 'A', 'SDGS', GETDATE());
INSERT INTO "MENUSELECTION_ENG"(MENU, SELECTION, PRESTEXT, PRESTEXTS, DESCRIPTION, SORTCODE, PRESENTATION, USERID, LOGDATE) VALUES ('17', 'T17_18', 'TARGET code 17.18 - By 2020, enhance capacity-building support to developing countries, including for least developed countries and small island developing States, to increase significantly the availability of high-quality, timely and reliable data disaggregated by income, gender, age, race, ethnicity, migratory status, disability, geographic location and other characteristics relevant in national contexts', '', '', '010', 'A', 'SDGS', GETDATE());
INSERT INTO "MENUSELECTION"(MENU, SELECTION, PRESTEXT, PRESTEXTS, DESCRIPTION, LEVELNO, SORTCODE, PRESENTATION, USERID, LOGDATE) VALUES ('T17_18', 'C171801', '17.18.1 نسبة مؤشرات التنمية المستدامة الموضوعة على الصعيد الوطني مع التصنيف الكامل لها عندما تكون متعلقة بالغاية المستهدفة، وفقا للمبادئ الأساسية للإحصاءات الرسمية', '', '', '3', '001', 'A', 'SDGS', GETDATE());
INSERT INTO "MENUSELECTION_ENG"(MENU, SELECTION, PRESTEXT, PRESTEXTS, DESCRIPTION, SORTCODE, PRESENTATION, USERID, LOGDATE) VALUES ('T17_18', 'C171801', '17.18.1 Proportion of sustainable development indicators produced at the national level with full disaggregation when relevant to the target, in accordance with the Fundamental Principles of Official Statistics', '', '', '001', 'A', 'SDGS', GETDATE());
INSERT INTO "MENUSELECTION"(MENU, SELECTION, PRESTEXT, PRESTEXTS, DESCRIPTION, LEVELNO, SORTCODE, PRESENTATION, USERID, LOGDATE) VALUES ('T17_18', 'C171802', '17.18.2 عدد البلدان التي لديها تشريعات إحصائية وطنية والتي تتقيد بالمبادئ الأساسية للإحصاءات الرسمية', '', '', '3', '002', 'A', 'SDGS', GETDATE());
INSERT INTO "MENUSELECTION_ENG"(MENU, SELECTION, PRESTEXT, PRESTEXTS, DESCRIPTION, SORTCODE, PRESENTATION, USERID, LOGDATE) VALUES ('T17_18', 'C171802', '17.18.2 Number of countries that have national statistical legislation that complies with the Fundamental Principles of Official Statistics', '', '', '002', 'A', 'SDGS', GETDATE());
INSERT INTO "MENUSELECTION"(MENU, SELECTION, PRESTEXT, PRESTEXTS, DESCRIPTION, LEVELNO, SORTCODE, PRESENTATION, USERID, LOGDATE) VALUES ('C171802', 'S1718C17180201', 'C171802_01 - ??????? ???? ????? ??????? ??????? ????? ????? ????? ???????? ???????? ????????? ??????? (1= ??? 0= ??)', '', '', '4', '001', 'A', 'SDGS', GETDATE());
INSERT INTO "MENUSELECTION_ENG"(MENU, SELECTION, PRESTEXT, PRESTEXTS, DESCRIPTION, SORTCODE, PRESENTATION, USERID, LOGDATE) VALUES ('C171802', 'S1718C17180201', 'C171802_01 - the countries that have national statistical legislation that complies with the Fundamental Principles of Official Statistics (1 = YES; 0 = NO)', '', '', '001', 'A', 'SDGS', GETDATE());
INSERT INTO "MENUSELECTION"(MENU, SELECTION, PRESTEXT, PRESTEXTS, DESCRIPTION, LEVELNO, SORTCODE, PRESENTATION, USERID, LOGDATE) VALUES ('T17_18', 'C171803', '17.18.3 عدد البلدان التي لديها خطة إحصائية وطنية ممولة بالكامل وقيد التنفيذ، بحسب مصدر التمويل', '', '', '3', '003', 'A', 'SDGS', GETDATE());
INSERT INTO "MENUSELECTION_ENG"(MENU, SELECTION, PRESTEXT, PRESTEXTS, DESCRIPTION, SORTCODE, PRESENTATION, USERID, LOGDATE) VALUES ('T17_18', 'C171803', '17.18.3 Number of countries with a national statistical plan that is fully funded and under implementation, by source of funding', '', '', '003', 'A', 'SDGS', GETDATE());
INSERT INTO "MENUSELECTION"(MENU, SELECTION, PRESTEXT, PRESTEXTS, DESCRIPTION, LEVELNO, SORTCODE, PRESENTATION, USERID, LOGDATE) VALUES ('C171803', 'S1718C17180301', 'C171803_01 - ??????? ???? ????? ??? ??????? ????? ????? ??????? ???? ??????? (1= ??? 0= ??)', '', '', '4', '001', 'A', 'SDGS', GETDATE());
INSERT INTO "MENUSELECTION_ENG"(MENU, SELECTION, PRESTEXT, PRESTEXTS, DESCRIPTION, SORTCODE, PRESENTATION, USERID, LOGDATE) VALUES ('C171803', 'S1718C17180301', 'C171803_01 - Countries with national statistical plans with funding from Government (1 = YES; 0 = NO)', '', '', '001', 'A', 'SDGS', GETDATE());
INSERT INTO "MENUSELECTION"(MENU, SELECTION, PRESTEXT, PRESTEXTS, DESCRIPTION, LEVELNO, SORTCODE, PRESENTATION, USERID, LOGDATE) VALUES ('17', 'T17_19', 'TARGET code 17.19 - الاستفادة من المبادرات القائمة لوضع مقاييس للتقدم المحرز في تحقيق التنمية المستدامة تكمِّل الناتج المحلي الإجمالي، ودعم بناء القدرات الإحصائية في البلدان النامية، بحلول عام', '', '', '2', '011', 'A', 'SDGS', GETDATE());
INSERT INTO "MENUSELECTION_ENG"(MENU, SELECTION, PRESTEXT, PRESTEXTS, DESCRIPTION, SORTCODE, PRESENTATION, USERID, LOGDATE) VALUES ('17', 'T17_19', 'TARGET code 17.19 - By 2030, build on existing initiatives to develop measurements of progress on sustainable development that complement gross domestic product, and support statistical capacity-building in developing countries', '', '', '011', 'A', 'SDGS', GETDATE());
INSERT INTO "MENUSELECTION"(MENU, SELECTION, PRESTEXT, PRESTEXTS, DESCRIPTION, LEVELNO, SORTCODE, PRESENTATION, USERID, LOGDATE) VALUES ('T17_19', 'C171901', '17.19.1 القيمة الدولارية لجميع الموارد المتاحة لتعزيز القدرات الإحصائية في البلدان النامية', '', '', '3', '001', 'A', 'SDGS', GETDATE());
INSERT INTO "MENUSELECTION_ENG"(MENU, SELECTION, PRESTEXT, PRESTEXTS, DESCRIPTION, SORTCODE, PRESENTATION, USERID, LOGDATE) VALUES ('T17_19', 'C171901', '17.19.1 Dollar value of all resources made available to strengthen statistical capacity in developing countries', '', '', '001', 'A', 'SDGS', GETDATE());
INSERT INTO "MENUSELECTION"(MENU, SELECTION, PRESTEXT, PRESTEXTS, DESCRIPTION, LEVELNO, SORTCODE, PRESENTATION, USERID, LOGDATE) VALUES ('T17_19', 'C171902', '17.19.2 نسبة البلدان التي (أ) أجرت تقييما واحدا على الأقل لتعداد السكان والمساكن في السنوات العشر الماضية و (ب) حققت نسبة 100 في المائة في تسجيل المواليد ونسبة 80 في المائة في تسجيل الوفيات', '', '', '3', '002', 'A', 'SDGS', GETDATE());
INSERT INTO "MENUSELECTION_ENG"(MENU, SELECTION, PRESTEXT, PRESTEXTS, DESCRIPTION, SORTCODE, PRESENTATION, USERID, LOGDATE) VALUES ('T17_19', 'C171902', '17.19.2 Proportion of countries that (a) have conducted at least one population and housing census in the last 10 years; and (b) have achieved 100 per cent birth registration and 80 per cent death registration', '', '', '002', 'A', 'SDGS', GETDATE());
INSERT INTO "MENUSELECTION"(MENU, SELECTION, PRESTEXT, PRESTEXTS, DESCRIPTION, LEVELNO, SORTCODE, PRESENTATION, USERID, LOGDATE) VALUES ('C171902', 'S1719C17190201', 'C171902_01 - ???? ??????? ???? ???? ?????? ????? ??? ????? ?????? ?????? ???????? ?? ??????? ????? ??????? (1= ???  0=??)', '', '', '4', '001', 'A', 'SDGS', GETDATE());
INSERT INTO "MENUSELECTION_ENG"(MENU, SELECTION, PRESTEXT, PRESTEXTS, DESCRIPTION, SORTCODE, PRESENTATION, USERID, LOGDATE) VALUES ('C171902', 'S1719C17190201', 'C171902_01 - Proportion of countries that have conducted at least one population and housing census in the last 10 years  (1 = YES; 0 = NO)', '', '', '001', 'A', 'SDGS', GETDATE());
INSERT INTO "MENUSELECTION"(MENU, SELECTION, PRESTEXT, PRESTEXTS, DESCRIPTION, LEVELNO, SORTCODE, PRESENTATION, USERID, LOGDATE) VALUES ('C171902', 'S1719C17190202', 'C171902_02 - ???? ??????? ???? ???? ???? 90 ?? ?????? ?? ????? ???????? (1= ???  0=??)', '', '', '4', '002', 'A', 'SDGS', GETDATE());
INSERT INTO "MENUSELECTION_ENG"(MENU, SELECTION, PRESTEXT, PRESTEXTS, DESCRIPTION, SORTCODE, PRESENTATION, USERID, LOGDATE) VALUES ('C171902', 'S1719C17190202', 'C171902_02 - Proportion of countries with birth registration data that are at least 90 percent complete (1 = YES; 0 = NO)', '', '', '002', 'A', 'SDGS', GETDATE());
INSERT INTO "MENUSELECTION"(MENU, SELECTION, PRESTEXT, PRESTEXTS, DESCRIPTION, LEVELNO, SORTCODE, PRESENTATION, USERID, LOGDATE) VALUES ('C171902', 'S1719C17190203', 'C171902_03 - ???? ??????? ???? ???? ???? 75 ?? ?????? ?? ????? ??????? (1= ???  0=??)', '', '', '4', '003', 'A', 'SDGS', GETDATE());
INSERT INTO "MENUSELECTION_ENG"(MENU, SELECTION, PRESTEXT, PRESTEXTS, DESCRIPTION, SORTCODE, PRESENTATION, USERID, LOGDATE) VALUES ('C171902', 'S1719C17190203', 'C171902_03 - Proportion of countries with death registration data that are at least 75 percent (1 = YES; 0 = NO)', '', '', '003', 'A', 'SDGS', GETDATE());
INSERT INTO "MENUSELECTION"(MENU, SELECTION, PRESTEXT, PRESTEXTS, DESCRIPTION, LEVELNO, SORTCODE, PRESENTATION, USERID, LOGDATE) VALUES ('17', 'T17_2', 'TARGET code 17.2  - قيام البلدان المتقدمة النمو بتنفيذ التزاماتها في مجال المساعدة الإنمائية الرسمية تنفيذاً كاملاً، بما في ذلك التزام العديد من تلك البلدان ببلوغ هدف تخصيص نسبة 0.7 في المائة من دخلها القومي الإجمالي للمساعدة الإنمائية الرسمية المقدمة إلى البلدان النامية، وتخصيص نسبة تتراوح بين 0.15 و 0.20 في المائة من الدخل القومي الإجمالي للمساعدة الإنمائية الرسمية لأقل البلدان نمواً؛ ويشجَّع مقدمو المساعدة الإنمائية الرسمية على النظر في إمكانية رسم هدف يتمثل في تخصيص 0.20 في المائة على الأقل من الناتج القومي الإجمالي للمساعدة الإنمائية الرسمية لأقل البلدان نموا', '', '', '2', '012', 'A', 'SDGS', GETDATE());
INSERT INTO "MENUSELECTION_ENG"(MENU, SELECTION, PRESTEXT, PRESTEXTS, DESCRIPTION, SORTCODE, PRESENTATION, USERID, LOGDATE) VALUES ('17', 'T17_2', 'TARGET code 17.2  - Developed countries to implement fully their official development assistance commitments, including the commitment by many developed countries to achieve the target of 0.7 per cent of gross national income for official development assistance (ODA/GNI) to developing countries and 0.15 to 0.20 per cent of ODA/GNI to least developed countries; ODA providers are encouraged to consider setting a target to provide at least 0.20 per cent of ODA/GNI to least developed countries', '', '', '012', 'A', 'SDGS', GETDATE());
INSERT INTO "MENUSELECTION"(MENU, SELECTION, PRESTEXT, PRESTEXTS, DESCRIPTION, LEVELNO, SORTCODE, PRESENTATION, USERID, LOGDATE) VALUES ('T17_2', 'C170201', '17.2.1 صافي المساعدة الإنمائية الرسمية، وإجماليها، والمساعدة الإنمائية الرسمية المقدمة إلى أقل البلدان نمواً،كنسبة من الدخل الوطني الإجمالي للجهات المانحة في لجنةالمساعدة الإنمائية التابعة لمنظمة التعاون والتنمية في الميدانالاقتصادي', '', '', '3', '001', 'A', 'SDGS', GETDATE());
INSERT INTO "MENUSELECTION_ENG"(MENU, SELECTION, PRESTEXT, PRESTEXTS, DESCRIPTION, SORTCODE, PRESENTATION, USERID, LOGDATE) VALUES ('T17_2', 'C170201', '17.2.1 Net official development assistance, total and to least developed countries, as a proportion of the Organization for Economic Cooperation and Development (OECD) Development Assistance Committee donors'' gross national income (GNI)', '', '', '001', 'A', 'SDGS', GETDATE());
INSERT INTO "MENUSELECTION"(MENU, SELECTION, PRESTEXT, PRESTEXTS, DESCRIPTION, LEVELNO, SORTCODE, PRESENTATION, USERID, LOGDATE) VALUES ('17', 'T17_3', 'TARGET code 17.3  - حشد موارد مالية إضافية من مصادر متعددة من أجل البلدان النامية', '', '', '2', '013', 'A', 'SDGS', GETDATE());
INSERT INTO "MENUSELECTION_ENG"(MENU, SELECTION, PRESTEXT, PRESTEXTS, DESCRIPTION, SORTCODE, PRESENTATION, USERID, LOGDATE) VALUES ('17', 'T17_3', 'TARGET code 17.3  - Mobilize additional financial resources for developing countries from multiple sources', '', '', '013', 'A', 'SDGS', GETDATE());
INSERT INTO "MENUSELECTION"(MENU, SELECTION, PRESTEXT, PRESTEXTS, DESCRIPTION, LEVELNO, SORTCODE, PRESENTATION, USERID, LOGDATE) VALUES ('T17_3', 'C170301', '17.3.1 الاستثمارات المباشرة الأجنبية والمساعدة الإنمائية الرسمية والتعاون فيما بين بلدان الجنوب كنسبة من إجمالي الميزانية المحلية', '', '', '3', '001', 'A', 'SDGS', GETDATE());
INSERT INTO "MENUSELECTION_ENG"(MENU, SELECTION, PRESTEXT, PRESTEXTS, DESCRIPTION, SORTCODE, PRESENTATION, USERID, LOGDATE) VALUES ('T17_3', 'C170301', '17.3.1 Foreign direct investments (FDI), official development assistance and South-South Cooperation as a proportion of total domestic budget', '', '', '001', 'A', 'SDGS', GETDATE());
INSERT INTO "MENUSELECTION"(MENU, SELECTION, PRESTEXT, PRESTEXTS, DESCRIPTION, LEVELNO, SORTCODE, PRESENTATION, USERID, LOGDATE) VALUES ('C170301', 'S173C17030101', 'C170301_01 - ??????????? ???????? ???????? ????????? ????????? ??????? ???????? ???? ??? ????? ?????? ????? ?? ?????? ????????? ???????', '', '', '4', '001', 'A', 'SDGS', GETDATE());
INSERT INTO "MENUSELECTION_ENG"(MENU, SELECTION, PRESTEXT, PRESTEXTS, DESCRIPTION, SORTCODE, PRESENTATION, USERID, LOGDATE) VALUES ('C170301', 'S173C17030101', 'C170301_01 - Foreign direct investments (FDI), official development assistance and South-South Cooperation as a proportion of total domestic budget', '', '', '001', 'A', 'SDGS', GETDATE());
INSERT INTO "MENUSELECTION"(MENU, SELECTION, PRESTEXT, PRESTEXTS, DESCRIPTION, LEVELNO, SORTCODE, PRESENTATION, USERID, LOGDATE) VALUES ('T17_3', 'C170302', '17.3.2 حجم التحويلات المالية (بدولارات الولايات المتحدة) كنسبة من مجموع الناتج المحلي الإجمالي', '', '', '3', '002', 'A', 'SDGS', GETDATE());
INSERT INTO "MENUSELECTION_ENG"(MENU, SELECTION, PRESTEXT, PRESTEXTS, DESCRIPTION, SORTCODE, PRESENTATION, USERID, LOGDATE) VALUES ('T17_3', 'C170302', '17.3.2  Volume of remittances (in United States dollars) as a proportion of total GDP', '', '', '002', 'A', 'SDGS', GETDATE());
INSERT INTO "MENUSELECTION"(MENU, SELECTION, PRESTEXT, PRESTEXTS, DESCRIPTION, LEVELNO, SORTCODE, PRESENTATION, USERID, LOGDATE) VALUES ('C170302', 'S173C17030201', 'C170302_01 - ??? ????????? ??????? (???????? ???????? ???????) ????? ?? ????? ?????? ?????? ????????', '', '', '4', '001', 'A', 'SDGS', GETDATE());
INSERT INTO "MENUSELECTION_ENG"(MENU, SELECTION, PRESTEXT, PRESTEXTS, DESCRIPTION, SORTCODE, PRESENTATION, USERID, LOGDATE) VALUES ('C170302', 'S173C17030201', 'C170302_01 - Volume of remittances (in United States dollars) as a proportion of total GDP', '', '', '001', 'A', 'SDGS', GETDATE());
INSERT INTO "MENUSELECTION"(MENU, SELECTION, PRESTEXT, PRESTEXTS, DESCRIPTION, LEVELNO, SORTCODE, PRESENTATION, USERID, LOGDATE) VALUES ('17', 'T17_4', 'TARGET code 17.4  - مساعدة البلدان النامية في تحقيق القدرة على تحمل الديون على المدى الطويل من خلال تنسيق السياسات الرامية إلى تعزيز التمويل بديون وتخفيف أعباء الديون وإعادة هيكلتها، حسب الاقتضاء، ومعالجة مسألة الديون الخارجية للبلدان الفقيرة المثقلة بها لإخراجها من حالة المديونية الحرجة', '', '', '2', '014', 'A', 'SDGS', GETDATE());
INSERT INTO "MENUSELECTION_ENG"(MENU, SELECTION, PRESTEXT, PRESTEXTS, DESCRIPTION, SORTCODE, PRESENTATION, USERID, LOGDATE) VALUES ('17', 'T17_4', 'TARGET code 17.4  - Assist developing countries in attaining long-term debt sustainability through coordinated policies aimed at fostering debt financing, debt relief and debt restructuring, as appropriate, and address the external debt of highly indebted poor countries to reduce debt distress', '', '', '014', 'A', 'SDGS', GETDATE());
INSERT INTO "MENUSELECTION"(MENU, SELECTION, PRESTEXT, PRESTEXTS, DESCRIPTION, LEVELNO, SORTCODE, PRESENTATION, USERID, LOGDATE) VALUES ('T17_4', 'C170401', '17.4.1 تكاليف خدمة الدين كنسبة من صادرات السلع والخدمات', '', '', '3', '001', 'A', 'SDGS', GETDATE());
INSERT INTO "MENUSELECTION_ENG"(MENU, SELECTION, PRESTEXT, PRESTEXTS, DESCRIPTION, SORTCODE, PRESENTATION, USERID, LOGDATE) VALUES ('T17_4', 'C170401', '17.4.1 Debt service as a proportion of exports of goods and services', '', '', '001', 'A', 'SDGS', GETDATE());
INSERT INTO "MENUSELECTION"(MENU, SELECTION, PRESTEXT, PRESTEXTS, DESCRIPTION, LEVELNO, SORTCODE, PRESENTATION, USERID, LOGDATE) VALUES ('17', 'T17_5', 'TARGET code 17.5  - اعتماد نظم لتشجيع الاستثمار لأقل البلدان نمواً وتنفيذها', '', '', '2', '015', 'A', 'SDGS', GETDATE());
INSERT INTO "MENUSELECTION_ENG"(MENU, SELECTION, PRESTEXT, PRESTEXTS, DESCRIPTION, SORTCODE, PRESENTATION, USERID, LOGDATE) VALUES ('17', 'T17_5', 'TARGET code 17.5  - Adopt and implement investment promotion regimes for least developed countries', '', '', '015', 'A', 'SDGS', GETDATE());
INSERT INTO "MENUSELECTION"(MENU, SELECTION, PRESTEXT, PRESTEXTS, DESCRIPTION, LEVELNO, SORTCODE, PRESENTATION, USERID, LOGDATE) VALUES ('T17_5', 'C170501', '17.5.1 عدد البلدان التي تعتمد وتنفذ نظما لتشجيع الاستثمار لصالح أقل البلدان نمو', '', '', '3', '001', 'A', 'SDGS', GETDATE());
INSERT INTO "MENUSELECTION_ENG"(MENU, SELECTION, PRESTEXT, PRESTEXTS, DESCRIPTION, SORTCODE, PRESENTATION, USERID, LOGDATE) VALUES ('T17_5', 'C170501', '17.5.1 Number of countries that adopt and implement investment promotion regimes for least developed countries', '', '', '001', 'A', 'SDGS', GETDATE());
INSERT INTO "MENUSELECTION"(MENU, SELECTION, PRESTEXT, PRESTEXTS, DESCRIPTION, LEVELNO, SORTCODE, PRESENTATION, USERID, LOGDATE) VALUES ('17', 'T17_6', 'TARGET code 17.6  - تعزيز التعاون الإقليمي والدولي بين الشمال والجنوب وفيما بين بلدان الجنوب والتعاون الثلاثي فيما يتعلق بالعلوم والتكنولوجيا والابتكار والوصول إليها، وتعزيز تبادل المعارف وفق شروط متفق عليها، بوسائل تشمل تحسين التنسيق فيما بين الآليات القائمة، ولا سيما على مستوى الأمم المتحدة، ومن خلال آلية عالمية لتيسير التكنولوجيا', '', '', '2', '016', 'A', 'SDGS', GETDATE());
INSERT INTO "MENUSELECTION_ENG"(MENU, SELECTION, PRESTEXT, PRESTEXTS, DESCRIPTION, SORTCODE, PRESENTATION, USERID, LOGDATE) VALUES ('17', 'T17_6', 'TARGET code 17.6  - Enhance North-South, South-South and triangular regional and international cooperation on and access to science, technology and innovation and enhance knowledge sharing on mutually agreed terms, including through improved coordination among existing mechanisms, in particular at the United Nations level, and through a global technology facilitation mechanism', '', '', '016', 'A', 'SDGS', GETDATE());
INSERT INTO "MENUSELECTION"(MENU, SELECTION, PRESTEXT, PRESTEXTS, DESCRIPTION, LEVELNO, SORTCODE, PRESENTATION, USERID, LOGDATE) VALUES ('T17_6', 'C170602', '17.6.1  الاشتراكات في الإنترنت السلكي ذي النطاق العريض لكل 100 من السكان، بحسب السرعة', '', '', '3', '001', 'A', 'SDGS', GETDATE());
INSERT INTO "MENUSELECTION_ENG"(MENU, SELECTION, PRESTEXT, PRESTEXTS, DESCRIPTION, SORTCODE, PRESENTATION, USERID, LOGDATE) VALUES ('T17_6', 'C170602', '17.6.1 Fixed Internet broadband subscriptions per 100 inhabitants, by speed', '', '', '001', 'A', 'SDGS', GETDATE());
INSERT INTO "MENUSELECTION"(MENU, SELECTION, PRESTEXT, PRESTEXTS, DESCRIPTION, LEVELNO, SORTCODE, PRESENTATION, USERID, LOGDATE) VALUES ('C170602', 'S176C17060201', 'C170602_01 - (256 kbit/s to less than 2 Mbit/s) ??????????? ?? ???????? ?????? ?? ?????? ?????? ??? 100 ?? ??????? ???? ??????', '', '', '4', '001', 'A', 'SDGS', GETDATE());
INSERT INTO "MENUSELECTION_ENG"(MENU, SELECTION, PRESTEXT, PRESTEXTS, DESCRIPTION, SORTCODE, PRESENTATION, USERID, LOGDATE) VALUES ('C170602', 'S176C17060201', 'C170602_01 - Fixed Internet broadband subscriptions, by speed (256 kbit/s to less than 2 Mbit/s)', '', '', '001', 'A', 'SDGS', GETDATE());
INSERT INTO "MENUSELECTION"(MENU, SELECTION, PRESTEXT, PRESTEXTS, DESCRIPTION, LEVELNO, SORTCODE, PRESENTATION, USERID, LOGDATE) VALUES ('C170602', 'S176C17060202', 'C170602_02 - ?????????? ?? ???????? ?????? ?? ?????? ?????? ??? 100 ?? ??????? ???? ?????? (2 Mbit/s to less than 10 Mbit/s', '', '', '4', '002', 'A', 'SDGS', GETDATE());
INSERT INTO "MENUSELECTION_ENG"(MENU, SELECTION, PRESTEXT, PRESTEXTS, DESCRIPTION, SORTCODE, PRESENTATION, USERID, LOGDATE) VALUES ('C170602', 'S176C17060202', 'C170602_02 - Fixed Internet broadband subscriptions, by speed (2 Mbit/s to less than 10 Mbit/s)', '', '', '002', 'A', 'SDGS', GETDATE());
INSERT INTO "MENUSELECTION"(MENU, SELECTION, PRESTEXT, PRESTEXTS, DESCRIPTION, LEVELNO, SORTCODE, PRESENTATION, USERID, LOGDATE) VALUES ('C170602', 'S176C17060203', 'C170602_03 - ?????????? ?? ???????? ?????? ?? ?????? ?????? ??? 100 ?? ??????? ???? ??????', '', '', '4', '003', 'A', 'SDGS', GETDATE());
INSERT INTO "MENUSELECTION_ENG"(MENU, SELECTION, PRESTEXT, PRESTEXTS, DESCRIPTION, SORTCODE, PRESENTATION, USERID, LOGDATE) VALUES ('C170602', 'S176C17060203', 'C170602_03 - Fixed Internet broadband subscriptions, by speed (Equal to or above 10 Mbit/s)', '', '', '003', 'A', 'SDGS', GETDATE());
INSERT INTO "MENUSELECTION"(MENU, SELECTION, PRESTEXT, PRESTEXTS, DESCRIPTION, LEVELNO, SORTCODE, PRESENTATION, USERID, LOGDATE) VALUES ('17', 'T17_7', 'TARGET code 17.7  - تعزيز تطوير تكنولوجيات سليمة بيئياً ونقلها وتعميمها ونشرها إلى البلدان النامية بشروط مواتية، بما في ذلك الشروط التساهلية والتفضيلية، وذلك على النحو المتفق عليه', '', '', '2', '017', 'A', 'SDGS', GETDATE());
INSERT INTO "MENUSELECTION_ENG"(MENU, SELECTION, PRESTEXT, PRESTEXTS, DESCRIPTION, SORTCODE, PRESENTATION, USERID, LOGDATE) VALUES ('17', 'T17_7', 'TARGET code 17.7  - Promote the development, transfer, dissemination and diffusion of environmentally sound technologies to developing countries on favourable terms, including on concessional and preferential terms, as mutually agreed', '', '', '017', 'A', 'SDGS', GETDATE());
INSERT INTO "MENUSELECTION"(MENU, SELECTION, PRESTEXT, PRESTEXTS, DESCRIPTION, LEVELNO, SORTCODE, PRESENTATION, USERID, LOGDATE) VALUES ('T17_7', 'C170701', '17.7.1  مجموع مبلغ التمويل المعتمد للبلدان النامية من أجل تعزيز تطوير تكنولوجيات سليمة بيئياً ونقلها ونشرها وتعميمها في البلدان النامية', '', '', '3', '001', 'A', 'SDGS', GETDATE());
INSERT INTO "MENUSELECTION_ENG"(MENU, SELECTION, PRESTEXT, PRESTEXTS, DESCRIPTION, SORTCODE, PRESENTATION, USERID, LOGDATE) VALUES ('T17_7', 'C170701', '17.7.1 Total amount of approved funding for developing countries to promote the development, transfer, dissemination and diffusion of environmentally sound technologies', '', '', '001', 'A', 'SDGS', GETDATE());
INSERT INTO "MENUSELECTION"(MENU, SELECTION, PRESTEXT, PRESTEXTS, DESCRIPTION, LEVELNO, SORTCODE, PRESENTATION, USERID, LOGDATE) VALUES ('17', 'T17_8', 'TARGET code 17.8  - التفعيل الكامل لبنك التكنولوجيا وآلية بناء القدرات في مجالات العلم والتكنولوجيا والابتكار لصالح أقل البلدان نمواً بحلول عام 2017، وتعزيز استخدام التكنولوجيات التمكينية، ولا سيما تكنولوجيا المعلومات والاتصالات', '', '', '2', '018', 'A', 'SDGS', GETDATE());
INSERT INTO "MENUSELECTION_ENG"(MENU, SELECTION, PRESTEXT, PRESTEXTS, DESCRIPTION, SORTCODE, PRESENTATION, USERID, LOGDATE) VALUES ('17', 'T17_8', 'TARGET code 17.8  - Fully operationalize the technology bank and science, technology and innovation capacity-building mechanism for least developed countries by 2017 and enhance the use of enabling technology, in particular information and communications technology', '', '', '018', 'A', 'SDGS', GETDATE());
INSERT INTO "MENUSELECTION"(MENU, SELECTION, PRESTEXT, PRESTEXTS, DESCRIPTION, LEVELNO, SORTCODE, PRESENTATION, USERID, LOGDATE) VALUES ('T17_8', 'C170801', '17.8.1 نسبة الأفراد الذين يستخدمون الإنترنت', '', '', '3', '001', 'A', 'SDGS', GETDATE());
INSERT INTO "MENUSELECTION_ENG"(MENU, SELECTION, PRESTEXT, PRESTEXTS, DESCRIPTION, SORTCODE, PRESENTATION, USERID, LOGDATE) VALUES ('T17_8', 'C170801', '17.8.1 Proportion of individuals using the Internet', '', '', '001', 'A', 'SDGS', GETDATE());
INSERT INTO "MENUSELECTION"(MENU, SELECTION, PRESTEXT, PRESTEXTS, DESCRIPTION, LEVELNO, SORTCODE, PRESENTATION, USERID, LOGDATE) VALUES ('C170801', 'S178C17080101', 'C170801_01 - ???? ??????? ????? ???????? ???????? (10 ????? ?????)', '', '', '4', '001', 'A', 'SDGS', GETDATE());
INSERT INTO "MENUSELECTION_ENG"(MENU, SELECTION, PRESTEXT, PRESTEXTS, DESCRIPTION, SORTCODE, PRESENTATION, USERID, LOGDATE) VALUES ('C170801', 'S178C17080101', 'C170801_01 - Proportion of individuals using the Internet (10 years and above)', '', '', '001', 'A', 'SDGS', GETDATE());
INSERT INTO "MENUSELECTION"(MENU, SELECTION, PRESTEXT, PRESTEXTS, DESCRIPTION, LEVELNO, SORTCODE, PRESENTATION, USERID, LOGDATE) VALUES ('17', 'T17_9', 'TARGET code 17.9  - تعزيز الدعم الدولي لتنفيذ بناء القدرات في البلدان النامية تنفيذاً فعالاً ومحدد الأهداف من أجل دعم الخطط الوطنية الرامية إلى تنفيذ جميع أهداف التنمية المستدامة، بوسائل تشمل التعاون بين الشمال والجنوب وفيما بين بلدان الجنوب والتعاون الثلاثي', '', '', '2', '019', 'A', 'SDGS', GETDATE());
INSERT INTO "MENUSELECTION_ENG"(MENU, SELECTION, PRESTEXT, PRESTEXTS, DESCRIPTION, SORTCODE, PRESENTATION, USERID, LOGDATE) VALUES ('17', 'T17_9', 'TARGET code 17.9  - Enhance international support for implementing effective and targeted capacity-building in developing countries to support national plans to implement all the Sustainable Development Goals, including through North-South, South-South and triangular cooperation', '', '', '019', 'A', 'SDGS', GETDATE());
INSERT INTO "MENUSELECTION"(MENU, SELECTION, PRESTEXT, PRESTEXTS, DESCRIPTION, LEVELNO, SORTCODE, PRESENTATION, USERID, LOGDATE) VALUES ('T17_9', 'C170901', '17.9.1 القيمة الدولارية للمساعدة المالية والتقنية، بوسائل تشمل التعاون بين الشمال والجنوب وفيما بين بلدان الجنوب والتعاون الثلاثي، المرصودة للبلدان النامية', '', '', '3', '001', 'A', 'SDGS', GETDATE());
INSERT INTO "MENUSELECTION_ENG"(MENU, SELECTION, PRESTEXT, PRESTEXTS, DESCRIPTION, SORTCODE, PRESENTATION, USERID, LOGDATE) VALUES ('T17_9', 'C170901', '17.9.1 Dollar value of financial and technical assistance (including through North-South, South-South and triangular cooperation) committed to developing countries', '', '', '001', 'A', 'SDGS', GETDATE());
INSERT INTO "VARIABLE" (VARIABLE, PRESTEXT, VARIABLEINFO, FOOTNOTE, USERID, LOGDATE) VALUES ('TIME_PERIOD', 'TIME_PERIOD', 'N', 'N', 'SDGS', GETDATE());
INSERT INTO "VARIABLE_ENG" (VARIABLE, PRESTEXT, USERID, LOGDATE) VALUES ('TIME_PERIOD', 'TIME PERIOD', 'SDGS', GETDATE());
INSERT INTO "VARIABLE" (VARIABLE, PRESTEXT, VARIABLEINFO, FOOTNOTE, USERID, LOGDATE) VALUES ('REF_AREA', 'REF_AREA', 'N', 'N', 'SDGS', GETDATE());
INSERT INTO "VARIABLE_ENG" (VARIABLE, PRESTEXT, USERID, LOGDATE) VALUES ('REF_AREA', 'AREA', 'SDGS', GETDATE());
INSERT INTO "VALUEPOOL" (VALUEPOOL, PRESTEXT, DESCRIPTION, VALUETEXTEXISTS, VALUEPRES, METAID, USERID, LOGDATE) VALUES ('VPREF_AREA', 'Valuepool for variable REF_AREA', 'None', 'L', 'T', '0', 'SDGS', GETDATE());
INSERT INTO "VALUEPOOL_ENG" (VALUEPOOL, PRESTEXT, ValuePoolAlias, USERID, LOGDATE) VALUES ('VPREF_AREA', 'Valuepool for variable REF_AREA','', 'SDGS', GETDATE());
INSERT INTO "VALUE" (VALUEPOOL, VALUECODE, SORTCODE, VALUETEXTS, VALUETEXTL, FOOTNOTE, USERID, LOGDATE) VALUES ('VPREF_AREA', '1', '001', 'الضفة الغربية', 'الضفة الغربية', 'N', 'SDGS', GETDATE());
INSERT INTO "VALUE_ENG" (VALUEPOOL, VALUECODE, SORTCODE, VALUETEXTS, VALUETEXTL, USERID, LOGDATE) VALUES ('VPREF_AREA', '1', '001', 'West Bank', 'West Bank', 'SDGS', GETDATE());
INSERT INTO "VALUE" (VALUEPOOL, VALUECODE, SORTCODE, VALUETEXTS, VALUETEXTL, FOOTNOTE, USERID, LOGDATE) VALUES ('VPREF_AREA', '2', '002', 'قطاع غزة', 'قطاع غزة', 'N', 'SDGS', GETDATE());
INSERT INTO "VALUE_ENG" (VALUEPOOL, VALUECODE, SORTCODE, VALUETEXTS, VALUETEXTL, USERID, LOGDATE) VALUES ('VPREF_AREA', '2', '002', 'Gaza Strip', 'Gaza Strip', 'SDGS', GETDATE());
INSERT INTO "VALUE" (VALUEPOOL, VALUECODE, SORTCODE, VALUETEXTS, VALUETEXTL, FOOTNOTE, USERID, LOGDATE) VALUES ('VPREF_AREA', '3', '003', 'فلسطين', 'فلسطين', 'N', 'SDGS', GETDATE());
INSERT INTO "VALUE_ENG" (VALUEPOOL, VALUECODE, SORTCODE, VALUETEXTS, VALUETEXTL, USERID, LOGDATE) VALUES ('VPREF_AREA', '3', '003', 'Palestine', 'Palestine', 'SDGS', GETDATE());
INSERT INTO "VALUE" (VALUEPOOL, VALUECODE, SORTCODE, VALUETEXTS, VALUETEXTL, FOOTNOTE, USERID, LOGDATE) VALUES ('VPREF_AREA', '1101', '004', 'جنين', 'جنين', 'N', 'SDGS', GETDATE());
INSERT INTO "VALUE_ENG" (VALUEPOOL, VALUECODE, SORTCODE, VALUETEXTS, VALUETEXTL, USERID, LOGDATE) VALUES ('VPREF_AREA', '1101', '004', 'Jenin', 'Jenin', 'SDGS', GETDATE());
INSERT INTO "VALUE" (VALUEPOOL, VALUECODE, SORTCODE, VALUETEXTS, VALUETEXTL, FOOTNOTE, USERID, LOGDATE) VALUES ('VPREF_AREA', '1105', '005', 'طوباس والاغوار الشمالية', 'طوباس والاغوار الشمالية', 'N', 'SDGS', GETDATE());
INSERT INTO "VALUE_ENG" (VALUEPOOL, VALUECODE, SORTCODE, VALUETEXTS, VALUETEXTL, USERID, LOGDATE) VALUES ('VPREF_AREA', '1105', '005', 'Tubas & Northern Valleys', 'Tubas & Northern Valleys', 'SDGS', GETDATE());
INSERT INTO "VALUE" (VALUEPOOL, VALUECODE, SORTCODE, VALUETEXTS, VALUETEXTL, FOOTNOTE, USERID, LOGDATE) VALUES ('VPREF_AREA', '1110', '006', 'طولكرم', 'طولكرم', 'N', 'SDGS', GETDATE());
INSERT INTO "VALUE_ENG" (VALUEPOOL, VALUECODE, SORTCODE, VALUETEXTS, VALUETEXTL, USERID, LOGDATE) VALUES ('VPREF_AREA', '1110', '006', 'Tulkarm', 'Tulkarm', 'SDGS', GETDATE());
INSERT INTO "VALUE" (VALUEPOOL, VALUECODE, SORTCODE, VALUETEXTS, VALUETEXTL, FOOTNOTE, USERID, LOGDATE) VALUES ('VPREF_AREA', '1115', '007', 'نابلس', 'نابلس', 'N', 'SDGS', GETDATE());
INSERT INTO "VALUE_ENG" (VALUEPOOL, VALUECODE, SORTCODE, VALUETEXTS, VALUETEXTL, USERID, LOGDATE) VALUES ('VPREF_AREA', '1115', '007', 'Nablus', 'Nablus', 'SDGS', GETDATE());
INSERT INTO "VALUE" (VALUEPOOL, VALUECODE, SORTCODE, VALUETEXTS, VALUETEXTL, FOOTNOTE, USERID, LOGDATE) VALUES ('VPREF_AREA', '1120', '008', 'قلقيلية', 'قلقيلية', 'N', 'SDGS', GETDATE());
INSERT INTO "VALUE_ENG" (VALUEPOOL, VALUECODE, SORTCODE, VALUETEXTS, VALUETEXTL, USERID, LOGDATE) VALUES ('VPREF_AREA', '1120', '008', 'Qalqiliya', 'Qalqiliya', 'SDGS', GETDATE());
INSERT INTO "VALUE" (VALUEPOOL, VALUECODE, SORTCODE, VALUETEXTS, VALUETEXTL, FOOTNOTE, USERID, LOGDATE) VALUES ('VPREF_AREA', '1125', '009', 'سلفيت', 'سلفيت', 'N', 'SDGS', GETDATE());
INSERT INTO "VALUE_ENG" (VALUEPOOL, VALUECODE, SORTCODE, VALUETEXTS, VALUETEXTL, USERID, LOGDATE) VALUES ('VPREF_AREA', '1125', '009', 'Salfit', 'Salfit', 'SDGS', GETDATE());
INSERT INTO "VALUE" (VALUEPOOL, VALUECODE, SORTCODE, VALUETEXTS, VALUETEXTL, FOOTNOTE, USERID, LOGDATE) VALUES ('VPREF_AREA', '1230', '010', 'رام الله والبيرة', 'رام الله والبيرة', 'N', 'SDGS', GETDATE());
INSERT INTO "VALUE_ENG" (VALUEPOOL, VALUECODE, SORTCODE, VALUETEXTS, VALUETEXTL, USERID, LOGDATE) VALUES ('VPREF_AREA', '1230', '010', 'Ramallah & Al-Bireh', 'Ramallah & Al-Bireh', 'SDGS', GETDATE());
INSERT INTO "VALUE" (VALUEPOOL, VALUECODE, SORTCODE, VALUETEXTS, VALUETEXTL, FOOTNOTE, USERID, LOGDATE) VALUES ('VPREF_AREA', '1235', '011', 'أريحا والاغوار', 'أريحا والاغوار', 'N', 'SDGS', GETDATE());
INSERT INTO "VALUE_ENG" (VALUEPOOL, VALUECODE, SORTCODE, VALUETEXTS, VALUETEXTL, USERID, LOGDATE) VALUES ('VPREF_AREA', '1235', '011', 'Jericho & AL Aghwar', 'Jericho & AL Aghwar', 'SDGS', GETDATE());
INSERT INTO "VALUE" (VALUEPOOL, VALUECODE, SORTCODE, VALUETEXTS, VALUETEXTL, FOOTNOTE, USERID, LOGDATE) VALUES ('VPREF_AREA', '1240', '012', 'القدس', 'القدس', 'N', 'SDGS', GETDATE());
INSERT INTO "VALUE_ENG" (VALUEPOOL, VALUECODE, SORTCODE, VALUETEXTS, VALUETEXTL, USERID, LOGDATE) VALUES ('VPREF_AREA', '1240', '012', 'Jerusalem', 'Jerusalem', 'SDGS', GETDATE());
INSERT INTO "VALUE" (VALUEPOOL, VALUECODE, SORTCODE, VALUETEXTS, VALUETEXTL, FOOTNOTE, USERID, LOGDATE) VALUES ('VPREF_AREA', '1345', '013', 'بيت لحم', 'بيت لحم', 'N', 'SDGS', GETDATE());
INSERT INTO "VALUE_ENG" (VALUEPOOL, VALUECODE, SORTCODE, VALUETEXTS, VALUETEXTL, USERID, LOGDATE) VALUES ('VPREF_AREA', '1345', '013', 'Bethlehem', 'Bethlehem', 'SDGS', GETDATE());
INSERT INTO "VALUE" (VALUEPOOL, VALUECODE, SORTCODE, VALUETEXTS, VALUETEXTL, FOOTNOTE, USERID, LOGDATE) VALUES ('VPREF_AREA', '1350', '014', 'الخليل', 'الخليل', 'N', 'SDGS', GETDATE());
INSERT INTO "VALUE_ENG" (VALUEPOOL, VALUECODE, SORTCODE, VALUETEXTS, VALUETEXTL, USERID, LOGDATE) VALUES ('VPREF_AREA', '1350', '014', 'Hebron', 'Hebron', 'SDGS', GETDATE());
INSERT INTO "VALUE" (VALUEPOOL, VALUECODE, SORTCODE, VALUETEXTS, VALUETEXTL, FOOTNOTE, USERID, LOGDATE) VALUES ('VPREF_AREA', '2455', '015', 'شمال غزة', 'شمال غزة', 'N', 'SDGS', GETDATE());
INSERT INTO "VALUE_ENG" (VALUEPOOL, VALUECODE, SORTCODE, VALUETEXTS, VALUETEXTL, USERID, LOGDATE) VALUES ('VPREF_AREA', '2455', '015', 'North Gaza', 'North Gaza', 'SDGS', GETDATE());
INSERT INTO "VALUE" (VALUEPOOL, VALUECODE, SORTCODE, VALUETEXTS, VALUETEXTL, FOOTNOTE, USERID, LOGDATE) VALUES ('VPREF_AREA', '2460', '016', 'غزة', 'غزة', 'N', 'SDGS', GETDATE());
INSERT INTO "VALUE_ENG" (VALUEPOOL, VALUECODE, SORTCODE, VALUETEXTS, VALUETEXTL, USERID, LOGDATE) VALUES ('VPREF_AREA', '2460', '016', 'Gaza', 'Gaza', 'SDGS', GETDATE());
INSERT INTO "VALUE" (VALUEPOOL, VALUECODE, SORTCODE, VALUETEXTS, VALUETEXTL, FOOTNOTE, USERID, LOGDATE) VALUES ('VPREF_AREA', '2465', '017', 'دير البح', 'دير البح', 'N', 'SDGS', GETDATE());
INSERT INTO "VALUE_ENG" (VALUEPOOL, VALUECODE, SORTCODE, VALUETEXTS, VALUETEXTL, USERID, LOGDATE) VALUES ('VPREF_AREA', '2465', '017', 'Dier Al-Balah', 'Dier Al-Balah', 'SDGS', GETDATE());
INSERT INTO "VALUE" (VALUEPOOL, VALUECODE, SORTCODE, VALUETEXTS, VALUETEXTL, FOOTNOTE, USERID, LOGDATE) VALUES ('VPREF_AREA', '2470', '018', 'خانيونس', 'خانيونس', 'N', 'SDGS', GETDATE());
INSERT INTO "VALUE_ENG" (VALUEPOOL, VALUECODE, SORTCODE, VALUETEXTS, VALUETEXTL, USERID, LOGDATE) VALUES ('VPREF_AREA', '2470', '018', 'Khan Yunis', 'Khan Yunis', 'SDGS', GETDATE());
INSERT INTO "VALUE" (VALUEPOOL, VALUECODE, SORTCODE, VALUETEXTS, VALUETEXTL, FOOTNOTE, USERID, LOGDATE) VALUES ('VPREF_AREA', '2475', '019', 'رفح', 'رفح', 'N', 'SDGS', GETDATE());
INSERT INTO "VALUE_ENG" (VALUEPOOL, VALUECODE, SORTCODE, VALUETEXTS, VALUETEXTL, USERID, LOGDATE) VALUES ('VPREF_AREA', '2475', '019', 'Rafah', 'Rafah', 'SDGS', GETDATE());
INSERT INTO "VARIABLE" (VARIABLE, PRESTEXT, VARIABLEINFO, FOOTNOTE, USERID, LOGDATE) VALUES ('SEX', 'SEX', 'N', 'N', 'SDGS', GETDATE());
INSERT INTO "VARIABLE_ENG" (VARIABLE, PRESTEXT, USERID, LOGDATE) VALUES ('SEX', 'SEX', 'SDGS', GETDATE());
INSERT INTO "VALUEPOOL" (VALUEPOOL, PRESTEXT, DESCRIPTION, VALUETEXTEXISTS, VALUEPRES, METAID, USERID, LOGDATE) VALUES ('VPSEX', 'Valuepool for variable SEX', 'None', 'L', 'T', '0', 'SDGS', GETDATE());
INSERT INTO "VALUEPOOL_ENG" (VALUEPOOL, PRESTEXT, ValuePoolAlias, USERID, LOGDATE) VALUES ('VPSEX', 'Valuepool for variable SEX','', 'SDGS', GETDATE());
INSERT INTO "VALUE" (VALUEPOOL, VALUECODE, SORTCODE, VALUETEXTS, VALUETEXTL, FOOTNOTE, USERID, LOGDATE) VALUES ('VPSEX', 'M', '001', 'ذكر', 'ذكر', 'N', 'SDGS', GETDATE());
INSERT INTO "VALUE_ENG" (VALUEPOOL, VALUECODE, SORTCODE, VALUETEXTS, VALUETEXTL, USERID, LOGDATE) VALUES ('VPSEX', 'M', '001', 'Male', 'Male', 'SDGS', GETDATE());
INSERT INTO "VALUE" (VALUEPOOL, VALUECODE, SORTCODE, VALUETEXTS, VALUETEXTL, FOOTNOTE, USERID, LOGDATE) VALUES ('VPSEX', 'F', '002', 'أنثى', 'أنثى', 'N', 'SDGS', GETDATE());
INSERT INTO "VALUE_ENG" (VALUEPOOL, VALUECODE, SORTCODE, VALUETEXTS, VALUETEXTL, USERID, LOGDATE) VALUES ('VPSEX', 'F', '002', 'Female', 'Female', 'SDGS', GETDATE());
INSERT INTO "VALUE" (VALUEPOOL, VALUECODE, SORTCODE, VALUETEXTS, VALUETEXTL, FOOTNOTE, USERID, LOGDATE) VALUES ('VPSEX', '_T', '003', 'كلا الجنسين', 'كلا الجنسين', 'N', 'SDGS', GETDATE());
INSERT INTO "VALUE_ENG" (VALUEPOOL, VALUECODE, SORTCODE, VALUETEXTS, VALUETEXTL, USERID, LOGDATE) VALUES ('VPSEX', '_T', '003', 'Both sexes or no breakdown by sex', 'Both sexes or no breakdown by sex', 'SDGS', GETDATE());
INSERT INTO "VARIABLE" (VARIABLE, PRESTEXT, VARIABLEINFO, FOOTNOTE, USERID, LOGDATE) VALUES ('AGE', 'AGE', 'N', 'N', 'SDGS', GETDATE());
INSERT INTO "VARIABLE_ENG" (VARIABLE, PRESTEXT, USERID, LOGDATE) VALUES ('AGE', 'AGE', 'SDGS', GETDATE());
INSERT INTO "VALUEPOOL" (VALUEPOOL, PRESTEXT, DESCRIPTION, VALUETEXTEXISTS, VALUEPRES, METAID, USERID, LOGDATE) VALUES ('VPAGE', 'Valuepool for variable AGE', 'None', 'L', 'T', '0', 'SDGS', GETDATE());
INSERT INTO "VALUEPOOL_ENG" (VALUEPOOL, PRESTEXT, ValuePoolAlias, USERID, LOGDATE) VALUES ('VPAGE', 'Valuepool for variable AGE','', 'SDGS', GETDATE());
INSERT INTO "VALUE" (VALUEPOOL, VALUECODE, SORTCODE, VALUETEXTS, VALUETEXTL, FOOTNOTE, USERID, LOGDATE) VALUES ('VPAGE', '_T', '001', 'All age ranges or no breakdown by age', 'All age ranges or no breakdown by age', 'N', 'SDGS', GETDATE());
INSERT INTO "VALUE_ENG" (VALUEPOOL, VALUECODE, SORTCODE, VALUETEXTS, VALUETEXTL, USERID, LOGDATE) VALUES ('VPAGE', '_T', '001', 'All age ranges or no breakdown by age', 'All age ranges or no breakdown by age', 'SDGS', GETDATE());
INSERT INTO "VALUE" (VALUEPOOL, VALUECODE, SORTCODE, VALUETEXTS, VALUETEXTL, FOOTNOTE, USERID, LOGDATE) VALUES ('VPAGE', 'M0', '002', 'under 1 month old', 'under 1 month old', 'N', 'SDGS', GETDATE());
INSERT INTO "VALUE_ENG" (VALUEPOOL, VALUECODE, SORTCODE, VALUETEXTS, VALUETEXTL, USERID, LOGDATE) VALUES ('VPAGE', 'M0', '002', 'under 1 month old', 'under 1 month old', 'SDGS', GETDATE());
INSERT INTO "VALUE" (VALUEPOOL, VALUECODE, SORTCODE, VALUETEXTS, VALUETEXTL, FOOTNOTE, USERID, LOGDATE) VALUES ('VPAGE', 'M36T59', '003', '36 to 59 months old', '36 to 59 months old', 'N', 'SDGS', GETDATE());
INSERT INTO "VALUE_ENG" (VALUEPOOL, VALUECODE, SORTCODE, VALUETEXTS, VALUETEXTL, USERID, LOGDATE) VALUES ('VPAGE', 'M36T59', '003', '36 to 59 months old', '36 to 59 months old', 'SDGS', GETDATE());
INSERT INTO "VALUE" (VALUEPOOL, VALUECODE, SORTCODE, VALUETEXTS, VALUETEXTL, FOOTNOTE, USERID, LOGDATE) VALUES ('VPAGE', 'Y0', '004', 'under 1 year old', 'under 1 year old', 'N', 'SDGS', GETDATE());
INSERT INTO "VALUE_ENG" (VALUEPOOL, VALUECODE, SORTCODE, VALUETEXTS, VALUETEXTL, USERID, LOGDATE) VALUES ('VPAGE', 'Y0', '004', 'under 1 year old', 'under 1 year old', 'SDGS', GETDATE());
INSERT INTO "VALUE" (VALUEPOOL, VALUECODE, SORTCODE, VALUETEXTS, VALUETEXTL, FOOTNOTE, USERID, LOGDATE) VALUES ('VPAGE', 'Y0T4', '005', 'under 5 years old', 'under 5 years old', 'N', 'SDGS', GETDATE());
INSERT INTO "VALUE_ENG" (VALUEPOOL, VALUECODE, SORTCODE, VALUETEXTS, VALUETEXTL, USERID, LOGDATE) VALUES ('VPAGE', 'Y0T4', '005', 'under 5 years old', 'under 5 years old', 'SDGS', GETDATE());
INSERT INTO "VALUE" (VALUEPOOL, VALUECODE, SORTCODE, VALUETEXTS, VALUETEXTL, FOOTNOTE, USERID, LOGDATE) VALUES ('VPAGE', 'Y0T14', '006', 'under 15 years old', 'under 15 years old', 'N', 'SDGS', GETDATE());
INSERT INTO "VALUE_ENG" (VALUEPOOL, VALUECODE, SORTCODE, VALUETEXTS, VALUETEXTL, USERID, LOGDATE) VALUES ('VPAGE', 'Y0T14', '006', 'under 15 years old', 'under 15 years old', 'SDGS', GETDATE());
INSERT INTO "VALUE" (VALUEPOOL, VALUECODE, SORTCODE, VALUETEXTS, VALUETEXTL, FOOTNOTE, USERID, LOGDATE) VALUES ('VPAGE', 'Y0T17', '007', 'under 18 years old', 'under 18 years old', 'N', 'SDGS', GETDATE());
INSERT INTO "VALUE_ENG" (VALUEPOOL, VALUECODE, SORTCODE, VALUETEXTS, VALUETEXTL, USERID, LOGDATE) VALUES ('VPAGE', 'Y0T17', '007', 'under 18 years old', 'under 18 years old', 'SDGS', GETDATE());
INSERT INTO "VALUE" (VALUEPOOL, VALUECODE, SORTCODE, VALUETEXTS, VALUETEXTL, FOOTNOTE, USERID, LOGDATE) VALUES ('VPAGE', 'Y1T14', '008', '1 to 14 years old', '1 to 14 years old', 'N', 'SDGS', GETDATE());
INSERT INTO "VALUE_ENG" (VALUEPOOL, VALUECODE, SORTCODE, VALUETEXTS, VALUETEXTL, USERID, LOGDATE) VALUES ('VPAGE', 'Y1T14', '008', '1 to 14 years old', '1 to 14 years old', 'SDGS', GETDATE());
INSERT INTO "VALUE" (VALUEPOOL, VALUECODE, SORTCODE, VALUETEXTS, VALUETEXTL, FOOTNOTE, USERID, LOGDATE) VALUES ('VPAGE', 'Y1T17', '009', '1 to 17 years old', '1 to 17 years old', 'N', 'SDGS', GETDATE());
INSERT INTO "VALUE_ENG" (VALUEPOOL, VALUECODE, SORTCODE, VALUETEXTS, VALUETEXTL, USERID, LOGDATE) VALUES ('VPAGE', 'Y1T17', '009', '1 to 17 years old', '1 to 17 years old', 'SDGS', GETDATE());
INSERT INTO "VALUE" (VALUEPOOL, VALUECODE, SORTCODE, VALUETEXTS, VALUETEXTL, FOOTNOTE, USERID, LOGDATE) VALUES ('VPAGE', 'Y5T14', '010', '5 to 14 years old', '5 to 14 years old', 'N', 'SDGS', GETDATE());
INSERT INTO "VALUE_ENG" (VALUEPOOL, VALUECODE, SORTCODE, VALUETEXTS, VALUETEXTL, USERID, LOGDATE) VALUES ('VPAGE', 'Y5T14', '010', '5 to 14 years old', '5 to 14 years old', 'SDGS', GETDATE());
INSERT INTO "VALUE" (VALUEPOOL, VALUECODE, SORTCODE, VALUETEXTS, VALUETEXTL, FOOTNOTE, USERID, LOGDATE) VALUES ('VPAGE', 'Y5T17', '011', '5 to 17 years old', '5 to 17 years old', 'N', 'SDGS', GETDATE());
INSERT INTO "VALUE_ENG" (VALUEPOOL, VALUECODE, SORTCODE, VALUETEXTS, VALUETEXTL, USERID, LOGDATE) VALUES ('VPAGE', 'Y5T17', '011', '5 to 17 years old', '5 to 17 years old', 'SDGS', GETDATE());
INSERT INTO "VALUE" (VALUEPOOL, VALUECODE, SORTCODE, VALUETEXTS, VALUETEXTL, FOOTNOTE, USERID, LOGDATE) VALUES ('VPAGE', 'Y_GE5', '012', '5 years old and over', '5 years old and over', 'N', 'SDGS', GETDATE());
INSERT INTO "VALUE_ENG" (VALUEPOOL, VALUECODE, SORTCODE, VALUETEXTS, VALUETEXTL, USERID, LOGDATE) VALUES ('VPAGE', 'Y_GE5', '012', '5 years old and over', '5 years old and over', 'SDGS', GETDATE());
INSERT INTO "VALUE" (VALUEPOOL, VALUECODE, SORTCODE, VALUETEXTS, VALUETEXTL, FOOTNOTE, USERID, LOGDATE) VALUES ('VPAGE', 'Y6T14', '013', '6 to 14 years old', '6 to 14 years old', 'N', 'SDGS', GETDATE());
INSERT INTO "VALUE_ENG" (VALUEPOOL, VALUECODE, SORTCODE, VALUETEXTS, VALUETEXTL, USERID, LOGDATE) VALUES ('VPAGE', 'Y6T14', '013', '6 to 14 years old', '6 to 14 years old', 'SDGS', GETDATE());
INSERT INTO "VALUE" (VALUEPOOL, VALUECODE, SORTCODE, VALUETEXTS, VALUETEXTL, FOOTNOTE, USERID, LOGDATE) VALUES ('VPAGE', 'Y6T17', '014', '6 to 17 years old', '6 to 17 years old', 'N', 'SDGS', GETDATE());
INSERT INTO "VALUE_ENG" (VALUEPOOL, VALUECODE, SORTCODE, VALUETEXTS, VALUETEXTL, USERID, LOGDATE) VALUES ('VPAGE', 'Y6T17', '014', '6 to 17 years old', '6 to 17 years old', 'SDGS', GETDATE());
INSERT INTO "VALUE" (VALUEPOOL, VALUECODE, SORTCODE, VALUETEXTS, VALUETEXTL, FOOTNOTE, USERID, LOGDATE) VALUES ('VPAGE', 'Y_GE6', '015', '6 years old and over', '6 years old and over', 'N', 'SDGS', GETDATE());
INSERT INTO "VALUE_ENG" (VALUEPOOL, VALUECODE, SORTCODE, VALUETEXTS, VALUETEXTL, USERID, LOGDATE) VALUES ('VPAGE', 'Y_GE6', '015', '6 years old and over', '6 years old and over', 'SDGS', GETDATE());
INSERT INTO "VALUE" (VALUEPOOL, VALUECODE, SORTCODE, VALUETEXTS, VALUETEXTL, FOOTNOTE, USERID, LOGDATE) VALUES ('VPAGE', 'Y7T14', '016', '7 to 14 years old', '7 to 14 years old', 'N', 'SDGS', GETDATE());
INSERT INTO "VALUE_ENG" (VALUEPOOL, VALUECODE, SORTCODE, VALUETEXTS, VALUETEXTL, USERID, LOGDATE) VALUES ('VPAGE', 'Y7T14', '016', '7 to 14 years old', '7 to 14 years old', 'SDGS', GETDATE());
INSERT INTO "VALUE" (VALUEPOOL, VALUECODE, SORTCODE, VALUETEXTS, VALUETEXTL, FOOTNOTE, USERID, LOGDATE) VALUES ('VPAGE', 'Y7T17', '017', '7 to 17 years old', '7 to 17 years old', 'N', 'SDGS', GETDATE());
INSERT INTO "VALUE_ENG" (VALUEPOOL, VALUECODE, SORTCODE, VALUETEXTS, VALUETEXTL, USERID, LOGDATE) VALUES ('VPAGE', 'Y7T17', '017', '7 to 17 years old', '7 to 17 years old', 'SDGS', GETDATE());
INSERT INTO "VALUE" (VALUEPOOL, VALUECODE, SORTCODE, VALUETEXTS, VALUETEXTL, FOOTNOTE, USERID, LOGDATE) VALUES ('VPAGE', 'Y_GE7', '018', '7 years old and over', '7 years old and over', 'N', 'SDGS', GETDATE());
INSERT INTO "VALUE_ENG" (VALUEPOOL, VALUECODE, SORTCODE, VALUETEXTS, VALUETEXTL, USERID, LOGDATE) VALUES ('VPAGE', 'Y_GE7', '018', '7 years old and over', '7 years old and over', 'SDGS', GETDATE());
INSERT INTO "VALUE" (VALUEPOOL, VALUECODE, SORTCODE, VALUETEXTS, VALUETEXTL, FOOTNOTE, USERID, LOGDATE) VALUES ('VPAGE', 'Y10T14', '019', '10 to 14 years old', '10 to 14 years old', 'N', 'SDGS', GETDATE());
INSERT INTO "VALUE_ENG" (VALUEPOOL, VALUECODE, SORTCODE, VALUETEXTS, VALUETEXTL, USERID, LOGDATE) VALUES ('VPAGE', 'Y10T14', '019', '10 to 14 years old', '10 to 14 years old', 'SDGS', GETDATE());
INSERT INTO "VALUE" (VALUEPOOL, VALUECODE, SORTCODE, VALUETEXTS, VALUETEXTL, FOOTNOTE, USERID, LOGDATE) VALUES ('VPAGE', 'Y10T17', '020', '10 to 17 years old', '10 to 17 years old', 'N', 'SDGS', GETDATE());
INSERT INTO "VALUE_ENG" (VALUEPOOL, VALUECODE, SORTCODE, VALUETEXTS, VALUETEXTL, USERID, LOGDATE) VALUES ('VPAGE', 'Y10T17', '020', '10 to 17 years old', '10 to 17 years old', 'SDGS', GETDATE());
INSERT INTO "VALUE" (VALUEPOOL, VALUECODE, SORTCODE, VALUETEXTS, VALUETEXTL, FOOTNOTE, USERID, LOGDATE) VALUES ('VPAGE', 'Y10T24', '021', '10 to 24 years old', '10 to 24 years old', 'N', 'SDGS', GETDATE());
INSERT INTO "VALUE_ENG" (VALUEPOOL, VALUECODE, SORTCODE, VALUETEXTS, VALUETEXTL, USERID, LOGDATE) VALUES ('VPAGE', 'Y10T24', '021', '10 to 24 years old', '10 to 24 years old', 'SDGS', GETDATE());
INSERT INTO "VALUE" (VALUEPOOL, VALUECODE, SORTCODE, VALUETEXTS, VALUETEXTL, FOOTNOTE, USERID, LOGDATE) VALUES ('VPAGE', 'Y10T74', '022', '10 to 74 years old', '10 to 74 years old', 'N', 'SDGS', GETDATE());
INSERT INTO "VALUE_ENG" (VALUEPOOL, VALUECODE, SORTCODE, VALUETEXTS, VALUETEXTL, USERID, LOGDATE) VALUES ('VPAGE', 'Y10T74', '022', '10 to 74 years old', '10 to 74 years old', 'SDGS', GETDATE());
INSERT INTO "VALUE" (VALUEPOOL, VALUECODE, SORTCODE, VALUETEXTS, VALUETEXTL, FOOTNOTE, USERID, LOGDATE) VALUES ('VPAGE', 'Y_GE10', '023', '10 years old and over', '10 years old and over', 'N', 'SDGS', GETDATE());
INSERT INTO "VALUE_ENG" (VALUEPOOL, VALUECODE, SORTCODE, VALUETEXTS, VALUETEXTL, USERID, LOGDATE) VALUES ('VPAGE', 'Y_GE10', '023', '10 years old and over', '10 years old and over', 'SDGS', GETDATE());
INSERT INTO "VALUE" (VALUEPOOL, VALUECODE, SORTCODE, VALUETEXTS, VALUETEXTL, FOOTNOTE, USERID, LOGDATE) VALUES ('VPAGE', 'Y12T14', '024', '12 to 14 years old', '12 to 14 years old', 'N', 'SDGS', GETDATE());
INSERT INTO "VALUE_ENG" (VALUEPOOL, VALUECODE, SORTCODE, VALUETEXTS, VALUETEXTL, USERID, LOGDATE) VALUES ('VPAGE', 'Y12T14', '024', '12 to 14 years old', '12 to 14 years old', 'SDGS', GETDATE());
INSERT INTO "VALUE" (VALUEPOOL, VALUECODE, SORTCODE, VALUETEXTS, VALUETEXTL, FOOTNOTE, USERID, LOGDATE) VALUES ('VPAGE', 'Y12T17', '025', '12 to 17 years old', '12 to 17 years old', 'N', 'SDGS', GETDATE());
INSERT INTO "VALUE_ENG" (VALUEPOOL, VALUECODE, SORTCODE, VALUETEXTS, VALUETEXTL, USERID, LOGDATE) VALUES ('VPAGE', 'Y12T17', '025', '12 to 17 years old', '12 to 17 years old', 'SDGS', GETDATE());
INSERT INTO "VALUE" (VALUEPOOL, VALUECODE, SORTCODE, VALUETEXTS, VALUETEXTL, FOOTNOTE, USERID, LOGDATE) VALUES ('VPAGE', 'Y12T30', '026', '12 to 30 years old', '12 to 30 years old', 'N', 'SDGS', GETDATE());
INSERT INTO "VALUE_ENG" (VALUEPOOL, VALUECODE, SORTCODE, VALUETEXTS, VALUETEXTL, USERID, LOGDATE) VALUES ('VPAGE', 'Y12T30', '026', '12 to 30 years old', '12 to 30 years old', 'SDGS', GETDATE());
INSERT INTO "VALUE" (VALUEPOOL, VALUECODE, SORTCODE, VALUETEXTS, VALUETEXTL, FOOTNOTE, USERID, LOGDATE) VALUES ('VPAGE', 'Y_GE12', '027', '12 years old and over', '12 years old and over', 'N', 'SDGS', GETDATE());
INSERT INTO "VALUE_ENG" (VALUEPOOL, VALUECODE, SORTCODE, VALUETEXTS, VALUETEXTL, USERID, LOGDATE) VALUES ('VPAGE', 'Y_GE12', '027', '12 years old and over', '12 years old and over', 'SDGS', GETDATE());
INSERT INTO "VALUE" (VALUEPOOL, VALUECODE, SORTCODE, VALUETEXTS, VALUETEXTL, FOOTNOTE, USERID, LOGDATE) VALUES ('VPAGE', 'Y14T24', '028', '14 to 24 years old', '14 to 24 years old', 'N', 'SDGS', GETDATE());
INSERT INTO "VALUE_ENG" (VALUEPOOL, VALUECODE, SORTCODE, VALUETEXTS, VALUETEXTL, USERID, LOGDATE) VALUES ('VPAGE', 'Y14T24', '028', '14 to 24 years old', '14 to 24 years old', 'SDGS', GETDATE());
INSERT INTO "VALUE" (VALUEPOOL, VALUECODE, SORTCODE, VALUETEXTS, VALUETEXTL, FOOTNOTE, USERID, LOGDATE) VALUES ('VPAGE', 'Y14T28', '029', '14 to 28 years old', '14 to 28 years old', 'N', 'SDGS', GETDATE());
INSERT INTO "VALUE_ENG" (VALUEPOOL, VALUECODE, SORTCODE, VALUETEXTS, VALUETEXTL, USERID, LOGDATE) VALUES ('VPAGE', 'Y14T28', '029', '14 to 28 years old', '14 to 28 years old', 'SDGS', GETDATE());
INSERT INTO "VALUE" (VALUEPOOL, VALUECODE, SORTCODE, VALUETEXTS, VALUETEXTL, FOOTNOTE, USERID, LOGDATE) VALUES ('VPAGE', 'Y14T29', '030', '14 to 29 years old', '14 to 29 years old', 'N', 'SDGS', GETDATE());
INSERT INTO "VALUE_ENG" (VALUEPOOL, VALUECODE, SORTCODE, VALUETEXTS, VALUETEXTL, USERID, LOGDATE) VALUES ('VPAGE', 'Y14T29', '030', '14 to 29 years old', '14 to 29 years old', 'SDGS', GETDATE());
INSERT INTO "VALUE" (VALUEPOOL, VALUECODE, SORTCODE, VALUETEXTS, VALUETEXTL, FOOTNOTE, USERID, LOGDATE) VALUES ('VPAGE', 'Y_GE14', '031', '14 years old and over', '14 years old and over', 'N', 'SDGS', GETDATE());
INSERT INTO "VALUE_ENG" (VALUEPOOL, VALUECODE, SORTCODE, VALUETEXTS, VALUETEXTL, USERID, LOGDATE) VALUES ('VPAGE', 'Y_GE14', '031', '14 years old and over', '14 years old and over', 'SDGS', GETDATE());
INSERT INTO "VALUE" (VALUEPOOL, VALUECODE, SORTCODE, VALUETEXTS, VALUETEXTL, FOOTNOTE, USERID, LOGDATE) VALUES ('VPAGE', 'Y15T17', '032', '15 to 17 years old', '15 to 17 years old', 'N', 'SDGS', GETDATE());
INSERT INTO "VALUE_ENG" (VALUEPOOL, VALUECODE, SORTCODE, VALUETEXTS, VALUETEXTL, USERID, LOGDATE) VALUES ('VPAGE', 'Y15T17', '032', '15 to 17 years old', '15 to 17 years old', 'SDGS', GETDATE());
INSERT INTO "VALUE" (VALUEPOOL, VALUECODE, SORTCODE, VALUETEXTS, VALUETEXTL, FOOTNOTE, USERID, LOGDATE) VALUES ('VPAGE', 'Y15T19', '033', '15 to 19 years old', '15 to 19 years old', 'N', 'SDGS', GETDATE());
INSERT INTO "VALUE_ENG" (VALUEPOOL, VALUECODE, SORTCODE, VALUETEXTS, VALUETEXTL, USERID, LOGDATE) VALUES ('VPAGE', 'Y15T19', '033', '15 to 19 years old', '15 to 19 years old', 'SDGS', GETDATE());
INSERT INTO "VALUE" (VALUEPOOL, VALUECODE, SORTCODE, VALUETEXTS, VALUETEXTL, FOOTNOTE, USERID, LOGDATE) VALUES ('VPAGE', 'Y15T24', '034', '15 to 24 years old', '15 to 24 years old', 'N', 'SDGS', GETDATE());
INSERT INTO "VALUE_ENG" (VALUEPOOL, VALUECODE, SORTCODE, VALUETEXTS, VALUETEXTL, USERID, LOGDATE) VALUES ('VPAGE', 'Y15T24', '034', '15 to 24 years old', '15 to 24 years old', 'SDGS', GETDATE());
INSERT INTO "VALUE" (VALUEPOOL, VALUECODE, SORTCODE, VALUETEXTS, VALUETEXTL, FOOTNOTE, USERID, LOGDATE) VALUES ('VPAGE', 'Y15T29', '035', '15 to 29 years old', '15 to 29 years old', 'N', 'SDGS', GETDATE());
INSERT INTO "VALUE_ENG" (VALUEPOOL, VALUECODE, SORTCODE, VALUETEXTS, VALUETEXTL, USERID, LOGDATE) VALUES ('VPAGE', 'Y15T29', '035', '15 to 29 years old', '15 to 29 years old', 'SDGS', GETDATE());
INSERT INTO "VALUE" (VALUEPOOL, VALUECODE, SORTCODE, VALUETEXTS, VALUETEXTL, FOOTNOTE, USERID, LOGDATE) VALUES ('VPAGE', 'Y15T44', '036', '15 to 44 years old', '15 to 44 years old', 'N', 'SDGS', GETDATE());
INSERT INTO "VALUE_ENG" (VALUEPOOL, VALUECODE, SORTCODE, VALUETEXTS, VALUETEXTL, USERID, LOGDATE) VALUES ('VPAGE', 'Y15T44', '036', '15 to 44 years old', '15 to 44 years old', 'SDGS', GETDATE());
INSERT INTO "VALUE" (VALUEPOOL, VALUECODE, SORTCODE, VALUETEXTS, VALUETEXTL, FOOTNOTE, USERID, LOGDATE) VALUES ('VPAGE', 'Y15T49', '037', '15 to 49 years old', '15 to 49 years old', 'N', 'SDGS', GETDATE());
INSERT INTO "VALUE_ENG" (VALUEPOOL, VALUECODE, SORTCODE, VALUETEXTS, VALUETEXTL, USERID, LOGDATE) VALUES ('VPAGE', 'Y15T49', '037', '15 to 49 years old', '15 to 49 years old', 'SDGS', GETDATE());
INSERT INTO "VALUE" (VALUEPOOL, VALUECODE, SORTCODE, VALUETEXTS, VALUETEXTL, FOOTNOTE, USERID, LOGDATE) VALUES ('VPAGE', 'Y15T60', '038', '15 to 60 years old', '15 to 60 years old', 'N', 'SDGS', GETDATE());
INSERT INTO "VALUE_ENG" (VALUEPOOL, VALUECODE, SORTCODE, VALUETEXTS, VALUETEXTL, USERID, LOGDATE) VALUES ('VPAGE', 'Y15T60', '038', '15 to 60 years old', '15 to 60 years old', 'SDGS', GETDATE());
INSERT INTO "VALUE" (VALUEPOOL, VALUECODE, SORTCODE, VALUETEXTS, VALUETEXTL, FOOTNOTE, USERID, LOGDATE) VALUES ('VPAGE', 'Y15T64', '039', '15 to 64 years old', '15 to 64 years old', 'N', 'SDGS', GETDATE());
INSERT INTO "VALUE_ENG" (VALUEPOOL, VALUECODE, SORTCODE, VALUETEXTS, VALUETEXTL, USERID, LOGDATE) VALUES ('VPAGE', 'Y15T64', '039', '15 to 64 years old', '15 to 64 years old', 'SDGS', GETDATE());
INSERT INTO "VALUE" (VALUEPOOL, VALUECODE, SORTCODE, VALUETEXTS, VALUETEXTL, FOOTNOTE, USERID, LOGDATE) VALUES ('VPAGE', 'Y15T65', '040', '15 to 65 years old', '15 to 65 years old', 'N', 'SDGS', GETDATE());
INSERT INTO "VALUE_ENG" (VALUEPOOL, VALUECODE, SORTCODE, VALUETEXTS, VALUETEXTL, USERID, LOGDATE) VALUES ('VPAGE', 'Y15T65', '040', '15 to 65 years old', '15 to 65 years old', 'SDGS', GETDATE());
INSERT INTO "VALUE" (VALUEPOOL, VALUECODE, SORTCODE, VALUETEXTS, VALUETEXTL, FOOTNOTE, USERID, LOGDATE) VALUES ('VPAGE', 'Y15T70', '041', '15 to 70 years old', '15 to 70 years old', 'N', 'SDGS', GETDATE());
INSERT INTO "VALUE_ENG" (VALUEPOOL, VALUECODE, SORTCODE, VALUETEXTS, VALUETEXTL, USERID, LOGDATE) VALUES ('VPAGE', 'Y15T70', '041', '15 to 70 years old', '15 to 70 years old', 'SDGS', GETDATE());
INSERT INTO "VALUE" (VALUEPOOL, VALUECODE, SORTCODE, VALUETEXTS, VALUETEXTL, FOOTNOTE, USERID, LOGDATE) VALUES ('VPAGE', 'Y15T72', '042', '15 to 72 years old', '15 to 72 years old', 'N', 'SDGS', GETDATE());
INSERT INTO "VALUE_ENG" (VALUEPOOL, VALUECODE, SORTCODE, VALUETEXTS, VALUETEXTL, USERID, LOGDATE) VALUES ('VPAGE', 'Y15T72', '042', '15 to 72 years old', '15 to 72 years old', 'SDGS', GETDATE());
INSERT INTO "VALUE" (VALUEPOOL, VALUECODE, SORTCODE, VALUETEXTS, VALUETEXTL, FOOTNOTE, USERID, LOGDATE) VALUES ('VPAGE', 'Y15T74', '043', '15 to 74 years old', '15 to 74 years old', 'N', 'SDGS', GETDATE());
INSERT INTO "VALUE_ENG" (VALUEPOOL, VALUECODE, SORTCODE, VALUETEXTS, VALUETEXTL, USERID, LOGDATE) VALUES ('VPAGE', 'Y15T74', '043', '15 to 74 years old', '15 to 74 years old', 'SDGS', GETDATE());
INSERT INTO "VALUE" (VALUEPOOL, VALUECODE, SORTCODE, VALUETEXTS, VALUETEXTL, FOOTNOTE, USERID, LOGDATE) VALUES ('VPAGE', 'Y15T80', '044', '15 to 80 years old', '15 to 80 years old', 'N', 'SDGS', GETDATE());
INSERT INTO "VALUE_ENG" (VALUEPOOL, VALUECODE, SORTCODE, VALUETEXTS, VALUETEXTL, USERID, LOGDATE) VALUES ('VPAGE', 'Y15T80', '044', '15 to 80 years old', '15 to 80 years old', 'SDGS', GETDATE());
INSERT INTO "VALUE" (VALUEPOOL, VALUECODE, SORTCODE, VALUETEXTS, VALUETEXTL, FOOTNOTE, USERID, LOGDATE) VALUES ('VPAGE', 'Y15T84', '045', '15 to 84 years old', '15 to 84 years old', 'N', 'SDGS', GETDATE());
INSERT INTO "VALUE_ENG" (VALUEPOOL, VALUECODE, SORTCODE, VALUETEXTS, VALUETEXTL, USERID, LOGDATE) VALUES ('VPAGE', 'Y15T84', '045', '15 to 84 years old', '15 to 84 years old', 'SDGS', GETDATE());
INSERT INTO "VALUE" (VALUEPOOL, VALUECODE, SORTCODE, VALUETEXTS, VALUETEXTL, FOOTNOTE, USERID, LOGDATE) VALUES ('VPAGE', 'Y_GE15', '046', '15 years old and over', '15 years old and over', 'N', 'SDGS', GETDATE());
INSERT INTO "VALUE_ENG" (VALUEPOOL, VALUECODE, SORTCODE, VALUETEXTS, VALUETEXTL, USERID, LOGDATE) VALUES ('VPAGE', 'Y_GE15', '046', '15 years old and over', '15 years old and over', 'SDGS', GETDATE());
INSERT INTO "VALUE" (VALUEPOOL, VALUECODE, SORTCODE, VALUETEXTS, VALUETEXTL, FOOTNOTE, USERID, LOGDATE) VALUES ('VPAGE', 'Y16T24', '047', '16 to 24 years old', '16 to 24 years old', 'N', 'SDGS', GETDATE());
INSERT INTO "VALUE_ENG" (VALUEPOOL, VALUECODE, SORTCODE, VALUETEXTS, VALUETEXTL, USERID, LOGDATE) VALUES ('VPAGE', 'Y16T24', '047', '16 to 24 years old', '16 to 24 years old', 'SDGS', GETDATE());
INSERT INTO "VALUE" (VALUEPOOL, VALUECODE, SORTCODE, VALUETEXTS, VALUETEXTL, FOOTNOTE, USERID, LOGDATE) VALUES ('VPAGE', 'Y16T65', '048', '16 to 65 years old', '16 to 65 years old', 'N', 'SDGS', GETDATE());
INSERT INTO "VALUE_ENG" (VALUEPOOL, VALUECODE, SORTCODE, VALUETEXTS, VALUETEXTL, USERID, LOGDATE) VALUES ('VPAGE', 'Y16T65', '048', '16 to 65 years old', '16 to 65 years old', 'SDGS', GETDATE());
INSERT INTO "VALUE" (VALUEPOOL, VALUECODE, SORTCODE, VALUETEXTS, VALUETEXTL, FOOTNOTE, USERID, LOGDATE) VALUES ('VPAGE', 'Y16T74', '049', '16 to 74 years old', '16 to 74 years old', 'N', 'SDGS', GETDATE());
INSERT INTO "VALUE_ENG" (VALUEPOOL, VALUECODE, SORTCODE, VALUETEXTS, VALUETEXTL, USERID, LOGDATE) VALUES ('VPAGE', 'Y16T74', '049', '16 to 74 years old', '16 to 74 years old', 'SDGS', GETDATE());
INSERT INTO "VALUE" (VALUEPOOL, VALUECODE, SORTCODE, VALUETEXTS, VALUETEXTL, FOOTNOTE, USERID, LOGDATE) VALUES ('VPAGE', 'Y_GE16', '050', '16 years old and over', '16 years old and over', 'N', 'SDGS', GETDATE());
INSERT INTO "VALUE_ENG" (VALUEPOOL, VALUECODE, SORTCODE, VALUETEXTS, VALUETEXTL, USERID, LOGDATE) VALUES ('VPAGE', 'Y_GE16', '050', '16 years old and over', '16 years old and over', 'SDGS', GETDATE());
INSERT INTO "VALUE" (VALUEPOOL, VALUECODE, SORTCODE, VALUETEXTS, VALUETEXTL, FOOTNOTE, USERID, LOGDATE) VALUES ('VPAGE', 'Y18T27', '051', '18 to 27 years old', '18 to 27 years old', 'N', 'SDGS', GETDATE());
INSERT INTO "VALUE_ENG" (VALUEPOOL, VALUECODE, SORTCODE, VALUETEXTS, VALUETEXTL, USERID, LOGDATE) VALUES ('VPAGE', 'Y18T27', '051', '18 to 27 years old', '18 to 27 years old', 'SDGS', GETDATE());
INSERT INTO "VALUE" (VALUEPOOL, VALUECODE, SORTCODE, VALUETEXTS, VALUETEXTL, FOOTNOTE, USERID, LOGDATE) VALUES ('VPAGE', 'Y18T29', '052', '18 to 29 years old', '18 to 29 years old', 'N', 'SDGS', GETDATE());
INSERT INTO "VALUE_ENG" (VALUEPOOL, VALUECODE, SORTCODE, VALUETEXTS, VALUETEXTL, USERID, LOGDATE) VALUES ('VPAGE', 'Y18T29', '052', '18 to 29 years old', '18 to 29 years old', 'SDGS', GETDATE());
INSERT INTO "VALUE" (VALUEPOOL, VALUECODE, SORTCODE, VALUETEXTS, VALUETEXTL, FOOTNOTE, USERID, LOGDATE) VALUES ('VPAGE', 'Y18T35', '053', '18 to 35 years old', '18 to 35 years old', 'N', 'SDGS', GETDATE());
INSERT INTO "VALUE_ENG" (VALUEPOOL, VALUECODE, SORTCODE, VALUETEXTS, VALUETEXTL, USERID, LOGDATE) VALUES ('VPAGE', 'Y18T35', '053', '18 to 35 years old', '18 to 35 years old', 'SDGS', GETDATE());
INSERT INTO "VALUE" (VALUEPOOL, VALUECODE, SORTCODE, VALUETEXTS, VALUETEXTL, FOOTNOTE, USERID, LOGDATE) VALUES ('VPAGE', 'Y18T44', '054', '18 to 44 years old', '18 to 44 years old', 'N', 'SDGS', GETDATE());
INSERT INTO "VALUE_ENG" (VALUEPOOL, VALUECODE, SORTCODE, VALUETEXTS, VALUETEXTL, USERID, LOGDATE) VALUES ('VPAGE', 'Y18T44', '054', '18 to 44 years old', '18 to 44 years old', 'SDGS', GETDATE());
INSERT INTO "VALUE" (VALUEPOOL, VALUECODE, SORTCODE, VALUETEXTS, VALUETEXTL, FOOTNOTE, USERID, LOGDATE) VALUES ('VPAGE', 'Y_GE18', '055', '18 years old and over', '18 years old and over', 'N', 'SDGS', GETDATE());
INSERT INTO "VALUE_ENG" (VALUEPOOL, VALUECODE, SORTCODE, VALUETEXTS, VALUETEXTL, USERID, LOGDATE) VALUES ('VPAGE', 'Y_GE18', '055', '18 years old and over', '18 years old and over', 'SDGS', GETDATE());
INSERT INTO "VALUE" (VALUEPOOL, VALUECODE, SORTCODE, VALUETEXTS, VALUETEXTL, FOOTNOTE, USERID, LOGDATE) VALUES ('VPAGE', 'Y19T65', '056', '19 to 65 years old', '19 to 65 years old', 'N', 'SDGS', GETDATE());
INSERT INTO "VALUE_ENG" (VALUEPOOL, VALUECODE, SORTCODE, VALUETEXTS, VALUETEXTL, USERID, LOGDATE) VALUES ('VPAGE', 'Y19T65', '056', '19 to 65 years old', '19 to 65 years old', 'SDGS', GETDATE());
INSERT INTO "VALUE" (VALUEPOOL, VALUECODE, SORTCODE, VALUETEXTS, VALUETEXTL, FOOTNOTE, USERID, LOGDATE) VALUES ('VPAGE', 'Y20T24', '057', '20 to 24 years old', '20 to 24 years old', 'N', 'SDGS', GETDATE());
INSERT INTO "VALUE_ENG" (VALUEPOOL, VALUECODE, SORTCODE, VALUETEXTS, VALUETEXTL, USERID, LOGDATE) VALUES ('VPAGE', 'Y20T24', '057', '20 to 24 years old', '20 to 24 years old', 'SDGS', GETDATE());
INSERT INTO "VALUE" (VALUEPOOL, VALUECODE, SORTCODE, VALUETEXTS, VALUETEXTL, FOOTNOTE, USERID, LOGDATE) VALUES ('VPAGE', 'Y20T29', '058', '20 to 29 years old', '20 to 29 years old', 'N', 'SDGS', GETDATE());
INSERT INTO "VALUE_ENG" (VALUEPOOL, VALUECODE, SORTCODE, VALUETEXTS, VALUETEXTL, USERID, LOGDATE) VALUES ('VPAGE', 'Y20T29', '058', '20 to 29 years old', '20 to 29 years old', 'SDGS', GETDATE());
INSERT INTO "VALUE" (VALUEPOOL, VALUECODE, SORTCODE, VALUETEXTS, VALUETEXTL, FOOTNOTE, USERID, LOGDATE) VALUES ('VPAGE', 'Y20T30', '059', '20 to 30 years old', '20 to 30 years old', 'N', 'SDGS', GETDATE());
INSERT INTO "VALUE_ENG" (VALUEPOOL, VALUECODE, SORTCODE, VALUETEXTS, VALUETEXTL, USERID, LOGDATE) VALUES ('VPAGE', 'Y20T30', '059', '20 to 30 years old', '20 to 30 years old', 'SDGS', GETDATE());
INSERT INTO "VALUE" (VALUEPOOL, VALUECODE, SORTCODE, VALUETEXTS, VALUETEXTL, FOOTNOTE, USERID, LOGDATE) VALUES ('VPAGE', 'Y20T49', '060', '20 to 49 years old', '20 to 49 years old', 'N', 'SDGS', GETDATE());
INSERT INTO "VALUE_ENG" (VALUEPOOL, VALUECODE, SORTCODE, VALUETEXTS, VALUETEXTL, USERID, LOGDATE) VALUES ('VPAGE', 'Y20T49', '060', '20 to 49 years old', '20 to 49 years old', 'SDGS', GETDATE());
INSERT INTO "VALUE" (VALUEPOOL, VALUECODE, SORTCODE, VALUETEXTS, VALUETEXTL, FOOTNOTE, USERID, LOGDATE) VALUES ('VPAGE', 'Y20T64', '061', '20 to 64 years old', '20 to 64 years old', 'N', 'SDGS', GETDATE());
INSERT INTO "VALUE_ENG" (VALUEPOOL, VALUECODE, SORTCODE, VALUETEXTS, VALUETEXTL, USERID, LOGDATE) VALUES ('VPAGE', 'Y20T64', '061', '20 to 64 years old', '20 to 64 years old', 'SDGS', GETDATE());
INSERT INTO "VALUE" (VALUEPOOL, VALUECODE, SORTCODE, VALUETEXTS, VALUETEXTL, FOOTNOTE, USERID, LOGDATE) VALUES ('VPAGE', 'Y20T74', '062', '20 to 74 years old', '20 to 74 years old', 'N', 'SDGS', GETDATE());
INSERT INTO "VALUE_ENG" (VALUEPOOL, VALUECODE, SORTCODE, VALUETEXTS, VALUETEXTL, USERID, LOGDATE) VALUES ('VPAGE', 'Y20T74', '062', '20 to 74 years old', '20 to 74 years old', 'SDGS', GETDATE());
INSERT INTO "VALUE" (VALUEPOOL, VALUECODE, SORTCODE, VALUETEXTS, VALUETEXTL, FOOTNOTE, USERID, LOGDATE) VALUES ('VPAGE', 'Y25T29', '063', '25 to 29 years old', '25 to 29 years old', 'N', 'SDGS', GETDATE());
INSERT INTO "VALUE_ENG" (VALUEPOOL, VALUECODE, SORTCODE, VALUETEXTS, VALUETEXTL, USERID, LOGDATE) VALUES ('VPAGE', 'Y25T29', '063', '25 to 29 years old', '25 to 29 years old', 'SDGS', GETDATE());
INSERT INTO "VALUE" (VALUEPOOL, VALUECODE, SORTCODE, VALUETEXTS, VALUETEXTL, FOOTNOTE, USERID, LOGDATE) VALUES ('VPAGE', 'Y25T34', '064', '25 to 34 years old', '25 to 34 years old', 'N', 'SDGS', GETDATE());
INSERT INTO "VALUE_ENG" (VALUEPOOL, VALUECODE, SORTCODE, VALUETEXTS, VALUETEXTL, USERID, LOGDATE) VALUES ('VPAGE', 'Y25T34', '064', '25 to 34 years old', '25 to 34 years old', 'SDGS', GETDATE());
INSERT INTO "VALUE" (VALUEPOOL, VALUECODE, SORTCODE, VALUETEXTS, VALUETEXTL, FOOTNOTE, USERID, LOGDATE) VALUES ('VPAGE', 'Y25T64', '065', '25 to 64 years old', '25 to 64 years old', 'N', 'SDGS', GETDATE());
INSERT INTO "VALUE_ENG" (VALUEPOOL, VALUECODE, SORTCODE, VALUETEXTS, VALUETEXTL, USERID, LOGDATE) VALUES ('VPAGE', 'Y25T64', '065', '25 to 64 years old', '25 to 64 years old', 'SDGS', GETDATE());
INSERT INTO "VALUE" (VALUEPOOL, VALUECODE, SORTCODE, VALUETEXTS, VALUETEXTL, FOOTNOTE, USERID, LOGDATE) VALUES ('VPAGE', 'Y_GE25', '066', '25 years old and over', '25 years old and over', 'N', 'SDGS', GETDATE());
INSERT INTO "VALUE_ENG" (VALUEPOOL, VALUECODE, SORTCODE, VALUETEXTS, VALUETEXTL, USERID, LOGDATE) VALUES ('VPAGE', 'Y_GE25', '066', '25 years old and over', '25 years old and over', 'SDGS', GETDATE());
INSERT INTO "VALUE" (VALUEPOOL, VALUECODE, SORTCODE, VALUETEXTS, VALUETEXTL, FOOTNOTE, USERID, LOGDATE) VALUES ('VPAGE', 'Y30', '067', '30 years old', '30 years old', 'N', 'SDGS', GETDATE());
INSERT INTO "VALUE_ENG" (VALUEPOOL, VALUECODE, SORTCODE, VALUETEXTS, VALUETEXTL, USERID, LOGDATE) VALUES ('VPAGE', 'Y30', '067', '30 years old', '30 years old', 'SDGS', GETDATE());
INSERT INTO "VALUE" (VALUEPOOL, VALUECODE, SORTCODE, VALUETEXTS, VALUETEXTL, FOOTNOTE, USERID, LOGDATE) VALUES ('VPAGE', 'Y30T34', '068', '30 to 34 years old', '30 to 34 years old', 'N', 'SDGS', GETDATE());
INSERT INTO "VALUE_ENG" (VALUEPOOL, VALUECODE, SORTCODE, VALUETEXTS, VALUETEXTL, USERID, LOGDATE) VALUES ('VPAGE', 'Y30T34', '068', '30 to 34 years old', '30 to 34 years old', 'SDGS', GETDATE());
INSERT INTO "VALUE" (VALUEPOOL, VALUECODE, SORTCODE, VALUETEXTS, VALUETEXTL, FOOTNOTE, USERID, LOGDATE) VALUES ('VPAGE', 'Y30T39', '069', '30 to 39 years old', '30 to 39 years old', 'N', 'SDGS', GETDATE());
INSERT INTO "VALUE_ENG" (VALUEPOOL, VALUECODE, SORTCODE, VALUETEXTS, VALUETEXTL, USERID, LOGDATE) VALUES ('VPAGE', 'Y30T39', '069', '30 to 39 years old', '30 to 39 years old', 'SDGS', GETDATE());
INSERT INTO "VALUE" (VALUEPOOL, VALUECODE, SORTCODE, VALUETEXTS, VALUETEXTL, FOOTNOTE, USERID, LOGDATE) VALUES ('VPAGE', 'Y30T69', '070', '30 to 69 years old', '30 to 69 years old', 'N', 'SDGS', GETDATE());
INSERT INTO "VALUE_ENG" (VALUEPOOL, VALUECODE, SORTCODE, VALUETEXTS, VALUETEXTL, USERID, LOGDATE) VALUES ('VPAGE', 'Y30T69', '070', '30 to 69 years old', '30 to 69 years old', 'SDGS', GETDATE());
INSERT INTO "VALUE" (VALUEPOOL, VALUECODE, SORTCODE, VALUETEXTS, VALUETEXTL, FOOTNOTE, USERID, LOGDATE) VALUES ('VPAGE', 'Y30T70', '071', '30 to exact 70 years old', '30 to exact 70 years old', 'N', 'SDGS', GETDATE());
INSERT INTO "VALUE_ENG" (VALUEPOOL, VALUECODE, SORTCODE, VALUETEXTS, VALUETEXTL, USERID, LOGDATE) VALUES ('VPAGE', 'Y30T70', '071', '30 to exact 70 years old', '30 to exact 70 years old', 'SDGS', GETDATE());
INSERT INTO "VALUE" (VALUEPOOL, VALUECODE, SORTCODE, VALUETEXTS, VALUETEXTL, FOOTNOTE, USERID, LOGDATE) VALUES ('VPAGE', 'Y35', '072', '35 years old', '35 years old', 'N', 'SDGS', GETDATE());
INSERT INTO "VALUE_ENG" (VALUEPOOL, VALUECODE, SORTCODE, VALUETEXTS, VALUETEXTL, USERID, LOGDATE) VALUES ('VPAGE', 'Y35', '072', '35 years old', '35 years old', 'SDGS', GETDATE());
INSERT INTO "VALUE" (VALUEPOOL, VALUECODE, SORTCODE, VALUETEXTS, VALUETEXTL, FOOTNOTE, USERID, LOGDATE) VALUES ('VPAGE', 'Y35T39', '073', '35 to 39 years old', '35 to 39 years old', 'N', 'SDGS', GETDATE());
INSERT INTO "VALUE_ENG" (VALUEPOOL, VALUECODE, SORTCODE, VALUETEXTS, VALUETEXTL, USERID, LOGDATE) VALUES ('VPAGE', 'Y35T39', '073', '35 to 39 years old', '35 to 39 years old', 'SDGS', GETDATE());
INSERT INTO "VALUE" (VALUEPOOL, VALUECODE, SORTCODE, VALUETEXTS, VALUETEXTL, FOOTNOTE, USERID, LOGDATE) VALUES ('VPAGE', 'Y35T44', '074', '35 to 44 years old', '35 to 44 years old', 'N', 'SDGS', GETDATE());
INSERT INTO "VALUE_ENG" (VALUEPOOL, VALUECODE, SORTCODE, VALUETEXTS, VALUETEXTL, USERID, LOGDATE) VALUES ('VPAGE', 'Y35T44', '074', '35 to 44 years old', '35 to 44 years old', 'SDGS', GETDATE());
INSERT INTO "VALUE" (VALUEPOOL, VALUECODE, SORTCODE, VALUETEXTS, VALUETEXTL, FOOTNOTE, USERID, LOGDATE) VALUES ('VPAGE', 'Y35T49', '075', '35 to 49 years old', '35 to 49 years old', 'N', 'SDGS', GETDATE());
INSERT INTO "VALUE_ENG" (VALUEPOOL, VALUECODE, SORTCODE, VALUETEXTS, VALUETEXTL, USERID, LOGDATE) VALUES ('VPAGE', 'Y35T49', '075', '35 to 49 years old', '35 to 49 years old', 'SDGS', GETDATE());
INSERT INTO "VALUE" (VALUEPOOL, VALUECODE, SORTCODE, VALUETEXTS, VALUETEXTL, FOOTNOTE, USERID, LOGDATE) VALUES ('VPAGE', 'Y40T44', '076', '40 to 44 years old', '40 to 44 years old', 'N', 'SDGS', GETDATE());
INSERT INTO "VALUE_ENG" (VALUEPOOL, VALUECODE, SORTCODE, VALUETEXTS, VALUETEXTL, USERID, LOGDATE) VALUES ('VPAGE', 'Y40T44', '076', '40 to 44 years old', '40 to 44 years old', 'SDGS', GETDATE());
INSERT INTO "VALUE" (VALUEPOOL, VALUECODE, SORTCODE, VALUETEXTS, VALUETEXTL, FOOTNOTE, USERID, LOGDATE) VALUES ('VPAGE', 'Y40T49', '077', '40 to 49 years old', '40 to 49 years old', 'N', 'SDGS', GETDATE());
INSERT INTO "VALUE_ENG" (VALUEPOOL, VALUECODE, SORTCODE, VALUETEXTS, VALUETEXTL, USERID, LOGDATE) VALUES ('VPAGE', 'Y40T49', '077', '40 to 49 years old', '40 to 49 years old', 'SDGS', GETDATE());
INSERT INTO "VALUE" (VALUEPOOL, VALUECODE, SORTCODE, VALUETEXTS, VALUETEXTL, FOOTNOTE, USERID, LOGDATE) VALUES ('VPAGE', 'Y45T49', '078', '45 to 49 years old', '45 to 49 years old', 'N', 'SDGS', GETDATE());
INSERT INTO "VALUE_ENG" (VALUEPOOL, VALUECODE, SORTCODE, VALUETEXTS, VALUETEXTL, USERID, LOGDATE) VALUES ('VPAGE', 'Y45T49', '078', '45 to 49 years old', '45 to 49 years old', 'SDGS', GETDATE());
INSERT INTO "VALUE" (VALUEPOOL, VALUECODE, SORTCODE, VALUETEXTS, VALUETEXTL, FOOTNOTE, USERID, LOGDATE) VALUES ('VPAGE', 'Y45T59', '079', '45 to 59 years old', '45 to 59 years old', 'N', 'SDGS', GETDATE());
INSERT INTO "VALUE_ENG" (VALUEPOOL, VALUECODE, SORTCODE, VALUETEXTS, VALUETEXTL, USERID, LOGDATE) VALUES ('VPAGE', 'Y45T59', '079', '45 to 59 years old', '45 to 59 years old', 'SDGS', GETDATE());
INSERT INTO "VALUE" (VALUEPOOL, VALUECODE, SORTCODE, VALUETEXTS, VALUETEXTL, FOOTNOTE, USERID, LOGDATE) VALUES ('VPAGE', 'Y0T9', '080', 'under 10 years old', 'under 10 years old', 'N', 'SDGS', GETDATE());
INSERT INTO "VALUE_ENG" (VALUEPOOL, VALUECODE, SORTCODE, VALUETEXTS, VALUETEXTL, USERID, LOGDATE) VALUES ('VPAGE', 'Y0T9', '080', 'under 10 years old', 'under 10 years old', 'SDGS', GETDATE());
INSERT INTO "VALUE" (VALUEPOOL, VALUECODE, SORTCODE, VALUETEXTS, VALUETEXTL, FOOTNOTE, USERID, LOGDATE) VALUES ('VPAGE', 'Y5T9', '081', '5 to 9 years old', '5 to 9 years old', 'N', 'SDGS', GETDATE());
INSERT INTO "VALUE_ENG" (VALUEPOOL, VALUECODE, SORTCODE, VALUETEXTS, VALUETEXTL, USERID, LOGDATE) VALUES ('VPAGE', 'Y5T9', '081', '5 to 9 years old', '5 to 9 years old', 'SDGS', GETDATE());
INSERT INTO "VALUE" (VALUEPOOL, VALUECODE, SORTCODE, VALUETEXTS, VALUETEXTL, FOOTNOTE, USERID, LOGDATE) VALUES ('VPAGE', 'Y10T19', '082', '10 to 19 years old', '10 to 19 years old', 'N', 'SDGS', GETDATE());
INSERT INTO "VALUE_ENG" (VALUEPOOL, VALUECODE, SORTCODE, VALUETEXTS, VALUETEXTL, USERID, LOGDATE) VALUES ('VPAGE', 'Y10T19', '082', '10 to 19 years old', '10 to 19 years old', 'SDGS', GETDATE());
INSERT INTO "VALUE" (VALUEPOOL, VALUECODE, SORTCODE, VALUETEXTS, VALUETEXTL, FOOTNOTE, USERID, LOGDATE) VALUES ('VPAGE', 'Y50T54', '083', '50 to 54 years old', '50 to 54 years old', 'N', 'SDGS', GETDATE());
INSERT INTO "VALUE_ENG" (VALUEPOOL, VALUECODE, SORTCODE, VALUETEXTS, VALUETEXTL, USERID, LOGDATE) VALUES ('VPAGE', 'Y50T54', '083', '50 to 54 years old', '50 to 54 years old', 'SDGS', GETDATE());
INSERT INTO "VALUE" (VALUEPOOL, VALUECODE, SORTCODE, VALUETEXTS, VALUETEXTL, FOOTNOTE, USERID, LOGDATE) VALUES ('VPAGE', 'Y50T59', '084', '50 to 59 years old', '50 to 59 years old', 'N', 'SDGS', GETDATE());
INSERT INTO "VALUE_ENG" (VALUEPOOL, VALUECODE, SORTCODE, VALUETEXTS, VALUETEXTL, USERID, LOGDATE) VALUES ('VPAGE', 'Y50T59', '084', '50 to 59 years old', '50 to 59 years old', 'SDGS', GETDATE());
INSERT INTO "VALUE" (VALUEPOOL, VALUECODE, SORTCODE, VALUETEXTS, VALUETEXTL, FOOTNOTE, USERID, LOGDATE) VALUES ('VPAGE', 'Y55T59', '085', '55 to 59 years old', '55 to 59 years old', 'N', 'SDGS', GETDATE());
INSERT INTO "VALUE_ENG" (VALUEPOOL, VALUECODE, SORTCODE, VALUETEXTS, VALUETEXTL, USERID, LOGDATE) VALUES ('VPAGE', 'Y55T59', '085', '55 to 59 years old', '55 to 59 years old', 'SDGS', GETDATE());
INSERT INTO "VALUE" (VALUEPOOL, VALUECODE, SORTCODE, VALUETEXTS, VALUETEXTL, FOOTNOTE, USERID, LOGDATE) VALUES ('VPAGE', 'Y60T64', '086', '60 to 64 years old', '60 to 64 years old', 'N', 'SDGS', GETDATE());
INSERT INTO "VALUE_ENG" (VALUEPOOL, VALUECODE, SORTCODE, VALUETEXTS, VALUETEXTL, USERID, LOGDATE) VALUES ('VPAGE', 'Y60T64', '086', '60 to 64 years old', '60 to 64 years old', 'SDGS', GETDATE());
INSERT INTO "VALUE" (VALUEPOOL, VALUECODE, SORTCODE, VALUETEXTS, VALUETEXTL, FOOTNOTE, USERID, LOGDATE) VALUES ('VPAGE', 'Y60T69', '087', '60 to 69 years old', '60 to 69 years old', 'N', 'SDGS', GETDATE());
INSERT INTO "VALUE_ENG" (VALUEPOOL, VALUECODE, SORTCODE, VALUETEXTS, VALUETEXTL, USERID, LOGDATE) VALUES ('VPAGE', 'Y60T69', '087', '60 to 69 years old', '60 to 69 years old', 'SDGS', GETDATE());
INSERT INTO "VALUE" (VALUEPOOL, VALUECODE, SORTCODE, VALUETEXTS, VALUETEXTL, FOOTNOTE, USERID, LOGDATE) VALUES ('VPAGE', 'Y_GE60', '088', '60 years old and over', '60 years old and over', 'N', 'SDGS', GETDATE());
INSERT INTO "VALUE_ENG" (VALUEPOOL, VALUECODE, SORTCODE, VALUETEXTS, VALUETEXTL, USERID, LOGDATE) VALUES ('VPAGE', 'Y_GE60', '088', '60 years old and over', '60 years old and over', 'SDGS', GETDATE());
INSERT INTO "VALUE" (VALUEPOOL, VALUECODE, SORTCODE, VALUETEXTS, VALUETEXTL, FOOTNOTE, USERID, LOGDATE) VALUES ('VPAGE', 'Y65T69', '089', '65 to 69 years old', '65 to 69 years old', 'N', 'SDGS', GETDATE());
INSERT INTO "VALUE_ENG" (VALUEPOOL, VALUECODE, SORTCODE, VALUETEXTS, VALUETEXTL, USERID, LOGDATE) VALUES ('VPAGE', 'Y65T69', '089', '65 to 69 years old', '65 to 69 years old', 'SDGS', GETDATE());
INSERT INTO "VALUE" (VALUEPOOL, VALUECODE, SORTCODE, VALUETEXTS, VALUETEXTL, FOOTNOTE, USERID, LOGDATE) VALUES ('VPAGE', 'Y_GE65', '090', '65 years old and over', '65 years old and over', 'N', 'SDGS', GETDATE());
INSERT INTO "VALUE_ENG" (VALUEPOOL, VALUECODE, SORTCODE, VALUETEXTS, VALUETEXTL, USERID, LOGDATE) VALUES ('VPAGE', 'Y_GE65', '090', '65 years old and over', '65 years old and over', 'SDGS', GETDATE());
INSERT INTO "VALUE" (VALUEPOOL, VALUECODE, SORTCODE, VALUETEXTS, VALUETEXTL, FOOTNOTE, USERID, LOGDATE) VALUES ('VPAGE', 'Y70T74', '091', '70 to 74 years old', '70 to 74 years old', 'N', 'SDGS', GETDATE());
INSERT INTO "VALUE_ENG" (VALUEPOOL, VALUECODE, SORTCODE, VALUETEXTS, VALUETEXTL, USERID, LOGDATE) VALUES ('VPAGE', 'Y70T74', '091', '70 to 74 years old', '70 to 74 years old', 'SDGS', GETDATE());
INSERT INTO "VALUE" (VALUEPOOL, VALUECODE, SORTCODE, VALUETEXTS, VALUETEXTL, FOOTNOTE, USERID, LOGDATE) VALUES ('VPAGE', 'Y70T79', '092', '70 to 79 years old', '70 to 79 years old', 'N', 'SDGS', GETDATE());
INSERT INTO "VALUE_ENG" (VALUEPOOL, VALUECODE, SORTCODE, VALUETEXTS, VALUETEXTL, USERID, LOGDATE) VALUES ('VPAGE', 'Y70T79', '092', '70 to 79 years old', '70 to 79 years old', 'SDGS', GETDATE());
INSERT INTO "VALUE" (VALUEPOOL, VALUECODE, SORTCODE, VALUETEXTS, VALUETEXTL, FOOTNOTE, USERID, LOGDATE) VALUES ('VPAGE', 'Y_GE70', '093', '70 years old and over', '70 years old and over', 'N', 'SDGS', GETDATE());
INSERT INTO "VALUE_ENG" (VALUEPOOL, VALUECODE, SORTCODE, VALUETEXTS, VALUETEXTL, USERID, LOGDATE) VALUES ('VPAGE', 'Y_GE70', '093', '70 years old and over', '70 years old and over', 'SDGS', GETDATE());
INSERT INTO "VALUE" (VALUEPOOL, VALUECODE, SORTCODE, VALUETEXTS, VALUETEXTL, FOOTNOTE, USERID, LOGDATE) VALUES ('VPAGE', 'Y75T79', '094', '75 to 79 years old', '75 to 79 years old', 'N', 'SDGS', GETDATE());
INSERT INTO "VALUE_ENG" (VALUEPOOL, VALUECODE, SORTCODE, VALUETEXTS, VALUETEXTL, USERID, LOGDATE) VALUES ('VPAGE', 'Y75T79', '094', '75 to 79 years old', '75 to 79 years old', 'SDGS', GETDATE());
INSERT INTO "VALUE" (VALUEPOOL, VALUECODE, SORTCODE, VALUETEXTS, VALUETEXTL, FOOTNOTE, USERID, LOGDATE) VALUES ('VPAGE', 'Y_GE75', '095', '75 years old and over', '75 years old and over', 'N', 'SDGS', GETDATE());
INSERT INTO "VALUE_ENG" (VALUEPOOL, VALUECODE, SORTCODE, VALUETEXTS, VALUETEXTL, USERID, LOGDATE) VALUES ('VPAGE', 'Y_GE75', '095', '75 years old and over', '75 years old and over', 'SDGS', GETDATE());
INSERT INTO "VALUE" (VALUEPOOL, VALUECODE, SORTCODE, VALUETEXTS, VALUETEXTL, FOOTNOTE, USERID, LOGDATE) VALUES ('VPAGE', 'Y80T84', '096', '80 to 84 years old', '80 to 84 years old', 'N', 'SDGS', GETDATE());
INSERT INTO "VALUE_ENG" (VALUEPOOL, VALUECODE, SORTCODE, VALUETEXTS, VALUETEXTL, USERID, LOGDATE) VALUES ('VPAGE', 'Y80T84', '096', '80 to 84 years old', '80 to 84 years old', 'SDGS', GETDATE());
INSERT INTO "VALUE" (VALUEPOOL, VALUECODE, SORTCODE, VALUETEXTS, VALUETEXTL, FOOTNOTE, USERID, LOGDATE) VALUES ('VPAGE', 'Y80T89', '097', '80 to 89 years old', '80 to 89 years old', 'N', 'SDGS', GETDATE());
INSERT INTO "VALUE_ENG" (VALUEPOOL, VALUECODE, SORTCODE, VALUETEXTS, VALUETEXTL, USERID, LOGDATE) VALUES ('VPAGE', 'Y80T89', '097', '80 to 89 years old', '80 to 89 years old', 'SDGS', GETDATE());
INSERT INTO "VALUE" (VALUEPOOL, VALUECODE, SORTCODE, VALUETEXTS, VALUETEXTL, FOOTNOTE, USERID, LOGDATE) VALUES ('VPAGE', 'Y_GE80', '098', '80 years old and over', '80 years old and over', 'N', 'SDGS', GETDATE());
INSERT INTO "VALUE_ENG" (VALUEPOOL, VALUECODE, SORTCODE, VALUETEXTS, VALUETEXTL, USERID, LOGDATE) VALUES ('VPAGE', 'Y_GE80', '098', '80 years old and over', '80 years old and over', 'SDGS', GETDATE());
INSERT INTO "VALUE" (VALUEPOOL, VALUECODE, SORTCODE, VALUETEXTS, VALUETEXTL, FOOTNOTE, USERID, LOGDATE) VALUES ('VPAGE', 'Y85T89', '099', '85 to 89 years old', '85 to 89 years old', 'N', 'SDGS', GETDATE());
INSERT INTO "VALUE_ENG" (VALUEPOOL, VALUECODE, SORTCODE, VALUETEXTS, VALUETEXTL, USERID, LOGDATE) VALUES ('VPAGE', 'Y85T89', '099', '85 to 89 years old', '85 to 89 years old', 'SDGS', GETDATE());
INSERT INTO "VALUE" (VALUEPOOL, VALUECODE, SORTCODE, VALUETEXTS, VALUETEXTL, FOOTNOTE, USERID, LOGDATE) VALUES ('VPAGE', 'Y_GE85', '100', '85 years old and over', '85 years old and over', 'N', 'SDGS', GETDATE());
INSERT INTO "VALUE_ENG" (VALUEPOOL, VALUECODE, SORTCODE, VALUETEXTS, VALUETEXTL, USERID, LOGDATE) VALUES ('VPAGE', 'Y_GE85', '100', '85 years old and over', '85 years old and over', 'SDGS', GETDATE());
INSERT INTO "VALUE" (VALUEPOOL, VALUECODE, SORTCODE, VALUETEXTS, VALUETEXTL, FOOTNOTE, USERID, LOGDATE) VALUES ('VPAGE', 'Y90T94', '101', '90 to 94 years old', '90 to 94 years old', 'N', 'SDGS', GETDATE());
INSERT INTO "VALUE_ENG" (VALUEPOOL, VALUECODE, SORTCODE, VALUETEXTS, VALUETEXTL, USERID, LOGDATE) VALUES ('VPAGE', 'Y90T94', '101', '90 to 94 years old', '90 to 94 years old', 'SDGS', GETDATE());
INSERT INTO "VALUE" (VALUEPOOL, VALUECODE, SORTCODE, VALUETEXTS, VALUETEXTL, FOOTNOTE, USERID, LOGDATE) VALUES ('VPAGE', 'Y90T99', '102', '90 to 99 years old', '90 to 99 years old', 'N', 'SDGS', GETDATE());
INSERT INTO "VALUE_ENG" (VALUEPOOL, VALUECODE, SORTCODE, VALUETEXTS, VALUETEXTL, USERID, LOGDATE) VALUES ('VPAGE', 'Y90T99', '102', '90 to 99 years old', '90 to 99 years old', 'SDGS', GETDATE());
INSERT INTO "VALUE" (VALUEPOOL, VALUECODE, SORTCODE, VALUETEXTS, VALUETEXTL, FOOTNOTE, USERID, LOGDATE) VALUES ('VPAGE', 'Y_GE90', '103', '90 years old and over', '90 years old and over', 'N', 'SDGS', GETDATE());
INSERT INTO "VALUE_ENG" (VALUEPOOL, VALUECODE, SORTCODE, VALUETEXTS, VALUETEXTL, USERID, LOGDATE) VALUES ('VPAGE', 'Y_GE90', '103', '90 years old and over', '90 years old and over', 'SDGS', GETDATE());
INSERT INTO "VALUE" (VALUEPOOL, VALUECODE, SORTCODE, VALUETEXTS, VALUETEXTL, FOOTNOTE, USERID, LOGDATE) VALUES ('VPAGE', 'Y95T99', '104', '95 to 99 years old', '95 to 99 years old', 'N', 'SDGS', GETDATE());
INSERT INTO "VALUE_ENG" (VALUEPOOL, VALUECODE, SORTCODE, VALUETEXTS, VALUETEXTL, USERID, LOGDATE) VALUES ('VPAGE', 'Y95T99', '104', '95 to 99 years old', '95 to 99 years old', 'SDGS', GETDATE());
INSERT INTO "VALUE" (VALUEPOOL, VALUECODE, SORTCODE, VALUETEXTS, VALUETEXTL, FOOTNOTE, USERID, LOGDATE) VALUES ('VPAGE', 'Y_GE95', '105', '95 years old and over', '95 years old and over', 'N', 'SDGS', GETDATE());
INSERT INTO "VALUE_ENG" (VALUEPOOL, VALUECODE, SORTCODE, VALUETEXTS, VALUETEXTL, USERID, LOGDATE) VALUES ('VPAGE', 'Y_GE95', '105', '95 years old and over', '95 years old and over', 'SDGS', GETDATE());
INSERT INTO "VALUE" (VALUEPOOL, VALUECODE, SORTCODE, VALUETEXTS, VALUETEXTL, FOOTNOTE, USERID, LOGDATE) VALUES ('VPAGE', 'Y_GE100', '106', '100 years old and over', '100 years old and over', 'N', 'SDGS', GETDATE());
INSERT INTO "VALUE_ENG" (VALUEPOOL, VALUECODE, SORTCODE, VALUETEXTS, VALUETEXTL, USERID, LOGDATE) VALUES ('VPAGE', 'Y_GE100', '106', '100 years old and over', '100 years old and over', 'SDGS', GETDATE());
INSERT INTO "VARIABLE" (VARIABLE, PRESTEXT, VARIABLEINFO, FOOTNOTE, USERID, LOGDATE) VALUES ('URBANISATION', 'URBANISATION', 'N', 'N', 'SDGS', GETDATE());
INSERT INTO "VARIABLE_ENG" (VARIABLE, PRESTEXT, USERID, LOGDATE) VALUES ('URBANISATION', 'URBANISATION', 'SDGS', GETDATE());
INSERT INTO "VALUEPOOL" (VALUEPOOL, PRESTEXT, DESCRIPTION, VALUETEXTEXISTS, VALUEPRES, METAID, USERID, LOGDATE) VALUES ('VPURBANISATION', 'Valuepool for variable URBANISATION', 'None', 'L', 'T', '0', 'SDGS', GETDATE());
INSERT INTO "VALUEPOOL_ENG" (VALUEPOOL, PRESTEXT, ValuePoolAlias, USERID, LOGDATE) VALUES ('VPURBANISATION', 'Valuepool for variable URBANISATION','', 'SDGS', GETDATE());
INSERT INTO "VALUE" (VALUEPOOL, VALUECODE, SORTCODE, VALUETEXTS, VALUETEXTL, FOOTNOTE, USERID, LOGDATE) VALUES ('VPURBANISATION', '_T', '001', 'Total', 'Total', 'N', 'SDGS', GETDATE());
INSERT INTO "VALUE_ENG" (VALUEPOOL, VALUECODE, SORTCODE, VALUETEXTS, VALUETEXTL, USERID, LOGDATE) VALUES ('VPURBANISATION', '_T', '001', 'Total', 'Total', 'SDGS', GETDATE());
INSERT INTO "VALUE" (VALUEPOOL, VALUECODE, SORTCODE, VALUETEXTS, VALUETEXTL, FOOTNOTE, USERID, LOGDATE) VALUES ('VPURBANISATION', 'U', '002', 'Urban', 'Urban', 'N', 'SDGS', GETDATE());
INSERT INTO "VALUE_ENG" (VALUEPOOL, VALUECODE, SORTCODE, VALUETEXTS, VALUETEXTL, USERID, LOGDATE) VALUES ('VPURBANISATION', 'U', '002', 'Urban', 'Urban', 'SDGS', GETDATE());
INSERT INTO "VALUE" (VALUEPOOL, VALUECODE, SORTCODE, VALUETEXTS, VALUETEXTL, FOOTNOTE, USERID, LOGDATE) VALUES ('VPURBANISATION', 'R', '003', 'Rural', 'Rural', 'N', 'SDGS', GETDATE());
INSERT INTO "VALUE_ENG" (VALUEPOOL, VALUECODE, SORTCODE, VALUETEXTS, VALUETEXTL, USERID, LOGDATE) VALUES ('VPURBANISATION', 'R', '003', 'Rural', 'Rural', 'SDGS', GETDATE());
INSERT INTO "VALUE" (VALUEPOOL, VALUECODE, SORTCODE, VALUETEXTS, VALUETEXTL, FOOTNOTE, USERID, LOGDATE) VALUES ('VPURBANISATION', 'C', '004', 'Camp', 'Camp', 'N', 'SDGS', GETDATE());
INSERT INTO "VALUE_ENG" (VALUEPOOL, VALUECODE, SORTCODE, VALUETEXTS, VALUETEXTL, USERID, LOGDATE) VALUES ('VPURBANISATION', 'C', '004', 'Camp', 'Camp', 'SDGS', GETDATE());
INSERT INTO "VARIABLE" (VARIABLE, PRESTEXT, VARIABLEINFO, FOOTNOTE, USERID, LOGDATE) VALUES ('EDUCATION_LEV', 'EDUCATION', 'N', 'N', 'SDGS', GETDATE());
INSERT INTO "VARIABLE_ENG" (VARIABLE, PRESTEXT, USERID, LOGDATE) VALUES ('EDUCATION_LEV', 'EDUCATION', 'SDGS', GETDATE());
INSERT INTO "VALUEPOOL" (VALUEPOOL, PRESTEXT, DESCRIPTION, VALUETEXTEXISTS, VALUEPRES, METAID, USERID, LOGDATE) VALUES ('VPEDUCATION_LEV', 'Valuepool for variable EDUCATION', 'None', 'L', 'T', '0', 'SDGS', GETDATE());
INSERT INTO "VALUEPOOL_ENG" (VALUEPOOL, PRESTEXT, ValuePoolAlias, USERID, LOGDATE) VALUES ('VPEDUCATION_LEV', 'Valuepool for variable EDUCATION','', 'SDGS', GETDATE());
INSERT INTO "VALUE" (VALUEPOOL, VALUECODE, SORTCODE, VALUETEXTS, VALUETEXTL, FOOTNOTE, USERID, LOGDATE) VALUES ('VPEDUCATION_LEV', '_T', '001', 'Total or no breakdown by education level', 'Total or no breakdown by education level', 'N', 'SDGS', GETDATE());
INSERT INTO "VALUE_ENG" (VALUEPOOL, VALUECODE, SORTCODE, VALUETEXTS, VALUETEXTL, USERID, LOGDATE) VALUES ('VPEDUCATION_LEV', '_T', '001', 'Total or no breakdown by education level', 'Total or no breakdown by education level', 'SDGS', GETDATE());
INSERT INTO "VALUE" (VALUEPOOL, VALUECODE, SORTCODE, VALUETEXTS, VALUETEXTL, FOOTNOTE, USERID, LOGDATE) VALUES ('VPEDUCATION_LEV', 'ISCED11_02', '002', 'Pre-primary education', 'Pre-primary education', 'N', 'SDGS', GETDATE());
INSERT INTO "VALUE_ENG" (VALUEPOOL, VALUECODE, SORTCODE, VALUETEXTS, VALUETEXTL, USERID, LOGDATE) VALUES ('VPEDUCATION_LEV', 'ISCED11_02', '002', 'Pre-primary education', 'Pre-primary education', 'SDGS', GETDATE());
INSERT INTO "VALUE" (VALUEPOOL, VALUECODE, SORTCODE, VALUETEXTS, VALUETEXTL, FOOTNOTE, USERID, LOGDATE) VALUES ('VPEDUCATION_LEV', 'ISCED11_1', '003', 'Primary education', 'Primary education', 'N', 'SDGS', GETDATE());
INSERT INTO "VALUE_ENG" (VALUEPOOL, VALUECODE, SORTCODE, VALUETEXTS, VALUETEXTL, USERID, LOGDATE) VALUES ('VPEDUCATION_LEV', 'ISCED11_1', '003', 'Primary education', 'Primary education', 'SDGS', GETDATE());
INSERT INTO "VALUE" (VALUEPOOL, VALUECODE, SORTCODE, VALUETEXTS, VALUETEXTL, FOOTNOTE, USERID, LOGDATE) VALUES ('VPEDUCATION_LEV', 'ISCED11_2', '004', 'Lower secondary education', 'Lower secondary education', 'N', 'SDGS', GETDATE());
INSERT INTO "VALUE_ENG" (VALUEPOOL, VALUECODE, SORTCODE, VALUETEXTS, VALUETEXTL, USERID, LOGDATE) VALUES ('VPEDUCATION_LEV', 'ISCED11_2', '004', 'Lower secondary education', 'Lower secondary education', 'SDGS', GETDATE());
INSERT INTO "VALUE" (VALUEPOOL, VALUECODE, SORTCODE, VALUETEXTS, VALUETEXTL, FOOTNOTE, USERID, LOGDATE) VALUES ('VPEDUCATION_LEV', 'ISCED11_3', '005', 'Upper secondary education', 'Upper secondary education', 'N', 'SDGS', GETDATE());
INSERT INTO "VALUE_ENG" (VALUEPOOL, VALUECODE, SORTCODE, VALUETEXTS, VALUETEXTL, USERID, LOGDATE) VALUES ('VPEDUCATION_LEV', 'ISCED11_3', '005', 'Upper secondary education', 'Upper secondary education', 'SDGS', GETDATE());
INSERT INTO "VALUE" (VALUEPOOL, VALUECODE, SORTCODE, VALUETEXTS, VALUETEXTL, FOOTNOTE, USERID, LOGDATE) VALUES ('VPEDUCATION_LEV', 'ISCED11_5', '006', 'Short-cycle tertiary education', 'Short-cycle tertiary education', 'N', 'SDGS', GETDATE());
INSERT INTO "VALUE_ENG" (VALUEPOOL, VALUECODE, SORTCODE, VALUETEXTS, VALUETEXTL, USERID, LOGDATE) VALUES ('VPEDUCATION_LEV', 'ISCED11_5', '006', 'Short-cycle tertiary education', 'Short-cycle tertiary education', 'SDGS', GETDATE());
INSERT INTO "VALUE" (VALUEPOOL, VALUECODE, SORTCODE, VALUETEXTS, VALUETEXTL, FOOTNOTE, USERID, LOGDATE) VALUES ('VPEDUCATION_LEV', 'ISCED11_6', '007', 'Bachelor''s or equivalent level', 'Bachelor''s or equivalent level', 'N', 'SDGS', GETDATE());
INSERT INTO "VALUE_ENG" (VALUEPOOL, VALUECODE, SORTCODE, VALUETEXTS, VALUETEXTL, USERID, LOGDATE) VALUES ('VPEDUCATION_LEV', 'ISCED11_6', '007', 'Bachelor''s or equivalent level', 'Bachelor''s or equivalent level', 'SDGS', GETDATE());
INSERT INTO "VALUE" (VALUEPOOL, VALUECODE, SORTCODE, VALUETEXTS, VALUETEXTL, FOOTNOTE, USERID, LOGDATE) VALUES ('VPEDUCATION_LEV', 'ISCED11_7', '008', 'Master''s or equivalent level', 'Master''s or equivalent level', 'N', 'SDGS', GETDATE());
INSERT INTO "VALUE_ENG" (VALUEPOOL, VALUECODE, SORTCODE, VALUETEXTS, VALUETEXTL, USERID, LOGDATE) VALUES ('VPEDUCATION_LEV', 'ISCED11_7', '008', 'Master''s or equivalent level', 'Master''s or equivalent level', 'SDGS', GETDATE());
INSERT INTO "VALUE" (VALUEPOOL, VALUECODE, SORTCODE, VALUETEXTS, VALUETEXTL, FOOTNOTE, USERID, LOGDATE) VALUES ('VPEDUCATION_LEV', 'ISCED11_8', '009', 'Doctoral or equivalent level', 'Doctoral or equivalent level', 'N', 'SDGS', GETDATE());
INSERT INTO "VALUE_ENG" (VALUEPOOL, VALUECODE, SORTCODE, VALUETEXTS, VALUETEXTL, USERID, LOGDATE) VALUES ('VPEDUCATION_LEV', 'ISCED11_8', '009', 'Doctoral or equivalent level', 'Doctoral or equivalent level', 'SDGS', GETDATE());
INSERT INTO "VALUE" (VALUEPOOL, VALUECODE, SORTCODE, VALUETEXTS, VALUETEXTL, FOOTNOTE, USERID, LOGDATE) VALUES ('VPEDUCATION_LEV', 'ISCED11_9', '010', 'Not elsewhere classified', 'Not elsewhere classified', 'N', 'SDGS', GETDATE());
INSERT INTO "VALUE_ENG" (VALUEPOOL, VALUECODE, SORTCODE, VALUETEXTS, VALUETEXTL, USERID, LOGDATE) VALUES ('VPEDUCATION_LEV', 'ISCED11_9', '010', 'Not elsewhere classified', 'Not elsewhere classified', 'SDGS', GETDATE());
INSERT INTO "VALUE" (VALUEPOOL, VALUECODE, SORTCODE, VALUETEXTS, VALUETEXTL, FOOTNOTE, USERID, LOGDATE) VALUES ('VPEDUCATION_LEV', 'AGG_5T8', '011', 'Tertiary education', 'Tertiary education', 'N', 'SDGS', GETDATE());
INSERT INTO "VALUE_ENG" (VALUEPOOL, VALUECODE, SORTCODE, VALUETEXTS, VALUETEXTL, USERID, LOGDATE) VALUES ('VPEDUCATION_LEV', 'AGG_5T8', '011', 'Tertiary education', 'Tertiary education', 'SDGS', GETDATE());
INSERT INTO "VALUE" (VALUEPOOL, VALUECODE, SORTCODE, VALUETEXTS, VALUETEXTL, FOOTNOTE, USERID, LOGDATE) VALUES ('VPEDUCATION_LEV', 'AGG_2_3', '012', 'Secondary education (lower and upper secondary education)', 'Secondary education (lower and upper secondary education)', 'N', 'SDGS', GETDATE());
INSERT INTO "VALUE_ENG" (VALUEPOOL, VALUECODE, SORTCODE, VALUETEXTS, VALUETEXTL, USERID, LOGDATE) VALUES ('VPEDUCATION_LEV', 'AGG_2_3', '012', 'Secondary education (lower and upper secondary education)', 'Secondary education (lower and upper secondary education)', 'SDGS', GETDATE());
INSERT INTO "VALUE" (VALUEPOOL, VALUECODE, SORTCODE, VALUETEXTS, VALUETEXTL, FOOTNOTE, USERID, LOGDATE) VALUES ('VPEDUCATION_LEV', 'AGG_3_4', '013', 'Secondary and post-secondary non-tertiary education (intermediate)', 'Secondary and post-secondary non-tertiary education (intermediate)', 'N', 'SDGS', GETDATE());
INSERT INTO "VALUE_ENG" (VALUEPOOL, VALUECODE, SORTCODE, VALUETEXTS, VALUETEXTL, USERID, LOGDATE) VALUES ('VPEDUCATION_LEV', 'AGG_3_4', '013', 'Secondary and post-secondary non-tertiary education (intermediate)', 'Secondary and post-secondary non-tertiary education (intermediate)', 'SDGS', GETDATE());
INSERT INTO "VARIABLE" (VARIABLE, PRESTEXT, VARIABLEINFO, FOOTNOTE, USERID, LOGDATE) VALUES ('DISABILITY_STATUS', 'DISABILITY STATUS', 'N', 'N', 'SDGS', GETDATE());
INSERT INTO "VARIABLE_ENG" (VARIABLE, PRESTEXT, USERID, LOGDATE) VALUES ('DISABILITY_STATUS', 'DISABILITY STATUS', 'SDGS', GETDATE());
INSERT INTO "VALUEPOOL" (VALUEPOOL, PRESTEXT, DESCRIPTION, VALUETEXTEXISTS, VALUEPRES, METAID, USERID, LOGDATE) VALUES ('VPDISABILITY_STATUS', 'Valuepool for variable DISABILITY STATUS', 'None', 'L', 'T', '0', 'SDGS', GETDATE());
INSERT INTO "VALUEPOOL_ENG" (VALUEPOOL, PRESTEXT, ValuePoolAlias, USERID, LOGDATE) VALUES ('VPDISABILITY_STATUS', 'Valuepool for variable DISABILITY STATUS','', 'SDGS', GETDATE());
INSERT INTO "VALUE" (VALUEPOOL, VALUECODE, SORTCODE, VALUETEXTS, VALUETEXTL, FOOTNOTE, USERID, LOGDATE) VALUES ('VPDISABILITY_STATUS', '_T', '001', 'No breakdown by disability', 'No breakdown by disability', 'N', 'SDGS', GETDATE());
INSERT INTO "VALUE_ENG" (VALUEPOOL, VALUECODE, SORTCODE, VALUETEXTS, VALUETEXTL, USERID, LOGDATE) VALUES ('VPDISABILITY_STATUS', '_T', '001', 'No breakdown by disability', 'No breakdown by disability', 'SDGS', GETDATE());
INSERT INTO "VALUE" (VALUEPOOL, VALUECODE, SORTCODE, VALUETEXTS, VALUETEXTL, FOOTNOTE, USERID, LOGDATE) VALUES ('VPDISABILITY_STATUS', 'PD', '002', 'Persons with disability', 'Persons with disability', 'N', 'SDGS', GETDATE());
INSERT INTO "VALUE_ENG" (VALUEPOOL, VALUECODE, SORTCODE, VALUETEXTS, VALUETEXTL, USERID, LOGDATE) VALUES ('VPDISABILITY_STATUS', 'PD', '002', 'Persons with disability', 'Persons with disability', 'SDGS', GETDATE());
INSERT INTO "VALUE" (VALUEPOOL, VALUECODE, SORTCODE, VALUETEXTS, VALUETEXTL, FOOTNOTE, USERID, LOGDATE) VALUES ('VPDISABILITY_STATUS', 'PWD', '003', 'Persons without disability', 'Persons without disability', 'N', 'SDGS', GETDATE());
INSERT INTO "VALUE_ENG" (VALUEPOOL, VALUECODE, SORTCODE, VALUETEXTS, VALUETEXTL, USERID, LOGDATE) VALUES ('VPDISABILITY_STATUS', 'PWD', '003', 'Persons without disability', 'Persons without disability', 'SDGS', GETDATE());
INSERT INTO "VARIABLE" (VARIABLE, PRESTEXT, VARIABLEINFO, FOOTNOTE, USERID, LOGDATE) VALUES ('OCCUPATION', 'OCCUPATION', 'N', 'N', 'SDGS', GETDATE());
INSERT INTO "VARIABLE_ENG" (VARIABLE, PRESTEXT, USERID, LOGDATE) VALUES ('OCCUPATION', 'OCCUPATION', 'SDGS', GETDATE());
INSERT INTO "VALUEPOOL" (VALUEPOOL, PRESTEXT, DESCRIPTION, VALUETEXTEXISTS, VALUEPRES, METAID, USERID, LOGDATE) VALUES ('VPOCCUPATION', 'Valuepool for variable OCCUPATION', 'None', 'L', 'T', '0', 'SDGS', GETDATE());
INSERT INTO "VALUEPOOL_ENG" (VALUEPOOL, PRESTEXT, ValuePoolAlias, USERID, LOGDATE) VALUES ('VPOCCUPATION', 'Valuepool for variable OCCUPATION','', 'SDGS', GETDATE());
INSERT INTO "VALUE" (VALUEPOOL, VALUECODE, SORTCODE, VALUETEXTS, VALUETEXTL, FOOTNOTE, USERID, LOGDATE) VALUES ('VPOCCUPATION', '_T', '001', 'Total or no breakdown by Occupation', 'Total or no breakdown by Occupation', 'N', 'SDGS', GETDATE());
INSERT INTO "VALUE_ENG" (VALUEPOOL, VALUECODE, SORTCODE, VALUETEXTS, VALUETEXTL, USERID, LOGDATE) VALUES ('VPOCCUPATION', '_T', '001', 'Total or no breakdown by Occupation', 'Total or no breakdown by Occupation', 'SDGS', GETDATE());
INSERT INTO "VALUE" (VALUEPOOL, VALUECODE, SORTCODE, VALUETEXTS, VALUETEXTL, FOOTNOTE, USERID, LOGDATE) VALUES ('VPOCCUPATION', 'ISCO08_1', '002', 'Managers', 'Managers', 'N', 'SDGS', GETDATE());
INSERT INTO "VALUE_ENG" (VALUEPOOL, VALUECODE, SORTCODE, VALUETEXTS, VALUETEXTL, USERID, LOGDATE) VALUES ('VPOCCUPATION', 'ISCO08_1', '002', 'Managers', 'Managers', 'SDGS', GETDATE());
INSERT INTO "VALUE" (VALUEPOOL, VALUECODE, SORTCODE, VALUETEXTS, VALUETEXTL, FOOTNOTE, USERID, LOGDATE) VALUES ('VPOCCUPATION', 'ISCO08_2', '003', 'Professionals', 'Professionals', 'N', 'SDGS', GETDATE());
INSERT INTO "VALUE_ENG" (VALUEPOOL, VALUECODE, SORTCODE, VALUETEXTS, VALUETEXTL, USERID, LOGDATE) VALUES ('VPOCCUPATION', 'ISCO08_2', '003', 'Professionals', 'Professionals', 'SDGS', GETDATE());
INSERT INTO "VALUE" (VALUEPOOL, VALUECODE, SORTCODE, VALUETEXTS, VALUETEXTL, FOOTNOTE, USERID, LOGDATE) VALUES ('VPOCCUPATION', 'ISCO08_3', '004', 'Technicians and associate professionals', 'Technicians and associate professionals', 'N', 'SDGS', GETDATE());
INSERT INTO "VALUE_ENG" (VALUEPOOL, VALUECODE, SORTCODE, VALUETEXTS, VALUETEXTL, USERID, LOGDATE) VALUES ('VPOCCUPATION', 'ISCO08_3', '004', 'Technicians and associate professionals', 'Technicians and associate professionals', 'SDGS', GETDATE());
INSERT INTO "VALUE" (VALUEPOOL, VALUECODE, SORTCODE, VALUETEXTS, VALUETEXTL, FOOTNOTE, USERID, LOGDATE) VALUES ('VPOCCUPATION', 'ISCO08_4', '005', 'Clerical support workers', 'Clerical support workers', 'N', 'SDGS', GETDATE());
INSERT INTO "VALUE_ENG" (VALUEPOOL, VALUECODE, SORTCODE, VALUETEXTS, VALUETEXTL, USERID, LOGDATE) VALUES ('VPOCCUPATION', 'ISCO08_4', '005', 'Clerical support workers', 'Clerical support workers', 'SDGS', GETDATE());
INSERT INTO "VALUE" (VALUEPOOL, VALUECODE, SORTCODE, VALUETEXTS, VALUETEXTL, FOOTNOTE, USERID, LOGDATE) VALUES ('VPOCCUPATION', 'ISCO08_5', '006', 'Service and sales workers', 'Service and sales workers', 'N', 'SDGS', GETDATE());
INSERT INTO "VALUE_ENG" (VALUEPOOL, VALUECODE, SORTCODE, VALUETEXTS, VALUETEXTL, USERID, LOGDATE) VALUES ('VPOCCUPATION', 'ISCO08_5', '006', 'Service and sales workers', 'Service and sales workers', 'SDGS', GETDATE());
INSERT INTO "VALUE" (VALUEPOOL, VALUECODE, SORTCODE, VALUETEXTS, VALUETEXTL, FOOTNOTE, USERID, LOGDATE) VALUES ('VPOCCUPATION', 'ISCO08_6', '007', 'Skilled agricultural, forestry and fishery workers', 'Skilled agricultural, forestry and fishery workers', 'N', 'SDGS', GETDATE());
INSERT INTO "VALUE_ENG" (VALUEPOOL, VALUECODE, SORTCODE, VALUETEXTS, VALUETEXTL, USERID, LOGDATE) VALUES ('VPOCCUPATION', 'ISCO08_6', '007', 'Skilled agricultural, forestry and fishery workers', 'Skilled agricultural, forestry and fishery workers', 'SDGS', GETDATE());
INSERT INTO "VALUE" (VALUEPOOL, VALUECODE, SORTCODE, VALUETEXTS, VALUETEXTL, FOOTNOTE, USERID, LOGDATE) VALUES ('VPOCCUPATION', 'ISCO08_7', '008', 'Craft and related trades workers', 'Craft and related trades workers', 'N', 'SDGS', GETDATE());
INSERT INTO "VALUE_ENG" (VALUEPOOL, VALUECODE, SORTCODE, VALUETEXTS, VALUETEXTL, USERID, LOGDATE) VALUES ('VPOCCUPATION', 'ISCO08_7', '008', 'Craft and related trades workers', 'Craft and related trades workers', 'SDGS', GETDATE());
INSERT INTO "VALUE" (VALUEPOOL, VALUECODE, SORTCODE, VALUETEXTS, VALUETEXTL, FOOTNOTE, USERID, LOGDATE) VALUES ('VPOCCUPATION', 'ISCO08_8', '009', 'Plant and machine operators, and assemblers', 'Plant and machine operators, and assemblers', 'N', 'SDGS', GETDATE());
INSERT INTO "VALUE_ENG" (VALUEPOOL, VALUECODE, SORTCODE, VALUETEXTS, VALUETEXTL, USERID, LOGDATE) VALUES ('VPOCCUPATION', 'ISCO08_8', '009', 'Plant and machine operators, and assemblers', 'Plant and machine operators, and assemblers', 'SDGS', GETDATE());
INSERT INTO "VALUE" (VALUEPOOL, VALUECODE, SORTCODE, VALUETEXTS, VALUETEXTL, FOOTNOTE, USERID, LOGDATE) VALUES ('VPOCCUPATION', 'ISCO08_9', '010', 'Elementary occupations', 'Elementary occupations', 'N', 'SDGS', GETDATE());
INSERT INTO "VALUE_ENG" (VALUEPOOL, VALUECODE, SORTCODE, VALUETEXTS, VALUETEXTL, USERID, LOGDATE) VALUES ('VPOCCUPATION', 'ISCO08_9', '010', 'Elementary occupations', 'Elementary occupations', 'SDGS', GETDATE());
INSERT INTO "VALUE" (VALUEPOOL, VALUECODE, SORTCODE, VALUETEXTS, VALUETEXTL, FOOTNOTE, USERID, LOGDATE) VALUES ('VPOCCUPATION', 'ISCO08_0', '011', 'Armed forces occupations', 'Armed forces occupations', 'N', 'SDGS', GETDATE());
INSERT INTO "VALUE_ENG" (VALUEPOOL, VALUECODE, SORTCODE, VALUETEXTS, VALUETEXTL, USERID, LOGDATE) VALUES ('VPOCCUPATION', 'ISCO08_0', '011', 'Armed forces occupations', 'Armed forces occupations', 'SDGS', GETDATE());
INSERT INTO "VALUE" (VALUEPOOL, VALUECODE, SORTCODE, VALUETEXTS, VALUETEXTL, FOOTNOTE, USERID, LOGDATE) VALUES ('VPOCCUPATION', 'ISCO08_X', '012', 'Not elsewhere classified', 'Not elsewhere classified', 'N', 'SDGS', GETDATE());
INSERT INTO "VALUE_ENG" (VALUEPOOL, VALUECODE, SORTCODE, VALUETEXTS, VALUETEXTL, USERID, LOGDATE) VALUES ('VPOCCUPATION', 'ISCO08_X', '012', 'Not elsewhere classified', 'Not elsewhere classified', 'SDGS', GETDATE());
INSERT INTO "VALUE" (VALUEPOOL, VALUECODE, SORTCODE, VALUETEXTS, VALUETEXTL, FOOTNOTE, USERID, LOGDATE) VALUES ('VPOCCUPATION', 'ISCO88_1', '013', 'Legislators, senior officials and managers', 'Legislators, senior officials and managers', 'N', 'SDGS', GETDATE());
INSERT INTO "VALUE_ENG" (VALUEPOOL, VALUECODE, SORTCODE, VALUETEXTS, VALUETEXTL, USERID, LOGDATE) VALUES ('VPOCCUPATION', 'ISCO88_1', '013', 'Legislators, senior officials and managers', 'Legislators, senior officials and managers', 'SDGS', GETDATE());
INSERT INTO "VALUE" (VALUEPOOL, VALUECODE, SORTCODE, VALUETEXTS, VALUETEXTL, FOOTNOTE, USERID, LOGDATE) VALUES ('VPOCCUPATION', 'ISCO88_2', '014', 'Professionals', 'Professionals', 'N', 'SDGS', GETDATE());
INSERT INTO "VALUE_ENG" (VALUEPOOL, VALUECODE, SORTCODE, VALUETEXTS, VALUETEXTL, USERID, LOGDATE) VALUES ('VPOCCUPATION', 'ISCO88_2', '014', 'Professionals', 'Professionals', 'SDGS', GETDATE());
INSERT INTO "VALUE" (VALUEPOOL, VALUECODE, SORTCODE, VALUETEXTS, VALUETEXTL, FOOTNOTE, USERID, LOGDATE) VALUES ('VPOCCUPATION', 'ISCO88_3', '015', 'Technicians and associate professionals', 'Technicians and associate professionals', 'N', 'SDGS', GETDATE());
INSERT INTO "VALUE_ENG" (VALUEPOOL, VALUECODE, SORTCODE, VALUETEXTS, VALUETEXTL, USERID, LOGDATE) VALUES ('VPOCCUPATION', 'ISCO88_3', '015', 'Technicians and associate professionals', 'Technicians and associate professionals', 'SDGS', GETDATE());
INSERT INTO "VALUE" (VALUEPOOL, VALUECODE, SORTCODE, VALUETEXTS, VALUETEXTL, FOOTNOTE, USERID, LOGDATE) VALUES ('VPOCCUPATION', 'ISCO88_4', '016', 'Clerks', 'Clerks', 'N', 'SDGS', GETDATE());
INSERT INTO "VALUE_ENG" (VALUEPOOL, VALUECODE, SORTCODE, VALUETEXTS, VALUETEXTL, USERID, LOGDATE) VALUES ('VPOCCUPATION', 'ISCO88_4', '016', 'Clerks', 'Clerks', 'SDGS', GETDATE());
INSERT INTO "VALUE" (VALUEPOOL, VALUECODE, SORTCODE, VALUETEXTS, VALUETEXTL, FOOTNOTE, USERID, LOGDATE) VALUES ('VPOCCUPATION', 'ISCO88_5', '017', 'Service workers and shop and market sales workers', 'Service workers and shop and market sales workers', 'N', 'SDGS', GETDATE());
INSERT INTO "VALUE_ENG" (VALUEPOOL, VALUECODE, SORTCODE, VALUETEXTS, VALUETEXTL, USERID, LOGDATE) VALUES ('VPOCCUPATION', 'ISCO88_5', '017', 'Service workers and shop and market sales workers', 'Service workers and shop and market sales workers', 'SDGS', GETDATE());
INSERT INTO "VALUE" (VALUEPOOL, VALUECODE, SORTCODE, VALUETEXTS, VALUETEXTL, FOOTNOTE, USERID, LOGDATE) VALUES ('VPOCCUPATION', 'ISCO88_6', '018', 'Skilled agricultural and fishery workers', 'Skilled agricultural and fishery workers', 'N', 'SDGS', GETDATE());
INSERT INTO "VALUE_ENG" (VALUEPOOL, VALUECODE, SORTCODE, VALUETEXTS, VALUETEXTL, USERID, LOGDATE) VALUES ('VPOCCUPATION', 'ISCO88_6', '018', 'Skilled agricultural and fishery workers', 'Skilled agricultural and fishery workers', 'SDGS', GETDATE());
INSERT INTO "VALUE" (VALUEPOOL, VALUECODE, SORTCODE, VALUETEXTS, VALUETEXTL, FOOTNOTE, USERID, LOGDATE) VALUES ('VPOCCUPATION', 'ISCO88_7', '019', 'Craft and related trades workers', 'Craft and related trades workers', 'N', 'SDGS', GETDATE());
INSERT INTO "VALUE_ENG" (VALUEPOOL, VALUECODE, SORTCODE, VALUETEXTS, VALUETEXTL, USERID, LOGDATE) VALUES ('VPOCCUPATION', 'ISCO88_7', '019', 'Craft and related trades workers', 'Craft and related trades workers', 'SDGS', GETDATE());
INSERT INTO "VALUE" (VALUEPOOL, VALUECODE, SORTCODE, VALUETEXTS, VALUETEXTL, FOOTNOTE, USERID, LOGDATE) VALUES ('VPOCCUPATION', 'ISCO88_8', '020', 'Plant and machine operators and assemblers', 'Plant and machine operators and assemblers', 'N', 'SDGS', GETDATE());
INSERT INTO "VALUE_ENG" (VALUEPOOL, VALUECODE, SORTCODE, VALUETEXTS, VALUETEXTL, USERID, LOGDATE) VALUES ('VPOCCUPATION', 'ISCO88_8', '020', 'Plant and machine operators and assemblers', 'Plant and machine operators and assemblers', 'SDGS', GETDATE());
INSERT INTO "VALUE" (VALUEPOOL, VALUECODE, SORTCODE, VALUETEXTS, VALUETEXTL, FOOTNOTE, USERID, LOGDATE) VALUES ('VPOCCUPATION', 'ISCO88_9', '021', 'Elementary occupations', 'Elementary occupations', 'N', 'SDGS', GETDATE());
INSERT INTO "VALUE_ENG" (VALUEPOOL, VALUECODE, SORTCODE, VALUETEXTS, VALUETEXTL, USERID, LOGDATE) VALUES ('VPOCCUPATION', 'ISCO88_9', '021', 'Elementary occupations', 'Elementary occupations', 'SDGS', GETDATE());
INSERT INTO "VALUE" (VALUEPOOL, VALUECODE, SORTCODE, VALUETEXTS, VALUETEXTL, FOOTNOTE, USERID, LOGDATE) VALUES ('VPOCCUPATION', 'ISCO88_0', '022', 'Armed forces', 'Armed forces', 'N', 'SDGS', GETDATE());
INSERT INTO "VALUE_ENG" (VALUEPOOL, VALUECODE, SORTCODE, VALUETEXTS, VALUETEXTL, USERID, LOGDATE) VALUES ('VPOCCUPATION', 'ISCO88_0', '022', 'Armed forces', 'Armed forces', 'SDGS', GETDATE());
INSERT INTO "VALUE" (VALUEPOOL, VALUECODE, SORTCODE, VALUETEXTS, VALUETEXTL, FOOTNOTE, USERID, LOGDATE) VALUES ('VPOCCUPATION', 'ISCO88_X', '023', 'Not elsewhere classified', 'Not elsewhere classified', 'N', 'SDGS', GETDATE());
INSERT INTO "VALUE_ENG" (VALUEPOOL, VALUECODE, SORTCODE, VALUETEXTS, VALUETEXTL, USERID, LOGDATE) VALUES ('VPOCCUPATION', 'ISCO88_X', '023', 'Not elsewhere classified', 'Not elsewhere classified', 'SDGS', GETDATE());
INSERT INTO "VALUE" (VALUEPOOL, VALUECODE, SORTCODE, VALUETEXTS, VALUETEXTL, FOOTNOTE, USERID, LOGDATE) VALUES ('VPOCCUPATION', 'ISCO68_0-1', '024', 'Professional, technical and related workers', 'Professional, technical and related workers', 'N', 'SDGS', GETDATE());
INSERT INTO "VALUE_ENG" (VALUEPOOL, VALUECODE, SORTCODE, VALUETEXTS, VALUETEXTL, USERID, LOGDATE) VALUES ('VPOCCUPATION', 'ISCO68_0-1', '024', 'Professional, technical and related workers', 'Professional, technical and related workers', 'SDGS', GETDATE());
INSERT INTO "VALUE" (VALUEPOOL, VALUECODE, SORTCODE, VALUETEXTS, VALUETEXTL, FOOTNOTE, USERID, LOGDATE) VALUES ('VPOCCUPATION', 'ISCO68_2', '025', 'Administrative and managerial workers', 'Administrative and managerial workers', 'N', 'SDGS', GETDATE());
INSERT INTO "VALUE_ENG" (VALUEPOOL, VALUECODE, SORTCODE, VALUETEXTS, VALUETEXTL, USERID, LOGDATE) VALUES ('VPOCCUPATION', 'ISCO68_2', '025', 'Administrative and managerial workers', 'Administrative and managerial workers', 'SDGS', GETDATE());
INSERT INTO "VALUE" (VALUEPOOL, VALUECODE, SORTCODE, VALUETEXTS, VALUETEXTL, FOOTNOTE, USERID, LOGDATE) VALUES ('VPOCCUPATION', 'ISCO68_3', '026', 'Clerical and related workers', 'Clerical and related workers', 'N', 'SDGS', GETDATE());
INSERT INTO "VALUE_ENG" (VALUEPOOL, VALUECODE, SORTCODE, VALUETEXTS, VALUETEXTL, USERID, LOGDATE) VALUES ('VPOCCUPATION', 'ISCO68_3', '026', 'Clerical and related workers', 'Clerical and related workers', 'SDGS', GETDATE());
INSERT INTO "VALUE" (VALUEPOOL, VALUECODE, SORTCODE, VALUETEXTS, VALUETEXTL, FOOTNOTE, USERID, LOGDATE) VALUES ('VPOCCUPATION', 'ISCO68_4', '027', 'Sales workers', 'Sales workers', 'N', 'SDGS', GETDATE());
INSERT INTO "VALUE_ENG" (VALUEPOOL, VALUECODE, SORTCODE, VALUETEXTS, VALUETEXTL, USERID, LOGDATE) VALUES ('VPOCCUPATION', 'ISCO68_4', '027', 'Sales workers', 'Sales workers', 'SDGS', GETDATE());
INSERT INTO "VALUE" (VALUEPOOL, VALUECODE, SORTCODE, VALUETEXTS, VALUETEXTL, FOOTNOTE, USERID, LOGDATE) VALUES ('VPOCCUPATION', 'ISCO68_5', '028', 'Service workers', 'Service workers', 'N', 'SDGS', GETDATE());
INSERT INTO "VALUE_ENG" (VALUEPOOL, VALUECODE, SORTCODE, VALUETEXTS, VALUETEXTL, USERID, LOGDATE) VALUES ('VPOCCUPATION', 'ISCO68_5', '028', 'Service workers', 'Service workers', 'SDGS', GETDATE());
INSERT INTO "VALUE" (VALUEPOOL, VALUECODE, SORTCODE, VALUETEXTS, VALUETEXTL, FOOTNOTE, USERID, LOGDATE) VALUES ('VPOCCUPATION', 'ISCO68_6', '029', 'Agriculture, animal husbandry and forestry workers, fishermen and hunters', 'Agriculture, animal husbandry and forestry workers, fishermen and hunters', 'N', 'SDGS', GETDATE());
INSERT INTO "VALUE_ENG" (VALUEPOOL, VALUECODE, SORTCODE, VALUETEXTS, VALUETEXTL, USERID, LOGDATE) VALUES ('VPOCCUPATION', 'ISCO68_6', '029', 'Agriculture, animal husbandry and forestry workers, fishermen and hunters', 'Agriculture, animal husbandry and forestry workers, fishermen and hunters', 'SDGS', GETDATE());
INSERT INTO "VALUE" (VALUEPOOL, VALUECODE, SORTCODE, VALUETEXTS, VALUETEXTL, FOOTNOTE, USERID, LOGDATE) VALUES ('VPOCCUPATION', 'ISCO68_7-9', '030', 'Production and related workers, transport equipment operators and labourers', 'Production and related workers, transport equipment operators and labourers', 'N', 'SDGS', GETDATE());
INSERT INTO "VALUE_ENG" (VALUEPOOL, VALUECODE, SORTCODE, VALUETEXTS, VALUETEXTL, USERID, LOGDATE) VALUES ('VPOCCUPATION', 'ISCO68_7-9', '030', 'Production and related workers, transport equipment operators and labourers', 'Production and related workers, transport equipment operators and labourers', 'SDGS', GETDATE());
INSERT INTO "VALUE" (VALUEPOOL, VALUECODE, SORTCODE, VALUETEXTS, VALUETEXTL, FOOTNOTE, USERID, LOGDATE) VALUES ('VPOCCUPATION', 'ISCO68_X', '031', 'Not elsewhere classified', 'Not elsewhere classified', 'N', 'SDGS', GETDATE());
INSERT INTO "VALUE_ENG" (VALUEPOOL, VALUECODE, SORTCODE, VALUETEXTS, VALUETEXTL, USERID, LOGDATE) VALUES ('VPOCCUPATION', 'ISCO68_X', '031', 'Not elsewhere classified', 'Not elsewhere classified', 'SDGS', GETDATE());
INSERT INTO "VALUE" (VALUEPOOL, VALUECODE, SORTCODE, VALUETEXTS, VALUETEXTL, FOOTNOTE, USERID, LOGDATE) VALUES ('VPOCCUPATION', 'ISCO68_AF', '032', 'Armed Forces', 'Armed Forces', 'N', 'SDGS', GETDATE());
INSERT INTO "VALUE_ENG" (VALUEPOOL, VALUECODE, SORTCODE, VALUETEXTS, VALUETEXTL, USERID, LOGDATE) VALUES ('VPOCCUPATION', 'ISCO68_AF', '032', 'Armed Forces', 'Armed Forces', 'SDGS', GETDATE());
INSERT INTO "VARIABLE" (VARIABLE, PRESTEXT, VARIABLEINFO, FOOTNOTE, USERID, LOGDATE) VALUES ('TYPEOFVIOLENCE', 'TYPE OF VIOLENCE', 'N', 'N', 'SDGS', GETDATE());
INSERT INTO "VARIABLE_ENG" (VARIABLE, PRESTEXT, USERID, LOGDATE) VALUES ('TYPEOFVIOLENCE', 'TYPE OF VIOLENCE', 'SDGS', GETDATE());
INSERT INTO "VALUEPOOL" (VALUEPOOL, PRESTEXT, DESCRIPTION, VALUETEXTEXISTS, VALUEPRES, METAID, USERID, LOGDATE) VALUES ('VPTYPEOFVIOLENCE', 'Valuepool for variable TYPE OF VIOLENCE', 'None', 'L', 'T', '0', 'SDGS', GETDATE());
INSERT INTO "VALUEPOOL_ENG" (VALUEPOOL, PRESTEXT, ValuePoolAlias, USERID, LOGDATE) VALUES ('VPTYPEOFVIOLENCE', 'Valuepool for variable TYPE OF VIOLENCE','', 'SDGS', GETDATE());
INSERT INTO "VALUE" (VALUEPOOL, VALUECODE, SORTCODE, VALUETEXTS, VALUETEXTL, FOOTNOTE, USERID, LOGDATE) VALUES ('VPTYPEOFVIOLENCE', '_T', '001', 'Total', 'Total', 'N', 'SDGS', GETDATE());
INSERT INTO "VALUE_ENG" (VALUEPOOL, VALUECODE, SORTCODE, VALUETEXTS, VALUETEXTL, USERID, LOGDATE) VALUES ('VPTYPEOFVIOLENCE', '_T', '001', 'Total', 'Total', 'SDGS', GETDATE());
INSERT INTO "VALUE" (VALUEPOOL, VALUECODE, SORTCODE, VALUETEXTS, VALUETEXTL, FOOTNOTE, USERID, LOGDATE) VALUES ('VPTYPEOFVIOLENCE', 'Ph', '002', 'Physical', 'Physical', 'N', 'SDGS', GETDATE());
INSERT INTO "VALUE_ENG" (VALUEPOOL, VALUECODE, SORTCODE, VALUETEXTS, VALUETEXTL, USERID, LOGDATE) VALUES ('VPTYPEOFVIOLENCE', 'Ph', '002', 'Physical', 'Physical', 'SDGS', GETDATE());
INSERT INTO "VALUE" (VALUEPOOL, VALUECODE, SORTCODE, VALUETEXTS, VALUETEXTL, FOOTNOTE, USERID, LOGDATE) VALUES ('VPTYPEOFVIOLENCE', 'PS', '003', 'Psychological', 'Psychological', 'N', 'SDGS', GETDATE());
INSERT INTO "VALUE_ENG" (VALUEPOOL, VALUECODE, SORTCODE, VALUETEXTS, VALUETEXTL, USERID, LOGDATE) VALUES ('VPTYPEOFVIOLENCE', 'PS', '003', 'Psychological', 'Psychological', 'SDGS', GETDATE());
INSERT INTO "VALUE" (VALUEPOOL, VALUECODE, SORTCODE, VALUETEXTS, VALUETEXTL, FOOTNOTE, USERID, LOGDATE) VALUES ('VPTYPEOFVIOLENCE', 'S', '004', 'Sexual', 'Sexual', 'N', 'SDGS', GETDATE());
INSERT INTO "VALUE_ENG" (VALUEPOOL, VALUECODE, SORTCODE, VALUETEXTS, VALUETEXTL, USERID, LOGDATE) VALUES ('VPTYPEOFVIOLENCE', 'S', '004', 'Sexual', 'Sexual', 'SDGS', GETDATE());
INSERT INTO "VARIABLE" (VARIABLE, PRESTEXT, VARIABLEINFO, FOOTNOTE, USERID, LOGDATE) VALUES ('EMPLOYMENTSTATUS', 'EMPLOYMENT STATUS', 'N', 'N', 'SDGS', GETDATE());
INSERT INTO "VARIABLE_ENG" (VARIABLE, PRESTEXT, USERID, LOGDATE) VALUES ('EMPLOYMENTSTATUS', 'EMPLOYMENT STATUS', 'SDGS', GETDATE());
INSERT INTO "VALUEPOOL" (VALUEPOOL, PRESTEXT, DESCRIPTION, VALUETEXTEXISTS, VALUEPRES, METAID, USERID, LOGDATE) VALUES ('VPEMPLOYMENTSTATUS', 'Valuepool for variable EMPLOYMENT STATUS', 'None', 'L', 'T', '0', 'SDGS', GETDATE());
INSERT INTO "VALUEPOOL_ENG" (VALUEPOOL, PRESTEXT, ValuePoolAlias, USERID, LOGDATE) VALUES ('VPEMPLOYMENTSTATUS', 'Valuepool for variable EMPLOYMENT STATUS','', 'SDGS', GETDATE());
INSERT INTO "VALUE" (VALUEPOOL, VALUECODE, SORTCODE, VALUETEXTS, VALUETEXTL, FOOTNOTE, USERID, LOGDATE) VALUES ('VPEMPLOYMENTSTATUS', '_T', '001', 'No breakdown by Employment Status', 'No breakdown by Employment Status', 'N', 'SDGS', GETDATE());
INSERT INTO "VALUE_ENG" (VALUEPOOL, VALUECODE, SORTCODE, VALUETEXTS, VALUETEXTL, USERID, LOGDATE) VALUES ('VPEMPLOYMENTSTATUS', '_T', '001', 'No breakdown by Employment Status', 'No breakdown by Employment Status', 'SDGS', GETDATE());
INSERT INTO "VALUE" (VALUEPOOL, VALUECODE, SORTCODE, VALUETEXTS, VALUETEXTL, FOOTNOTE, USERID, LOGDATE) VALUES ('VPEMPLOYMENTSTATUS', 'EP', '002', 'Employed Persons', 'Employed Persons', 'N', 'SDGS', GETDATE());
INSERT INTO "VALUE_ENG" (VALUEPOOL, VALUECODE, SORTCODE, VALUETEXTS, VALUETEXTL, USERID, LOGDATE) VALUES ('VPEMPLOYMENTSTATUS', 'EP', '002', 'Employed Persons', 'Employed Persons', 'SDGS', GETDATE());
INSERT INTO "VALUE" (VALUEPOOL, VALUECODE, SORTCODE, VALUETEXTS, VALUETEXTL, FOOTNOTE, USERID, LOGDATE) VALUES ('VPEMPLOYMENTSTATUS', 'UEP', '003', 'Unemployed Persons', 'Unemployed Persons', 'N', 'SDGS', GETDATE());
INSERT INTO "VALUE_ENG" (VALUEPOOL, VALUECODE, SORTCODE, VALUETEXTS, VALUETEXTL, USERID, LOGDATE) VALUES ('VPEMPLOYMENTSTATUS', 'UEP', '003', 'Unemployed Persons', 'Unemployed Persons', 'SDGS', GETDATE());
INSERT INTO "VARIABLE" (VARIABLE, PRESTEXT, VARIABLEINFO, FOOTNOTE, USERID, LOGDATE) VALUES ('Income', 'Income', 'N', 'N', 'SDGS', GETDATE());
INSERT INTO "VARIABLE_ENG" (VARIABLE, PRESTEXT, USERID, LOGDATE) VALUES ('Income', 'Income', 'SDGS', GETDATE());
INSERT INTO "VALUEPOOL" (VALUEPOOL, PRESTEXT, DESCRIPTION, VALUETEXTEXISTS, VALUEPRES, METAID, USERID, LOGDATE) VALUES ('VPIncome', 'Valuepool for variable Income', 'None', 'L', 'T', '0', 'SDGS', GETDATE());
INSERT INTO "VALUEPOOL_ENG" (VALUEPOOL, PRESTEXT, ValuePoolAlias, USERID, LOGDATE) VALUES ('VPIncome', 'Valuepool for variable Income','', 'SDGS', GETDATE());
INSERT INTO "VALUE" (VALUEPOOL, VALUECODE, SORTCODE, VALUETEXTS, VALUETEXTL, FOOTNOTE, USERID, LOGDATE) VALUES ('VPIncome', '_T', '001', 'All Income ranges or no breakdown by Income', 'All Income ranges or no breakdown by Income', 'N', 'SDGS', GETDATE());
INSERT INTO "VALUE_ENG" (VALUEPOOL, VALUECODE, SORTCODE, VALUETEXTS, VALUETEXTL, USERID, LOGDATE) VALUES ('VPIncome', '_T', '001', 'All Income ranges or no breakdown by Income', 'All Income ranges or no breakdown by Income', 'SDGS', GETDATE());
INSERT INTO "VALUE" (VALUEPOOL, VALUECODE, SORTCODE, VALUETEXTS, VALUETEXTL, FOOTNOTE, USERID, LOGDATE) VALUES ('VPIncome', 'I2000', '002', 'Less 2000 NIS', 'Less 2000 NIS', 'N', 'SDGS', GETDATE());
INSERT INTO "VALUE_ENG" (VALUEPOOL, VALUECODE, SORTCODE, VALUETEXTS, VALUETEXTL, USERID, LOGDATE) VALUES ('VPIncome', 'I2000', '002', 'Less 2000 NIS', 'Less 2000 NIS', 'SDGS', GETDATE());
INSERT INTO "VALUE" (VALUEPOOL, VALUECODE, SORTCODE, VALUETEXTS, VALUETEXTL, FOOTNOTE, USERID, LOGDATE) VALUES ('VPIncome', 'I2000T2500', '003', '2000 to 2500 NIS', '2000 to 2500 NIS', 'N', 'SDGS', GETDATE());
INSERT INTO "VALUE_ENG" (VALUEPOOL, VALUECODE, SORTCODE, VALUETEXTS, VALUETEXTL, USERID, LOGDATE) VALUES ('VPIncome', 'I2000T2500', '003', '2000 to 2500 NIS', '2000 to 2500 NIS', 'SDGS', GETDATE());
INSERT INTO "VALUE" (VALUEPOOL, VALUECODE, SORTCODE, VALUETEXTS, VALUETEXTL, FOOTNOTE, USERID, LOGDATE) VALUES ('VPIncome', 'I2501T3500', '004', '2000 to 2500 NIS', '2000 to 2500 NIS', 'N', 'SDGS', GETDATE());
INSERT INTO "VALUE_ENG" (VALUEPOOL, VALUECODE, SORTCODE, VALUETEXTS, VALUETEXTL, USERID, LOGDATE) VALUES ('VPIncome', 'I2501T3500', '004', '2000 to 2500 NIS', '2000 to 2500 NIS', 'SDGS', GETDATE());
INSERT INTO "VALUE" (VALUEPOOL, VALUECODE, SORTCODE, VALUETEXTS, VALUETEXTL, FOOTNOTE, USERID, LOGDATE) VALUES ('VPIncome', 'I3501T5000', '005', '2000 to 2500 NIS', '2000 to 2500 NIS', 'N', 'SDGS', GETDATE());
INSERT INTO "VALUE_ENG" (VALUEPOOL, VALUECODE, SORTCODE, VALUETEXTS, VALUETEXTL, USERID, LOGDATE) VALUES ('VPIncome', 'I3501T5000', '005', '2000 to 2500 NIS', '2000 to 2500 NIS', 'SDGS', GETDATE());
INSERT INTO "VALUE" (VALUEPOOL, VALUECODE, SORTCODE, VALUETEXTS, VALUETEXTL, FOOTNOTE, USERID, LOGDATE) VALUES ('VPIncome', 'I_GE5000', '006', '5001 NIS and over', '5001 NIS and over', 'N', 'SDGS', GETDATE());
INSERT INTO "VALUE_ENG" (VALUEPOOL, VALUECODE, SORTCODE, VALUETEXTS, VALUETEXTL, USERID, LOGDATE) VALUES ('VPIncome', 'I_GE5000', '006', '5001 NIS and over', '5001 NIS and over', 'SDGS', GETDATE());
INSERT INTO "VARIABLE" (VARIABLE, PRESTEXT, VARIABLEINFO, FOOTNOTE, USERID, LOGDATE) VALUES ('REPORTING_TYPE', 'REPORTING TYPE', 'N', 'N', 'SDGS', GETDATE());
INSERT INTO "VARIABLE_ENG" (VARIABLE, PRESTEXT, USERID, LOGDATE) VALUES ('REPORTING_TYPE', 'REPORTING TYPE', 'SDGS', GETDATE());
INSERT INTO "VALUEPOOL" (VALUEPOOL, PRESTEXT, DESCRIPTION, VALUETEXTEXISTS, VALUEPRES, METAID, USERID, LOGDATE) VALUES ('VPREPORTING_TYPE', 'Valuepool for variable REPORTING TYPE', 'None', 'L', 'T', '0', 'SDGS', GETDATE());
INSERT INTO "VALUEPOOL_ENG" (VALUEPOOL, PRESTEXT, ValuePoolAlias, USERID, LOGDATE) VALUES ('VPREPORTING_TYPE', 'Valuepool for variable REPORTING TYPE','', 'SDGS', GETDATE());
INSERT INTO "VALUE" (VALUEPOOL, VALUECODE, SORTCODE, VALUETEXTS, VALUETEXTL, FOOTNOTE, USERID, LOGDATE) VALUES ('VPREPORTING_TYPE', 'G', '001', 'Global', 'Global', 'N', 'SDGS', GETDATE());
INSERT INTO "VALUE_ENG" (VALUEPOOL, VALUECODE, SORTCODE, VALUETEXTS, VALUETEXTL, USERID, LOGDATE) VALUES ('VPREPORTING_TYPE', 'G', '001', 'Global', 'Global', 'SDGS', GETDATE());
INSERT INTO "VALUE" (VALUEPOOL, VALUECODE, SORTCODE, VALUETEXTS, VALUETEXTL, FOOTNOTE, USERID, LOGDATE) VALUES ('VPREPORTING_TYPE', 'R', '002', 'Regional', 'Regional', 'N', 'SDGS', GETDATE());
INSERT INTO "VALUE_ENG" (VALUEPOOL, VALUECODE, SORTCODE, VALUETEXTS, VALUETEXTL, USERID, LOGDATE) VALUES ('VPREPORTING_TYPE', 'R', '002', 'Regional', 'Regional', 'SDGS', GETDATE());
INSERT INTO "VALUE" (VALUEPOOL, VALUECODE, SORTCODE, VALUETEXTS, VALUETEXTL, FOOTNOTE, USERID, LOGDATE) VALUES ('VPREPORTING_TYPE', 'N', '003', 'National', 'National', 'N', 'SDGS', GETDATE());
INSERT INTO "VALUE_ENG" (VALUEPOOL, VALUECODE, SORTCODE, VALUETEXTS, VALUETEXTL, USERID, LOGDATE) VALUES ('VPREPORTING_TYPE', 'N', '003', 'National', 'National', 'SDGS', GETDATE());
INSERT INTO "VARIABLE" (VARIABLE, PRESTEXT, VARIABLEINFO, FOOTNOTE, USERID, LOGDATE) VALUES ('YEARSOFSCHOOLING', 'YEARS OF SCHOOLING', 'N', 'N', 'SDGS', GETDATE());
INSERT INTO "VARIABLE_ENG" (VARIABLE, PRESTEXT, USERID, LOGDATE) VALUES ('YEARSOFSCHOOLING', 'YEARS OF SCHOOLING', 'SDGS', GETDATE());
INSERT INTO "VALUEPOOL" (VALUEPOOL, PRESTEXT, DESCRIPTION, VALUETEXTEXISTS, VALUEPRES, METAID, USERID, LOGDATE) VALUES ('VPYEARSOFSCHOOLING', 'Valuepool for variable YEARS OF SCHOOLING', 'None', 'L', 'T', '0', 'SDGS', GETDATE());
INSERT INTO "VALUEPOOL_ENG" (VALUEPOOL, PRESTEXT, ValuePoolAlias, USERID, LOGDATE) VALUES ('VPYEARSOFSCHOOLING', 'Valuepool for variable YEARS OF SCHOOLING','', 'SDGS', GETDATE());
INSERT INTO "VALUE" (VALUEPOOL, VALUECODE, SORTCODE, VALUETEXTS, VALUETEXTL, FOOTNOTE, USERID, LOGDATE) VALUES ('VPYEARSOFSCHOOLING', '_T', '001', 'All schooling years or no breakdown by schooling years', 'All schooling years or no breakdown by schooling years', 'N', 'SDGS', GETDATE());
INSERT INTO "VALUE_ENG" (VALUEPOOL, VALUECODE, SORTCODE, VALUETEXTS, VALUETEXTL, USERID, LOGDATE) VALUES ('VPYEARSOFSCHOOLING', '_T', '001', 'All schooling years or no breakdown by schooling years', 'All schooling years or no breakdown by schooling years', 'SDGS', GETDATE());
INSERT INTO "VALUE" (VALUEPOOL, VALUECODE, SORTCODE, VALUETEXTS, VALUETEXTL, FOOTNOTE, USERID, LOGDATE) VALUES ('VPYEARSOFSCHOOLING', 'SY0', '002', '0 schooling years', '0 schooling years', 'N', 'SDGS', GETDATE());
INSERT INTO "VALUE_ENG" (VALUEPOOL, VALUECODE, SORTCODE, VALUETEXTS, VALUETEXTL, USERID, LOGDATE) VALUES ('VPYEARSOFSCHOOLING', 'SY0', '002', '0 schooling years', '0 schooling years', 'SDGS', GETDATE());
INSERT INTO "VALUE" (VALUEPOOL, VALUECODE, SORTCODE, VALUETEXTS, VALUETEXTL, FOOTNOTE, USERID, LOGDATE) VALUES ('VPYEARSOFSCHOOLING', 'SY1T6', '003', '1 to 6 schooling years', '1 to 6 schooling years', 'N', 'SDGS', GETDATE());
INSERT INTO "VALUE_ENG" (VALUEPOOL, VALUECODE, SORTCODE, VALUETEXTS, VALUETEXTL, USERID, LOGDATE) VALUES ('VPYEARSOFSCHOOLING', 'SY1T6', '003', '1 to 6 schooling years', '1 to 6 schooling years', 'SDGS', GETDATE());
INSERT INTO "VALUE" (VALUEPOOL, VALUECODE, SORTCODE, VALUETEXTS, VALUETEXTL, FOOTNOTE, USERID, LOGDATE) VALUES ('VPYEARSOFSCHOOLING', 'SY7T9', '004', '7 to 9 schooling years', '7 to 9 schooling years', 'N', 'SDGS', GETDATE());
INSERT INTO "VALUE_ENG" (VALUEPOOL, VALUECODE, SORTCODE, VALUETEXTS, VALUETEXTL, USERID, LOGDATE) VALUES ('VPYEARSOFSCHOOLING', 'SY7T9', '004', '7 to 9 schooling years', '7 to 9 schooling years', 'SDGS', GETDATE());
INSERT INTO "VALUE" (VALUEPOOL, VALUECODE, SORTCODE, VALUETEXTS, VALUETEXTL, FOOTNOTE, USERID, LOGDATE) VALUES ('VPYEARSOFSCHOOLING', 'SY10T12', '005', '10 to 12 schooling years', '10 to 12 schooling years', 'N', 'SDGS', GETDATE());
INSERT INTO "VALUE_ENG" (VALUEPOOL, VALUECODE, SORTCODE, VALUETEXTS, VALUETEXTL, USERID, LOGDATE) VALUES ('VPYEARSOFSCHOOLING', 'SY10T12', '005', '10 to 12 schooling years', '10 to 12 schooling years', 'SDGS', GETDATE());
INSERT INTO "VALUE" (VALUEPOOL, VALUECODE, SORTCODE, VALUETEXTS, VALUETEXTL, FOOTNOTE, USERID, LOGDATE) VALUES ('VPYEARSOFSCHOOLING', 'SY_GE13', '006', '13 schooling years and over', '13 schooling years and over', 'N', 'SDGS', GETDATE());
INSERT INTO "VALUE_ENG" (VALUEPOOL, VALUECODE, SORTCODE, VALUETEXTS, VALUETEXTL, USERID, LOGDATE) VALUES ('VPYEARSOFSCHOOLING', 'SY_GE13', '006', '13 schooling years and over', '13 schooling years and over', 'SDGS', GETDATE());
INSERT INTO "VARIABLE" (VARIABLE, PRESTEXT, VARIABLEINFO, FOOTNOTE, USERID, LOGDATE) VALUES ('INTERNETSPEED', 'INTERNET SPEED', 'N', 'N', 'SDGS', GETDATE());
INSERT INTO "VARIABLE_ENG" (VARIABLE, PRESTEXT, USERID, LOGDATE) VALUES ('INTERNETSPEED', 'INTERNET SPEED', 'SDGS', GETDATE());
INSERT INTO "VALUEPOOL" (VALUEPOOL, PRESTEXT, DESCRIPTION, VALUETEXTEXISTS, VALUEPRES, METAID, USERID, LOGDATE) VALUES ('VPINTERNETSPEED', 'Valuepool for variable INTERNET SPEED', 'None', 'L', 'T', '0', 'SDGS', GETDATE());
INSERT INTO "VALUEPOOL_ENG" (VALUEPOOL, PRESTEXT, ValuePoolAlias, USERID, LOGDATE) VALUES ('VPINTERNETSPEED', 'Valuepool for variable INTERNET SPEED','', 'SDGS', GETDATE());
INSERT INTO "VALUE" (VALUEPOOL, VALUECODE, SORTCODE, VALUETEXTS, VALUETEXTL, FOOTNOTE, USERID, LOGDATE) VALUES ('VPINTERNETSPEED', '_T', '001', 'All internet speeds no breakdown by internetspeed', 'All internet speeds no breakdown by internetspeed', 'N', 'SDGS', GETDATE());
INSERT INTO "VALUE_ENG" (VALUEPOOL, VALUECODE, SORTCODE, VALUETEXTS, VALUETEXTL, USERID, LOGDATE) VALUES ('VPINTERNETSPEED', '_T', '001', 'All internet speeds no breakdown by internetspeed', 'All internet speeds no breakdown by internetspeed', 'SDGS', GETDATE());
INSERT INTO "VALUE" (VALUEPOOL, VALUECODE, SORTCODE, VALUETEXTS, VALUETEXTL, FOOTNOTE, USERID, LOGDATE) VALUES ('VPINTERNETSPEED', 'IS8', '002', '8 Mbit', '8 Mbit', 'N', 'SDGS', GETDATE());
INSERT INTO "VALUE_ENG" (VALUEPOOL, VALUECODE, SORTCODE, VALUETEXTS, VALUETEXTL, USERID, LOGDATE) VALUES ('VPINTERNETSPEED', 'IS8', '002', '8 Mbit', '8 Mbit', 'SDGS', GETDATE());
INSERT INTO "VALUE" (VALUEPOOL, VALUECODE, SORTCODE, VALUETEXTS, VALUETEXTL, FOOTNOTE, USERID, LOGDATE) VALUES ('VPINTERNETSPEED', 'ISY2T9.99', '003', '2 to 9.99 Mbits', '2 to 9.99 Mbits', 'N', 'SDGS', GETDATE());
INSERT INTO "VALUE_ENG" (VALUEPOOL, VALUECODE, SORTCODE, VALUETEXTS, VALUETEXTL, USERID, LOGDATE) VALUES ('VPINTERNETSPEED', 'ISY2T9.99', '003', '2 to 9.99 Mbits', '2 to 9.99 Mbits', 'SDGS', GETDATE());
INSERT INTO "VALUE" (VALUEPOOL, VALUECODE, SORTCODE, VALUETEXTS, VALUETEXTL, FOOTNOTE, USERID, LOGDATE) VALUES ('VPINTERNETSPEED', 'IS_GE10', '004', '10Mbits and over', '10Mbits and over', 'N', 'SDGS', GETDATE());
INSERT INTO "VALUE_ENG" (VALUEPOOL, VALUECODE, SORTCODE, VALUETEXTS, VALUETEXTL, USERID, LOGDATE) VALUES ('VPINTERNETSPEED', 'IS_GE10', '004', '10Mbits and over', '10Mbits and over', 'SDGS', GETDATE());
INSERT INTO "MAINTABLE" (MAINTABLE, PRESTEXT, PRESTEXTS, PRESCATEGORY, TIMESCALE, USERID, LOGDATE, FIRSTPUBLISHED, TABLESTATUS, TABLEID, PRODUCTCODE, SPECCHAREXISTS, METAID, SUBJECTCODE, CONTENTSVARIABLE) VALUES  ('S11C01010101', 'code 1.1/C010101_01/C010101_01 -', 'SDGs Indicators', 'O', 'year', 'SDGS', GETDATE(), GETDATE(), 'A', 'S11C01010101', '001', 'N', '01', '01', 'ar: Sub Indicator');
INSERT INTO "MAINTABLE_ENG" (MAINTABLE, STATUS, PUBLISHED, PRESTEXT, PRESTEXTS, CONTENTSVARIABLE, USERID, LOGDATE) VALUES  ('S11C01010101', 'A', GETDATE(), 'code 1.1/C010101_01/C010101_01 -', 'SDGs Indicators', 'Sub Indicator', 'SDGS', GETDATE());
INSERT INTO "SECONDARYLANGUAGE" (MAINTABLE, LANGUAGE, COMPLETELYTRANSLATED,PUBLISHED, USERID, LOGDATE) VALUES  ('S11C01010101', 'en','Y', 'Y', 'SDGS', GETDATE());
INSERT INTO "CONTENTS" (MAINTABLE, CONTENTS, PRESTEXT, PRESCODE, COPYRIGHT, PRODUCER, LASTUPDATED, UNIT, PRESDECIMALS, PRESCELLSZERO, STOCKFA, DAYADJ, SEASADJ, FOOTNOTECONTENTS, FOOTNOTEVARIABLE, FOOTNOTEVALUE, STORECOLUMNNO, STOREFORMAT, STORENOCHAR, STOREDECIMALS, USERID, LOGDATE, PUBLISHED, PRESTEXTS, STATAUTHORITY, AGGREGPOSSIBLE, FOOTNOTETIME, METAID) VALUES  ('S11C01010101', 'OBS_VALUE', 'ar: Sustainable Development Goals - SDGs', 'DATA', '1', 'PCBS', GETDATE(), 'OBS_VALUE', '2', 'Y', 'F', 'N', 'N', 'N', 'N', 'N', '3', 'N', '17', '2', 'SDGS', GETDATE(), GETDATE(), 'C010101_01', 'PCBS', 'N', 'N', '01');
INSERT INTO "CONTENTS_ENG" (MAINTABLE, CONTENTS, PRESTEXT, UNIT, USERID, LOGDATE, PRESTEXTS, REFPERIOD, BASEPERIOD)  VALUES  ('S11C01010101', 'OBS_VALUE', 'Sustainable Development Goals - SDGs',  'OBS_VALUE', 'SDGS', GETDATE(), 'C010101_01', NULL,NULL);
INSERT INTO "SUBTABLE" (MAINTABLE, SUBTABLE, PRESTEXT, CLEANTABLE, USERID, LOGDATE) VALUES  ('S11C01010101', '', 'code 1.1/C010101_01/C010101_01 -', 'Y', 'SDGS', GETDATE());
INSERT INTO "SUBTABLE_ENG" (MAINTABLE, SUBTABLE, PRESTEXT, USERID, LOGDATE) VALUES  ('S11C01010101', '', 'code 1.1/C010101_01/C010101_01 -', 'SDGS', GETDATE());
INSERT INTO "SUBTABLEVARIABLE" (MAINTABLE, SUBTABLE, VARIABLE, VARIABLETYPE, STORECOLUMNNO, USERID, LOGDATE) VALUES ('S11C01010101', '', 'TIME_PERIOD', 'T', '1', 'SDGS', GETDATE());
INSERT INTO "CONTENTSTIME" (MAINTABLE, CONTENTS, TIMEPERIOD, USERID, LOGDATE) VALUES ('S11C01010101', 'OBS_VALUE', 2000, 'SDGS', GETDATE());
INSERT INTO "CONTENTSTIME" (MAINTABLE, CONTENTS, TIMEPERIOD, USERID, LOGDATE) VALUES ('S11C01010101', 'OBS_VALUE', 2002, 'SDGS', GETDATE());
INSERT INTO "VALUESET" (VALUESET, PRESTEXT, DESCRIPTION, ELIMINATION, VALUEPOOL, METAID, FOOTNOTE, USERID, LOGDATE, VALUEPRES, SORTCODEEXISTS) VALUES ('VSREF_AREA_C010101_01', 'Hmm', 'None', 'A', 'VPREF_AREA', '0', 'N', 'SDGS', GETDATE(), 'T', 'N');
INSERT INTO "VALUESET_ENG" (VALUESET, PRESTEXT, DESCRIPTION, USERID, LOGDATE) VALUES ('VSREF_AREA_C010101_01', 'Hmm', 'None', 'SDGS', GETDATE());
INSERT INTO "VSVALUE" (VALUESET, VALUEPOOL, VALUECODE, USERID, LOGDATE) VALUES ('VSREF_AREA_C010101_01', 'VPREF_AREA', '1', 'SDGS', GETDATE());
INSERT INTO "VSVALUE_ENG" (VALUESET, VALUEPOOL, VALUECODE, USERID, LOGDATE) VALUES ('VSREF_AREA_C010101_01', 'VPREF_AREA', '1', 'SDGS', GETDATE());
INSERT INTO "VSVALUE" (VALUESET, VALUEPOOL, VALUECODE, USERID, LOGDATE) VALUES ('VSREF_AREA_C010101_01', 'VPREF_AREA', '2', 'SDGS', GETDATE());
INSERT INTO "VSVALUE_ENG" (VALUESET, VALUEPOOL, VALUECODE, USERID, LOGDATE) VALUES ('VSREF_AREA_C010101_01', 'VPREF_AREA', '2', 'SDGS', GETDATE());
INSERT INTO "SUBTABLEVARIABLE" (MAINTABLE, SUBTABLE, VARIABLE, VALUESET, VARIABLETYPE, STORECOLUMNNO, USERID, LOGDATE) VALUES ('S11C01010101', '', 'REF_AREA', 'VSREF_AREA_C010101_01', 'V', '1', 'SDGS', GETDATE());
INSERT INTO "VALUESET" (VALUESET, PRESTEXT, DESCRIPTION, ELIMINATION, VALUEPOOL, METAID, FOOTNOTE, USERID, LOGDATE, VALUEPRES, SORTCODEEXISTS) VALUES ('VSSEX_C010101_01', 'Hmm', 'None', 'A', 'VPSEX', '0', 'N', 'SDGS', GETDATE(), 'T', 'N');
INSERT INTO "VALUESET_ENG" (VALUESET, PRESTEXT, DESCRIPTION, USERID, LOGDATE) VALUES ('VSSEX_C010101_01', 'Hmm', 'None', 'SDGS', GETDATE());
INSERT INTO "VSVALUE" (VALUESET, VALUEPOOL, VALUECODE, USERID, LOGDATE) VALUES ('VSSEX_C010101_01', 'VPSEX', 'M', 'SDGS', GETDATE());
INSERT INTO "VSVALUE_ENG" (VALUESET, VALUEPOOL, VALUECODE, USERID, LOGDATE) VALUES ('VSSEX_C010101_01', 'VPSEX', 'M', 'SDGS', GETDATE());
INSERT INTO "VSVALUE" (VALUESET, VALUEPOOL, VALUECODE, USERID, LOGDATE) VALUES ('VSSEX_C010101_01', 'VPSEX', 'F', 'SDGS', GETDATE());
INSERT INTO "VSVALUE_ENG" (VALUESET, VALUEPOOL, VALUECODE, USERID, LOGDATE) VALUES ('VSSEX_C010101_01', 'VPSEX', 'F', 'SDGS', GETDATE());
INSERT INTO "SUBTABLEVARIABLE" (MAINTABLE, SUBTABLE, VARIABLE, VALUESET, VARIABLETYPE, STORECOLUMNNO, USERID, LOGDATE) VALUES ('S11C01010101', '', 'SEX', 'VSSEX_C010101_01', 'V', '1', 'SDGS', GETDATE());
IF EXISTS (SELECT 1 FROM SYS.VIEWS WHERE NAME = 'S11C01010101' AND TYPE  = 'v') DROP VIEW S11C01010101;
GO
CREATE VIEW S11C01010101 AS SELECT * FROM INDICATORDATA WHERE SUBINDICATOR_CODE = 'C010101_01';
GO
INSERT INTO "MAINTABLE" (MAINTABLE, PRESTEXT, PRESTEXTS, PRESCATEGORY, TIMESCALE, USERID, LOGDATE, FIRSTPUBLISHED, TABLESTATUS, TABLEID, PRODUCTCODE, SPECCHAREXISTS, METAID, SUBJECTCODE, CONTENTSVARIABLE) VALUES  ('S12C01020101', 'code 1.2/C010201_01/C010201_01 - ???? ?????? ????? ?????? ??? ?? ????? ??????? ???? ????? ??????', 'SDGs Indicators', 'O', 'year', 'SDGS', GETDATE(), GETDATE(), 'A', 'S12C01020101', '001', 'N', '01', '01', 'ar: Sub Indicator');
INSERT INTO "MAINTABLE_ENG" (MAINTABLE, STATUS, PUBLISHED, PRESTEXT, PRESTEXTS, CONTENTSVARIABLE, USERID, LOGDATE) VALUES  ('S12C01020101', 'A', GETDATE(), 'code 1.2/C010201_01/C010201_01 - Proportion of population living below the national poverty line (%)', 'SDGs Indicators', 'Sub Indicator', 'SDGS', GETDATE());
INSERT INTO "SECONDARYLANGUAGE" (MAINTABLE, LANGUAGE, COMPLETELYTRANSLATED,PUBLISHED, USERID, LOGDATE) VALUES  ('S12C01020101', 'en','Y', 'Y', 'SDGS', GETDATE());
INSERT INTO "CONTENTS" (MAINTABLE, CONTENTS, PRESTEXT, PRESCODE, COPYRIGHT, PRODUCER, LASTUPDATED, UNIT, PRESDECIMALS, PRESCELLSZERO, STOCKFA, DAYADJ, SEASADJ, FOOTNOTECONTENTS, FOOTNOTEVARIABLE, FOOTNOTEVALUE, STORECOLUMNNO, STOREFORMAT, STORENOCHAR, STOREDECIMALS, USERID, LOGDATE, PUBLISHED, PRESTEXTS, STATAUTHORITY, AGGREGPOSSIBLE, FOOTNOTETIME, METAID) VALUES  ('S12C01020101', 'OBS_VALUE', 'ar: Sustainable Development Goals - SDGs', 'DATA', '1', 'PCBS', GETDATE(), 'OBS_VALUE', '2', 'Y', 'F', 'N', 'N', 'N', 'N', 'N', '3', 'N', '17', '2', 'SDGS', GETDATE(), GETDATE(), 'C010201_01', 'PCBS', 'N', 'N', '01');
INSERT INTO "CONTENTS_ENG" (MAINTABLE, CONTENTS, PRESTEXT, UNIT, USERID, LOGDATE, PRESTEXTS, REFPERIOD, BASEPERIOD)  VALUES  ('S12C01020101', 'OBS_VALUE', 'Sustainable Development Goals - SDGs',  'OBS_VALUE', 'SDGS', GETDATE(), 'C010201_01', NULL,NULL);
INSERT INTO "SUBTABLE" (MAINTABLE, SUBTABLE, PRESTEXT, CLEANTABLE, USERID, LOGDATE) VALUES  ('S12C01020101', '', 'code 1.2/C010201_01/C010201_01 - ???? ?????? ????? ?????? ??? ?? ????? ??????? ???? ????? ??????', 'Y', 'SDGS', GETDATE());
INSERT INTO "SUBTABLE_ENG" (MAINTABLE, SUBTABLE, PRESTEXT, USERID, LOGDATE) VALUES  ('S12C01020101', '', 'code 1.2/C010201_01/C010201_01 - Proportion of population living below the national poverty line (%)', 'SDGS', GETDATE());
INSERT INTO "SUBTABLEVARIABLE" (MAINTABLE, SUBTABLE, VARIABLE, VARIABLETYPE, STORECOLUMNNO, USERID, LOGDATE) VALUES ('S12C01020101', '', 'TIME_PERIOD', 'T', '1', 'SDGS', GETDATE());
INSERT INTO "CONTENTSTIME" (MAINTABLE, CONTENTS, TIMEPERIOD, USERID, LOGDATE) VALUES ('S12C01020101', 'OBS_VALUE', 2009, 'SDGS', GETDATE());
INSERT INTO "CONTENTSTIME" (MAINTABLE, CONTENTS, TIMEPERIOD, USERID, LOGDATE) VALUES ('S12C01020101', 'OBS_VALUE', 2010, 'SDGS', GETDATE());
INSERT INTO "CONTENTSTIME" (MAINTABLE, CONTENTS, TIMEPERIOD, USERID, LOGDATE) VALUES ('S12C01020101', 'OBS_VALUE', 2011, 'SDGS', GETDATE());
INSERT INTO "CONTENTSTIME" (MAINTABLE, CONTENTS, TIMEPERIOD, USERID, LOGDATE) VALUES ('S12C01020101', 'OBS_VALUE', 2017, 'SDGS', GETDATE());
INSERT INTO "VALUESET" (VALUESET, PRESTEXT, DESCRIPTION, ELIMINATION, VALUEPOOL, METAID, FOOTNOTE, USERID, LOGDATE, VALUEPRES, SORTCODEEXISTS) VALUES ('VSREF_AREA_C010201_01', 'Hmm', 'None', 'A', 'VPREF_AREA', '0', 'N', 'SDGS', GETDATE(), 'T', 'N');
INSERT INTO "VALUESET_ENG" (VALUESET, PRESTEXT, DESCRIPTION, USERID, LOGDATE) VALUES ('VSREF_AREA_C010201_01', 'Hmm', 'None', 'SDGS', GETDATE());
INSERT INTO "VSVALUE" (VALUESET, VALUEPOOL, VALUECODE, USERID, LOGDATE) VALUES ('VSREF_AREA_C010201_01', 'VPREF_AREA', '1', 'SDGS', GETDATE());
INSERT INTO "VSVALUE_ENG" (VALUESET, VALUEPOOL, VALUECODE, USERID, LOGDATE) VALUES ('VSREF_AREA_C010201_01', 'VPREF_AREA', '1', 'SDGS', GETDATE());
INSERT INTO "VSVALUE" (VALUESET, VALUEPOOL, VALUECODE, USERID, LOGDATE) VALUES ('VSREF_AREA_C010201_01', 'VPREF_AREA', '2', 'SDGS', GETDATE());
INSERT INTO "VSVALUE_ENG" (VALUESET, VALUEPOOL, VALUECODE, USERID, LOGDATE) VALUES ('VSREF_AREA_C010201_01', 'VPREF_AREA', '2', 'SDGS', GETDATE());
INSERT INTO "VSVALUE" (VALUESET, VALUEPOOL, VALUECODE, USERID, LOGDATE) VALUES ('VSREF_AREA_C010201_01', 'VPREF_AREA', '3', 'SDGS', GETDATE());
INSERT INTO "VSVALUE_ENG" (VALUESET, VALUEPOOL, VALUECODE, USERID, LOGDATE) VALUES ('VSREF_AREA_C010201_01', 'VPREF_AREA', '3', 'SDGS', GETDATE());
INSERT INTO "VSVALUE" (VALUESET, VALUEPOOL, VALUECODE, USERID, LOGDATE) VALUES ('VSREF_AREA_C010201_01', 'VPREF_AREA', '1101', 'SDGS', GETDATE());
INSERT INTO "VSVALUE_ENG" (VALUESET, VALUEPOOL, VALUECODE, USERID, LOGDATE) VALUES ('VSREF_AREA_C010201_01', 'VPREF_AREA', '1101', 'SDGS', GETDATE());
INSERT INTO "VSVALUE" (VALUESET, VALUEPOOL, VALUECODE, USERID, LOGDATE) VALUES ('VSREF_AREA_C010201_01', 'VPREF_AREA', '1105', 'SDGS', GETDATE());
INSERT INTO "VSVALUE_ENG" (VALUESET, VALUEPOOL, VALUECODE, USERID, LOGDATE) VALUES ('VSREF_AREA_C010201_01', 'VPREF_AREA', '1105', 'SDGS', GETDATE());
INSERT INTO "VSVALUE" (VALUESET, VALUEPOOL, VALUECODE, USERID, LOGDATE) VALUES ('VSREF_AREA_C010201_01', 'VPREF_AREA', '1110', 'SDGS', GETDATE());
INSERT INTO "VSVALUE_ENG" (VALUESET, VALUEPOOL, VALUECODE, USERID, LOGDATE) VALUES ('VSREF_AREA_C010201_01', 'VPREF_AREA', '1110', 'SDGS', GETDATE());
INSERT INTO "VSVALUE" (VALUESET, VALUEPOOL, VALUECODE, USERID, LOGDATE) VALUES ('VSREF_AREA_C010201_01', 'VPREF_AREA', '1115', 'SDGS', GETDATE());
INSERT INTO "VSVALUE_ENG" (VALUESET, VALUEPOOL, VALUECODE, USERID, LOGDATE) VALUES ('VSREF_AREA_C010201_01', 'VPREF_AREA', '1115', 'SDGS', GETDATE());
INSERT INTO "VSVALUE" (VALUESET, VALUEPOOL, VALUECODE, USERID, LOGDATE) VALUES ('VSREF_AREA_C010201_01', 'VPREF_AREA', '1120', 'SDGS', GETDATE());
INSERT INTO "VSVALUE_ENG" (VALUESET, VALUEPOOL, VALUECODE, USERID, LOGDATE) VALUES ('VSREF_AREA_C010201_01', 'VPREF_AREA', '1120', 'SDGS', GETDATE());
INSERT INTO "VSVALUE" (VALUESET, VALUEPOOL, VALUECODE, USERID, LOGDATE) VALUES ('VSREF_AREA_C010201_01', 'VPREF_AREA', '1125', 'SDGS', GETDATE());
INSERT INTO "VSVALUE_ENG" (VALUESET, VALUEPOOL, VALUECODE, USERID, LOGDATE) VALUES ('VSREF_AREA_C010201_01', 'VPREF_AREA', '1125', 'SDGS', GETDATE());
INSERT INTO "VSVALUE" (VALUESET, VALUEPOOL, VALUECODE, USERID, LOGDATE) VALUES ('VSREF_AREA_C010201_01', 'VPREF_AREA', '1230', 'SDGS', GETDATE());
INSERT INTO "VSVALUE_ENG" (VALUESET, VALUEPOOL, VALUECODE, USERID, LOGDATE) VALUES ('VSREF_AREA_C010201_01', 'VPREF_AREA', '1230', 'SDGS', GETDATE());
INSERT INTO "VSVALUE" (VALUESET, VALUEPOOL, VALUECODE, USERID, LOGDATE) VALUES ('VSREF_AREA_C010201_01', 'VPREF_AREA', '1235', 'SDGS', GETDATE());
INSERT INTO "VSVALUE_ENG" (VALUESET, VALUEPOOL, VALUECODE, USERID, LOGDATE) VALUES ('VSREF_AREA_C010201_01', 'VPREF_AREA', '1235', 'SDGS', GETDATE());
INSERT INTO "VSVALUE" (VALUESET, VALUEPOOL, VALUECODE, USERID, LOGDATE) VALUES ('VSREF_AREA_C010201_01', 'VPREF_AREA', '1345', 'SDGS', GETDATE());
INSERT INTO "VSVALUE_ENG" (VALUESET, VALUEPOOL, VALUECODE, USERID, LOGDATE) VALUES ('VSREF_AREA_C010201_01', 'VPREF_AREA', '1345', 'SDGS', GETDATE());
INSERT INTO "VSVALUE" (VALUESET, VALUEPOOL, VALUECODE, USERID, LOGDATE) VALUES ('VSREF_AREA_C010201_01', 'VPREF_AREA', '1350', 'SDGS', GETDATE());
INSERT INTO "VSVALUE_ENG" (VALUESET, VALUEPOOL, VALUECODE, USERID, LOGDATE) VALUES ('VSREF_AREA_C010201_01', 'VPREF_AREA', '1350', 'SDGS', GETDATE());
INSERT INTO "VSVALUE" (VALUESET, VALUEPOOL, VALUECODE, USERID, LOGDATE) VALUES ('VSREF_AREA_C010201_01', 'VPREF_AREA', '2455', 'SDGS', GETDATE());
INSERT INTO "VSVALUE_ENG" (VALUESET, VALUEPOOL, VALUECODE, USERID, LOGDATE) VALUES ('VSREF_AREA_C010201_01', 'VPREF_AREA', '2455', 'SDGS', GETDATE());
INSERT INTO "VSVALUE" (VALUESET, VALUEPOOL, VALUECODE, USERID, LOGDATE) VALUES ('VSREF_AREA_C010201_01', 'VPREF_AREA', '2460', 'SDGS', GETDATE());
INSERT INTO "VSVALUE_ENG" (VALUESET, VALUEPOOL, VALUECODE, USERID, LOGDATE) VALUES ('VSREF_AREA_C010201_01', 'VPREF_AREA', '2460', 'SDGS', GETDATE());
INSERT INTO "VSVALUE" (VALUESET, VALUEPOOL, VALUECODE, USERID, LOGDATE) VALUES ('VSREF_AREA_C010201_01', 'VPREF_AREA', '2465', 'SDGS', GETDATE());
INSERT INTO "VSVALUE_ENG" (VALUESET, VALUEPOOL, VALUECODE, USERID, LOGDATE) VALUES ('VSREF_AREA_C010201_01', 'VPREF_AREA', '2465', 'SDGS', GETDATE());
INSERT INTO "VSVALUE" (VALUESET, VALUEPOOL, VALUECODE, USERID, LOGDATE) VALUES ('VSREF_AREA_C010201_01', 'VPREF_AREA', '2470', 'SDGS', GETDATE());
INSERT INTO "VSVALUE_ENG" (VALUESET, VALUEPOOL, VALUECODE, USERID, LOGDATE) VALUES ('VSREF_AREA_C010201_01', 'VPREF_AREA', '2470', 'SDGS', GETDATE());
INSERT INTO "VSVALUE" (VALUESET, VALUEPOOL, VALUECODE, USERID, LOGDATE) VALUES ('VSREF_AREA_C010201_01', 'VPREF_AREA', '2475', 'SDGS', GETDATE());
INSERT INTO "VSVALUE_ENG" (VALUESET, VALUEPOOL, VALUECODE, USERID, LOGDATE) VALUES ('VSREF_AREA_C010201_01', 'VPREF_AREA', '2475', 'SDGS', GETDATE());
INSERT INTO "SUBTABLEVARIABLE" (MAINTABLE, SUBTABLE, VARIABLE, VALUESET, VARIABLETYPE, STORECOLUMNNO, USERID, LOGDATE) VALUES ('S12C01020101', '', 'REF_AREA', 'VSREF_AREA_C010201_01', 'V', '1', 'SDGS', GETDATE());
INSERT INTO "VALUESET" (VALUESET, PRESTEXT, DESCRIPTION, ELIMINATION, VALUEPOOL, METAID, FOOTNOTE, USERID, LOGDATE, VALUEPRES, SORTCODEEXISTS) VALUES ('VSSEX_C010201_01', 'Hmm', 'None', 'A', 'VPSEX', '0', 'N', 'SDGS', GETDATE(), 'T', 'N');
INSERT INTO "VALUESET_ENG" (VALUESET, PRESTEXT, DESCRIPTION, USERID, LOGDATE) VALUES ('VSSEX_C010201_01', 'Hmm', 'None', 'SDGS', GETDATE());
INSERT INTO "VSVALUE" (VALUESET, VALUEPOOL, VALUECODE, USERID, LOGDATE) VALUES ('VSSEX_C010201_01', 'VPSEX', 'M', 'SDGS', GETDATE());
INSERT INTO "VSVALUE_ENG" (VALUESET, VALUEPOOL, VALUECODE, USERID, LOGDATE) VALUES ('VSSEX_C010201_01', 'VPSEX', 'M', 'SDGS', GETDATE());
INSERT INTO "VSVALUE" (VALUESET, VALUEPOOL, VALUECODE, USERID, LOGDATE) VALUES ('VSSEX_C010201_01', 'VPSEX', 'F', 'SDGS', GETDATE());
INSERT INTO "VSVALUE_ENG" (VALUESET, VALUEPOOL, VALUECODE, USERID, LOGDATE) VALUES ('VSSEX_C010201_01', 'VPSEX', 'F', 'SDGS', GETDATE());
INSERT INTO "VSVALUE" (VALUESET, VALUEPOOL, VALUECODE, USERID, LOGDATE) VALUES ('VSSEX_C010201_01', 'VPSEX', '_T', 'SDGS', GETDATE());
INSERT INTO "VSVALUE_ENG" (VALUESET, VALUEPOOL, VALUECODE, USERID, LOGDATE) VALUES ('VSSEX_C010201_01', 'VPSEX', '_T', 'SDGS', GETDATE());
INSERT INTO "SUBTABLEVARIABLE" (MAINTABLE, SUBTABLE, VARIABLE, VALUESET, VARIABLETYPE, STORECOLUMNNO, USERID, LOGDATE) VALUES ('S12C01020101', '', 'SEX', 'VSSEX_C010201_01', 'V', '1', 'SDGS', GETDATE());
IF EXISTS (SELECT 1 FROM SYS.VIEWS WHERE NAME = 'S12C01020101' AND TYPE  = 'v') DROP VIEW S12C01020101;
GO
CREATE VIEW S12C01020101 AS SELECT * FROM INDICATORDATA WHERE SUBINDICATOR_CODE = 'C010201_01';
GO
INSERT INTO "MAINTABLE" (MAINTABLE, PRESTEXT, PRESTEXTS, PRESCATEGORY, TIMESCALE, USERID, LOGDATE, FIRSTPUBLISHED, TABLESTATUS, TABLEID, PRODUCTCODE, SPECCHAREXISTS, METAID, SUBJECTCODE, CONTENTSVARIABLE) VALUES  ('S12C01020201', 'code 1.2/C010202_01/C010202_01 - ???? ?????? ??????? ???????? ?? ???? ??????? ????? ?????? ????? ????? ?????? ????? ???????? ???????', 'SDGs Indicators', 'O', 'year', 'SDGS', GETDATE(), GETDATE(), 'A', 'S12C01020201', '001', 'N', '01', '01', 'ar: Sub Indicator');
INSERT INTO "MAINTABLE_ENG" (MAINTABLE, STATUS, PUBLISHED, PRESTEXT, PRESTEXTS, CONTENTSVARIABLE, USERID, LOGDATE) VALUES  ('S12C01020201', 'A', GETDATE(), 'code 1.2/C010202_01/C010202_01 - Proportion of men, women and children of all ages living in poverty in all its dimensions according to national definitions', 'SDGs Indicators', 'Sub Indicator', 'SDGS', GETDATE());
INSERT INTO "SECONDARYLANGUAGE" (MAINTABLE, LANGUAGE, COMPLETELYTRANSLATED,PUBLISHED, USERID, LOGDATE) VALUES  ('S12C01020201', 'en','Y', 'Y', 'SDGS', GETDATE());
INSERT INTO "CONTENTS" (MAINTABLE, CONTENTS, PRESTEXT, PRESCODE, COPYRIGHT, PRODUCER, LASTUPDATED, UNIT, PRESDECIMALS, PRESCELLSZERO, STOCKFA, DAYADJ, SEASADJ, FOOTNOTECONTENTS, FOOTNOTEVARIABLE, FOOTNOTEVALUE, STORECOLUMNNO, STOREFORMAT, STORENOCHAR, STOREDECIMALS, USERID, LOGDATE, PUBLISHED, PRESTEXTS, STATAUTHORITY, AGGREGPOSSIBLE, FOOTNOTETIME, METAID) VALUES  ('S12C01020201', 'OBS_VALUE', 'ar: Sustainable Development Goals - SDGs', 'DATA', '1', 'PCBS', GETDATE(), 'OBS_VALUE', '2', 'Y', 'F', 'N', 'N', 'N', 'N', 'N', '3', 'N', '17', '2', 'SDGS', GETDATE(), GETDATE(), 'C010202_01', 'PCBS', 'N', 'N', '01');
INSERT INTO "CONTENTS_ENG" (MAINTABLE, CONTENTS, PRESTEXT, UNIT, USERID, LOGDATE, PRESTEXTS, REFPERIOD, BASEPERIOD)  VALUES  ('S12C01020201', 'OBS_VALUE', 'Sustainable Development Goals - SDGs',  'OBS_VALUE', 'SDGS', GETDATE(), 'C010202_01', NULL,NULL);
INSERT INTO "SUBTABLE" (MAINTABLE, SUBTABLE, PRESTEXT, CLEANTABLE, USERID, LOGDATE) VALUES  ('S12C01020201', '', 'code 1.2/C010202_01/C010202_01 - ???? ?????? ??????? ???????? ?? ???? ??????? ????? ?????? ????? ????? ?????? ????? ???????? ???????', 'Y', 'SDGS', GETDATE());
INSERT INTO "SUBTABLE_ENG" (MAINTABLE, SUBTABLE, PRESTEXT, USERID, LOGDATE) VALUES  ('S12C01020201', '', 'code 1.2/C010202_01/C010202_01 - Proportion of men, women and children of all ages living in poverty in all its dimensions according to national definitions', 'SDGS', GETDATE());
INSERT INTO "SUBTABLEVARIABLE" (MAINTABLE, SUBTABLE, VARIABLE, VARIABLETYPE, STORECOLUMNNO, USERID, LOGDATE) VALUES ('S12C01020201', '', 'TIME_PERIOD', 'T', '1', 'SDGS', GETDATE());
INSERT INTO "CONTENTSTIME" (MAINTABLE, CONTENTS, TIMEPERIOD, USERID, LOGDATE) VALUES ('S12C01020201', 'OBS_VALUE', 2017, 'SDGS', GETDATE());
INSERT INTO "VALUESET" (VALUESET, PRESTEXT, DESCRIPTION, ELIMINATION, VALUEPOOL, METAID, FOOTNOTE, USERID, LOGDATE, VALUEPRES, SORTCODEEXISTS) VALUES ('VSREF_AREA_C010202_01', 'Hmm', 'None', 'A', 'VPREF_AREA', '0', 'N', 'SDGS', GETDATE(), 'T', 'N');
INSERT INTO "VALUESET_ENG" (VALUESET, PRESTEXT, DESCRIPTION, USERID, LOGDATE) VALUES ('VSREF_AREA_C010202_01', 'Hmm', 'None', 'SDGS', GETDATE());
INSERT INTO "VSVALUE" (VALUESET, VALUEPOOL, VALUECODE, USERID, LOGDATE) VALUES ('VSREF_AREA_C010202_01', 'VPREF_AREA', '1', 'SDGS', GETDATE());
INSERT INTO "VSVALUE_ENG" (VALUESET, VALUEPOOL, VALUECODE, USERID, LOGDATE) VALUES ('VSREF_AREA_C010202_01', 'VPREF_AREA', '1', 'SDGS', GETDATE());
INSERT INTO "VSVALUE" (VALUESET, VALUEPOOL, VALUECODE, USERID, LOGDATE) VALUES ('VSREF_AREA_C010202_01', 'VPREF_AREA', '2', 'SDGS', GETDATE());
INSERT INTO "VSVALUE_ENG" (VALUESET, VALUEPOOL, VALUECODE, USERID, LOGDATE) VALUES ('VSREF_AREA_C010202_01', 'VPREF_AREA', '2', 'SDGS', GETDATE());
INSERT INTO "VSVALUE" (VALUESET, VALUEPOOL, VALUECODE, USERID, LOGDATE) VALUES ('VSREF_AREA_C010202_01', 'VPREF_AREA', '3', 'SDGS', GETDATE());
INSERT INTO "VSVALUE_ENG" (VALUESET, VALUEPOOL, VALUECODE, USERID, LOGDATE) VALUES ('VSREF_AREA_C010202_01', 'VPREF_AREA', '3', 'SDGS', GETDATE());
INSERT INTO "SUBTABLEVARIABLE" (MAINTABLE, SUBTABLE, VARIABLE, VALUESET, VARIABLETYPE, STORECOLUMNNO, USERID, LOGDATE) VALUES ('S12C01020201', '', 'REF_AREA', 'VSREF_AREA_C010202_01', 'V', '1', 'SDGS', GETDATE());
IF EXISTS (SELECT 1 FROM SYS.VIEWS WHERE NAME = 'S12C01020201' AND TYPE  = 'v') DROP VIEW S12C01020201;
GO
CREATE VIEW S12C01020201 AS SELECT * FROM INDICATORDATA WHERE SUBINDICATOR_CODE = 'C010202_01';
GO
INSERT INTO "MAINTABLE" (MAINTABLE, PRESTEXT, PRESTEXTS, PRESCATEGORY, TIMESCALE, USERID, LOGDATE, FIRSTPUBLISHED, TABLESTATUS, TABLEID, PRODUCTCODE, SPECCHAREXISTS, METAID, SUBJECTCODE, CONTENTSVARIABLE) VALUES  ('S13C01030101', 'code 1.3/C010301_01/C010301_01 -', 'SDGs Indicators', 'O', 'year', 'SDGS', GETDATE(), GETDATE(), 'A', 'S13C01030101', '001', 'N', '01', '01', 'ar: Sub Indicator');
INSERT INTO "MAINTABLE_ENG" (MAINTABLE, STATUS, PUBLISHED, PRESTEXT, PRESTEXTS, CONTENTSVARIABLE, USERID, LOGDATE) VALUES  ('S13C01030101', 'A', GETDATE(), 'code 1.3/C010301_01/C010301_01 -', 'SDGs Indicators', 'Sub Indicator', 'SDGS', GETDATE());
INSERT INTO "SECONDARYLANGUAGE" (MAINTABLE, LANGUAGE, COMPLETELYTRANSLATED,PUBLISHED, USERID, LOGDATE) VALUES  ('S13C01030101', 'en','Y', 'Y', 'SDGS', GETDATE());
INSERT INTO "CONTENTS" (MAINTABLE, CONTENTS, PRESTEXT, PRESCODE, COPYRIGHT, PRODUCER, LASTUPDATED, UNIT, PRESDECIMALS, PRESCELLSZERO, STOCKFA, DAYADJ, SEASADJ, FOOTNOTECONTENTS, FOOTNOTEVARIABLE, FOOTNOTEVALUE, STORECOLUMNNO, STOREFORMAT, STORENOCHAR, STOREDECIMALS, USERID, LOGDATE, PUBLISHED, PRESTEXTS, STATAUTHORITY, AGGREGPOSSIBLE, FOOTNOTETIME, METAID) VALUES  ('S13C01030101', 'OBS_VALUE', 'ar: Sustainable Development Goals - SDGs', 'DATA', '1', 'PCBS', GETDATE(), 'OBS_VALUE', '2', 'Y', 'F', 'N', 'N', 'N', 'N', 'N', '3', 'N', '17', '2', 'SDGS', GETDATE(), GETDATE(), 'C010301_01', 'PCBS', 'N', 'N', '01');
INSERT INTO "CONTENTS_ENG" (MAINTABLE, CONTENTS, PRESTEXT, UNIT, USERID, LOGDATE, PRESTEXTS, REFPERIOD, BASEPERIOD)  VALUES  ('S13C01030101', 'OBS_VALUE', 'Sustainable Development Goals - SDGs',  'OBS_VALUE', 'SDGS', GETDATE(), 'C010301_01', NULL,NULL);
INSERT INTO "SUBTABLE" (MAINTABLE, SUBTABLE, PRESTEXT, CLEANTABLE, USERID, LOGDATE) VALUES  ('S13C01030101', '', 'code 1.3/C010301_01/C010301_01 -', 'Y', 'SDGS', GETDATE());
INSERT INTO "SUBTABLE_ENG" (MAINTABLE, SUBTABLE, PRESTEXT, USERID, LOGDATE) VALUES  ('S13C01030101', '', 'code 1.3/C010301_01/C010301_01 -', 'SDGS', GETDATE());
INSERT INTO "SUBTABLEVARIABLE" (MAINTABLE, SUBTABLE, VARIABLE, VARIABLETYPE, STORECOLUMNNO, USERID, LOGDATE) VALUES ('S13C01030101', '', 'TIME_PERIOD', 'T', '1', 'SDGS', GETDATE());
IF EXISTS (SELECT 1 FROM SYS.VIEWS WHERE NAME = 'S13C01030101' AND TYPE  = 'v') DROP VIEW S13C01030101;
GO
CREATE VIEW S13C01030101 AS SELECT * FROM INDICATORDATA WHERE SUBINDICATOR_CODE = 'C010301_01';
GO
INSERT INTO "MAINTABLE" (MAINTABLE, PRESTEXT, PRESTEXTS, PRESCATEGORY, TIMESCALE, USERID, LOGDATE, FIRSTPUBLISHED, TABLESTATUS, TABLEID, PRODUCTCODE, SPECCHAREXISTS, METAID, SUBJECTCODE, CONTENTSVARIABLE) VALUES  ('S15C01050201', 'code 1.5/C010502_01/C010502_01 - ??????? ?????????? ???? ???? ?????? ??? ??????? ????? ?????? ?????? ???????? ???????', 'SDGs Indicators', 'O', 'year', 'SDGS', GETDATE(), GETDATE(), 'A', 'S15C01050201', '001', 'N', '01', '01', 'ar: Sub Indicator');
INSERT INTO "MAINTABLE_ENG" (MAINTABLE, STATUS, PUBLISHED, PRESTEXT, PRESTEXTS, CONTENTSVARIABLE, USERID, LOGDATE) VALUES  ('S15C01050201', 'A', GETDATE(), 'code 1.5/C010502_01/C010502_01 - Direct economic loss attributed to disasters relative to GDP (%)', 'SDGs Indicators', 'Sub Indicator', 'SDGS', GETDATE());
INSERT INTO "SECONDARYLANGUAGE" (MAINTABLE, LANGUAGE, COMPLETELYTRANSLATED,PUBLISHED, USERID, LOGDATE) VALUES  ('S15C01050201', 'en','Y', 'Y', 'SDGS', GETDATE());
INSERT INTO "CONTENTS" (MAINTABLE, CONTENTS, PRESTEXT, PRESCODE, COPYRIGHT, PRODUCER, LASTUPDATED, UNIT, PRESDECIMALS, PRESCELLSZERO, STOCKFA, DAYADJ, SEASADJ, FOOTNOTECONTENTS, FOOTNOTEVARIABLE, FOOTNOTEVALUE, STORECOLUMNNO, STOREFORMAT, STORENOCHAR, STOREDECIMALS, USERID, LOGDATE, PUBLISHED, PRESTEXTS, STATAUTHORITY, AGGREGPOSSIBLE, FOOTNOTETIME, METAID) VALUES  ('S15C01050201', 'OBS_VALUE', 'ar: Sustainable Development Goals - SDGs', 'DATA', '1', 'PCBS', GETDATE(), 'OBS_VALUE', '2', 'Y', 'F', 'N', 'N', 'N', 'N', 'N', '3', 'N', '17', '2', 'SDGS', GETDATE(), GETDATE(), 'C010502_01', 'PCBS', 'N', 'N', '01');
INSERT INTO "CONTENTS_ENG" (MAINTABLE, CONTENTS, PRESTEXT, UNIT, USERID, LOGDATE, PRESTEXTS, REFPERIOD, BASEPERIOD)  VALUES  ('S15C01050201', 'OBS_VALUE', 'Sustainable Development Goals - SDGs',  'OBS_VALUE', 'SDGS', GETDATE(), 'C010502_01', NULL,NULL);
INSERT INTO "SUBTABLE" (MAINTABLE, SUBTABLE, PRESTEXT, CLEANTABLE, USERID, LOGDATE) VALUES  ('S15C01050201', '', 'code 1.5/C010502_01/C010502_01 - ??????? ?????????? ???? ???? ?????? ??? ??????? ????? ?????? ?????? ???????? ???????', 'Y', 'SDGS', GETDATE());
INSERT INTO "SUBTABLE_ENG" (MAINTABLE, SUBTABLE, PRESTEXT, USERID, LOGDATE) VALUES  ('S15C01050201', '', 'code 1.5/C010502_01/C010502_01 - Direct economic loss attributed to disasters relative to GDP (%)', 'SDGS', GETDATE());
INSERT INTO "SUBTABLEVARIABLE" (MAINTABLE, SUBTABLE, VARIABLE, VARIABLETYPE, STORECOLUMNNO, USERID, LOGDATE) VALUES ('S15C01050201', '', 'TIME_PERIOD', 'T', '1', 'SDGS', GETDATE());
INSERT INTO "CONTENTSTIME" (MAINTABLE, CONTENTS, TIMEPERIOD, USERID, LOGDATE) VALUES ('S15C01050201', 'OBS_VALUE', 2000, 'SDGS', GETDATE());
INSERT INTO "CONTENTSTIME" (MAINTABLE, CONTENTS, TIMEPERIOD, USERID, LOGDATE) VALUES ('S15C01050201', 'OBS_VALUE', 2001, 'SDGS', GETDATE());
INSERT INTO "CONTENTSTIME" (MAINTABLE, CONTENTS, TIMEPERIOD, USERID, LOGDATE) VALUES ('S15C01050201', 'OBS_VALUE', 2003, 'SDGS', GETDATE());
INSERT INTO "CONTENTSTIME" (MAINTABLE, CONTENTS, TIMEPERIOD, USERID, LOGDATE) VALUES ('S15C01050201', 'OBS_VALUE', 2005, 'SDGS', GETDATE());
INSERT INTO "CONTENTSTIME" (MAINTABLE, CONTENTS, TIMEPERIOD, USERID, LOGDATE) VALUES ('S15C01050201', 'OBS_VALUE', 2006, 'SDGS', GETDATE());
INSERT INTO "CONTENTSTIME" (MAINTABLE, CONTENTS, TIMEPERIOD, USERID, LOGDATE) VALUES ('S15C01050201', 'OBS_VALUE', 2009, 'SDGS', GETDATE());
INSERT INTO "CONTENTSTIME" (MAINTABLE, CONTENTS, TIMEPERIOD, USERID, LOGDATE) VALUES ('S15C01050201', 'OBS_VALUE', 2010, 'SDGS', GETDATE());
INSERT INTO "CONTENTSTIME" (MAINTABLE, CONTENTS, TIMEPERIOD, USERID, LOGDATE) VALUES ('S15C01050201', 'OBS_VALUE', 2012, 'SDGS', GETDATE());
INSERT INTO "CONTENTSTIME" (MAINTABLE, CONTENTS, TIMEPERIOD, USERID, LOGDATE) VALUES ('S15C01050201', 'OBS_VALUE', 2013, 'SDGS', GETDATE());
INSERT INTO "CONTENTSTIME" (MAINTABLE, CONTENTS, TIMEPERIOD, USERID, LOGDATE) VALUES ('S15C01050201', 'OBS_VALUE', 2015, 'SDGS', GETDATE());
INSERT INTO "CONTENTSTIME" (MAINTABLE, CONTENTS, TIMEPERIOD, USERID, LOGDATE) VALUES ('S15C01050201', 'OBS_VALUE', 2016, 'SDGS', GETDATE());
INSERT INTO "CONTENTSTIME" (MAINTABLE, CONTENTS, TIMEPERIOD, USERID, LOGDATE) VALUES ('S15C01050201', 'OBS_VALUE', 2017, 'SDGS', GETDATE());
IF EXISTS (SELECT 1 FROM SYS.VIEWS WHERE NAME = 'S15C01050201' AND TYPE  = 'v') DROP VIEW S15C01050201;
GO
CREATE VIEW S15C01050201 AS SELECT * FROM INDICATORDATA WHERE SUBINDICATOR_CODE = 'C010502_01';
GO
INSERT INTO "MAINTABLE" (MAINTABLE, PRESTEXT, PRESTEXTS, PRESCATEGORY, TIMESCALE, USERID, LOGDATE, FIRSTPUBLISHED, TABLESTATUS, TABLEID, PRODUCTCODE, SPECCHAREXISTS, METAID, SUBJECTCODE, CONTENTSVARIABLE) VALUES  ('S15C20030301', 'code 1.5/C200303_01/C200303_01 - ??? ???????  ???? ??????? ?? ?? 000 100 ???', 'SDGs Indicators', 'O', 'year', 'SDGS', GETDATE(), GETDATE(), 'A', 'S15C20030301', '001', 'N', '01', '01', 'ar: Sub Indicator');
INSERT INTO "MAINTABLE_ENG" (MAINTABLE, STATUS, PUBLISHED, PRESTEXT, PRESTEXTS, CONTENTSVARIABLE, USERID, LOGDATE) VALUES  ('S15C20030301', 'A', GETDATE(), 'code 1.5/C200303_01/C200303_01 - Number of deaths attributed to disasters per 100,000 population', 'SDGs Indicators', 'Sub Indicator', 'SDGS', GETDATE());
INSERT INTO "SECONDARYLANGUAGE" (MAINTABLE, LANGUAGE, COMPLETELYTRANSLATED,PUBLISHED, USERID, LOGDATE) VALUES  ('S15C20030301', 'en','Y', 'Y', 'SDGS', GETDATE());
INSERT INTO "CONTENTS" (MAINTABLE, CONTENTS, PRESTEXT, PRESCODE, COPYRIGHT, PRODUCER, LASTUPDATED, UNIT, PRESDECIMALS, PRESCELLSZERO, STOCKFA, DAYADJ, SEASADJ, FOOTNOTECONTENTS, FOOTNOTEVARIABLE, FOOTNOTEVALUE, STORECOLUMNNO, STOREFORMAT, STORENOCHAR, STOREDECIMALS, USERID, LOGDATE, PUBLISHED, PRESTEXTS, STATAUTHORITY, AGGREGPOSSIBLE, FOOTNOTETIME, METAID) VALUES  ('S15C20030301', 'OBS_VALUE', 'ar: Sustainable Development Goals - SDGs', 'DATA', '1', 'PCBS', GETDATE(), 'OBS_VALUE', '2', 'Y', 'F', 'N', 'N', 'N', 'N', 'N', '3', 'N', '17', '2', 'SDGS', GETDATE(), GETDATE(), 'C200303_01', 'PCBS', 'N', 'N', '01');
INSERT INTO "CONTENTS_ENG" (MAINTABLE, CONTENTS, PRESTEXT, UNIT, USERID, LOGDATE, PRESTEXTS, REFPERIOD, BASEPERIOD)  VALUES  ('S15C20030301', 'OBS_VALUE', 'Sustainable Development Goals - SDGs',  'OBS_VALUE', 'SDGS', GETDATE(), 'C200303_01', NULL,NULL);
INSERT INTO "SUBTABLE" (MAINTABLE, SUBTABLE, PRESTEXT, CLEANTABLE, USERID, LOGDATE) VALUES  ('S15C20030301', '', 'code 1.5/C200303_01/C200303_01 - ??? ???????  ???? ??????? ?? ?? 000 100 ???', 'Y', 'SDGS', GETDATE());
INSERT INTO "SUBTABLE_ENG" (MAINTABLE, SUBTABLE, PRESTEXT, USERID, LOGDATE) VALUES  ('S15C20030301', '', 'code 1.5/C200303_01/C200303_01 - Number of deaths attributed to disasters per 100,000 population', 'SDGS', GETDATE());
INSERT INTO "SUBTABLEVARIABLE" (MAINTABLE, SUBTABLE, VARIABLE, VARIABLETYPE, STORECOLUMNNO, USERID, LOGDATE) VALUES ('S15C20030301', '', 'TIME_PERIOD', 'T', '1', 'SDGS', GETDATE());
INSERT INTO "CONTENTSTIME" (MAINTABLE, CONTENTS, TIMEPERIOD, USERID, LOGDATE) VALUES ('S15C20030301', 'OBS_VALUE', 2006, 'SDGS', GETDATE());
INSERT INTO "CONTENTSTIME" (MAINTABLE, CONTENTS, TIMEPERIOD, USERID, LOGDATE) VALUES ('S15C20030301', 'OBS_VALUE', 2007, 'SDGS', GETDATE());
INSERT INTO "CONTENTSTIME" (MAINTABLE, CONTENTS, TIMEPERIOD, USERID, LOGDATE) VALUES ('S15C20030301', 'OBS_VALUE', 2008, 'SDGS', GETDATE());
INSERT INTO "CONTENTSTIME" (MAINTABLE, CONTENTS, TIMEPERIOD, USERID, LOGDATE) VALUES ('S15C20030301', 'OBS_VALUE', 2009, 'SDGS', GETDATE());
INSERT INTO "CONTENTSTIME" (MAINTABLE, CONTENTS, TIMEPERIOD, USERID, LOGDATE) VALUES ('S15C20030301', 'OBS_VALUE', 2010, 'SDGS', GETDATE());
INSERT INTO "CONTENTSTIME" (MAINTABLE, CONTENTS, TIMEPERIOD, USERID, LOGDATE) VALUES ('S15C20030301', 'OBS_VALUE', 2013, 'SDGS', GETDATE());
INSERT INTO "CONTENTSTIME" (MAINTABLE, CONTENTS, TIMEPERIOD, USERID, LOGDATE) VALUES ('S15C20030301', 'OBS_VALUE', 2015, 'SDGS', GETDATE());
INSERT INTO "CONTENTSTIME" (MAINTABLE, CONTENTS, TIMEPERIOD, USERID, LOGDATE) VALUES ('S15C20030301', 'OBS_VALUE', 2016, 'SDGS', GETDATE());
INSERT INTO "CONTENTSTIME" (MAINTABLE, CONTENTS, TIMEPERIOD, USERID, LOGDATE) VALUES ('S15C20030301', 'OBS_VALUE', 2017, 'SDGS', GETDATE());
IF EXISTS (SELECT 1 FROM SYS.VIEWS WHERE NAME = 'S15C20030301' AND TYPE  = 'v') DROP VIEW S15C20030301;
GO
CREATE VIEW S15C20030301 AS SELECT * FROM INDICATORDATA WHERE SUBINDICATOR_CODE = 'C200303_01';
GO
INSERT INTO "MAINTABLE" (MAINTABLE, PRESTEXT, PRESTEXTS, PRESCATEGORY, TIMESCALE, USERID, LOGDATE, FIRSTPUBLISHED, TABLESTATUS, TABLEID, PRODUCTCODE, SPECCHAREXISTS, METAID, SUBJECTCODE, CONTENTSVARIABLE) VALUES  ('S15C20030302', 'code 1.5/C200303_02/C200303_02 - ???  ?????????  ???? ??????? ?? ?? 000 100 ???', 'SDGs Indicators', 'O', 'year', 'SDGS', GETDATE(), GETDATE(), 'A', 'S15C20030302', '001', 'N', '01', '01', 'ar: Sub Indicator');
INSERT INTO "MAINTABLE_ENG" (MAINTABLE, STATUS, PUBLISHED, PRESTEXT, PRESTEXTS, CONTENTSVARIABLE, USERID, LOGDATE) VALUES  ('S15C20030302', 'A', GETDATE(), 'code 1.5/C200303_02/C200303_02 - Number of missing persons attributed to disasters per 100,000 population', 'SDGs Indicators', 'Sub Indicator', 'SDGS', GETDATE());
INSERT INTO "SECONDARYLANGUAGE" (MAINTABLE, LANGUAGE, COMPLETELYTRANSLATED,PUBLISHED, USERID, LOGDATE) VALUES  ('S15C20030302', 'en','Y', 'Y', 'SDGS', GETDATE());
INSERT INTO "CONTENTS" (MAINTABLE, CONTENTS, PRESTEXT, PRESCODE, COPYRIGHT, PRODUCER, LASTUPDATED, UNIT, PRESDECIMALS, PRESCELLSZERO, STOCKFA, DAYADJ, SEASADJ, FOOTNOTECONTENTS, FOOTNOTEVARIABLE, FOOTNOTEVALUE, STORECOLUMNNO, STOREFORMAT, STORENOCHAR, STOREDECIMALS, USERID, LOGDATE, PUBLISHED, PRESTEXTS, STATAUTHORITY, AGGREGPOSSIBLE, FOOTNOTETIME, METAID) VALUES  ('S15C20030302', 'OBS_VALUE', 'ar: Sustainable Development Goals - SDGs', 'DATA', '1', 'PCBS', GETDATE(), 'OBS_VALUE', '2', 'Y', 'F', 'N', 'N', 'N', 'N', 'N', '3', 'N', '17', '2', 'SDGS', GETDATE(), GETDATE(), 'C200303_02', 'PCBS', 'N', 'N', '01');
INSERT INTO "CONTENTS_ENG" (MAINTABLE, CONTENTS, PRESTEXT, UNIT, USERID, LOGDATE, PRESTEXTS, REFPERIOD, BASEPERIOD)  VALUES  ('S15C20030302', 'OBS_VALUE', 'Sustainable Development Goals - SDGs',  'OBS_VALUE', 'SDGS', GETDATE(), 'C200303_02', NULL,NULL);
INSERT INTO "SUBTABLE" (MAINTABLE, SUBTABLE, PRESTEXT, CLEANTABLE, USERID, LOGDATE) VALUES  ('S15C20030302', '', 'code 1.5/C200303_02/C200303_02 - ???  ?????????  ???? ??????? ?? ?? 000 100 ???', 'Y', 'SDGS', GETDATE());
INSERT INTO "SUBTABLE_ENG" (MAINTABLE, SUBTABLE, PRESTEXT, USERID, LOGDATE) VALUES  ('S15C20030302', '', 'code 1.5/C200303_02/C200303_02 - Number of missing persons attributed to disasters per 100,000 population', 'SDGS', GETDATE());
INSERT INTO "SUBTABLEVARIABLE" (MAINTABLE, SUBTABLE, VARIABLE, VARIABLETYPE, STORECOLUMNNO, USERID, LOGDATE) VALUES ('S15C20030302', '', 'TIME_PERIOD', 'T', '1', 'SDGS', GETDATE());
INSERT INTO "CONTENTSTIME" (MAINTABLE, CONTENTS, TIMEPERIOD, USERID, LOGDATE) VALUES ('S15C20030302', 'OBS_VALUE', 2006, 'SDGS', GETDATE());
INSERT INTO "CONTENTSTIME" (MAINTABLE, CONTENTS, TIMEPERIOD, USERID, LOGDATE) VALUES ('S15C20030302', 'OBS_VALUE', 2007, 'SDGS', GETDATE());
INSERT INTO "CONTENTSTIME" (MAINTABLE, CONTENTS, TIMEPERIOD, USERID, LOGDATE) VALUES ('S15C20030302', 'OBS_VALUE', 2008, 'SDGS', GETDATE());
INSERT INTO "CONTENTSTIME" (MAINTABLE, CONTENTS, TIMEPERIOD, USERID, LOGDATE) VALUES ('S15C20030302', 'OBS_VALUE', 2009, 'SDGS', GETDATE());
INSERT INTO "CONTENTSTIME" (MAINTABLE, CONTENTS, TIMEPERIOD, USERID, LOGDATE) VALUES ('S15C20030302', 'OBS_VALUE', 2010, 'SDGS', GETDATE());
INSERT INTO "CONTENTSTIME" (MAINTABLE, CONTENTS, TIMEPERIOD, USERID, LOGDATE) VALUES ('S15C20030302', 'OBS_VALUE', 2013, 'SDGS', GETDATE());
INSERT INTO "CONTENTSTIME" (MAINTABLE, CONTENTS, TIMEPERIOD, USERID, LOGDATE) VALUES ('S15C20030302', 'OBS_VALUE', 2014, 'SDGS', GETDATE());
INSERT INTO "CONTENTSTIME" (MAINTABLE, CONTENTS, TIMEPERIOD, USERID, LOGDATE) VALUES ('S15C20030302', 'OBS_VALUE', 2015, 'SDGS', GETDATE());
INSERT INTO "CONTENTSTIME" (MAINTABLE, CONTENTS, TIMEPERIOD, USERID, LOGDATE) VALUES ('S15C20030302', 'OBS_VALUE', 2016, 'SDGS', GETDATE());
INSERT INTO "CONTENTSTIME" (MAINTABLE, CONTENTS, TIMEPERIOD, USERID, LOGDATE) VALUES ('S15C20030302', 'OBS_VALUE', 2017, 'SDGS', GETDATE());
INSERT INTO "CONTENTSTIME" (MAINTABLE, CONTENTS, TIMEPERIOD, USERID, LOGDATE) VALUES ('S15C20030302', 'OBS_VALUE', 2018, 'SDGS', GETDATE());
IF EXISTS (SELECT 1 FROM SYS.VIEWS WHERE NAME = 'S15C20030302' AND TYPE  = 'v') DROP VIEW S15C20030302;
GO
CREATE VIEW S15C20030302 AS SELECT * FROM INDICATORDATA WHERE SUBINDICATOR_CODE = 'C200303_02';
GO
INSERT INTO "MAINTABLE" (MAINTABLE, PRESTEXT, PRESTEXTS, PRESCATEGORY, TIMESCALE, USERID, LOGDATE, FIRSTPUBLISHED, TABLESTATUS, TABLEID, PRODUCTCODE, SPECCHAREXISTS, METAID, SUBJECTCODE, CONTENTSVARIABLE) VALUES  ('S15C20030303', 'code 1.5/C200303_03/C200303_03 - ??? ????????? ???? ??????? ?? ?? 000 100 ???', 'SDGs Indicators', 'O', 'year', 'SDGS', GETDATE(), GETDATE(), 'A', 'S15C20030303', '001', 'N', '01', '01', 'ar: Sub Indicator');
INSERT INTO "MAINTABLE_ENG" (MAINTABLE, STATUS, PUBLISHED, PRESTEXT, PRESTEXTS, CONTENTSVARIABLE, USERID, LOGDATE) VALUES  ('S15C20030303', 'A', GETDATE(), 'code 1.5/C200303_03/C200303_03 - Number of directly affected persons attributed to disasters per 100,000 population', 'SDGs Indicators', 'Sub Indicator', 'SDGS', GETDATE());
INSERT INTO "SECONDARYLANGUAGE" (MAINTABLE, LANGUAGE, COMPLETELYTRANSLATED,PUBLISHED, USERID, LOGDATE) VALUES  ('S15C20030303', 'en','Y', 'Y', 'SDGS', GETDATE());
INSERT INTO "CONTENTS" (MAINTABLE, CONTENTS, PRESTEXT, PRESCODE, COPYRIGHT, PRODUCER, LASTUPDATED, UNIT, PRESDECIMALS, PRESCELLSZERO, STOCKFA, DAYADJ, SEASADJ, FOOTNOTECONTENTS, FOOTNOTEVARIABLE, FOOTNOTEVALUE, STORECOLUMNNO, STOREFORMAT, STORENOCHAR, STOREDECIMALS, USERID, LOGDATE, PUBLISHED, PRESTEXTS, STATAUTHORITY, AGGREGPOSSIBLE, FOOTNOTETIME, METAID) VALUES  ('S15C20030303', 'OBS_VALUE', 'ar: Sustainable Development Goals - SDGs', 'DATA', '1', 'PCBS', GETDATE(), 'OBS_VALUE', '2', 'Y', 'F', 'N', 'N', 'N', 'N', 'N', '3', 'N', '17', '2', 'SDGS', GETDATE(), GETDATE(), 'C200303_03', 'PCBS', 'N', 'N', '01');
INSERT INTO "CONTENTS_ENG" (MAINTABLE, CONTENTS, PRESTEXT, UNIT, USERID, LOGDATE, PRESTEXTS, REFPERIOD, BASEPERIOD)  VALUES  ('S15C20030303', 'OBS_VALUE', 'Sustainable Development Goals - SDGs',  'OBS_VALUE', 'SDGS', GETDATE(), 'C200303_03', NULL,NULL);
INSERT INTO "SUBTABLE" (MAINTABLE, SUBTABLE, PRESTEXT, CLEANTABLE, USERID, LOGDATE) VALUES  ('S15C20030303', '', 'code 1.5/C200303_03/C200303_03 - ??? ????????? ???? ??????? ?? ?? 000 100 ???', 'Y', 'SDGS', GETDATE());
INSERT INTO "SUBTABLE_ENG" (MAINTABLE, SUBTABLE, PRESTEXT, USERID, LOGDATE) VALUES  ('S15C20030303', '', 'code 1.5/C200303_03/C200303_03 - Number of directly affected persons attributed to disasters per 100,000 population', 'SDGS', GETDATE());
INSERT INTO "SUBTABLEVARIABLE" (MAINTABLE, SUBTABLE, VARIABLE, VARIABLETYPE, STORECOLUMNNO, USERID, LOGDATE) VALUES ('S15C20030303', '', 'TIME_PERIOD', 'T', '1', 'SDGS', GETDATE());
INSERT INTO "CONTENTSTIME" (MAINTABLE, CONTENTS, TIMEPERIOD, USERID, LOGDATE) VALUES ('S15C20030303', 'OBS_VALUE', 2005, 'SDGS', GETDATE());
INSERT INTO "CONTENTSTIME" (MAINTABLE, CONTENTS, TIMEPERIOD, USERID, LOGDATE) VALUES ('S15C20030303', 'OBS_VALUE', 2006, 'SDGS', GETDATE());
INSERT INTO "CONTENTSTIME" (MAINTABLE, CONTENTS, TIMEPERIOD, USERID, LOGDATE) VALUES ('S15C20030303', 'OBS_VALUE', 2007, 'SDGS', GETDATE());
INSERT INTO "CONTENTSTIME" (MAINTABLE, CONTENTS, TIMEPERIOD, USERID, LOGDATE) VALUES ('S15C20030303', 'OBS_VALUE', 2008, 'SDGS', GETDATE());
INSERT INTO "CONTENTSTIME" (MAINTABLE, CONTENTS, TIMEPERIOD, USERID, LOGDATE) VALUES ('S15C20030303', 'OBS_VALUE', 2009, 'SDGS', GETDATE());
INSERT INTO "CONTENTSTIME" (MAINTABLE, CONTENTS, TIMEPERIOD, USERID, LOGDATE) VALUES ('S15C20030303', 'OBS_VALUE', 2010, 'SDGS', GETDATE());
INSERT INTO "CONTENTSTIME" (MAINTABLE, CONTENTS, TIMEPERIOD, USERID, LOGDATE) VALUES ('S15C20030303', 'OBS_VALUE', 2011, 'SDGS', GETDATE());
INSERT INTO "CONTENTSTIME" (MAINTABLE, CONTENTS, TIMEPERIOD, USERID, LOGDATE) VALUES ('S15C20030303', 'OBS_VALUE', 2012, 'SDGS', GETDATE());
INSERT INTO "CONTENTSTIME" (MAINTABLE, CONTENTS, TIMEPERIOD, USERID, LOGDATE) VALUES ('S15C20030303', 'OBS_VALUE', 2013, 'SDGS', GETDATE());
IF EXISTS (SELECT 1 FROM SYS.VIEWS WHERE NAME = 'S15C20030303' AND TYPE  = 'v') DROP VIEW S15C20030303;
GO
CREATE VIEW S15C20030303 AS SELECT * FROM INDICATORDATA WHERE SUBINDICATOR_CODE = 'C200303_03';
GO
INSERT INTO "MAINTABLE" (MAINTABLE, PRESTEXT, PRESTEXTS, PRESCATEGORY, TIMESCALE, USERID, LOGDATE, FIRSTPUBLISHED, TABLESTATUS, TABLEID, PRODUCTCODE, SPECCHAREXISTS, METAID, SUBJECTCODE, CONTENTSVARIABLE) VALUES  ('S15C20030401', 'code 1.5/C200304_01/C200304_01 - ??? ??????? ???? ????? ??????????? ?????  ?????? ???? ?? ????? ???????', 'SDGs Indicators', 'O', 'year', 'SDGS', GETDATE(), GETDATE(), 'A', 'S15C20030401', '001', 'N', '01', '01', 'ar: Sub Indicator');
INSERT INTO "MAINTABLE_ENG" (MAINTABLE, STATUS, PUBLISHED, PRESTEXT, PRESTEXTS, CONTENTSVARIABLE, USERID, LOGDATE) VALUES  ('S15C20030401', 'A', GETDATE(), 'code 1.5/C200304_01/C200304_01 - Number of countries that adopt and implement national disaster risk reduction strategies in line with the Sendai Framework for Disaster Risk Reduction 2015-2030', 'SDGs Indicators', 'Sub Indicator', 'SDGS', GETDATE());
INSERT INTO "SECONDARYLANGUAGE" (MAINTABLE, LANGUAGE, COMPLETELYTRANSLATED,PUBLISHED, USERID, LOGDATE) VALUES  ('S15C20030401', 'en','Y', 'Y', 'SDGS', GETDATE());
INSERT INTO "CONTENTS" (MAINTABLE, CONTENTS, PRESTEXT, PRESCODE, COPYRIGHT, PRODUCER, LASTUPDATED, UNIT, PRESDECIMALS, PRESCELLSZERO, STOCKFA, DAYADJ, SEASADJ, FOOTNOTECONTENTS, FOOTNOTEVARIABLE, FOOTNOTEVALUE, STORECOLUMNNO, STOREFORMAT, STORENOCHAR, STOREDECIMALS, USERID, LOGDATE, PUBLISHED, PRESTEXTS, STATAUTHORITY, AGGREGPOSSIBLE, FOOTNOTETIME, METAID) VALUES  ('S15C20030401', 'OBS_VALUE', 'ar: Sustainable Development Goals - SDGs', 'DATA', '1', 'PCBS', GETDATE(), 'OBS_VALUE', '2', 'Y', 'F', 'N', 'N', 'N', 'N', 'N', '3', 'N', '17', '2', 'SDGS', GETDATE(), GETDATE(), 'C200304_01', 'PCBS', 'N', 'N', '01');
INSERT INTO "CONTENTS_ENG" (MAINTABLE, CONTENTS, PRESTEXT, UNIT, USERID, LOGDATE, PRESTEXTS, REFPERIOD, BASEPERIOD)  VALUES  ('S15C20030401', 'OBS_VALUE', 'Sustainable Development Goals - SDGs',  'OBS_VALUE', 'SDGS', GETDATE(), 'C200304_01', NULL,NULL);
INSERT INTO "SUBTABLE" (MAINTABLE, SUBTABLE, PRESTEXT, CLEANTABLE, USERID, LOGDATE) VALUES  ('S15C20030401', '', 'code 1.5/C200304_01/C200304_01 - ??? ??????? ???? ????? ??????????? ?????  ?????? ???? ?? ????? ???????', 'Y', 'SDGS', GETDATE());
INSERT INTO "SUBTABLE_ENG" (MAINTABLE, SUBTABLE, PRESTEXT, USERID, LOGDATE) VALUES  ('S15C20030401', '', 'code 1.5/C200304_01/C200304_01 - Number of countries that adopt and implement national disaster risk reduction strategies in line with the Sendai Framework for Disaster Risk Reduction 2015-2030', 'SDGS', GETDATE());
INSERT INTO "SUBTABLEVARIABLE" (MAINTABLE, SUBTABLE, VARIABLE, VARIABLETYPE, STORECOLUMNNO, USERID, LOGDATE) VALUES ('S15C20030401', '', 'TIME_PERIOD', 'T', '1', 'SDGS', GETDATE());
INSERT INTO "CONTENTSTIME" (MAINTABLE, CONTENTS, TIMEPERIOD, USERID, LOGDATE) VALUES ('S15C20030401', 'OBS_VALUE', 2017, 'SDGS', GETDATE());
INSERT INTO "CONTENTSTIME" (MAINTABLE, CONTENTS, TIMEPERIOD, USERID, LOGDATE) VALUES ('S15C20030401', 'OBS_VALUE', 2018, 'SDGS', GETDATE());
IF EXISTS (SELECT 1 FROM SYS.VIEWS WHERE NAME = 'S15C20030401' AND TYPE  = 'v') DROP VIEW S15C20030401;
GO
CREATE VIEW S15C20030401 AS SELECT * FROM INDICATORDATA WHERE SUBINDICATOR_CODE = 'C200304_01';
GO
INSERT INTO "MAINTABLE" (MAINTABLE, PRESTEXT, PRESTEXTS, PRESCATEGORY, TIMESCALE, USERID, LOGDATE, FIRSTPUBLISHED, TABLESTATUS, TABLEID, PRODUCTCODE, SPECCHAREXISTS, METAID, SUBJECTCODE, CONTENTSVARIABLE) VALUES  ('S15C20030501', 'code 1.5/C200305_01/C200305_01 - ???? ??????? ??????? ???? ????? ????? ??????????? ???? ?? ??????? ??? ????? ??????? ??????? ???????? ?? ???????????? ??????? ???? ?? ???????', 'SDGs Indicators', 'O', 'year', 'SDGS', GETDATE(), GETDATE(), 'A', 'S15C20030501', '001', 'N', '01', '01', 'ar: Sub Indicator');
INSERT INTO "MAINTABLE_ENG" (MAINTABLE, STATUS, PUBLISHED, PRESTEXT, PRESTEXTS, CONTENTSVARIABLE, USERID, LOGDATE) VALUES  ('S15C20030501', 'A', GETDATE(), 'code 1.5/C200305_01/C200305_01 - Proportion of local governments that adopt and implement local disaster risk reduction strategies in line with national disaster risk reduction strategies (%)', 'SDGs Indicators', 'Sub Indicator', 'SDGS', GETDATE());
INSERT INTO "SECONDARYLANGUAGE" (MAINTABLE, LANGUAGE, COMPLETELYTRANSLATED,PUBLISHED, USERID, LOGDATE) VALUES  ('S15C20030501', 'en','Y', 'Y', 'SDGS', GETDATE());
INSERT INTO "CONTENTS" (MAINTABLE, CONTENTS, PRESTEXT, PRESCODE, COPYRIGHT, PRODUCER, LASTUPDATED, UNIT, PRESDECIMALS, PRESCELLSZERO, STOCKFA, DAYADJ, SEASADJ, FOOTNOTECONTENTS, FOOTNOTEVARIABLE, FOOTNOTEVALUE, STORECOLUMNNO, STOREFORMAT, STORENOCHAR, STOREDECIMALS, USERID, LOGDATE, PUBLISHED, PRESTEXTS, STATAUTHORITY, AGGREGPOSSIBLE, FOOTNOTETIME, METAID) VALUES  ('S15C20030501', 'OBS_VALUE', 'ar: Sustainable Development Goals - SDGs', 'DATA', '1', 'PCBS', GETDATE(), 'OBS_VALUE', '2', 'Y', 'F', 'N', 'N', 'N', 'N', 'N', '3', 'N', '17', '2', 'SDGS', GETDATE(), GETDATE(), 'C200305_01', 'PCBS', 'N', 'N', '01');
INSERT INTO "CONTENTS_ENG" (MAINTABLE, CONTENTS, PRESTEXT, UNIT, USERID, LOGDATE, PRESTEXTS, REFPERIOD, BASEPERIOD)  VALUES  ('S15C20030501', 'OBS_VALUE', 'Sustainable Development Goals - SDGs',  'OBS_VALUE', 'SDGS', GETDATE(), 'C200305_01', NULL,NULL);
INSERT INTO "SUBTABLE" (MAINTABLE, SUBTABLE, PRESTEXT, CLEANTABLE, USERID, LOGDATE) VALUES  ('S15C20030501', '', 'code 1.5/C200305_01/C200305_01 - ???? ??????? ??????? ???? ????? ????? ??????????? ???? ?? ??????? ??? ????? ??????? ??????? ???????? ?? ???????????? ??????? ???? ?? ???????', 'Y', 'SDGS', GETDATE());
INSERT INTO "SUBTABLE_ENG" (MAINTABLE, SUBTABLE, PRESTEXT, USERID, LOGDATE) VALUES  ('S15C20030501', '', 'code 1.5/C200305_01/C200305_01 - Proportion of local governments that adopt and implement local disaster risk reduction strategies in line with national disaster risk reduction strategies (%)', 'SDGS', GETDATE());
INSERT INTO "SUBTABLEVARIABLE" (MAINTABLE, SUBTABLE, VARIABLE, VARIABLETYPE, STORECOLUMNNO, USERID, LOGDATE) VALUES ('S15C20030501', '', 'TIME_PERIOD', 'T', '1', 'SDGS', GETDATE());
INSERT INTO "CONTENTSTIME" (MAINTABLE, CONTENTS, TIMEPERIOD, USERID, LOGDATE) VALUES ('S15C20030501', 'OBS_VALUE', 2017, 'SDGS', GETDATE());
INSERT INTO "CONTENTSTIME" (MAINTABLE, CONTENTS, TIMEPERIOD, USERID, LOGDATE) VALUES ('S15C20030501', 'OBS_VALUE', 2018, 'SDGS', GETDATE());
IF EXISTS (SELECT 1 FROM SYS.VIEWS WHERE NAME = 'S15C20030501' AND TYPE  = 'v') DROP VIEW S15C20030501;
GO
CREATE VIEW S15C20030501 AS SELECT * FROM INDICATORDATA WHERE SUBINDICATOR_CODE = 'C200305_01';
GO
INSERT INTO "MAINTABLE" (MAINTABLE, PRESTEXT, PRESTEXTS, PRESCATEGORY, TIMESCALE, USERID, LOGDATE, FIRSTPUBLISHED, TABLESTATUS, TABLEID, PRODUCTCODE, SPECCHAREXISTS, METAID, SUBJECTCODE, CONTENTSVARIABLE) VALUES  ('S1aC010a0201', 'code 1.a/C010a02_01/C010a02_01 - ????? ??? ????????? ????????? ??????? ??????? ?? ???? ?????? ??????? ???? ???? ??? ???? ?? ?????? ???? ?? ?????? ????? ?????? ????? ???????', 'SDGs Indicators', 'O', 'year', 'SDGS', GETDATE(), GETDATE(), 'A', 'S1aC010a0201', '001', 'N', '01', '01', 'ar: Sub Indicator');
INSERT INTO "MAINTABLE_ENG" (MAINTABLE, STATUS, PUBLISHED, PRESTEXT, PRESTEXTS, CONTENTSVARIABLE, USERID, LOGDATE) VALUES  ('S1aC010a0201', 'A', GETDATE(), 'code 1.a/C010a02_01/C010a02_01 - Proportion of total government spending on essential services (education, health and social protection)', 'SDGs Indicators', 'Sub Indicator', 'SDGS', GETDATE());
INSERT INTO "SECONDARYLANGUAGE" (MAINTABLE, LANGUAGE, COMPLETELYTRANSLATED,PUBLISHED, USERID, LOGDATE) VALUES  ('S1aC010a0201', 'en','Y', 'Y', 'SDGS', GETDATE());
INSERT INTO "CONTENTS" (MAINTABLE, CONTENTS, PRESTEXT, PRESCODE, COPYRIGHT, PRODUCER, LASTUPDATED, UNIT, PRESDECIMALS, PRESCELLSZERO, STOCKFA, DAYADJ, SEASADJ, FOOTNOTECONTENTS, FOOTNOTEVARIABLE, FOOTNOTEVALUE, STORECOLUMNNO, STOREFORMAT, STORENOCHAR, STOREDECIMALS, USERID, LOGDATE, PUBLISHED, PRESTEXTS, STATAUTHORITY, AGGREGPOSSIBLE, FOOTNOTETIME, METAID) VALUES  ('S1aC010a0201', 'OBS_VALUE', 'ar: Sustainable Development Goals - SDGs', 'DATA', '1', 'PCBS', GETDATE(), 'OBS_VALUE', '2', 'Y', 'F', 'N', 'N', 'N', 'N', 'N', '3', 'N', '17', '2', 'SDGS', GETDATE(), GETDATE(), 'C010a02_01', 'PCBS', 'N', 'N', '01');
INSERT INTO "CONTENTS_ENG" (MAINTABLE, CONTENTS, PRESTEXT, UNIT, USERID, LOGDATE, PRESTEXTS, REFPERIOD, BASEPERIOD)  VALUES  ('S1aC010a0201', 'OBS_VALUE', 'Sustainable Development Goals - SDGs',  'OBS_VALUE', 'SDGS', GETDATE(), 'C010a02_01', NULL,NULL);
INSERT INTO "SUBTABLE" (MAINTABLE, SUBTABLE, PRESTEXT, CLEANTABLE, USERID, LOGDATE) VALUES  ('S1aC010a0201', '', 'code 1.a/C010a02_01/C010a02_01 - ????? ??? ????????? ????????? ??????? ??????? ?? ???? ?????? ??????? ???? ???? ??? ???? ?? ?????? ???? ?? ?????? ????? ?????? ????? ???????', 'Y', 'SDGS', GETDATE());
INSERT INTO "SUBTABLE_ENG" (MAINTABLE, SUBTABLE, PRESTEXT, USERID, LOGDATE) VALUES  ('S1aC010a0201', '', 'code 1.a/C010a02_01/C010a02_01 - Proportion of total government spending on essential services (education, health and social protection)', 'SDGS', GETDATE());
INSERT INTO "SUBTABLEVARIABLE" (MAINTABLE, SUBTABLE, VARIABLE, VARIABLETYPE, STORECOLUMNNO, USERID, LOGDATE) VALUES ('S1aC010a0201', '', 'TIME_PERIOD', 'T', '1', 'SDGS', GETDATE());
INSERT INTO "CONTENTSTIME" (MAINTABLE, CONTENTS, TIMEPERIOD, USERID, LOGDATE) VALUES ('S1aC010a0201', 'OBS_VALUE', 2010, 'SDGS', GETDATE());
INSERT INTO "CONTENTSTIME" (MAINTABLE, CONTENTS, TIMEPERIOD, USERID, LOGDATE) VALUES ('S1aC010a0201', 'OBS_VALUE', 2011, 'SDGS', GETDATE());
INSERT INTO "CONTENTSTIME" (MAINTABLE, CONTENTS, TIMEPERIOD, USERID, LOGDATE) VALUES ('S1aC010a0201', 'OBS_VALUE', 2012, 'SDGS', GETDATE());
INSERT INTO "CONTENTSTIME" (MAINTABLE, CONTENTS, TIMEPERIOD, USERID, LOGDATE) VALUES ('S1aC010a0201', 'OBS_VALUE', 2013, 'SDGS', GETDATE());
INSERT INTO "CONTENTSTIME" (MAINTABLE, CONTENTS, TIMEPERIOD, USERID, LOGDATE) VALUES ('S1aC010a0201', 'OBS_VALUE', 2014, 'SDGS', GETDATE());
INSERT INTO "CONTENTSTIME" (MAINTABLE, CONTENTS, TIMEPERIOD, USERID, LOGDATE) VALUES ('S1aC010a0201', 'OBS_VALUE', 2015, 'SDGS', GETDATE());
INSERT INTO "CONTENTSTIME" (MAINTABLE, CONTENTS, TIMEPERIOD, USERID, LOGDATE) VALUES ('S1aC010a0201', 'OBS_VALUE', 2016, 'SDGS', GETDATE());
INSERT INTO "CONTENTSTIME" (MAINTABLE, CONTENTS, TIMEPERIOD, USERID, LOGDATE) VALUES ('S1aC010a0201', 'OBS_VALUE', 2017, 'SDGS', GETDATE());
INSERT INTO "CONTENTSTIME" (MAINTABLE, CONTENTS, TIMEPERIOD, USERID, LOGDATE) VALUES ('S1aC010a0201', 'OBS_VALUE', 2018, 'SDGS', GETDATE());
INSERT INTO "CONTENTSTIME" (MAINTABLE, CONTENTS, TIMEPERIOD, USERID, LOGDATE) VALUES ('S1aC010a0201', 'OBS_VALUE', 2019, 'SDGS', GETDATE());
IF EXISTS (SELECT 1 FROM SYS.VIEWS WHERE NAME = 'S1aC010a0201' AND TYPE  = 'v') DROP VIEW S1aC010a0201;
GO
CREATE VIEW S1aC010a0201 AS SELECT * FROM INDICATORDATA WHERE SUBINDICATOR_CODE = 'C010a02_01';
GO
INSERT INTO "MAINTABLE" (MAINTABLE, PRESTEXT, PRESTEXTS, PRESCATEGORY, TIMESCALE, USERID, LOGDATE, FIRSTPUBLISHED, TABLESTATUS, TABLEID, PRODUCTCODE, SPECCHAREXISTS, METAID, SUBJECTCODE, CONTENTSVARIABLE) VALUES  ('S21C02010201', 'code 2.1/C020102_01/C020102_01 - ???? ?????? ?????? ????? ??????? ??????? ?? ?????? ??? ??????? ??????? ??? ????? ???????? ?? ?????? ????? ???????', 'SDGs Indicators', 'O', 'year', 'SDGS', GETDATE(), GETDATE(), 'A', 'S21C02010201', '001', 'N', '01', '01', 'ar: Sub Indicator');
INSERT INTO "MAINTABLE_ENG" (MAINTABLE, STATUS, PUBLISHED, PRESTEXT, PRESTEXTS, CONTENTSVARIABLE, USERID, LOGDATE) VALUES  ('S21C02010201', 'A', GETDATE(), 'code 2.1/C020102_01/C020102_01 - Prevalence of moderate or severe food insecurity in the adult population (%)', 'SDGs Indicators', 'Sub Indicator', 'SDGS', GETDATE());
INSERT INTO "SECONDARYLANGUAGE" (MAINTABLE, LANGUAGE, COMPLETELYTRANSLATED,PUBLISHED, USERID, LOGDATE) VALUES  ('S21C02010201', 'en','Y', 'Y', 'SDGS', GETDATE());
INSERT INTO "CONTENTS" (MAINTABLE, CONTENTS, PRESTEXT, PRESCODE, COPYRIGHT, PRODUCER, LASTUPDATED, UNIT, PRESDECIMALS, PRESCELLSZERO, STOCKFA, DAYADJ, SEASADJ, FOOTNOTECONTENTS, FOOTNOTEVARIABLE, FOOTNOTEVALUE, STORECOLUMNNO, STOREFORMAT, STORENOCHAR, STOREDECIMALS, USERID, LOGDATE, PUBLISHED, PRESTEXTS, STATAUTHORITY, AGGREGPOSSIBLE, FOOTNOTETIME, METAID) VALUES  ('S21C02010201', 'OBS_VALUE', 'ar: Sustainable Development Goals - SDGs', 'DATA', '1', 'PCBS', GETDATE(), 'OBS_VALUE', '2', 'Y', 'F', 'N', 'N', 'N', 'N', 'N', '3', 'N', '17', '2', 'SDGS', GETDATE(), GETDATE(), 'C020102_01', 'PCBS', 'N', 'N', '01');
INSERT INTO "CONTENTS_ENG" (MAINTABLE, CONTENTS, PRESTEXT, UNIT, USERID, LOGDATE, PRESTEXTS, REFPERIOD, BASEPERIOD)  VALUES  ('S21C02010201', 'OBS_VALUE', 'Sustainable Development Goals - SDGs',  'OBS_VALUE', 'SDGS', GETDATE(), 'C020102_01', NULL,NULL);
INSERT INTO "SUBTABLE" (MAINTABLE, SUBTABLE, PRESTEXT, CLEANTABLE, USERID, LOGDATE) VALUES  ('S21C02010201', '', 'code 2.1/C020102_01/C020102_01 - ???? ?????? ?????? ????? ??????? ??????? ?? ?????? ??? ??????? ??????? ??? ????? ???????? ?? ?????? ????? ???????', 'Y', 'SDGS', GETDATE());
INSERT INTO "SUBTABLE_ENG" (MAINTABLE, SUBTABLE, PRESTEXT, USERID, LOGDATE) VALUES  ('S21C02010201', '', 'code 2.1/C020102_01/C020102_01 - Prevalence of moderate or severe food insecurity in the adult population (%)', 'SDGS', GETDATE());
INSERT INTO "SUBTABLEVARIABLE" (MAINTABLE, SUBTABLE, VARIABLE, VARIABLETYPE, STORECOLUMNNO, USERID, LOGDATE) VALUES ('S21C02010201', '', 'TIME_PERIOD', 'T', '1', 'SDGS', GETDATE());
INSERT INTO "CONTENTSTIME" (MAINTABLE, CONTENTS, TIMEPERIOD, USERID, LOGDATE) VALUES ('S21C02010201', 'OBS_VALUE', 2014, 'SDGS', GETDATE());
INSERT INTO "CONTENTSTIME" (MAINTABLE, CONTENTS, TIMEPERIOD, USERID, LOGDATE) VALUES ('S21C02010201', 'OBS_VALUE', 2015, 'SDGS', GETDATE());
INSERT INTO "CONTENTSTIME" (MAINTABLE, CONTENTS, TIMEPERIOD, USERID, LOGDATE) VALUES ('S21C02010201', 'OBS_VALUE', 2016, 'SDGS', GETDATE());
INSERT INTO "CONTENTSTIME" (MAINTABLE, CONTENTS, TIMEPERIOD, USERID, LOGDATE) VALUES ('S21C02010201', 'OBS_VALUE', 2017, 'SDGS', GETDATE());
INSERT INTO "CONTENTSTIME" (MAINTABLE, CONTENTS, TIMEPERIOD, USERID, LOGDATE) VALUES ('S21C02010201', 'OBS_VALUE', 2018, 'SDGS', GETDATE());
INSERT INTO "CONTENTSTIME" (MAINTABLE, CONTENTS, TIMEPERIOD, USERID, LOGDATE) VALUES ('S21C02010201', 'OBS_VALUE', 2019, 'SDGS', GETDATE());
IF EXISTS (SELECT 1 FROM SYS.VIEWS WHERE NAME = 'S21C02010201' AND TYPE  = 'v') DROP VIEW S21C02010201;
GO
CREATE VIEW S21C02010201 AS SELECT * FROM INDICATORDATA WHERE SUBINDICATOR_CODE = 'C020102_01';
GO
INSERT INTO "MAINTABLE" (MAINTABLE, PRESTEXT, PRESTEXTS, PRESCATEGORY, TIMESCALE, USERID, LOGDATE, FIRSTPUBLISHED, TABLESTATUS, TABLEID, PRODUCTCODE, SPECCHAREXISTS, METAID, SUBJECTCODE, CONTENTSVARIABLE) VALUES  ('S21C02010202', 'code 2.1/C020102_02/C020102_02 - ???? ?????? ?????? ????? ??????? ?????? ??? ??????? ??????? ??? ????? ???????? ?? ?????? ????? ???????', 'SDGs Indicators', 'O', 'year', 'SDGS', GETDATE(), GETDATE(), 'A', 'S21C02010202', '001', 'N', '01', '01', 'ar: Sub Indicator');
INSERT INTO "MAINTABLE_ENG" (MAINTABLE, STATUS, PUBLISHED, PRESTEXT, PRESTEXTS, CONTENTSVARIABLE, USERID, LOGDATE) VALUES  ('S21C02010202', 'A', GETDATE(), 'code 2.1/C020102_02/C020102_02 - Prevalence of severe  food insecurity in the adult population (%)', 'SDGs Indicators', 'Sub Indicator', 'SDGS', GETDATE());
INSERT INTO "SECONDARYLANGUAGE" (MAINTABLE, LANGUAGE, COMPLETELYTRANSLATED,PUBLISHED, USERID, LOGDATE) VALUES  ('S21C02010202', 'en','Y', 'Y', 'SDGS', GETDATE());
INSERT INTO "CONTENTS" (MAINTABLE, CONTENTS, PRESTEXT, PRESCODE, COPYRIGHT, PRODUCER, LASTUPDATED, UNIT, PRESDECIMALS, PRESCELLSZERO, STOCKFA, DAYADJ, SEASADJ, FOOTNOTECONTENTS, FOOTNOTEVARIABLE, FOOTNOTEVALUE, STORECOLUMNNO, STOREFORMAT, STORENOCHAR, STOREDECIMALS, USERID, LOGDATE, PUBLISHED, PRESTEXTS, STATAUTHORITY, AGGREGPOSSIBLE, FOOTNOTETIME, METAID) VALUES  ('S21C02010202', 'OBS_VALUE', 'ar: Sustainable Development Goals - SDGs', 'DATA', '1', 'PCBS', GETDATE(), 'OBS_VALUE', '2', 'Y', 'F', 'N', 'N', 'N', 'N', 'N', '3', 'N', '17', '2', 'SDGS', GETDATE(), GETDATE(), 'C020102_02', 'PCBS', 'N', 'N', '01');
INSERT INTO "CONTENTS_ENG" (MAINTABLE, CONTENTS, PRESTEXT, UNIT, USERID, LOGDATE, PRESTEXTS, REFPERIOD, BASEPERIOD)  VALUES  ('S21C02010202', 'OBS_VALUE', 'Sustainable Development Goals - SDGs',  'OBS_VALUE', 'SDGS', GETDATE(), 'C020102_02', NULL,NULL);
INSERT INTO "SUBTABLE" (MAINTABLE, SUBTABLE, PRESTEXT, CLEANTABLE, USERID, LOGDATE) VALUES  ('S21C02010202', '', 'code 2.1/C020102_02/C020102_02 - ???? ?????? ?????? ????? ??????? ?????? ??? ??????? ??????? ??? ????? ???????? ?? ?????? ????? ???????', 'Y', 'SDGS', GETDATE());
INSERT INTO "SUBTABLE_ENG" (MAINTABLE, SUBTABLE, PRESTEXT, USERID, LOGDATE) VALUES  ('S21C02010202', '', 'code 2.1/C020102_02/C020102_02 - Prevalence of severe  food insecurity in the adult population (%)', 'SDGS', GETDATE());
INSERT INTO "SUBTABLEVARIABLE" (MAINTABLE, SUBTABLE, VARIABLE, VARIABLETYPE, STORECOLUMNNO, USERID, LOGDATE) VALUES ('S21C02010202', '', 'TIME_PERIOD', 'T', '1', 'SDGS', GETDATE());
INSERT INTO "CONTENTSTIME" (MAINTABLE, CONTENTS, TIMEPERIOD, USERID, LOGDATE) VALUES ('S21C02010202', 'OBS_VALUE', 2014, 'SDGS', GETDATE());
INSERT INTO "CONTENTSTIME" (MAINTABLE, CONTENTS, TIMEPERIOD, USERID, LOGDATE) VALUES ('S21C02010202', 'OBS_VALUE', 2015, 'SDGS', GETDATE());
INSERT INTO "CONTENTSTIME" (MAINTABLE, CONTENTS, TIMEPERIOD, USERID, LOGDATE) VALUES ('S21C02010202', 'OBS_VALUE', 2016, 'SDGS', GETDATE());
INSERT INTO "CONTENTSTIME" (MAINTABLE, CONTENTS, TIMEPERIOD, USERID, LOGDATE) VALUES ('S21C02010202', 'OBS_VALUE', 2017, 'SDGS', GETDATE());
INSERT INTO "CONTENTSTIME" (MAINTABLE, CONTENTS, TIMEPERIOD, USERID, LOGDATE) VALUES ('S21C02010202', 'OBS_VALUE', 2018, 'SDGS', GETDATE());
INSERT INTO "CONTENTSTIME" (MAINTABLE, CONTENTS, TIMEPERIOD, USERID, LOGDATE) VALUES ('S21C02010202', 'OBS_VALUE', 2019, 'SDGS', GETDATE());
IF EXISTS (SELECT 1 FROM SYS.VIEWS WHERE NAME = 'S21C02010202' AND TYPE  = 'v') DROP VIEW S21C02010202;
GO
CREATE VIEW S21C02010202 AS SELECT * FROM INDICATORDATA WHERE SUBINDICATOR_CODE = 'C020102_02';
GO
INSERT INTO "MAINTABLE" (MAINTABLE, PRESTEXT, PRESTEXTS, PRESCATEGORY, TIMESCALE, USERID, LOGDATE, FIRSTPUBLISHED, TABLESTATUS, TABLEID, PRODUCTCODE, SPECCHAREXISTS, METAID, SUBJECTCODE, CONTENTSVARIABLE) VALUES  ('S21C02010203', 'code 2.1/C020102_03/C020102_03 - ??? ??????? ????? ?????? ?? ?????? ????? ??????? ??????? ??? ??????? ??????? ??? ????? ???????? ?? ?????? ????? ???????', 'SDGs Indicators', 'O', 'year', 'SDGS', GETDATE(), GETDATE(), 'A', 'S21C02010203', '001', 'N', '01', '01', 'ar: Sub Indicator');
INSERT INTO "MAINTABLE_ENG" (MAINTABLE, STATUS, PUBLISHED, PRESTEXT, PRESTEXTS, CONTENTSVARIABLE, USERID, LOGDATE) VALUES  ('S21C02010203', 'A', GETDATE(), 'code 2.1/C020102_03/C020102_03 - Total population in moderate food insecurity (thousands of people)', 'SDGs Indicators', 'Sub Indicator', 'SDGS', GETDATE());
INSERT INTO "SECONDARYLANGUAGE" (MAINTABLE, LANGUAGE, COMPLETELYTRANSLATED,PUBLISHED, USERID, LOGDATE) VALUES  ('S21C02010203', 'en','Y', 'Y', 'SDGS', GETDATE());
INSERT INTO "CONTENTS" (MAINTABLE, CONTENTS, PRESTEXT, PRESCODE, COPYRIGHT, PRODUCER, LASTUPDATED, UNIT, PRESDECIMALS, PRESCELLSZERO, STOCKFA, DAYADJ, SEASADJ, FOOTNOTECONTENTS, FOOTNOTEVARIABLE, FOOTNOTEVALUE, STORECOLUMNNO, STOREFORMAT, STORENOCHAR, STOREDECIMALS, USERID, LOGDATE, PUBLISHED, PRESTEXTS, STATAUTHORITY, AGGREGPOSSIBLE, FOOTNOTETIME, METAID) VALUES  ('S21C02010203', 'OBS_VALUE', 'ar: Sustainable Development Goals - SDGs', 'DATA', '1', 'PCBS', GETDATE(), 'OBS_VALUE', '2', 'Y', 'F', 'N', 'N', 'N', 'N', 'N', '3', 'N', '17', '2', 'SDGS', GETDATE(), GETDATE(), 'C020102_03', 'PCBS', 'N', 'N', '01');
INSERT INTO "CONTENTS_ENG" (MAINTABLE, CONTENTS, PRESTEXT, UNIT, USERID, LOGDATE, PRESTEXTS, REFPERIOD, BASEPERIOD)  VALUES  ('S21C02010203', 'OBS_VALUE', 'Sustainable Development Goals - SDGs',  'OBS_VALUE', 'SDGS', GETDATE(), 'C020102_03', NULL,NULL);
INSERT INTO "SUBTABLE" (MAINTABLE, SUBTABLE, PRESTEXT, CLEANTABLE, USERID, LOGDATE) VALUES  ('S21C02010203', '', 'code 2.1/C020102_03/C020102_03 - ??? ??????? ????? ?????? ?? ?????? ????? ??????? ??????? ??? ??????? ??????? ??? ????? ???????? ?? ?????? ????? ???????', 'Y', 'SDGS', GETDATE());
INSERT INTO "SUBTABLE_ENG" (MAINTABLE, SUBTABLE, PRESTEXT, USERID, LOGDATE) VALUES  ('S21C02010203', '', 'code 2.1/C020102_03/C020102_03 - Total population in moderate food insecurity (thousands of people)', 'SDGS', GETDATE());
INSERT INTO "SUBTABLEVARIABLE" (MAINTABLE, SUBTABLE, VARIABLE, VARIABLETYPE, STORECOLUMNNO, USERID, LOGDATE) VALUES ('S21C02010203', '', 'TIME_PERIOD', 'T', '1', 'SDGS', GETDATE());
INSERT INTO "CONTENTSTIME" (MAINTABLE, CONTENTS, TIMEPERIOD, USERID, LOGDATE) VALUES ('S21C02010203', 'OBS_VALUE', 2014, 'SDGS', GETDATE());
INSERT INTO "CONTENTSTIME" (MAINTABLE, CONTENTS, TIMEPERIOD, USERID, LOGDATE) VALUES ('S21C02010203', 'OBS_VALUE', 2015, 'SDGS', GETDATE());
INSERT INTO "CONTENTSTIME" (MAINTABLE, CONTENTS, TIMEPERIOD, USERID, LOGDATE) VALUES ('S21C02010203', 'OBS_VALUE', 2016, 'SDGS', GETDATE());
INSERT INTO "CONTENTSTIME" (MAINTABLE, CONTENTS, TIMEPERIOD, USERID, LOGDATE) VALUES ('S21C02010203', 'OBS_VALUE', 2017, 'SDGS', GETDATE());
INSERT INTO "CONTENTSTIME" (MAINTABLE, CONTENTS, TIMEPERIOD, USERID, LOGDATE) VALUES ('S21C02010203', 'OBS_VALUE', 2018, 'SDGS', GETDATE());
IF EXISTS (SELECT 1 FROM SYS.VIEWS WHERE NAME = 'S21C02010203' AND TYPE  = 'v') DROP VIEW S21C02010203;
GO
CREATE VIEW S21C02010203 AS SELECT * FROM INDICATORDATA WHERE SUBINDICATOR_CODE = 'C020102_03';
GO
INSERT INTO "MAINTABLE" (MAINTABLE, PRESTEXT, PRESTEXTS, PRESCATEGORY, TIMESCALE, USERID, LOGDATE, FIRSTPUBLISHED, TABLESTATUS, TABLEID, PRODUCTCODE, SPECCHAREXISTS, METAID, SUBJECTCODE, CONTENTSVARIABLE) VALUES  ('S21C02010204', 'code 2.1/C020102_04/C020102_04 - ??? ??????? ????? ?????? ?? ?????? ????? ??????? ?????? ??? ??????? ??????? ??? ????? ???????? ?? ?????? ????? ???????', 'SDGs Indicators', 'O', 'year', 'SDGS', GETDATE(), GETDATE(), 'A', 'S21C02010204', '001', 'N', '01', '01', 'ar: Sub Indicator');
INSERT INTO "MAINTABLE_ENG" (MAINTABLE, STATUS, PUBLISHED, PRESTEXT, PRESTEXTS, CONTENTSVARIABLE, USERID, LOGDATE) VALUES  ('S21C02010204', 'A', GETDATE(), 'code 2.1/C020102_04/C020102_04 - Total population in severe food insecurity (thousands of people)', 'SDGs Indicators', 'Sub Indicator', 'SDGS', GETDATE());
INSERT INTO "SECONDARYLANGUAGE" (MAINTABLE, LANGUAGE, COMPLETELYTRANSLATED,PUBLISHED, USERID, LOGDATE) VALUES  ('S21C02010204', 'en','Y', 'Y', 'SDGS', GETDATE());
INSERT INTO "CONTENTS" (MAINTABLE, CONTENTS, PRESTEXT, PRESCODE, COPYRIGHT, PRODUCER, LASTUPDATED, UNIT, PRESDECIMALS, PRESCELLSZERO, STOCKFA, DAYADJ, SEASADJ, FOOTNOTECONTENTS, FOOTNOTEVARIABLE, FOOTNOTEVALUE, STORECOLUMNNO, STOREFORMAT, STORENOCHAR, STOREDECIMALS, USERID, LOGDATE, PUBLISHED, PRESTEXTS, STATAUTHORITY, AGGREGPOSSIBLE, FOOTNOTETIME, METAID) VALUES  ('S21C02010204', 'OBS_VALUE', 'ar: Sustainable Development Goals - SDGs', 'DATA', '1', 'PCBS', GETDATE(), 'OBS_VALUE', '2', 'Y', 'F', 'N', 'N', 'N', 'N', 'N', '3', 'N', '17', '2', 'SDGS', GETDATE(), GETDATE(), 'C020102_04', 'PCBS', 'N', 'N', '01');
INSERT INTO "CONTENTS_ENG" (MAINTABLE, CONTENTS, PRESTEXT, UNIT, USERID, LOGDATE, PRESTEXTS, REFPERIOD, BASEPERIOD)  VALUES  ('S21C02010204', 'OBS_VALUE', 'Sustainable Development Goals - SDGs',  'OBS_VALUE', 'SDGS', GETDATE(), 'C020102_04', NULL,NULL);
INSERT INTO "SUBTABLE" (MAINTABLE, SUBTABLE, PRESTEXT, CLEANTABLE, USERID, LOGDATE) VALUES  ('S21C02010204', '', 'code 2.1/C020102_04/C020102_04 - ??? ??????? ????? ?????? ?? ?????? ????? ??????? ?????? ??? ??????? ??????? ??? ????? ???????? ?? ?????? ????? ???????', 'Y', 'SDGS', GETDATE());
INSERT INTO "SUBTABLE_ENG" (MAINTABLE, SUBTABLE, PRESTEXT, USERID, LOGDATE) VALUES  ('S21C02010204', '', 'code 2.1/C020102_04/C020102_04 - Total population in severe food insecurity (thousands of people)', 'SDGS', GETDATE());
INSERT INTO "SUBTABLEVARIABLE" (MAINTABLE, SUBTABLE, VARIABLE, VARIABLETYPE, STORECOLUMNNO, USERID, LOGDATE) VALUES ('S21C02010204', '', 'TIME_PERIOD', 'T', '1', 'SDGS', GETDATE());
INSERT INTO "CONTENTSTIME" (MAINTABLE, CONTENTS, TIMEPERIOD, USERID, LOGDATE) VALUES ('S21C02010204', 'OBS_VALUE', 2014, 'SDGS', GETDATE());
INSERT INTO "CONTENTSTIME" (MAINTABLE, CONTENTS, TIMEPERIOD, USERID, LOGDATE) VALUES ('S21C02010204', 'OBS_VALUE', 2015, 'SDGS', GETDATE());
INSERT INTO "CONTENTSTIME" (MAINTABLE, CONTENTS, TIMEPERIOD, USERID, LOGDATE) VALUES ('S21C02010204', 'OBS_VALUE', 2016, 'SDGS', GETDATE());
INSERT INTO "CONTENTSTIME" (MAINTABLE, CONTENTS, TIMEPERIOD, USERID, LOGDATE) VALUES ('S21C02010204', 'OBS_VALUE', 2017, 'SDGS', GETDATE());
INSERT INTO "CONTENTSTIME" (MAINTABLE, CONTENTS, TIMEPERIOD, USERID, LOGDATE) VALUES ('S21C02010204', 'OBS_VALUE', 2018, 'SDGS', GETDATE());
IF EXISTS (SELECT 1 FROM SYS.VIEWS WHERE NAME = 'S21C02010204' AND TYPE  = 'v') DROP VIEW S21C02010204;
GO
CREATE VIEW S21C02010204 AS SELECT * FROM INDICATORDATA WHERE SUBINDICATOR_CODE = 'C020102_04';
GO
INSERT INTO "MAINTABLE" (MAINTABLE, PRESTEXT, PRESTEXTS, PRESCATEGORY, TIMESCALE, USERID, LOGDATE, FIRSTPUBLISHED, TABLESTATUS, TABLEID, PRODUCTCODE, SPECCHAREXISTS, METAID, SUBJECTCODE, CONTENTSVARIABLE) VALUES  ('S22C02020101', 'code 2.2/C020201_01/C020201_01 - ?????? ?????? (????? ????? ??? ????? <2- ??? ?????????? ????????? (SD) ?????? ?????? ????? ????? ???????? ???? ?????) ??? ??????? ??? ?? ??????? ?? ?????.', 'SDGs Indicators', 'O', 'year', 'SDGS', GETDATE(), GETDATE(), 'A', 'S22C02020101', '001', 'N', '01', '01', 'ar: Sub Indicator');
INSERT INTO "MAINTABLE_ENG" (MAINTABLE, STATUS, PUBLISHED, PRESTEXT, PRESTEXTS, CONTENTSVARIABLE, USERID, LOGDATE) VALUES  ('S22C02020101', 'A', GETDATE(), 'code 2.2/C020201_01/C020201_01 - Prevalence of stunting (height for age <-2 standard deviation from the median of the World Health Organization (WHO) Child Growth Standards) among children under 5 years of age', 'SDGs Indicators', 'Sub Indicator', 'SDGS', GETDATE());
INSERT INTO "SECONDARYLANGUAGE" (MAINTABLE, LANGUAGE, COMPLETELYTRANSLATED,PUBLISHED, USERID, LOGDATE) VALUES  ('S22C02020101', 'en','Y', 'Y', 'SDGS', GETDATE());
INSERT INTO "CONTENTS" (MAINTABLE, CONTENTS, PRESTEXT, PRESCODE, COPYRIGHT, PRODUCER, LASTUPDATED, UNIT, PRESDECIMALS, PRESCELLSZERO, STOCKFA, DAYADJ, SEASADJ, FOOTNOTECONTENTS, FOOTNOTEVARIABLE, FOOTNOTEVALUE, STORECOLUMNNO, STOREFORMAT, STORENOCHAR, STOREDECIMALS, USERID, LOGDATE, PUBLISHED, PRESTEXTS, STATAUTHORITY, AGGREGPOSSIBLE, FOOTNOTETIME, METAID) VALUES  ('S22C02020101', 'OBS_VALUE', 'ar: Sustainable Development Goals - SDGs', 'DATA', '1', 'PCBS', GETDATE(), 'OBS_VALUE', '2', 'Y', 'F', 'N', 'N', 'N', 'N', 'N', '3', 'N', '17', '2', 'SDGS', GETDATE(), GETDATE(), 'C020201_01', 'PCBS', 'N', 'N', '01');
INSERT INTO "CONTENTS_ENG" (MAINTABLE, CONTENTS, PRESTEXT, UNIT, USERID, LOGDATE, PRESTEXTS, REFPERIOD, BASEPERIOD)  VALUES  ('S22C02020101', 'OBS_VALUE', 'Sustainable Development Goals - SDGs',  'OBS_VALUE', 'SDGS', GETDATE(), 'C020201_01', NULL,NULL);
INSERT INTO "SUBTABLE" (MAINTABLE, SUBTABLE, PRESTEXT, CLEANTABLE, USERID, LOGDATE) VALUES  ('S22C02020101', '', 'code 2.2/C020201_01/C020201_01 - ?????? ?????? (????? ????? ??? ????? <2- ??? ?????????? ????????? (SD) ?????? ?????? ????? ????? ???????? ???? ?????) ??? ??????? ??? ?? ??????? ?? ?????.', 'Y', 'SDGS', GETDATE());
INSERT INTO "SUBTABLE_ENG" (MAINTABLE, SUBTABLE, PRESTEXT, USERID, LOGDATE) VALUES  ('S22C02020101', '', 'code 2.2/C020201_01/C020201_01 - Prevalence of stunting (height for age <-2 standard deviation from the median of the World Health Organization (WHO) Child Growth Standards) among children under 5 years of age', 'SDGS', GETDATE());
INSERT INTO "SUBTABLEVARIABLE" (MAINTABLE, SUBTABLE, VARIABLE, VARIABLETYPE, STORECOLUMNNO, USERID, LOGDATE) VALUES ('S22C02020101', '', 'TIME_PERIOD', 'T', '1', 'SDGS', GETDATE());
INSERT INTO "CONTENTSTIME" (MAINTABLE, CONTENTS, TIMEPERIOD, USERID, LOGDATE) VALUES ('S22C02020101', 'OBS_VALUE', 2000, 'SDGS', GETDATE());
INSERT INTO "CONTENTSTIME" (MAINTABLE, CONTENTS, TIMEPERIOD, USERID, LOGDATE) VALUES ('S22C02020101', 'OBS_VALUE', 2001, 'SDGS', GETDATE());
INSERT INTO "CONTENTSTIME" (MAINTABLE, CONTENTS, TIMEPERIOD, USERID, LOGDATE) VALUES ('S22C02020101', 'OBS_VALUE', 2002, 'SDGS', GETDATE());
INSERT INTO "CONTENTSTIME" (MAINTABLE, CONTENTS, TIMEPERIOD, USERID, LOGDATE) VALUES ('S22C02020101', 'OBS_VALUE', 2006, 'SDGS', GETDATE());
INSERT INTO "CONTENTSTIME" (MAINTABLE, CONTENTS, TIMEPERIOD, USERID, LOGDATE) VALUES ('S22C02020101', 'OBS_VALUE', 2007, 'SDGS', GETDATE());
INSERT INTO "CONTENTSTIME" (MAINTABLE, CONTENTS, TIMEPERIOD, USERID, LOGDATE) VALUES ('S22C02020101', 'OBS_VALUE', 2008, 'SDGS', GETDATE());
INSERT INTO "CONTENTSTIME" (MAINTABLE, CONTENTS, TIMEPERIOD, USERID, LOGDATE) VALUES ('S22C02020101', 'OBS_VALUE', 2014, 'SDGS', GETDATE());
INSERT INTO "CONTENTSTIME" (MAINTABLE, CONTENTS, TIMEPERIOD, USERID, LOGDATE) VALUES ('S22C02020101', 'OBS_VALUE', 2015, 'SDGS', GETDATE());
INSERT INTO "CONTENTSTIME" (MAINTABLE, CONTENTS, TIMEPERIOD, USERID, LOGDATE) VALUES ('S22C02020101', 'OBS_VALUE', 2016, 'SDGS', GETDATE());
INSERT INTO "CONTENTSTIME" (MAINTABLE, CONTENTS, TIMEPERIOD, USERID, LOGDATE) VALUES ('S22C02020101', 'OBS_VALUE', 2019, 'SDGS', GETDATE());
INSERT INTO "VALUESET" (VALUESET, PRESTEXT, DESCRIPTION, ELIMINATION, VALUEPOOL, METAID, FOOTNOTE, USERID, LOGDATE, VALUEPRES, SORTCODEEXISTS) VALUES ('VSREF_AREA_C020201_01', 'Hmm', 'None', 'A', 'VPREF_AREA', '0', 'N', 'SDGS', GETDATE(), 'T', 'N');
INSERT INTO "VALUESET_ENG" (VALUESET, PRESTEXT, DESCRIPTION, USERID, LOGDATE) VALUES ('VSREF_AREA_C020201_01', 'Hmm', 'None', 'SDGS', GETDATE());
INSERT INTO "VSVALUE" (VALUESET, VALUEPOOL, VALUECODE, USERID, LOGDATE) VALUES ('VSREF_AREA_C020201_01', 'VPREF_AREA', '1', 'SDGS', GETDATE());
INSERT INTO "VSVALUE_ENG" (VALUESET, VALUEPOOL, VALUECODE, USERID, LOGDATE) VALUES ('VSREF_AREA_C020201_01', 'VPREF_AREA', '1', 'SDGS', GETDATE());
INSERT INTO "VSVALUE" (VALUESET, VALUEPOOL, VALUECODE, USERID, LOGDATE) VALUES ('VSREF_AREA_C020201_01', 'VPREF_AREA', '2', 'SDGS', GETDATE());
INSERT INTO "VSVALUE_ENG" (VALUESET, VALUEPOOL, VALUECODE, USERID, LOGDATE) VALUES ('VSREF_AREA_C020201_01', 'VPREF_AREA', '2', 'SDGS', GETDATE());
INSERT INTO "VSVALUE" (VALUESET, VALUEPOOL, VALUECODE, USERID, LOGDATE) VALUES ('VSREF_AREA_C020201_01', 'VPREF_AREA', '3', 'SDGS', GETDATE());
INSERT INTO "VSVALUE_ENG" (VALUESET, VALUEPOOL, VALUECODE, USERID, LOGDATE) VALUES ('VSREF_AREA_C020201_01', 'VPREF_AREA', '3', 'SDGS', GETDATE());
INSERT INTO "SUBTABLEVARIABLE" (MAINTABLE, SUBTABLE, VARIABLE, VALUESET, VARIABLETYPE, STORECOLUMNNO, USERID, LOGDATE) VALUES ('S22C02020101', '', 'REF_AREA', 'VSREF_AREA_C020201_01', 'V', '1', 'SDGS', GETDATE());
INSERT INTO "VALUESET" (VALUESET, PRESTEXT, DESCRIPTION, ELIMINATION, VALUEPOOL, METAID, FOOTNOTE, USERID, LOGDATE, VALUEPRES, SORTCODEEXISTS) VALUES ('VSSEX_C020201_01', 'Hmm', 'None', 'A', 'VPSEX', '0', 'N', 'SDGS', GETDATE(), 'T', 'N');
INSERT INTO "VALUESET_ENG" (VALUESET, PRESTEXT, DESCRIPTION, USERID, LOGDATE) VALUES ('VSSEX_C020201_01', 'Hmm', 'None', 'SDGS', GETDATE());
INSERT INTO "VSVALUE" (VALUESET, VALUEPOOL, VALUECODE, USERID, LOGDATE) VALUES ('VSSEX_C020201_01', 'VPSEX', 'M', 'SDGS', GETDATE());
INSERT INTO "VSVALUE_ENG" (VALUESET, VALUEPOOL, VALUECODE, USERID, LOGDATE) VALUES ('VSSEX_C020201_01', 'VPSEX', 'M', 'SDGS', GETDATE());
INSERT INTO "VSVALUE" (VALUESET, VALUEPOOL, VALUECODE, USERID, LOGDATE) VALUES ('VSSEX_C020201_01', 'VPSEX', 'F', 'SDGS', GETDATE());
INSERT INTO "VSVALUE_ENG" (VALUESET, VALUEPOOL, VALUECODE, USERID, LOGDATE) VALUES ('VSSEX_C020201_01', 'VPSEX', 'F', 'SDGS', GETDATE());
INSERT INTO "VSVALUE" (VALUESET, VALUEPOOL, VALUECODE, USERID, LOGDATE) VALUES ('VSSEX_C020201_01', 'VPSEX', '_T', 'SDGS', GETDATE());
INSERT INTO "VSVALUE_ENG" (VALUESET, VALUEPOOL, VALUECODE, USERID, LOGDATE) VALUES ('VSSEX_C020201_01', 'VPSEX', '_T', 'SDGS', GETDATE());
INSERT INTO "SUBTABLEVARIABLE" (MAINTABLE, SUBTABLE, VARIABLE, VALUESET, VARIABLETYPE, STORECOLUMNNO, USERID, LOGDATE) VALUES ('S22C02020101', '', 'SEX', 'VSSEX_C020201_01', 'V', '1', 'SDGS', GETDATE());
IF EXISTS (SELECT 1 FROM SYS.VIEWS WHERE NAME = 'S22C02020101' AND TYPE  = 'v') DROP VIEW S22C02020101;
GO
CREATE VIEW S22C02020101 AS SELECT * FROM INDICATORDATA WHERE SUBINDICATOR_CODE = 'C020201_01';
GO
INSERT INTO "MAINTABLE" (MAINTABLE, PRESTEXT, PRESTEXTS, PRESCATEGORY, TIMESCALE, USERID, LOGDATE, FIRSTPUBLISHED, TABLESTATUS, TABLEID, PRODUCTCODE, SPECCHAREXISTS, METAID, SUBJECTCODE, CONTENTSVARIABLE) VALUES  ('S22C02020202', 'code 2.2/C020202_02/C020202_02 - ?????? ??? ??????? (????? ????? ??? ????? > 2+ ?? <2- ??? ?????????? ????????? (SD) ?????? ?????? ????? ????? ???????? ???? ?????) ??? ??????? ??? ?? ??????? ?? ????? ??????? (????? ?????).', 'SDGs Indicators', 'O', 'year', 'SDGS', GETDATE(), GETDATE(), 'A', 'S22C02020202', '001', 'N', '01', '01', 'ar: Sub Indicator');
INSERT INTO "MAINTABLE_ENG" (MAINTABLE, STATUS, PUBLISHED, PRESTEXT, PRESTEXTS, CONTENTSVARIABLE, USERID, LOGDATE) VALUES  ('S22C02020202', 'A', GETDATE(), 'code 2.2/C020202_02/C020202_02 - Prevalence of malnutrition (weight for height >+2 or <-2 standard deviation from the median of the WHO Child Growth Standards) among children under 5 years of age, by type (overweight)', 'SDGs Indicators', 'Sub Indicator', 'SDGS', GETDATE());
INSERT INTO "SECONDARYLANGUAGE" (MAINTABLE, LANGUAGE, COMPLETELYTRANSLATED,PUBLISHED, USERID, LOGDATE) VALUES  ('S22C02020202', 'en','Y', 'Y', 'SDGS', GETDATE());
INSERT INTO "CONTENTS" (MAINTABLE, CONTENTS, PRESTEXT, PRESCODE, COPYRIGHT, PRODUCER, LASTUPDATED, UNIT, PRESDECIMALS, PRESCELLSZERO, STOCKFA, DAYADJ, SEASADJ, FOOTNOTECONTENTS, FOOTNOTEVARIABLE, FOOTNOTEVALUE, STORECOLUMNNO, STOREFORMAT, STORENOCHAR, STOREDECIMALS, USERID, LOGDATE, PUBLISHED, PRESTEXTS, STATAUTHORITY, AGGREGPOSSIBLE, FOOTNOTETIME, METAID) VALUES  ('S22C02020202', 'OBS_VALUE', 'ar: Sustainable Development Goals - SDGs', 'DATA', '1', 'PCBS', GETDATE(), 'OBS_VALUE', '2', 'Y', 'F', 'N', 'N', 'N', 'N', 'N', '3', 'N', '17', '2', 'SDGS', GETDATE(), GETDATE(), 'C020202_02', 'PCBS', 'N', 'N', '01');
INSERT INTO "CONTENTS_ENG" (MAINTABLE, CONTENTS, PRESTEXT, UNIT, USERID, LOGDATE, PRESTEXTS, REFPERIOD, BASEPERIOD)  VALUES  ('S22C02020202', 'OBS_VALUE', 'Sustainable Development Goals - SDGs',  'OBS_VALUE', 'SDGS', GETDATE(), 'C020202_02', NULL,NULL);
INSERT INTO "SUBTABLE" (MAINTABLE, SUBTABLE, PRESTEXT, CLEANTABLE, USERID, LOGDATE) VALUES  ('S22C02020202', '', 'code 2.2/C020202_02/C020202_02 - ?????? ??? ??????? (????? ????? ??? ????? > 2+ ?? <2- ??? ?????????? ????????? (SD) ?????? ?????? ????? ????? ???????? ???? ?????) ??? ??????? ??? ?? ??????? ?? ????? ??????? (????? ?????).', 'Y', 'SDGS', GETDATE());
INSERT INTO "SUBTABLE_ENG" (MAINTABLE, SUBTABLE, PRESTEXT, USERID, LOGDATE) VALUES  ('S22C02020202', '', 'code 2.2/C020202_02/C020202_02 - Prevalence of malnutrition (weight for height >+2 or <-2 standard deviation from the median of the WHO Child Growth Standards) among children under 5 years of age, by type (overweight)', 'SDGS', GETDATE());
INSERT INTO "SUBTABLEVARIABLE" (MAINTABLE, SUBTABLE, VARIABLE, VARIABLETYPE, STORECOLUMNNO, USERID, LOGDATE) VALUES ('S22C02020202', '', 'TIME_PERIOD', 'T', '1', 'SDGS', GETDATE());
INSERT INTO "CONTENTSTIME" (MAINTABLE, CONTENTS, TIMEPERIOD, USERID, LOGDATE) VALUES ('S22C02020202', 'OBS_VALUE', 2014, 'SDGS', GETDATE());
INSERT INTO "CONTENTSTIME" (MAINTABLE, CONTENTS, TIMEPERIOD, USERID, LOGDATE) VALUES ('S22C02020202', 'OBS_VALUE', 2019, 'SDGS', GETDATE());
INSERT INTO "VALUESET" (VALUESET, PRESTEXT, DESCRIPTION, ELIMINATION, VALUEPOOL, METAID, FOOTNOTE, USERID, LOGDATE, VALUEPRES, SORTCODEEXISTS) VALUES ('VSREF_AREA_C020202_02', 'Hmm', 'None', 'A', 'VPREF_AREA', '0', 'N', 'SDGS', GETDATE(), 'T', 'N');
INSERT INTO "VALUESET_ENG" (VALUESET, PRESTEXT, DESCRIPTION, USERID, LOGDATE) VALUES ('VSREF_AREA_C020202_02', 'Hmm', 'None', 'SDGS', GETDATE());
INSERT INTO "VSVALUE" (VALUESET, VALUEPOOL, VALUECODE, USERID, LOGDATE) VALUES ('VSREF_AREA_C020202_02', 'VPREF_AREA', '1', 'SDGS', GETDATE());
INSERT INTO "VSVALUE_ENG" (VALUESET, VALUEPOOL, VALUECODE, USERID, LOGDATE) VALUES ('VSREF_AREA_C020202_02', 'VPREF_AREA', '1', 'SDGS', GETDATE());
INSERT INTO "VSVALUE" (VALUESET, VALUEPOOL, VALUECODE, USERID, LOGDATE) VALUES ('VSREF_AREA_C020202_02', 'VPREF_AREA', '2', 'SDGS', GETDATE());
INSERT INTO "VSVALUE_ENG" (VALUESET, VALUEPOOL, VALUECODE, USERID, LOGDATE) VALUES ('VSREF_AREA_C020202_02', 'VPREF_AREA', '2', 'SDGS', GETDATE());
INSERT INTO "VSVALUE" (VALUESET, VALUEPOOL, VALUECODE, USERID, LOGDATE) VALUES ('VSREF_AREA_C020202_02', 'VPREF_AREA', '3', 'SDGS', GETDATE());
INSERT INTO "VSVALUE_ENG" (VALUESET, VALUEPOOL, VALUECODE, USERID, LOGDATE) VALUES ('VSREF_AREA_C020202_02', 'VPREF_AREA', '3', 'SDGS', GETDATE());
INSERT INTO "SUBTABLEVARIABLE" (MAINTABLE, SUBTABLE, VARIABLE, VALUESET, VARIABLETYPE, STORECOLUMNNO, USERID, LOGDATE) VALUES ('S22C02020202', '', 'REF_AREA', 'VSREF_AREA_C020202_02', 'V', '1', 'SDGS', GETDATE());
INSERT INTO "VALUESET" (VALUESET, PRESTEXT, DESCRIPTION, ELIMINATION, VALUEPOOL, METAID, FOOTNOTE, USERID, LOGDATE, VALUEPRES, SORTCODEEXISTS) VALUES ('VSSEX_C020202_02', 'Hmm', 'None', 'A', 'VPSEX', '0', 'N', 'SDGS', GETDATE(), 'T', 'N');
INSERT INTO "VALUESET_ENG" (VALUESET, PRESTEXT, DESCRIPTION, USERID, LOGDATE) VALUES ('VSSEX_C020202_02', 'Hmm', 'None', 'SDGS', GETDATE());
INSERT INTO "VSVALUE" (VALUESET, VALUEPOOL, VALUECODE, USERID, LOGDATE) VALUES ('VSSEX_C020202_02', 'VPSEX', 'M', 'SDGS', GETDATE());
INSERT INTO "VSVALUE_ENG" (VALUESET, VALUEPOOL, VALUECODE, USERID, LOGDATE) VALUES ('VSSEX_C020202_02', 'VPSEX', 'M', 'SDGS', GETDATE());
INSERT INTO "VSVALUE" (VALUESET, VALUEPOOL, VALUECODE, USERID, LOGDATE) VALUES ('VSSEX_C020202_02', 'VPSEX', 'F', 'SDGS', GETDATE());
INSERT INTO "VSVALUE_ENG" (VALUESET, VALUEPOOL, VALUECODE, USERID, LOGDATE) VALUES ('VSSEX_C020202_02', 'VPSEX', 'F', 'SDGS', GETDATE());
INSERT INTO "VSVALUE" (VALUESET, VALUEPOOL, VALUECODE, USERID, LOGDATE) VALUES ('VSSEX_C020202_02', 'VPSEX', '_T', 'SDGS', GETDATE());
INSERT INTO "VSVALUE_ENG" (VALUESET, VALUEPOOL, VALUECODE, USERID, LOGDATE) VALUES ('VSSEX_C020202_02', 'VPSEX', '_T', 'SDGS', GETDATE());
INSERT INTO "SUBTABLEVARIABLE" (MAINTABLE, SUBTABLE, VARIABLE, VALUESET, VARIABLETYPE, STORECOLUMNNO, USERID, LOGDATE) VALUES ('S22C02020202', '', 'SEX', 'VSSEX_C020202_02', 'V', '1', 'SDGS', GETDATE());
IF EXISTS (SELECT 1 FROM SYS.VIEWS WHERE NAME = 'S22C02020202' AND TYPE  = 'v') DROP VIEW S22C02020202;
GO
CREATE VIEW S22C02020202 AS SELECT * FROM INDICATORDATA WHERE SUBINDICATOR_CODE = 'C020202_02';
GO
INSERT INTO "MAINTABLE" (MAINTABLE, PRESTEXT, PRESTEXTS, PRESCATEGORY, TIMESCALE, USERID, LOGDATE, FIRSTPUBLISHED, TABLESTATUS, TABLEID, PRODUCTCODE, SPECCHAREXISTS, METAID, SUBJECTCODE, CONTENTSVARIABLE) VALUES  ('S22C02020201', 'code 2.2/C020202_01/C020202_01 - ?????? ??? ??????? (????? ????? ??? ????? > 2+ ?? <2- ??? ?????????? ????????? (SD) ?????? ?????? ????? ????? ???????? ???? ?????) ??? ??????? ??? ?? ??????? ?? ????? ??????? (??????).', 'SDGs Indicators', 'O', 'year', 'SDGS', GETDATE(), GETDATE(), 'A', 'S22C02020201', '001', 'N', '01', '01', 'ar: Sub Indicator');
INSERT INTO "MAINTABLE_ENG" (MAINTABLE, STATUS, PUBLISHED, PRESTEXT, PRESTEXTS, CONTENTSVARIABLE, USERID, LOGDATE) VALUES  ('S22C02020201', 'A', GETDATE(), 'code 2.2/C020202_01/C020202_01 - Prevalence of malnutrition (weight for height >+2 or <-2 standard deviation from the median of the WHO Child Growth Standards) among children under 5 years of age, by type (wasting)', 'SDGs Indicators', 'Sub Indicator', 'SDGS', GETDATE());
INSERT INTO "SECONDARYLANGUAGE" (MAINTABLE, LANGUAGE, COMPLETELYTRANSLATED,PUBLISHED, USERID, LOGDATE) VALUES  ('S22C02020201', 'en','Y', 'Y', 'SDGS', GETDATE());
INSERT INTO "CONTENTS" (MAINTABLE, CONTENTS, PRESTEXT, PRESCODE, COPYRIGHT, PRODUCER, LASTUPDATED, UNIT, PRESDECIMALS, PRESCELLSZERO, STOCKFA, DAYADJ, SEASADJ, FOOTNOTECONTENTS, FOOTNOTEVARIABLE, FOOTNOTEVALUE, STORECOLUMNNO, STOREFORMAT, STORENOCHAR, STOREDECIMALS, USERID, LOGDATE, PUBLISHED, PRESTEXTS, STATAUTHORITY, AGGREGPOSSIBLE, FOOTNOTETIME, METAID) VALUES  ('S22C02020201', 'OBS_VALUE', 'ar: Sustainable Development Goals - SDGs', 'DATA', '1', 'PCBS', GETDATE(), 'OBS_VALUE', '2', 'Y', 'F', 'N', 'N', 'N', 'N', 'N', '3', 'N', '17', '2', 'SDGS', GETDATE(), GETDATE(), 'C020202_01', 'PCBS', 'N', 'N', '01');
INSERT INTO "CONTENTS_ENG" (MAINTABLE, CONTENTS, PRESTEXT, UNIT, USERID, LOGDATE, PRESTEXTS, REFPERIOD, BASEPERIOD)  VALUES  ('S22C02020201', 'OBS_VALUE', 'Sustainable Development Goals - SDGs',  'OBS_VALUE', 'SDGS', GETDATE(), 'C020202_01', NULL,NULL);
INSERT INTO "SUBTABLE" (MAINTABLE, SUBTABLE, PRESTEXT, CLEANTABLE, USERID, LOGDATE) VALUES  ('S22C02020201', '', 'code 2.2/C020202_01/C020202_01 - ?????? ??? ??????? (????? ????? ??? ????? > 2+ ?? <2- ??? ?????????? ????????? (SD) ?????? ?????? ????? ????? ???????? ???? ?????) ??? ??????? ??? ?? ??????? ?? ????? ??????? (??????).', 'Y', 'SDGS', GETDATE());
INSERT INTO "SUBTABLE_ENG" (MAINTABLE, SUBTABLE, PRESTEXT, USERID, LOGDATE) VALUES  ('S22C02020201', '', 'code 2.2/C020202_01/C020202_01 - Prevalence of malnutrition (weight for height >+2 or <-2 standard deviation from the median of the WHO Child Growth Standards) among children under 5 years of age, by type (wasting)', 'SDGS', GETDATE());
INSERT INTO "SUBTABLEVARIABLE" (MAINTABLE, SUBTABLE, VARIABLE, VARIABLETYPE, STORECOLUMNNO, USERID, LOGDATE) VALUES ('S22C02020201', '', 'TIME_PERIOD', 'T', '1', 'SDGS', GETDATE());
INSERT INTO "CONTENTSTIME" (MAINTABLE, CONTENTS, TIMEPERIOD, USERID, LOGDATE) VALUES ('S22C02020201', 'OBS_VALUE', 2000, 'SDGS', GETDATE());
INSERT INTO "CONTENTSTIME" (MAINTABLE, CONTENTS, TIMEPERIOD, USERID, LOGDATE) VALUES ('S22C02020201', 'OBS_VALUE', 2001, 'SDGS', GETDATE());
INSERT INTO "CONTENTSTIME" (MAINTABLE, CONTENTS, TIMEPERIOD, USERID, LOGDATE) VALUES ('S22C02020201', 'OBS_VALUE', 2002, 'SDGS', GETDATE());
INSERT INTO "CONTENTSTIME" (MAINTABLE, CONTENTS, TIMEPERIOD, USERID, LOGDATE) VALUES ('S22C02020201', 'OBS_VALUE', 2006, 'SDGS', GETDATE());
INSERT INTO "CONTENTSTIME" (MAINTABLE, CONTENTS, TIMEPERIOD, USERID, LOGDATE) VALUES ('S22C02020201', 'OBS_VALUE', 2007, 'SDGS', GETDATE());
INSERT INTO "CONTENTSTIME" (MAINTABLE, CONTENTS, TIMEPERIOD, USERID, LOGDATE) VALUES ('S22C02020201', 'OBS_VALUE', 2008, 'SDGS', GETDATE());
INSERT INTO "CONTENTSTIME" (MAINTABLE, CONTENTS, TIMEPERIOD, USERID, LOGDATE) VALUES ('S22C02020201', 'OBS_VALUE', 2014, 'SDGS', GETDATE());
INSERT INTO "CONTENTSTIME" (MAINTABLE, CONTENTS, TIMEPERIOD, USERID, LOGDATE) VALUES ('S22C02020201', 'OBS_VALUE', 2015, 'SDGS', GETDATE());
INSERT INTO "CONTENTSTIME" (MAINTABLE, CONTENTS, TIMEPERIOD, USERID, LOGDATE) VALUES ('S22C02020201', 'OBS_VALUE', 2016, 'SDGS', GETDATE());
INSERT INTO "CONTENTSTIME" (MAINTABLE, CONTENTS, TIMEPERIOD, USERID, LOGDATE) VALUES ('S22C02020201', 'OBS_VALUE', 2019, 'SDGS', GETDATE());
INSERT INTO "VALUESET" (VALUESET, PRESTEXT, DESCRIPTION, ELIMINATION, VALUEPOOL, METAID, FOOTNOTE, USERID, LOGDATE, VALUEPRES, SORTCODEEXISTS) VALUES ('VSREF_AREA_C020202_01', 'Hmm', 'None', 'A', 'VPREF_AREA', '0', 'N', 'SDGS', GETDATE(), 'T', 'N');
INSERT INTO "VALUESET_ENG" (VALUESET, PRESTEXT, DESCRIPTION, USERID, LOGDATE) VALUES ('VSREF_AREA_C020202_01', 'Hmm', 'None', 'SDGS', GETDATE());
INSERT INTO "VSVALUE" (VALUESET, VALUEPOOL, VALUECODE, USERID, LOGDATE) VALUES ('VSREF_AREA_C020202_01', 'VPREF_AREA', '1', 'SDGS', GETDATE());
INSERT INTO "VSVALUE_ENG" (VALUESET, VALUEPOOL, VALUECODE, USERID, LOGDATE) VALUES ('VSREF_AREA_C020202_01', 'VPREF_AREA', '1', 'SDGS', GETDATE());
INSERT INTO "VSVALUE" (VALUESET, VALUEPOOL, VALUECODE, USERID, LOGDATE) VALUES ('VSREF_AREA_C020202_01', 'VPREF_AREA', '2', 'SDGS', GETDATE());
INSERT INTO "VSVALUE_ENG" (VALUESET, VALUEPOOL, VALUECODE, USERID, LOGDATE) VALUES ('VSREF_AREA_C020202_01', 'VPREF_AREA', '2', 'SDGS', GETDATE());
INSERT INTO "VSVALUE" (VALUESET, VALUEPOOL, VALUECODE, USERID, LOGDATE) VALUES ('VSREF_AREA_C020202_01', 'VPREF_AREA', '3', 'SDGS', GETDATE());
INSERT INTO "VSVALUE_ENG" (VALUESET, VALUEPOOL, VALUECODE, USERID, LOGDATE) VALUES ('VSREF_AREA_C020202_01', 'VPREF_AREA', '3', 'SDGS', GETDATE());
INSERT INTO "SUBTABLEVARIABLE" (MAINTABLE, SUBTABLE, VARIABLE, VALUESET, VARIABLETYPE, STORECOLUMNNO, USERID, LOGDATE) VALUES ('S22C02020201', '', 'REF_AREA', 'VSREF_AREA_C020202_01', 'V', '1', 'SDGS', GETDATE());
INSERT INTO "VALUESET" (VALUESET, PRESTEXT, DESCRIPTION, ELIMINATION, VALUEPOOL, METAID, FOOTNOTE, USERID, LOGDATE, VALUEPRES, SORTCODEEXISTS) VALUES ('VSSEX_C020202_01', 'Hmm', 'None', 'A', 'VPSEX', '0', 'N', 'SDGS', GETDATE(), 'T', 'N');
INSERT INTO "VALUESET_ENG" (VALUESET, PRESTEXT, DESCRIPTION, USERID, LOGDATE) VALUES ('VSSEX_C020202_01', 'Hmm', 'None', 'SDGS', GETDATE());
INSERT INTO "VSVALUE" (VALUESET, VALUEPOOL, VALUECODE, USERID, LOGDATE) VALUES ('VSSEX_C020202_01', 'VPSEX', 'M', 'SDGS', GETDATE());
INSERT INTO "VSVALUE_ENG" (VALUESET, VALUEPOOL, VALUECODE, USERID, LOGDATE) VALUES ('VSSEX_C020202_01', 'VPSEX', 'M', 'SDGS', GETDATE());
INSERT INTO "VSVALUE" (VALUESET, VALUEPOOL, VALUECODE, USERID, LOGDATE) VALUES ('VSSEX_C020202_01', 'VPSEX', 'F', 'SDGS', GETDATE());
INSERT INTO "VSVALUE_ENG" (VALUESET, VALUEPOOL, VALUECODE, USERID, LOGDATE) VALUES ('VSSEX_C020202_01', 'VPSEX', 'F', 'SDGS', GETDATE());
INSERT INTO "VSVALUE" (VALUESET, VALUEPOOL, VALUECODE, USERID, LOGDATE) VALUES ('VSSEX_C020202_01', 'VPSEX', '_T', 'SDGS', GETDATE());
INSERT INTO "VSVALUE_ENG" (VALUESET, VALUEPOOL, VALUECODE, USERID, LOGDATE) VALUES ('VSSEX_C020202_01', 'VPSEX', '_T', 'SDGS', GETDATE());
INSERT INTO "SUBTABLEVARIABLE" (MAINTABLE, SUBTABLE, VARIABLE, VALUESET, VARIABLETYPE, STORECOLUMNNO, USERID, LOGDATE) VALUES ('S22C02020201', '', 'SEX', 'VSSEX_C020202_01', 'V', '1', 'SDGS', GETDATE());
IF EXISTS (SELECT 1 FROM SYS.VIEWS WHERE NAME = 'S22C02020201' AND TYPE  = 'v') DROP VIEW S22C02020201;
GO
CREATE VIEW S22C02020201 AS SELECT * FROM INDICATORDATA WHERE SUBINDICATOR_CODE = 'C020202_01';
GO
INSERT INTO "MAINTABLE" (MAINTABLE, PRESTEXT, PRESTEXTS, PRESCATEGORY, TIMESCALE, USERID, LOGDATE, FIRSTPUBLISHED, TABLESTATUS, TABLEID, PRODUCTCODE, SPECCHAREXISTS, METAID, SUBJECTCODE, CONTENTSVARIABLE) VALUES  ('S2aC020a0101', 'code 2.a/C020a01_01/C020a01_01 - ???? ?????? ??????? ??????? ????????', 'SDGs Indicators', 'O', 'year', 'SDGS', GETDATE(), GETDATE(), 'A', 'S2aC020a0101', '001', 'N', '01', '01', 'ar: Sub Indicator');
INSERT INTO "MAINTABLE_ENG" (MAINTABLE, STATUS, PUBLISHED, PRESTEXT, PRESTEXTS, CONTENTSVARIABLE, USERID, LOGDATE) VALUES  ('S2aC020a0101', 'A', GETDATE(), 'code 2.a/C020a01_01/C020a01_01 - The agriculture orientation index for government expenditures', 'SDGs Indicators', 'Sub Indicator', 'SDGS', GETDATE());
INSERT INTO "SECONDARYLANGUAGE" (MAINTABLE, LANGUAGE, COMPLETELYTRANSLATED,PUBLISHED, USERID, LOGDATE) VALUES  ('S2aC020a0101', 'en','Y', 'Y', 'SDGS', GETDATE());
INSERT INTO "CONTENTS" (MAINTABLE, CONTENTS, PRESTEXT, PRESCODE, COPYRIGHT, PRODUCER, LASTUPDATED, UNIT, PRESDECIMALS, PRESCELLSZERO, STOCKFA, DAYADJ, SEASADJ, FOOTNOTECONTENTS, FOOTNOTEVARIABLE, FOOTNOTEVALUE, STORECOLUMNNO, STOREFORMAT, STORENOCHAR, STOREDECIMALS, USERID, LOGDATE, PUBLISHED, PRESTEXTS, STATAUTHORITY, AGGREGPOSSIBLE, FOOTNOTETIME, METAID) VALUES  ('S2aC020a0101', 'OBS_VALUE', 'ar: Sustainable Development Goals - SDGs', 'DATA', '1', 'PCBS', GETDATE(), 'OBS_VALUE', '2', 'Y', 'F', 'N', 'N', 'N', 'N', 'N', '3', 'N', '17', '2', 'SDGS', GETDATE(), GETDATE(), 'C020a01_01', 'PCBS', 'N', 'N', '01');
INSERT INTO "CONTENTS_ENG" (MAINTABLE, CONTENTS, PRESTEXT, UNIT, USERID, LOGDATE, PRESTEXTS, REFPERIOD, BASEPERIOD)  VALUES  ('S2aC020a0101', 'OBS_VALUE', 'Sustainable Development Goals - SDGs',  'OBS_VALUE', 'SDGS', GETDATE(), 'C020a01_01', NULL,NULL);
INSERT INTO "SUBTABLE" (MAINTABLE, SUBTABLE, PRESTEXT, CLEANTABLE, USERID, LOGDATE) VALUES  ('S2aC020a0101', '', 'code 2.a/C020a01_01/C020a01_01 - ???? ?????? ??????? ??????? ????????', 'Y', 'SDGS', GETDATE());
INSERT INTO "SUBTABLE_ENG" (MAINTABLE, SUBTABLE, PRESTEXT, USERID, LOGDATE) VALUES  ('S2aC020a0101', '', 'code 2.a/C020a01_01/C020a01_01 - The agriculture orientation index for government expenditures', 'SDGS', GETDATE());
INSERT INTO "SUBTABLEVARIABLE" (MAINTABLE, SUBTABLE, VARIABLE, VARIABLETYPE, STORECOLUMNNO, USERID, LOGDATE) VALUES ('S2aC020a0101', '', 'TIME_PERIOD', 'T', '1', 'SDGS', GETDATE());
INSERT INTO "CONTENTSTIME" (MAINTABLE, CONTENTS, TIMEPERIOD, USERID, LOGDATE) VALUES ('S2aC020a0101', 'OBS_VALUE', 2005, 'SDGS', GETDATE());
INSERT INTO "CONTENTSTIME" (MAINTABLE, CONTENTS, TIMEPERIOD, USERID, LOGDATE) VALUES ('S2aC020a0101', 'OBS_VALUE', 2006, 'SDGS', GETDATE());
INSERT INTO "CONTENTSTIME" (MAINTABLE, CONTENTS, TIMEPERIOD, USERID, LOGDATE) VALUES ('S2aC020a0101', 'OBS_VALUE', 2007, 'SDGS', GETDATE());
INSERT INTO "CONTENTSTIME" (MAINTABLE, CONTENTS, TIMEPERIOD, USERID, LOGDATE) VALUES ('S2aC020a0101', 'OBS_VALUE', 2008, 'SDGS', GETDATE());
INSERT INTO "CONTENTSTIME" (MAINTABLE, CONTENTS, TIMEPERIOD, USERID, LOGDATE) VALUES ('S2aC020a0101', 'OBS_VALUE', 2009, 'SDGS', GETDATE());
INSERT INTO "CONTENTSTIME" (MAINTABLE, CONTENTS, TIMEPERIOD, USERID, LOGDATE) VALUES ('S2aC020a0101', 'OBS_VALUE', 2010, 'SDGS', GETDATE());
INSERT INTO "CONTENTSTIME" (MAINTABLE, CONTENTS, TIMEPERIOD, USERID, LOGDATE) VALUES ('S2aC020a0101', 'OBS_VALUE', 2011, 'SDGS', GETDATE());
INSERT INTO "CONTENTSTIME" (MAINTABLE, CONTENTS, TIMEPERIOD, USERID, LOGDATE) VALUES ('S2aC020a0101', 'OBS_VALUE', 2015, 'SDGS', GETDATE());
INSERT INTO "CONTENTSTIME" (MAINTABLE, CONTENTS, TIMEPERIOD, USERID, LOGDATE) VALUES ('S2aC020a0101', 'OBS_VALUE', 2016, 'SDGS', GETDATE());
INSERT INTO "CONTENTSTIME" (MAINTABLE, CONTENTS, TIMEPERIOD, USERID, LOGDATE) VALUES ('S2aC020a0101', 'OBS_VALUE', 2017, 'SDGS', GETDATE());
INSERT INTO "CONTENTSTIME" (MAINTABLE, CONTENTS, TIMEPERIOD, USERID, LOGDATE) VALUES ('S2aC020a0101', 'OBS_VALUE', 2018, 'SDGS', GETDATE());
INSERT INTO "VALUESET" (VALUESET, PRESTEXT, DESCRIPTION, ELIMINATION, VALUEPOOL, METAID, FOOTNOTE, USERID, LOGDATE, VALUEPRES, SORTCODEEXISTS) VALUES ('VSSEX_C020a01_01', 'Hmm', 'None', 'A', 'VPSEX', '0', 'N', 'SDGS', GETDATE(), 'T', 'N');
INSERT INTO "VALUESET_ENG" (VALUESET, PRESTEXT, DESCRIPTION, USERID, LOGDATE) VALUES ('VSSEX_C020a01_01', 'Hmm', 'None', 'SDGS', GETDATE());
INSERT INTO "VSVALUE" (VALUESET, VALUEPOOL, VALUECODE, USERID, LOGDATE) VALUES ('VSSEX_C020a01_01', 'VPSEX', 'F', 'SDGS', GETDATE());
INSERT INTO "VSVALUE_ENG" (VALUESET, VALUEPOOL, VALUECODE, USERID, LOGDATE) VALUES ('VSSEX_C020a01_01', 'VPSEX', 'F', 'SDGS', GETDATE());
INSERT INTO "VSVALUE" (VALUESET, VALUEPOOL, VALUECODE, USERID, LOGDATE) VALUES ('VSSEX_C020a01_01', 'VPSEX', '_T', 'SDGS', GETDATE());
INSERT INTO "VSVALUE_ENG" (VALUESET, VALUEPOOL, VALUECODE, USERID, LOGDATE) VALUES ('VSSEX_C020a01_01', 'VPSEX', '_T', 'SDGS', GETDATE());
INSERT INTO "SUBTABLEVARIABLE" (MAINTABLE, SUBTABLE, VARIABLE, VALUESET, VARIABLETYPE, STORECOLUMNNO, USERID, LOGDATE) VALUES ('S2aC020a0101', '', 'SEX', 'VSSEX_C020a01_01', 'V', '1', 'SDGS', GETDATE());
IF EXISTS (SELECT 1 FROM SYS.VIEWS WHERE NAME = 'S2aC020a0101' AND TYPE  = 'v') DROP VIEW S2aC020a0101;
GO
CREATE VIEW S2aC020a0101 AS SELECT * FROM INDICATORDATA WHERE SUBINDICATOR_CODE = 'C020a01_01';
GO
INSERT INTO "MAINTABLE" (MAINTABLE, PRESTEXT, PRESTEXTS, PRESCATEGORY, TIMESCALE, USERID, LOGDATE, FIRSTPUBLISHED, TABLESTATUS, TABLEID, PRODUCTCODE, SPECCHAREXISTS, METAID, SUBJECTCODE, CONTENTSVARIABLE) VALUES  ('S2aC020a0102', 'code 2.a/C020a01_02/C020a01_02 - ??? ??????? ?? ??????? ???????(%)', 'SDGs Indicators', 'O', 'year', 'SDGS', GETDATE(), GETDATE(), 'A', 'S2aC020a0102', '001', 'N', '01', '01', 'ar: Sub Indicator');
INSERT INTO "MAINTABLE_ENG" (MAINTABLE, STATUS, PUBLISHED, PRESTEXT, PRESTEXTS, CONTENTSVARIABLE, USERID, LOGDATE) VALUES  ('S2aC020a0102', 'A', GETDATE(), 'code 2.a/C020a01_02/C020a01_02 - Agriculture share of Government Expenditure', 'SDGs Indicators', 'Sub Indicator', 'SDGS', GETDATE());
INSERT INTO "SECONDARYLANGUAGE" (MAINTABLE, LANGUAGE, COMPLETELYTRANSLATED,PUBLISHED, USERID, LOGDATE) VALUES  ('S2aC020a0102', 'en','Y', 'Y', 'SDGS', GETDATE());
INSERT INTO "CONTENTS" (MAINTABLE, CONTENTS, PRESTEXT, PRESCODE, COPYRIGHT, PRODUCER, LASTUPDATED, UNIT, PRESDECIMALS, PRESCELLSZERO, STOCKFA, DAYADJ, SEASADJ, FOOTNOTECONTENTS, FOOTNOTEVARIABLE, FOOTNOTEVALUE, STORECOLUMNNO, STOREFORMAT, STORENOCHAR, STOREDECIMALS, USERID, LOGDATE, PUBLISHED, PRESTEXTS, STATAUTHORITY, AGGREGPOSSIBLE, FOOTNOTETIME, METAID) VALUES  ('S2aC020a0102', 'OBS_VALUE', 'ar: Sustainable Development Goals - SDGs', 'DATA', '1', 'PCBS', GETDATE(), 'OBS_VALUE', '2', 'Y', 'F', 'N', 'N', 'N', 'N', 'N', '3', 'N', '17', '2', 'SDGS', GETDATE(), GETDATE(), 'C020a01_02', 'PCBS', 'N', 'N', '01');
INSERT INTO "CONTENTS_ENG" (MAINTABLE, CONTENTS, PRESTEXT, UNIT, USERID, LOGDATE, PRESTEXTS, REFPERIOD, BASEPERIOD)  VALUES  ('S2aC020a0102', 'OBS_VALUE', 'Sustainable Development Goals - SDGs',  'OBS_VALUE', 'SDGS', GETDATE(), 'C020a01_02', NULL,NULL);
INSERT INTO "SUBTABLE" (MAINTABLE, SUBTABLE, PRESTEXT, CLEANTABLE, USERID, LOGDATE) VALUES  ('S2aC020a0102', '', 'code 2.a/C020a01_02/C020a01_02 - ??? ??????? ?? ??????? ???????(%)', 'Y', 'SDGS', GETDATE());
INSERT INTO "SUBTABLE_ENG" (MAINTABLE, SUBTABLE, PRESTEXT, USERID, LOGDATE) VALUES  ('S2aC020a0102', '', 'code 2.a/C020a01_02/C020a01_02 - Agriculture share of Government Expenditure', 'SDGS', GETDATE());
INSERT INTO "SUBTABLEVARIABLE" (MAINTABLE, SUBTABLE, VARIABLE, VARIABLETYPE, STORECOLUMNNO, USERID, LOGDATE) VALUES ('S2aC020a0102', '', 'TIME_PERIOD', 'T', '1', 'SDGS', GETDATE());
INSERT INTO "CONTENTSTIME" (MAINTABLE, CONTENTS, TIMEPERIOD, USERID, LOGDATE) VALUES ('S2aC020a0102', 'OBS_VALUE', 2011, 'SDGS', GETDATE());
INSERT INTO "CONTENTSTIME" (MAINTABLE, CONTENTS, TIMEPERIOD, USERID, LOGDATE) VALUES ('S2aC020a0102', 'OBS_VALUE', 2012, 'SDGS', GETDATE());
INSERT INTO "CONTENTSTIME" (MAINTABLE, CONTENTS, TIMEPERIOD, USERID, LOGDATE) VALUES ('S2aC020a0102', 'OBS_VALUE', 2013, 'SDGS', GETDATE());
INSERT INTO "CONTENTSTIME" (MAINTABLE, CONTENTS, TIMEPERIOD, USERID, LOGDATE) VALUES ('S2aC020a0102', 'OBS_VALUE', 2014, 'SDGS', GETDATE());
INSERT INTO "CONTENTSTIME" (MAINTABLE, CONTENTS, TIMEPERIOD, USERID, LOGDATE) VALUES ('S2aC020a0102', 'OBS_VALUE', 2015, 'SDGS', GETDATE());
INSERT INTO "CONTENTSTIME" (MAINTABLE, CONTENTS, TIMEPERIOD, USERID, LOGDATE) VALUES ('S2aC020a0102', 'OBS_VALUE', 2016, 'SDGS', GETDATE());
INSERT INTO "CONTENTSTIME" (MAINTABLE, CONTENTS, TIMEPERIOD, USERID, LOGDATE) VALUES ('S2aC020a0102', 'OBS_VALUE', 2017, 'SDGS', GETDATE());
INSERT INTO "CONTENTSTIME" (MAINTABLE, CONTENTS, TIMEPERIOD, USERID, LOGDATE) VALUES ('S2aC020a0102', 'OBS_VALUE', 2018, 'SDGS', GETDATE());
INSERT INTO "CONTENTSTIME" (MAINTABLE, CONTENTS, TIMEPERIOD, USERID, LOGDATE) VALUES ('S2aC020a0102', 'OBS_VALUE', 2019, 'SDGS', GETDATE());
IF EXISTS (SELECT 1 FROM SYS.VIEWS WHERE NAME = 'S2aC020a0102' AND TYPE  = 'v') DROP VIEW S2aC020a0102;
GO
CREATE VIEW S2aC020a0102 AS SELECT * FROM INDICATORDATA WHERE SUBINDICATOR_CODE = 'C020a01_02';
GO
INSERT INTO "MAINTABLE" (MAINTABLE, PRESTEXT, PRESTEXTS, PRESCATEGORY, TIMESCALE, USERID, LOGDATE, FIRSTPUBLISHED, TABLESTATUS, TABLEID, PRODUCTCODE, SPECCHAREXISTS, METAID, SUBJECTCODE, CONTENTSVARIABLE) VALUES  ('S2aC020a0103', 'code 2.a/C020a01_03/C020a01_03 - ??? ?????? ??????? ????? ??????? ?? ?????? ?????? ????????', 'SDGs Indicators', 'O', 'year', 'SDGS', GETDATE(), GETDATE(), 'A', 'S2aC020a0103', '001', 'N', '01', '01', 'ar: Sub Indicator');
INSERT INTO "MAINTABLE_ENG" (MAINTABLE, STATUS, PUBLISHED, PRESTEXT, PRESTEXTS, CONTENTSVARIABLE, USERID, LOGDATE) VALUES  ('S2aC020a0103', 'A', GETDATE(), 'code 2.a/C020a01_03/C020a01_03 - Agriculture value added share of GDP', 'SDGs Indicators', 'Sub Indicator', 'SDGS', GETDATE());
INSERT INTO "SECONDARYLANGUAGE" (MAINTABLE, LANGUAGE, COMPLETELYTRANSLATED,PUBLISHED, USERID, LOGDATE) VALUES  ('S2aC020a0103', 'en','Y', 'Y', 'SDGS', GETDATE());
INSERT INTO "CONTENTS" (MAINTABLE, CONTENTS, PRESTEXT, PRESCODE, COPYRIGHT, PRODUCER, LASTUPDATED, UNIT, PRESDECIMALS, PRESCELLSZERO, STOCKFA, DAYADJ, SEASADJ, FOOTNOTECONTENTS, FOOTNOTEVARIABLE, FOOTNOTEVALUE, STORECOLUMNNO, STOREFORMAT, STORENOCHAR, STOREDECIMALS, USERID, LOGDATE, PUBLISHED, PRESTEXTS, STATAUTHORITY, AGGREGPOSSIBLE, FOOTNOTETIME, METAID) VALUES  ('S2aC020a0103', 'OBS_VALUE', 'ar: Sustainable Development Goals - SDGs', 'DATA', '1', 'PCBS', GETDATE(), 'OBS_VALUE', '2', 'Y', 'F', 'N', 'N', 'N', 'N', 'N', '3', 'N', '17', '2', 'SDGS', GETDATE(), GETDATE(), 'C020a01_03', 'PCBS', 'N', 'N', '01');
INSERT INTO "CONTENTS_ENG" (MAINTABLE, CONTENTS, PRESTEXT, UNIT, USERID, LOGDATE, PRESTEXTS, REFPERIOD, BASEPERIOD)  VALUES  ('S2aC020a0103', 'OBS_VALUE', 'Sustainable Development Goals - SDGs',  'OBS_VALUE', 'SDGS', GETDATE(), 'C020a01_03', NULL,NULL);
INSERT INTO "SUBTABLE" (MAINTABLE, SUBTABLE, PRESTEXT, CLEANTABLE, USERID, LOGDATE) VALUES  ('S2aC020a0103', '', 'code 2.a/C020a01_03/C020a01_03 - ??? ?????? ??????? ????? ??????? ?? ?????? ?????? ????????', 'Y', 'SDGS', GETDATE());
INSERT INTO "SUBTABLE_ENG" (MAINTABLE, SUBTABLE, PRESTEXT, USERID, LOGDATE) VALUES  ('S2aC020a0103', '', 'code 2.a/C020a01_03/C020a01_03 - Agriculture value added share of GDP', 'SDGS', GETDATE());
INSERT INTO "SUBTABLEVARIABLE" (MAINTABLE, SUBTABLE, VARIABLE, VARIABLETYPE, STORECOLUMNNO, USERID, LOGDATE) VALUES ('S2aC020a0103', '', 'TIME_PERIOD', 'T', '1', 'SDGS', GETDATE());
INSERT INTO "CONTENTSTIME" (MAINTABLE, CONTENTS, TIMEPERIOD, USERID, LOGDATE) VALUES ('S2aC020a0103', 'OBS_VALUE', 2000, 'SDGS', GETDATE());
INSERT INTO "CONTENTSTIME" (MAINTABLE, CONTENTS, TIMEPERIOD, USERID, LOGDATE) VALUES ('S2aC020a0103', 'OBS_VALUE', 2001, 'SDGS', GETDATE());
INSERT INTO "CONTENTSTIME" (MAINTABLE, CONTENTS, TIMEPERIOD, USERID, LOGDATE) VALUES ('S2aC020a0103', 'OBS_VALUE', 2002, 'SDGS', GETDATE());
INSERT INTO "CONTENTSTIME" (MAINTABLE, CONTENTS, TIMEPERIOD, USERID, LOGDATE) VALUES ('S2aC020a0103', 'OBS_VALUE', 2003, 'SDGS', GETDATE());
INSERT INTO "CONTENTSTIME" (MAINTABLE, CONTENTS, TIMEPERIOD, USERID, LOGDATE) VALUES ('S2aC020a0103', 'OBS_VALUE', 2004, 'SDGS', GETDATE());
INSERT INTO "CONTENTSTIME" (MAINTABLE, CONTENTS, TIMEPERIOD, USERID, LOGDATE) VALUES ('S2aC020a0103', 'OBS_VALUE', 2005, 'SDGS', GETDATE());
INSERT INTO "CONTENTSTIME" (MAINTABLE, CONTENTS, TIMEPERIOD, USERID, LOGDATE) VALUES ('S2aC020a0103', 'OBS_VALUE', 2006, 'SDGS', GETDATE());
INSERT INTO "CONTENTSTIME" (MAINTABLE, CONTENTS, TIMEPERIOD, USERID, LOGDATE) VALUES ('S2aC020a0103', 'OBS_VALUE', 2007, 'SDGS', GETDATE());
INSERT INTO "CONTENTSTIME" (MAINTABLE, CONTENTS, TIMEPERIOD, USERID, LOGDATE) VALUES ('S2aC020a0103', 'OBS_VALUE', 2008, 'SDGS', GETDATE());
INSERT INTO "CONTENTSTIME" (MAINTABLE, CONTENTS, TIMEPERIOD, USERID, LOGDATE) VALUES ('S2aC020a0103', 'OBS_VALUE', 2009, 'SDGS', GETDATE());
INSERT INTO "CONTENTSTIME" (MAINTABLE, CONTENTS, TIMEPERIOD, USERID, LOGDATE) VALUES ('S2aC020a0103', 'OBS_VALUE', 2010, 'SDGS', GETDATE());
INSERT INTO "CONTENTSTIME" (MAINTABLE, CONTENTS, TIMEPERIOD, USERID, LOGDATE) VALUES ('S2aC020a0103', 'OBS_VALUE', 2011, 'SDGS', GETDATE());
INSERT INTO "CONTENTSTIME" (MAINTABLE, CONTENTS, TIMEPERIOD, USERID, LOGDATE) VALUES ('S2aC020a0103', 'OBS_VALUE', 2012, 'SDGS', GETDATE());
INSERT INTO "CONTENTSTIME" (MAINTABLE, CONTENTS, TIMEPERIOD, USERID, LOGDATE) VALUES ('S2aC020a0103', 'OBS_VALUE', 2013, 'SDGS', GETDATE());
INSERT INTO "CONTENTSTIME" (MAINTABLE, CONTENTS, TIMEPERIOD, USERID, LOGDATE) VALUES ('S2aC020a0103', 'OBS_VALUE', 2014, 'SDGS', GETDATE());
INSERT INTO "CONTENTSTIME" (MAINTABLE, CONTENTS, TIMEPERIOD, USERID, LOGDATE) VALUES ('S2aC020a0103', 'OBS_VALUE', 2015, 'SDGS', GETDATE());
INSERT INTO "CONTENTSTIME" (MAINTABLE, CONTENTS, TIMEPERIOD, USERID, LOGDATE) VALUES ('S2aC020a0103', 'OBS_VALUE', 2016, 'SDGS', GETDATE());
INSERT INTO "CONTENTSTIME" (MAINTABLE, CONTENTS, TIMEPERIOD, USERID, LOGDATE) VALUES ('S2aC020a0103', 'OBS_VALUE', 2017, 'SDGS', GETDATE());
INSERT INTO "CONTENTSTIME" (MAINTABLE, CONTENTS, TIMEPERIOD, USERID, LOGDATE) VALUES ('S2aC020a0103', 'OBS_VALUE', 2018, 'SDGS', GETDATE());
INSERT INTO "CONTENTSTIME" (MAINTABLE, CONTENTS, TIMEPERIOD, USERID, LOGDATE) VALUES ('S2aC020a0103', 'OBS_VALUE', 2019, 'SDGS', GETDATE());
INSERT INTO "CONTENTSTIME" (MAINTABLE, CONTENTS, TIMEPERIOD, USERID, LOGDATE) VALUES ('S2aC020a0103', 'OBS_VALUE', 2020, 'SDGS', GETDATE());
INSERT INTO "VALUESET" (VALUESET, PRESTEXT, DESCRIPTION, ELIMINATION, VALUEPOOL, METAID, FOOTNOTE, USERID, LOGDATE, VALUEPRES, SORTCODEEXISTS) VALUES ('VSREF_AREA_C020a01_03', 'Hmm', 'None', 'A', 'VPREF_AREA', '0', 'N', 'SDGS', GETDATE(), 'T', 'N');
INSERT INTO "VALUESET_ENG" (VALUESET, PRESTEXT, DESCRIPTION, USERID, LOGDATE) VALUES ('VSREF_AREA_C020a01_03', 'Hmm', 'None', 'SDGS', GETDATE());
INSERT INTO "VSVALUE" (VALUESET, VALUEPOOL, VALUECODE, USERID, LOGDATE) VALUES ('VSREF_AREA_C020a01_03', 'VPREF_AREA', '3', 'SDGS', GETDATE());
INSERT INTO "VSVALUE_ENG" (VALUESET, VALUEPOOL, VALUECODE, USERID, LOGDATE) VALUES ('VSREF_AREA_C020a01_03', 'VPREF_AREA', '3', 'SDGS', GETDATE());
INSERT INTO "VSVALUE" (VALUESET, VALUEPOOL, VALUECODE, USERID, LOGDATE) VALUES ('VSREF_AREA_C020a01_03', 'VPREF_AREA', '1101', 'SDGS', GETDATE());
INSERT INTO "VSVALUE_ENG" (VALUESET, VALUEPOOL, VALUECODE, USERID, LOGDATE) VALUES ('VSREF_AREA_C020a01_03', 'VPREF_AREA', '1101', 'SDGS', GETDATE());
INSERT INTO "SUBTABLEVARIABLE" (MAINTABLE, SUBTABLE, VARIABLE, VALUESET, VARIABLETYPE, STORECOLUMNNO, USERID, LOGDATE) VALUES ('S2aC020a0103', '', 'REF_AREA', 'VSREF_AREA_C020a01_03', 'V', '1', 'SDGS', GETDATE());
INSERT INTO "VALUESET" (VALUESET, PRESTEXT, DESCRIPTION, ELIMINATION, VALUEPOOL, METAID, FOOTNOTE, USERID, LOGDATE, VALUEPRES, SORTCODEEXISTS) VALUES ('VSSEX_C020a01_03', 'Hmm', 'None', 'A', 'VPSEX', '0', 'N', 'SDGS', GETDATE(), 'T', 'N');
INSERT INTO "VALUESET_ENG" (VALUESET, PRESTEXT, DESCRIPTION, USERID, LOGDATE) VALUES ('VSSEX_C020a01_03', 'Hmm', 'None', 'SDGS', GETDATE());
INSERT INTO "VSVALUE" (VALUESET, VALUEPOOL, VALUECODE, USERID, LOGDATE) VALUES ('VSSEX_C020a01_03', 'VPSEX', 'M', 'SDGS', GETDATE());
INSERT INTO "VSVALUE_ENG" (VALUESET, VALUEPOOL, VALUECODE, USERID, LOGDATE) VALUES ('VSSEX_C020a01_03', 'VPSEX', 'M', 'SDGS', GETDATE());
INSERT INTO "VSVALUE" (VALUESET, VALUEPOOL, VALUECODE, USERID, LOGDATE) VALUES ('VSSEX_C020a01_03', 'VPSEX', 'F', 'SDGS', GETDATE());
INSERT INTO "VSVALUE_ENG" (VALUESET, VALUEPOOL, VALUECODE, USERID, LOGDATE) VALUES ('VSSEX_C020a01_03', 'VPSEX', 'F', 'SDGS', GETDATE());
INSERT INTO "VSVALUE" (VALUESET, VALUEPOOL, VALUECODE, USERID, LOGDATE) VALUES ('VSSEX_C020a01_03', 'VPSEX', '_T', 'SDGS', GETDATE());
INSERT INTO "VSVALUE_ENG" (VALUESET, VALUEPOOL, VALUECODE, USERID, LOGDATE) VALUES ('VSSEX_C020a01_03', 'VPSEX', '_T', 'SDGS', GETDATE());
INSERT INTO "SUBTABLEVARIABLE" (MAINTABLE, SUBTABLE, VARIABLE, VALUESET, VARIABLETYPE, STORECOLUMNNO, USERID, LOGDATE) VALUES ('S2aC020a0103', '', 'SEX', 'VSSEX_C020a01_03', 'V', '1', 'SDGS', GETDATE());
IF EXISTS (SELECT 1 FROM SYS.VIEWS WHERE NAME = 'S2aC020a0103' AND TYPE  = 'v') DROP VIEW S2aC020a0103;
GO
CREATE VIEW S2aC020a0103 AS SELECT * FROM INDICATORDATA WHERE SUBINDICATOR_CODE = 'C020a01_03';
GO
INSERT INTO "MAINTABLE" (MAINTABLE, PRESTEXT, PRESTEXTS, PRESCATEGORY, TIMESCALE, USERID, LOGDATE, FIRSTPUBLISHED, TABLESTATUS, TABLEID, PRODUCTCODE, SPECCHAREXISTS, METAID, SUBJECTCODE, CONTENTSVARIABLE) VALUES  ('S2cC020c0101', 'code 2.c/C020c01_01/C020c01_01 - ????? ??????? ?????? ??????', 'SDGs Indicators', 'O', 'year', 'SDGS', GETDATE(), GETDATE(), 'A', 'S2cC020c0101', '001', 'N', '01', '01', 'ar: Sub Indicator');
INSERT INTO "MAINTABLE_ENG" (MAINTABLE, STATUS, PUBLISHED, PRESTEXT, PRESTEXTS, CONTENTSVARIABLE, USERID, LOGDATE) VALUES  ('S2cC020c0101', 'A', GETDATE(), 'code 2.c/C020c01_01/C020c01_01 - Consumer Food Price Index', 'SDGs Indicators', 'Sub Indicator', 'SDGS', GETDATE());
INSERT INTO "SECONDARYLANGUAGE" (MAINTABLE, LANGUAGE, COMPLETELYTRANSLATED,PUBLISHED, USERID, LOGDATE) VALUES  ('S2cC020c0101', 'en','Y', 'Y', 'SDGS', GETDATE());
INSERT INTO "CONTENTS" (MAINTABLE, CONTENTS, PRESTEXT, PRESCODE, COPYRIGHT, PRODUCER, LASTUPDATED, UNIT, PRESDECIMALS, PRESCELLSZERO, STOCKFA, DAYADJ, SEASADJ, FOOTNOTECONTENTS, FOOTNOTEVARIABLE, FOOTNOTEVALUE, STORECOLUMNNO, STOREFORMAT, STORENOCHAR, STOREDECIMALS, USERID, LOGDATE, PUBLISHED, PRESTEXTS, STATAUTHORITY, AGGREGPOSSIBLE, FOOTNOTETIME, METAID) VALUES  ('S2cC020c0101', 'OBS_VALUE', 'ar: Sustainable Development Goals - SDGs', 'DATA', '1', 'PCBS', GETDATE(), 'OBS_VALUE', '2', 'Y', 'F', 'N', 'N', 'N', 'N', 'N', '3', 'N', '17', '2', 'SDGS', GETDATE(), GETDATE(), 'C020c01_01', 'PCBS', 'N', 'N', '01');
INSERT INTO "CONTENTS_ENG" (MAINTABLE, CONTENTS, PRESTEXT, UNIT, USERID, LOGDATE, PRESTEXTS, REFPERIOD, BASEPERIOD)  VALUES  ('S2cC020c0101', 'OBS_VALUE', 'Sustainable Development Goals - SDGs',  'OBS_VALUE', 'SDGS', GETDATE(), 'C020c01_01', NULL,NULL);
INSERT INTO "SUBTABLE" (MAINTABLE, SUBTABLE, PRESTEXT, CLEANTABLE, USERID, LOGDATE) VALUES  ('S2cC020c0101', '', 'code 2.c/C020c01_01/C020c01_01 - ????? ??????? ?????? ??????', 'Y', 'SDGS', GETDATE());
INSERT INTO "SUBTABLE_ENG" (MAINTABLE, SUBTABLE, PRESTEXT, USERID, LOGDATE) VALUES  ('S2cC020c0101', '', 'code 2.c/C020c01_01/C020c01_01 - Consumer Food Price Index', 'SDGS', GETDATE());
INSERT INTO "SUBTABLEVARIABLE" (MAINTABLE, SUBTABLE, VARIABLE, VARIABLETYPE, STORECOLUMNNO, USERID, LOGDATE) VALUES ('S2cC020c0101', '', 'TIME_PERIOD', 'T', '1', 'SDGS', GETDATE());
INSERT INTO "CONTENTSTIME" (MAINTABLE, CONTENTS, TIMEPERIOD, USERID, LOGDATE) VALUES ('S2cC020c0101', 'OBS_VALUE', 2015, 'SDGS', GETDATE());
INSERT INTO "CONTENTSTIME" (MAINTABLE, CONTENTS, TIMEPERIOD, USERID, LOGDATE) VALUES ('S2cC020c0101', 'OBS_VALUE', 2016, 'SDGS', GETDATE());
INSERT INTO "CONTENTSTIME" (MAINTABLE, CONTENTS, TIMEPERIOD, USERID, LOGDATE) VALUES ('S2cC020c0101', 'OBS_VALUE', 2017, 'SDGS', GETDATE());
INSERT INTO "CONTENTSTIME" (MAINTABLE, CONTENTS, TIMEPERIOD, USERID, LOGDATE) VALUES ('S2cC020c0101', 'OBS_VALUE', 2018, 'SDGS', GETDATE());
IF EXISTS (SELECT 1 FROM SYS.VIEWS WHERE NAME = 'S2cC020c0101' AND TYPE  = 'v') DROP VIEW S2cC020c0101;
GO
CREATE VIEW S2cC020c0101 AS SELECT * FROM INDICATORDATA WHERE SUBINDICATOR_CODE = 'C020c01_01';
GO
INSERT INTO "MAINTABLE" (MAINTABLE, PRESTEXT, PRESTEXTS, PRESCATEGORY, TIMESCALE, USERID, LOGDATE, FIRSTPUBLISHED, TABLESTATUS, TABLEID, PRODUCTCODE, SPECCHAREXISTS, METAID, SUBJECTCODE, CONTENTSVARIABLE) VALUES  ('S2cC020c0103', 'code 2.c/C020c01_03/C020c01_03 - ???? ???? ????? ?? ????? ??????', 'SDGs Indicators', 'O', 'year', 'SDGS', GETDATE(), GETDATE(), 'A', 'S2cC020c0103', '001', 'N', '01', '01', 'ar: Sub Indicator');
INSERT INTO "MAINTABLE_ENG" (MAINTABLE, STATUS, PUBLISHED, PRESTEXT, PRESTEXTS, CONTENTSVARIABLE, USERID, LOGDATE) VALUES  ('S2cC020c0103', 'A', GETDATE(), 'code 2.c/C020c01_03/C020c01_03 - Indicator of Food Price Anomalies (IFPA) for Wheat', 'SDGs Indicators', 'Sub Indicator', 'SDGS', GETDATE());
INSERT INTO "SECONDARYLANGUAGE" (MAINTABLE, LANGUAGE, COMPLETELYTRANSLATED,PUBLISHED, USERID, LOGDATE) VALUES  ('S2cC020c0103', 'en','Y', 'Y', 'SDGS', GETDATE());
INSERT INTO "CONTENTS" (MAINTABLE, CONTENTS, PRESTEXT, PRESCODE, COPYRIGHT, PRODUCER, LASTUPDATED, UNIT, PRESDECIMALS, PRESCELLSZERO, STOCKFA, DAYADJ, SEASADJ, FOOTNOTECONTENTS, FOOTNOTEVARIABLE, FOOTNOTEVALUE, STORECOLUMNNO, STOREFORMAT, STORENOCHAR, STOREDECIMALS, USERID, LOGDATE, PUBLISHED, PRESTEXTS, STATAUTHORITY, AGGREGPOSSIBLE, FOOTNOTETIME, METAID) VALUES  ('S2cC020c0103', 'OBS_VALUE', 'ar: Sustainable Development Goals - SDGs', 'DATA', '1', 'PCBS', GETDATE(), 'OBS_VALUE', '2', 'Y', 'F', 'N', 'N', 'N', 'N', 'N', '3', 'N', '17', '2', 'SDGS', GETDATE(), GETDATE(), 'C020c01_03', 'PCBS', 'N', 'N', '01');
INSERT INTO "CONTENTS_ENG" (MAINTABLE, CONTENTS, PRESTEXT, UNIT, USERID, LOGDATE, PRESTEXTS, REFPERIOD, BASEPERIOD)  VALUES  ('S2cC020c0103', 'OBS_VALUE', 'Sustainable Development Goals - SDGs',  'OBS_VALUE', 'SDGS', GETDATE(), 'C020c01_03', NULL,NULL);
INSERT INTO "SUBTABLE" (MAINTABLE, SUBTABLE, PRESTEXT, CLEANTABLE, USERID, LOGDATE) VALUES  ('S2cC020c0103', '', 'code 2.c/C020c01_03/C020c01_03 - ???? ???? ????? ?? ????? ??????', 'Y', 'SDGS', GETDATE());
INSERT INTO "SUBTABLE_ENG" (MAINTABLE, SUBTABLE, PRESTEXT, USERID, LOGDATE) VALUES  ('S2cC020c0103', '', 'code 2.c/C020c01_03/C020c01_03 - Indicator of Food Price Anomalies (IFPA) for Wheat', 'SDGS', GETDATE());
INSERT INTO "SUBTABLEVARIABLE" (MAINTABLE, SUBTABLE, VARIABLE, VARIABLETYPE, STORECOLUMNNO, USERID, LOGDATE) VALUES ('S2cC020c0103', '', 'TIME_PERIOD', 'T', '1', 'SDGS', GETDATE());
INSERT INTO "CONTENTSTIME" (MAINTABLE, CONTENTS, TIMEPERIOD, USERID, LOGDATE) VALUES ('S2cC020c0103', 'OBS_VALUE', 2015, 'SDGS', GETDATE());
INSERT INTO "CONTENTSTIME" (MAINTABLE, CONTENTS, TIMEPERIOD, USERID, LOGDATE) VALUES ('S2cC020c0103', 'OBS_VALUE', 2016, 'SDGS', GETDATE());
INSERT INTO "CONTENTSTIME" (MAINTABLE, CONTENTS, TIMEPERIOD, USERID, LOGDATE) VALUES ('S2cC020c0103', 'OBS_VALUE', 2017, 'SDGS', GETDATE());
INSERT INTO "CONTENTSTIME" (MAINTABLE, CONTENTS, TIMEPERIOD, USERID, LOGDATE) VALUES ('S2cC020c0103', 'OBS_VALUE', 2018, 'SDGS', GETDATE());
INSERT INTO "CONTENTSTIME" (MAINTABLE, CONTENTS, TIMEPERIOD, USERID, LOGDATE) VALUES ('S2cC020c0103', 'OBS_VALUE', 2019, 'SDGS', GETDATE());
IF EXISTS (SELECT 1 FROM SYS.VIEWS WHERE NAME = 'S2cC020c0103' AND TYPE  = 'v') DROP VIEW S2cC020c0103;
GO
CREATE VIEW S2cC020c0103 AS SELECT * FROM INDICATORDATA WHERE SUBINDICATOR_CODE = 'C020c01_03';
GO
INSERT INTO "MAINTABLE" (MAINTABLE, PRESTEXT, PRESTEXTS, PRESCATEGORY, TIMESCALE, USERID, LOGDATE, FIRSTPUBLISHED, TABLESTATUS, TABLEID, PRODUCTCODE, SPECCHAREXISTS, METAID, SUBJECTCODE, CONTENTSVARIABLE) VALUES  ('S2cC020c0102', 'code 2.c/C020c01_02/C020c01_02 - ???? ???? ????? ?? ????? ?????', 'SDGs Indicators', 'O', 'year', 'SDGS', GETDATE(), GETDATE(), 'A', 'S2cC020c0102', '001', 'N', '01', '01', 'ar: Sub Indicator');
INSERT INTO "MAINTABLE_ENG" (MAINTABLE, STATUS, PUBLISHED, PRESTEXT, PRESTEXTS, CONTENTSVARIABLE, USERID, LOGDATE) VALUES  ('S2cC020c0102', 'A', GETDATE(), 'code 2.c/C020c01_02/C020c01_02 - Indicator of Food Price Anomalies (IFPA) for Rice', 'SDGs Indicators', 'Sub Indicator', 'SDGS', GETDATE());
INSERT INTO "SECONDARYLANGUAGE" (MAINTABLE, LANGUAGE, COMPLETELYTRANSLATED,PUBLISHED, USERID, LOGDATE) VALUES  ('S2cC020c0102', 'en','Y', 'Y', 'SDGS', GETDATE());
INSERT INTO "CONTENTS" (MAINTABLE, CONTENTS, PRESTEXT, PRESCODE, COPYRIGHT, PRODUCER, LASTUPDATED, UNIT, PRESDECIMALS, PRESCELLSZERO, STOCKFA, DAYADJ, SEASADJ, FOOTNOTECONTENTS, FOOTNOTEVARIABLE, FOOTNOTEVALUE, STORECOLUMNNO, STOREFORMAT, STORENOCHAR, STOREDECIMALS, USERID, LOGDATE, PUBLISHED, PRESTEXTS, STATAUTHORITY, AGGREGPOSSIBLE, FOOTNOTETIME, METAID) VALUES  ('S2cC020c0102', 'OBS_VALUE', 'ar: Sustainable Development Goals - SDGs', 'DATA', '1', 'PCBS', GETDATE(), 'OBS_VALUE', '2', 'Y', 'F', 'N', 'N', 'N', 'N', 'N', '3', 'N', '17', '2', 'SDGS', GETDATE(), GETDATE(), 'C020c01_02', 'PCBS', 'N', 'N', '01');
INSERT INTO "CONTENTS_ENG" (MAINTABLE, CONTENTS, PRESTEXT, UNIT, USERID, LOGDATE, PRESTEXTS, REFPERIOD, BASEPERIOD)  VALUES  ('S2cC020c0102', 'OBS_VALUE', 'Sustainable Development Goals - SDGs',  'OBS_VALUE', 'SDGS', GETDATE(), 'C020c01_02', NULL,NULL);
INSERT INTO "SUBTABLE" (MAINTABLE, SUBTABLE, PRESTEXT, CLEANTABLE, USERID, LOGDATE) VALUES  ('S2cC020c0102', '', 'code 2.c/C020c01_02/C020c01_02 - ???? ???? ????? ?? ????? ?????', 'Y', 'SDGS', GETDATE());
INSERT INTO "SUBTABLE_ENG" (MAINTABLE, SUBTABLE, PRESTEXT, USERID, LOGDATE) VALUES  ('S2cC020c0102', '', 'code 2.c/C020c01_02/C020c01_02 - Indicator of Food Price Anomalies (IFPA) for Rice', 'SDGS', GETDATE());
INSERT INTO "SUBTABLEVARIABLE" (MAINTABLE, SUBTABLE, VARIABLE, VARIABLETYPE, STORECOLUMNNO, USERID, LOGDATE) VALUES ('S2cC020c0102', '', 'TIME_PERIOD', 'T', '1', 'SDGS', GETDATE());
INSERT INTO "CONTENTSTIME" (MAINTABLE, CONTENTS, TIMEPERIOD, USERID, LOGDATE) VALUES ('S2cC020c0102', 'OBS_VALUE', 2015, 'SDGS', GETDATE());
INSERT INTO "CONTENTSTIME" (MAINTABLE, CONTENTS, TIMEPERIOD, USERID, LOGDATE) VALUES ('S2cC020c0102', 'OBS_VALUE', 2016, 'SDGS', GETDATE());
INSERT INTO "CONTENTSTIME" (MAINTABLE, CONTENTS, TIMEPERIOD, USERID, LOGDATE) VALUES ('S2cC020c0102', 'OBS_VALUE', 2017, 'SDGS', GETDATE());
INSERT INTO "CONTENTSTIME" (MAINTABLE, CONTENTS, TIMEPERIOD, USERID, LOGDATE) VALUES ('S2cC020c0102', 'OBS_VALUE', 2018, 'SDGS', GETDATE());
INSERT INTO "CONTENTSTIME" (MAINTABLE, CONTENTS, TIMEPERIOD, USERID, LOGDATE) VALUES ('S2cC020c0102', 'OBS_VALUE', 2019, 'SDGS', GETDATE());
IF EXISTS (SELECT 1 FROM SYS.VIEWS WHERE NAME = 'S2cC020c0102' AND TYPE  = 'v') DROP VIEW S2cC020c0102;
GO
CREATE VIEW S2cC020c0102 AS SELECT * FROM INDICATORDATA WHERE SUBINDICATOR_CODE = 'C020c01_02';
GO
INSERT INTO "MAINTABLE" (MAINTABLE, PRESTEXT, PRESTEXTS, PRESCATEGORY, TIMESCALE, USERID, LOGDATE, FIRSTPUBLISHED, TABLESTATUS, TABLEID, PRODUCTCODE, SPECCHAREXISTS, METAID, SUBJECTCODE, CONTENTSVARIABLE) VALUES  ('S31C03010101', 'code 3.1/C030101_01/C030101_01 - ???? ????? ???????', 'SDGs Indicators', 'O', 'year', 'SDGS', GETDATE(), GETDATE(), 'A', 'S31C03010101', '001', 'N', '01', '01', 'ar: Sub Indicator');
INSERT INTO "MAINTABLE_ENG" (MAINTABLE, STATUS, PUBLISHED, PRESTEXT, PRESTEXTS, CONTENTSVARIABLE, USERID, LOGDATE) VALUES  ('S31C03010101', 'A', GETDATE(), 'code 3.1/C030101_01/C030101_01 - Maternal mortality ratio', 'SDGs Indicators', 'Sub Indicator', 'SDGS', GETDATE());
INSERT INTO "SECONDARYLANGUAGE" (MAINTABLE, LANGUAGE, COMPLETELYTRANSLATED,PUBLISHED, USERID, LOGDATE) VALUES  ('S31C03010101', 'en','Y', 'Y', 'SDGS', GETDATE());
INSERT INTO "CONTENTS" (MAINTABLE, CONTENTS, PRESTEXT, PRESCODE, COPYRIGHT, PRODUCER, LASTUPDATED, UNIT, PRESDECIMALS, PRESCELLSZERO, STOCKFA, DAYADJ, SEASADJ, FOOTNOTECONTENTS, FOOTNOTEVARIABLE, FOOTNOTEVALUE, STORECOLUMNNO, STOREFORMAT, STORENOCHAR, STOREDECIMALS, USERID, LOGDATE, PUBLISHED, PRESTEXTS, STATAUTHORITY, AGGREGPOSSIBLE, FOOTNOTETIME, METAID) VALUES  ('S31C03010101', 'OBS_VALUE', 'ar: Sustainable Development Goals - SDGs', 'DATA', '1', 'PCBS', GETDATE(), 'OBS_VALUE', '2', 'Y', 'F', 'N', 'N', 'N', 'N', 'N', '3', 'N', '17', '2', 'SDGS', GETDATE(), GETDATE(), 'C030101_01', 'PCBS', 'N', 'N', '01');
INSERT INTO "CONTENTS_ENG" (MAINTABLE, CONTENTS, PRESTEXT, UNIT, USERID, LOGDATE, PRESTEXTS, REFPERIOD, BASEPERIOD)  VALUES  ('S31C03010101', 'OBS_VALUE', 'Sustainable Development Goals - SDGs',  'OBS_VALUE', 'SDGS', GETDATE(), 'C030101_01', NULL,NULL);
INSERT INTO "SUBTABLE" (MAINTABLE, SUBTABLE, PRESTEXT, CLEANTABLE, USERID, LOGDATE) VALUES  ('S31C03010101', '', 'code 3.1/C030101_01/C030101_01 - ???? ????? ???????', 'Y', 'SDGS', GETDATE());
INSERT INTO "SUBTABLE_ENG" (MAINTABLE, SUBTABLE, PRESTEXT, USERID, LOGDATE) VALUES  ('S31C03010101', '', 'code 3.1/C030101_01/C030101_01 - Maternal mortality ratio', 'SDGS', GETDATE());
INSERT INTO "SUBTABLEVARIABLE" (MAINTABLE, SUBTABLE, VARIABLE, VARIABLETYPE, STORECOLUMNNO, USERID, LOGDATE) VALUES ('S31C03010101', '', 'TIME_PERIOD', 'T', '1', 'SDGS', GETDATE());
INSERT INTO "CONTENTSTIME" (MAINTABLE, CONTENTS, TIMEPERIOD, USERID, LOGDATE) VALUES ('S31C03010101', 'OBS_VALUE', 2015, 'SDGS', GETDATE());
INSERT INTO "CONTENTSTIME" (MAINTABLE, CONTENTS, TIMEPERIOD, USERID, LOGDATE) VALUES ('S31C03010101', 'OBS_VALUE', 2016, 'SDGS', GETDATE());
INSERT INTO "CONTENTSTIME" (MAINTABLE, CONTENTS, TIMEPERIOD, USERID, LOGDATE) VALUES ('S31C03010101', 'OBS_VALUE', 2017, 'SDGS', GETDATE());
INSERT INTO "CONTENTSTIME" (MAINTABLE, CONTENTS, TIMEPERIOD, USERID, LOGDATE) VALUES ('S31C03010101', 'OBS_VALUE', 2018, 'SDGS', GETDATE());
INSERT INTO "CONTENTSTIME" (MAINTABLE, CONTENTS, TIMEPERIOD, USERID, LOGDATE) VALUES ('S31C03010101', 'OBS_VALUE', 2019, 'SDGS', GETDATE());
INSERT INTO "VALUESET" (VALUESET, PRESTEXT, DESCRIPTION, ELIMINATION, VALUEPOOL, METAID, FOOTNOTE, USERID, LOGDATE, VALUEPRES, SORTCODEEXISTS) VALUES ('VSREF_AREA_C030101_01', 'Hmm', 'None', 'A', 'VPREF_AREA', '0', 'N', 'SDGS', GETDATE(), 'T', 'N');
INSERT INTO "VALUESET_ENG" (VALUESET, PRESTEXT, DESCRIPTION, USERID, LOGDATE) VALUES ('VSREF_AREA_C030101_01', 'Hmm', 'None', 'SDGS', GETDATE());
INSERT INTO "VSVALUE" (VALUESET, VALUEPOOL, VALUECODE, USERID, LOGDATE) VALUES ('VSREF_AREA_C030101_01', 'VPREF_AREA', '1', 'SDGS', GETDATE());
INSERT INTO "VSVALUE_ENG" (VALUESET, VALUEPOOL, VALUECODE, USERID, LOGDATE) VALUES ('VSREF_AREA_C030101_01', 'VPREF_AREA', '1', 'SDGS', GETDATE());
INSERT INTO "VSVALUE" (VALUESET, VALUEPOOL, VALUECODE, USERID, LOGDATE) VALUES ('VSREF_AREA_C030101_01', 'VPREF_AREA', '2', 'SDGS', GETDATE());
INSERT INTO "VSVALUE_ENG" (VALUESET, VALUEPOOL, VALUECODE, USERID, LOGDATE) VALUES ('VSREF_AREA_C030101_01', 'VPREF_AREA', '2', 'SDGS', GETDATE());
INSERT INTO "VSVALUE" (VALUESET, VALUEPOOL, VALUECODE, USERID, LOGDATE) VALUES ('VSREF_AREA_C030101_01', 'VPREF_AREA', '3', 'SDGS', GETDATE());
INSERT INTO "VSVALUE_ENG" (VALUESET, VALUEPOOL, VALUECODE, USERID, LOGDATE) VALUES ('VSREF_AREA_C030101_01', 'VPREF_AREA', '3', 'SDGS', GETDATE());
INSERT INTO "SUBTABLEVARIABLE" (MAINTABLE, SUBTABLE, VARIABLE, VALUESET, VARIABLETYPE, STORECOLUMNNO, USERID, LOGDATE) VALUES ('S31C03010101', '', 'REF_AREA', 'VSREF_AREA_C030101_01', 'V', '1', 'SDGS', GETDATE());
INSERT INTO "VALUESET" (VALUESET, PRESTEXT, DESCRIPTION, ELIMINATION, VALUEPOOL, METAID, FOOTNOTE, USERID, LOGDATE, VALUEPRES, SORTCODEEXISTS) VALUES ('VSSEX_C030101_01', 'Hmm', 'None', 'A', 'VPSEX', '0', 'N', 'SDGS', GETDATE(), 'T', 'N');
INSERT INTO "VALUESET_ENG" (VALUESET, PRESTEXT, DESCRIPTION, USERID, LOGDATE) VALUES ('VSSEX_C030101_01', 'Hmm', 'None', 'SDGS', GETDATE());
INSERT INTO "VSVALUE" (VALUESET, VALUEPOOL, VALUECODE, USERID, LOGDATE) VALUES ('VSSEX_C030101_01', 'VPSEX', 'F', 'SDGS', GETDATE());
INSERT INTO "VSVALUE_ENG" (VALUESET, VALUEPOOL, VALUECODE, USERID, LOGDATE) VALUES ('VSSEX_C030101_01', 'VPSEX', 'F', 'SDGS', GETDATE());
INSERT INTO "VSVALUE" (VALUESET, VALUEPOOL, VALUECODE, USERID, LOGDATE) VALUES ('VSSEX_C030101_01', 'VPSEX', '_T', 'SDGS', GETDATE());
INSERT INTO "VSVALUE_ENG" (VALUESET, VALUEPOOL, VALUECODE, USERID, LOGDATE) VALUES ('VSSEX_C030101_01', 'VPSEX', '_T', 'SDGS', GETDATE());
INSERT INTO "SUBTABLEVARIABLE" (MAINTABLE, SUBTABLE, VARIABLE, VALUESET, VARIABLETYPE, STORECOLUMNNO, USERID, LOGDATE) VALUES ('S31C03010101', '', 'SEX', 'VSSEX_C030101_01', 'V', '1', 'SDGS', GETDATE());
IF EXISTS (SELECT 1 FROM SYS.VIEWS WHERE NAME = 'S31C03010101' AND TYPE  = 'v') DROP VIEW S31C03010101;
GO
CREATE VIEW S31C03010101 AS SELECT * FROM INDICATORDATA WHERE SUBINDICATOR_CODE = 'C030101_01';
GO
INSERT INTO "MAINTABLE" (MAINTABLE, PRESTEXT, PRESTEXTS, PRESCATEGORY, TIMESCALE, USERID, LOGDATE, FIRSTPUBLISHED, TABLESTATUS, TABLEID, PRODUCTCODE, SPECCHAREXISTS, METAID, SUBJECTCODE, CONTENTSVARIABLE) VALUES  ('S31C03010201', 'code 3.1/C030102_01/C030102_01 - ???? ???????? ???? ???? ????? ???????? ?????? ??????', 'SDGs Indicators', 'O', 'year', 'SDGS', GETDATE(), GETDATE(), 'A', 'S31C03010201', '001', 'N', '01', '01', 'ar: Sub Indicator');
INSERT INTO "MAINTABLE_ENG" (MAINTABLE, STATUS, PUBLISHED, PRESTEXT, PRESTEXTS, CONTENTSVARIABLE, USERID, LOGDATE) VALUES  ('S31C03010201', 'A', GETDATE(), 'code 3.1/C030102_01/C030102_01 - Proportion of births attended by skilled health personnel (%)', 'SDGs Indicators', 'Sub Indicator', 'SDGS', GETDATE());
INSERT INTO "SECONDARYLANGUAGE" (MAINTABLE, LANGUAGE, COMPLETELYTRANSLATED,PUBLISHED, USERID, LOGDATE) VALUES  ('S31C03010201', 'en','Y', 'Y', 'SDGS', GETDATE());
INSERT INTO "CONTENTS" (MAINTABLE, CONTENTS, PRESTEXT, PRESCODE, COPYRIGHT, PRODUCER, LASTUPDATED, UNIT, PRESDECIMALS, PRESCELLSZERO, STOCKFA, DAYADJ, SEASADJ, FOOTNOTECONTENTS, FOOTNOTEVARIABLE, FOOTNOTEVALUE, STORECOLUMNNO, STOREFORMAT, STORENOCHAR, STOREDECIMALS, USERID, LOGDATE, PUBLISHED, PRESTEXTS, STATAUTHORITY, AGGREGPOSSIBLE, FOOTNOTETIME, METAID) VALUES  ('S31C03010201', 'OBS_VALUE', 'ar: Sustainable Development Goals - SDGs', 'DATA', '1', 'PCBS', GETDATE(), 'OBS_VALUE', '2', 'Y', 'F', 'N', 'N', 'N', 'N', 'N', '3', 'N', '17', '2', 'SDGS', GETDATE(), GETDATE(), 'C030102_01', 'PCBS', 'N', 'N', '01');
INSERT INTO "CONTENTS_ENG" (MAINTABLE, CONTENTS, PRESTEXT, UNIT, USERID, LOGDATE, PRESTEXTS, REFPERIOD, BASEPERIOD)  VALUES  ('S31C03010201', 'OBS_VALUE', 'Sustainable Development Goals - SDGs',  'OBS_VALUE', 'SDGS', GETDATE(), 'C030102_01', NULL,NULL);
INSERT INTO "SUBTABLE" (MAINTABLE, SUBTABLE, PRESTEXT, CLEANTABLE, USERID, LOGDATE) VALUES  ('S31C03010201', '', 'code 3.1/C030102_01/C030102_01 - ???? ???????? ???? ???? ????? ???????? ?????? ??????', 'Y', 'SDGS', GETDATE());
INSERT INTO "SUBTABLE_ENG" (MAINTABLE, SUBTABLE, PRESTEXT, USERID, LOGDATE) VALUES  ('S31C03010201', '', 'code 3.1/C030102_01/C030102_01 - Proportion of births attended by skilled health personnel (%)', 'SDGS', GETDATE());
INSERT INTO "SUBTABLEVARIABLE" (MAINTABLE, SUBTABLE, VARIABLE, VARIABLETYPE, STORECOLUMNNO, USERID, LOGDATE) VALUES ('S31C03010201', '', 'TIME_PERIOD', 'T', '1', 'SDGS', GETDATE());
INSERT INTO "CONTENTSTIME" (MAINTABLE, CONTENTS, TIMEPERIOD, USERID, LOGDATE) VALUES ('S31C03010201', 'OBS_VALUE', 2000, 'SDGS', GETDATE());
INSERT INTO "CONTENTSTIME" (MAINTABLE, CONTENTS, TIMEPERIOD, USERID, LOGDATE) VALUES ('S31C03010201', 'OBS_VALUE', 2010, 'SDGS', GETDATE());
INSERT INTO "CONTENTSTIME" (MAINTABLE, CONTENTS, TIMEPERIOD, USERID, LOGDATE) VALUES ('S31C03010201', 'OBS_VALUE', 2014, 'SDGS', GETDATE());
INSERT INTO "CONTENTSTIME" (MAINTABLE, CONTENTS, TIMEPERIOD, USERID, LOGDATE) VALUES ('S31C03010201', 'OBS_VALUE', 2019, 'SDGS', GETDATE());
INSERT INTO "VALUESET" (VALUESET, PRESTEXT, DESCRIPTION, ELIMINATION, VALUEPOOL, METAID, FOOTNOTE, USERID, LOGDATE, VALUEPRES, SORTCODEEXISTS) VALUES ('VSREF_AREA_C030102_01', 'Hmm', 'None', 'A', 'VPREF_AREA', '0', 'N', 'SDGS', GETDATE(), 'T', 'N');
INSERT INTO "VALUESET_ENG" (VALUESET, PRESTEXT, DESCRIPTION, USERID, LOGDATE) VALUES ('VSREF_AREA_C030102_01', 'Hmm', 'None', 'SDGS', GETDATE());
INSERT INTO "VSVALUE" (VALUESET, VALUEPOOL, VALUECODE, USERID, LOGDATE) VALUES ('VSREF_AREA_C030102_01', 'VPREF_AREA', '1', 'SDGS', GETDATE());
INSERT INTO "VSVALUE_ENG" (VALUESET, VALUEPOOL, VALUECODE, USERID, LOGDATE) VALUES ('VSREF_AREA_C030102_01', 'VPREF_AREA', '1', 'SDGS', GETDATE());
INSERT INTO "VSVALUE" (VALUESET, VALUEPOOL, VALUECODE, USERID, LOGDATE) VALUES ('VSREF_AREA_C030102_01', 'VPREF_AREA', '2', 'SDGS', GETDATE());
INSERT INTO "VSVALUE_ENG" (VALUESET, VALUEPOOL, VALUECODE, USERID, LOGDATE) VALUES ('VSREF_AREA_C030102_01', 'VPREF_AREA', '2', 'SDGS', GETDATE());
INSERT INTO "VSVALUE" (VALUESET, VALUEPOOL, VALUECODE, USERID, LOGDATE) VALUES ('VSREF_AREA_C030102_01', 'VPREF_AREA', '3', 'SDGS', GETDATE());
INSERT INTO "VSVALUE_ENG" (VALUESET, VALUEPOOL, VALUECODE, USERID, LOGDATE) VALUES ('VSREF_AREA_C030102_01', 'VPREF_AREA', '3', 'SDGS', GETDATE());
INSERT INTO "SUBTABLEVARIABLE" (MAINTABLE, SUBTABLE, VARIABLE, VALUESET, VARIABLETYPE, STORECOLUMNNO, USERID, LOGDATE) VALUES ('S31C03010201', '', 'REF_AREA', 'VSREF_AREA_C030102_01', 'V', '1', 'SDGS', GETDATE());
IF EXISTS (SELECT 1 FROM SYS.VIEWS WHERE NAME = 'S31C03010201' AND TYPE  = 'v') DROP VIEW S31C03010201;
GO
CREATE VIEW S31C03010201 AS SELECT * FROM INDICATORDATA WHERE SUBINDICATOR_CODE = 'C030102_01';
GO
INSERT INTO "MAINTABLE" (MAINTABLE, PRESTEXT, PRESTEXTS, PRESCATEGORY, TIMESCALE, USERID, LOGDATE, FIRSTPUBLISHED, TABLESTATUS, TABLEID, PRODUCTCODE, SPECCHAREXISTS, METAID, SUBJECTCODE, CONTENTSVARIABLE) VALUES  ('S32C03020101', 'code 3.2/C030201_01/C030201_01 - (???? ????? ??????? ??? ?? ???????? ??? ????? (??????? ??? 1,000 ????? ???', 'SDGs Indicators', 'O', 'year', 'SDGS', GETDATE(), GETDATE(), 'A', 'S32C03020101', '001', 'N', '01', '01', 'ar: Sub Indicator');
INSERT INTO "MAINTABLE_ENG" (MAINTABLE, STATUS, PUBLISHED, PRESTEXT, PRESTEXTS, CONTENTSVARIABLE, USERID, LOGDATE) VALUES  ('S32C03020101', 'A', GETDATE(), 'code 3.2/C030201_01/C030201_01 - Under-five mortality rate, by sex (deaths per 1,000 live births)', 'SDGs Indicators', 'Sub Indicator', 'SDGS', GETDATE());
INSERT INTO "SECONDARYLANGUAGE" (MAINTABLE, LANGUAGE, COMPLETELYTRANSLATED,PUBLISHED, USERID, LOGDATE) VALUES  ('S32C03020101', 'en','Y', 'Y', 'SDGS', GETDATE());
INSERT INTO "CONTENTS" (MAINTABLE, CONTENTS, PRESTEXT, PRESCODE, COPYRIGHT, PRODUCER, LASTUPDATED, UNIT, PRESDECIMALS, PRESCELLSZERO, STOCKFA, DAYADJ, SEASADJ, FOOTNOTECONTENTS, FOOTNOTEVARIABLE, FOOTNOTEVALUE, STORECOLUMNNO, STOREFORMAT, STORENOCHAR, STOREDECIMALS, USERID, LOGDATE, PUBLISHED, PRESTEXTS, STATAUTHORITY, AGGREGPOSSIBLE, FOOTNOTETIME, METAID) VALUES  ('S32C03020101', 'OBS_VALUE', 'ar: Sustainable Development Goals - SDGs', 'DATA', '1', 'PCBS', GETDATE(), 'OBS_VALUE', '2', 'Y', 'F', 'N', 'N', 'N', 'N', 'N', '3', 'N', '17', '2', 'SDGS', GETDATE(), GETDATE(), 'C030201_01', 'PCBS', 'N', 'N', '01');
INSERT INTO "CONTENTS_ENG" (MAINTABLE, CONTENTS, PRESTEXT, UNIT, USERID, LOGDATE, PRESTEXTS, REFPERIOD, BASEPERIOD)  VALUES  ('S32C03020101', 'OBS_VALUE', 'Sustainable Development Goals - SDGs',  'OBS_VALUE', 'SDGS', GETDATE(), 'C030201_01', NULL,NULL);
INSERT INTO "SUBTABLE" (MAINTABLE, SUBTABLE, PRESTEXT, CLEANTABLE, USERID, LOGDATE) VALUES  ('S32C03020101', '', 'code 3.2/C030201_01/C030201_01 - (???? ????? ??????? ??? ?? ???????? ??? ????? (??????? ??? 1,000 ????? ???', 'Y', 'SDGS', GETDATE());
INSERT INTO "SUBTABLE_ENG" (MAINTABLE, SUBTABLE, PRESTEXT, USERID, LOGDATE) VALUES  ('S32C03020101', '', 'code 3.2/C030201_01/C030201_01 - Under-five mortality rate, by sex (deaths per 1,000 live births)', 'SDGS', GETDATE());
INSERT INTO "SUBTABLEVARIABLE" (MAINTABLE, SUBTABLE, VARIABLE, VARIABLETYPE, STORECOLUMNNO, USERID, LOGDATE) VALUES ('S32C03020101', '', 'TIME_PERIOD', 'T', '1', 'SDGS', GETDATE());
INSERT INTO "CONTENTSTIME" (MAINTABLE, CONTENTS, TIMEPERIOD, USERID, LOGDATE) VALUES ('S32C03020101', 'OBS_VALUE', 2000, 'SDGS', GETDATE());
INSERT INTO "CONTENTSTIME" (MAINTABLE, CONTENTS, TIMEPERIOD, USERID, LOGDATE) VALUES ('S32C03020101', 'OBS_VALUE', 2004, 'SDGS', GETDATE());
INSERT INTO "CONTENTSTIME" (MAINTABLE, CONTENTS, TIMEPERIOD, USERID, LOGDATE) VALUES ('S32C03020101', 'OBS_VALUE', 2006, 'SDGS', GETDATE());
INSERT INTO "CONTENTSTIME" (MAINTABLE, CONTENTS, TIMEPERIOD, USERID, LOGDATE) VALUES ('S32C03020101', 'OBS_VALUE', 2010, 'SDGS', GETDATE());
INSERT INTO "CONTENTSTIME" (MAINTABLE, CONTENTS, TIMEPERIOD, USERID, LOGDATE) VALUES ('S32C03020101', 'OBS_VALUE', 2014, 'SDGS', GETDATE());
INSERT INTO "CONTENTSTIME" (MAINTABLE, CONTENTS, TIMEPERIOD, USERID, LOGDATE) VALUES ('S32C03020101', 'OBS_VALUE', 2019, 'SDGS', GETDATE());
INSERT INTO "VALUESET" (VALUESET, PRESTEXT, DESCRIPTION, ELIMINATION, VALUEPOOL, METAID, FOOTNOTE, USERID, LOGDATE, VALUEPRES, SORTCODEEXISTS) VALUES ('VSREF_AREA_C030201_01', 'Hmm', 'None', 'A', 'VPREF_AREA', '0', 'N', 'SDGS', GETDATE(), 'T', 'N');
INSERT INTO "VALUESET_ENG" (VALUESET, PRESTEXT, DESCRIPTION, USERID, LOGDATE) VALUES ('VSREF_AREA_C030201_01', 'Hmm', 'None', 'SDGS', GETDATE());
INSERT INTO "VSVALUE" (VALUESET, VALUEPOOL, VALUECODE, USERID, LOGDATE) VALUES ('VSREF_AREA_C030201_01', 'VPREF_AREA', '1', 'SDGS', GETDATE());
INSERT INTO "VSVALUE_ENG" (VALUESET, VALUEPOOL, VALUECODE, USERID, LOGDATE) VALUES ('VSREF_AREA_C030201_01', 'VPREF_AREA', '1', 'SDGS', GETDATE());
INSERT INTO "VSVALUE" (VALUESET, VALUEPOOL, VALUECODE, USERID, LOGDATE) VALUES ('VSREF_AREA_C030201_01', 'VPREF_AREA', '2', 'SDGS', GETDATE());
INSERT INTO "VSVALUE_ENG" (VALUESET, VALUEPOOL, VALUECODE, USERID, LOGDATE) VALUES ('VSREF_AREA_C030201_01', 'VPREF_AREA', '2', 'SDGS', GETDATE());
INSERT INTO "VSVALUE" (VALUESET, VALUEPOOL, VALUECODE, USERID, LOGDATE) VALUES ('VSREF_AREA_C030201_01', 'VPREF_AREA', '3', 'SDGS', GETDATE());
INSERT INTO "VSVALUE_ENG" (VALUESET, VALUEPOOL, VALUECODE, USERID, LOGDATE) VALUES ('VSREF_AREA_C030201_01', 'VPREF_AREA', '3', 'SDGS', GETDATE());
INSERT INTO "SUBTABLEVARIABLE" (MAINTABLE, SUBTABLE, VARIABLE, VALUESET, VARIABLETYPE, STORECOLUMNNO, USERID, LOGDATE) VALUES ('S32C03020101', '', 'REF_AREA', 'VSREF_AREA_C030201_01', 'V', '1', 'SDGS', GETDATE());
INSERT INTO "VALUESET" (VALUESET, PRESTEXT, DESCRIPTION, ELIMINATION, VALUEPOOL, METAID, FOOTNOTE, USERID, LOGDATE, VALUEPRES, SORTCODEEXISTS) VALUES ('VSSEX_C030201_01', 'Hmm', 'None', 'A', 'VPSEX', '0', 'N', 'SDGS', GETDATE(), 'T', 'N');
INSERT INTO "VALUESET_ENG" (VALUESET, PRESTEXT, DESCRIPTION, USERID, LOGDATE) VALUES ('VSSEX_C030201_01', 'Hmm', 'None', 'SDGS', GETDATE());
INSERT INTO "VSVALUE" (VALUESET, VALUEPOOL, VALUECODE, USERID, LOGDATE) VALUES ('VSSEX_C030201_01', 'VPSEX', 'M', 'SDGS', GETDATE());
INSERT INTO "VSVALUE_ENG" (VALUESET, VALUEPOOL, VALUECODE, USERID, LOGDATE) VALUES ('VSSEX_C030201_01', 'VPSEX', 'M', 'SDGS', GETDATE());
INSERT INTO "VSVALUE" (VALUESET, VALUEPOOL, VALUECODE, USERID, LOGDATE) VALUES ('VSSEX_C030201_01', 'VPSEX', 'F', 'SDGS', GETDATE());
INSERT INTO "VSVALUE_ENG" (VALUESET, VALUEPOOL, VALUECODE, USERID, LOGDATE) VALUES ('VSSEX_C030201_01', 'VPSEX', 'F', 'SDGS', GETDATE());
INSERT INTO "VSVALUE" (VALUESET, VALUEPOOL, VALUECODE, USERID, LOGDATE) VALUES ('VSSEX_C030201_01', 'VPSEX', '_T', 'SDGS', GETDATE());
INSERT INTO "VSVALUE_ENG" (VALUESET, VALUEPOOL, VALUECODE, USERID, LOGDATE) VALUES ('VSSEX_C030201_01', 'VPSEX', '_T', 'SDGS', GETDATE());
INSERT INTO "SUBTABLEVARIABLE" (MAINTABLE, SUBTABLE, VARIABLE, VALUESET, VARIABLETYPE, STORECOLUMNNO, USERID, LOGDATE) VALUES ('S32C03020101', '', 'SEX', 'VSSEX_C030201_01', 'V', '1', 'SDGS', GETDATE());
IF EXISTS (SELECT 1 FROM SYS.VIEWS WHERE NAME = 'S32C03020101' AND TYPE  = 'v') DROP VIEW S32C03020101;
GO
CREATE VIEW S32C03020101 AS SELECT * FROM INDICATORDATA WHERE SUBINDICATOR_CODE = 'C030201_01';
GO
INSERT INTO "MAINTABLE" (MAINTABLE, PRESTEXT, PRESTEXTS, PRESCATEGORY, TIMESCALE, USERID, LOGDATE, FIRSTPUBLISHED, TABLESTATUS, TABLEID, PRODUCTCODE, SPECCHAREXISTS, METAID, SUBJECTCODE, CONTENTSVARIABLE) VALUES  ('S32C03020201', 'code 3.2/C030202_01/C030202_01 - ???? ????? ???????? (??? 1000 ????? ???)', 'SDGs Indicators', 'O', 'year', 'SDGS', GETDATE(), GETDATE(), 'A', 'S32C03020201', '001', 'N', '01', '01', 'ar: Sub Indicator');
INSERT INTO "MAINTABLE_ENG" (MAINTABLE, STATUS, PUBLISHED, PRESTEXT, PRESTEXTS, CONTENTSVARIABLE, USERID, LOGDATE) VALUES  ('S32C03020201', 'A', GETDATE(), 'code 3.2/C030202_01/C030202_01 - Neonatal mortality rate (deaths per 1,000 live births)', 'SDGs Indicators', 'Sub Indicator', 'SDGS', GETDATE());
INSERT INTO "SECONDARYLANGUAGE" (MAINTABLE, LANGUAGE, COMPLETELYTRANSLATED,PUBLISHED, USERID, LOGDATE) VALUES  ('S32C03020201', 'en','Y', 'Y', 'SDGS', GETDATE());
INSERT INTO "CONTENTS" (MAINTABLE, CONTENTS, PRESTEXT, PRESCODE, COPYRIGHT, PRODUCER, LASTUPDATED, UNIT, PRESDECIMALS, PRESCELLSZERO, STOCKFA, DAYADJ, SEASADJ, FOOTNOTECONTENTS, FOOTNOTEVARIABLE, FOOTNOTEVALUE, STORECOLUMNNO, STOREFORMAT, STORENOCHAR, STOREDECIMALS, USERID, LOGDATE, PUBLISHED, PRESTEXTS, STATAUTHORITY, AGGREGPOSSIBLE, FOOTNOTETIME, METAID) VALUES  ('S32C03020201', 'OBS_VALUE', 'ar: Sustainable Development Goals - SDGs', 'DATA', '1', 'PCBS', GETDATE(), 'OBS_VALUE', '2', 'Y', 'F', 'N', 'N', 'N', 'N', 'N', '3', 'N', '17', '2', 'SDGS', GETDATE(), GETDATE(), 'C030202_01', 'PCBS', 'N', 'N', '01');
INSERT INTO "CONTENTS_ENG" (MAINTABLE, CONTENTS, PRESTEXT, UNIT, USERID, LOGDATE, PRESTEXTS, REFPERIOD, BASEPERIOD)  VALUES  ('S32C03020201', 'OBS_VALUE', 'Sustainable Development Goals - SDGs',  'OBS_VALUE', 'SDGS', GETDATE(), 'C030202_01', NULL,NULL);
INSERT INTO "SUBTABLE" (MAINTABLE, SUBTABLE, PRESTEXT, CLEANTABLE, USERID, LOGDATE) VALUES  ('S32C03020201', '', 'code 3.2/C030202_01/C030202_01 - ???? ????? ???????? (??? 1000 ????? ???)', 'Y', 'SDGS', GETDATE());
INSERT INTO "SUBTABLE_ENG" (MAINTABLE, SUBTABLE, PRESTEXT, USERID, LOGDATE) VALUES  ('S32C03020201', '', 'code 3.2/C030202_01/C030202_01 - Neonatal mortality rate (deaths per 1,000 live births)', 'SDGS', GETDATE());
INSERT INTO "SUBTABLEVARIABLE" (MAINTABLE, SUBTABLE, VARIABLE, VARIABLETYPE, STORECOLUMNNO, USERID, LOGDATE) VALUES ('S32C03020201', '', 'TIME_PERIOD', 'T', '1', 'SDGS', GETDATE());
INSERT INTO "CONTENTSTIME" (MAINTABLE, CONTENTS, TIMEPERIOD, USERID, LOGDATE) VALUES ('S32C03020201', 'OBS_VALUE', 2000, 'SDGS', GETDATE());
INSERT INTO "CONTENTSTIME" (MAINTABLE, CONTENTS, TIMEPERIOD, USERID, LOGDATE) VALUES ('S32C03020201', 'OBS_VALUE', 2001, 'SDGS', GETDATE());
INSERT INTO "CONTENTSTIME" (MAINTABLE, CONTENTS, TIMEPERIOD, USERID, LOGDATE) VALUES ('S32C03020201', 'OBS_VALUE', 2004, 'SDGS', GETDATE());
INSERT INTO "CONTENTSTIME" (MAINTABLE, CONTENTS, TIMEPERIOD, USERID, LOGDATE) VALUES ('S32C03020201', 'OBS_VALUE', 2005, 'SDGS', GETDATE());
INSERT INTO "CONTENTSTIME" (MAINTABLE, CONTENTS, TIMEPERIOD, USERID, LOGDATE) VALUES ('S32C03020201', 'OBS_VALUE', 2010, 'SDGS', GETDATE());
INSERT INTO "CONTENTSTIME" (MAINTABLE, CONTENTS, TIMEPERIOD, USERID, LOGDATE) VALUES ('S32C03020201', 'OBS_VALUE', 2014, 'SDGS', GETDATE());
INSERT INTO "CONTENTSTIME" (MAINTABLE, CONTENTS, TIMEPERIOD, USERID, LOGDATE) VALUES ('S32C03020201', 'OBS_VALUE', 2019, 'SDGS', GETDATE());
INSERT INTO "VALUESET" (VALUESET, PRESTEXT, DESCRIPTION, ELIMINATION, VALUEPOOL, METAID, FOOTNOTE, USERID, LOGDATE, VALUEPRES, SORTCODEEXISTS) VALUES ('VSREF_AREA_C030202_01', 'Hmm', 'None', 'A', 'VPREF_AREA', '0', 'N', 'SDGS', GETDATE(), 'T', 'N');
INSERT INTO "VALUESET_ENG" (VALUESET, PRESTEXT, DESCRIPTION, USERID, LOGDATE) VALUES ('VSREF_AREA_C030202_01', 'Hmm', 'None', 'SDGS', GETDATE());
INSERT INTO "VSVALUE" (VALUESET, VALUEPOOL, VALUECODE, USERID, LOGDATE) VALUES ('VSREF_AREA_C030202_01', 'VPREF_AREA', '1', 'SDGS', GETDATE());
INSERT INTO "VSVALUE_ENG" (VALUESET, VALUEPOOL, VALUECODE, USERID, LOGDATE) VALUES ('VSREF_AREA_C030202_01', 'VPREF_AREA', '1', 'SDGS', GETDATE());
INSERT INTO "VSVALUE" (VALUESET, VALUEPOOL, VALUECODE, USERID, LOGDATE) VALUES ('VSREF_AREA_C030202_01', 'VPREF_AREA', '2', 'SDGS', GETDATE());
INSERT INTO "VSVALUE_ENG" (VALUESET, VALUEPOOL, VALUECODE, USERID, LOGDATE) VALUES ('VSREF_AREA_C030202_01', 'VPREF_AREA', '2', 'SDGS', GETDATE());
INSERT INTO "VSVALUE" (VALUESET, VALUEPOOL, VALUECODE, USERID, LOGDATE) VALUES ('VSREF_AREA_C030202_01', 'VPREF_AREA', '3', 'SDGS', GETDATE());
INSERT INTO "VSVALUE_ENG" (VALUESET, VALUEPOOL, VALUECODE, USERID, LOGDATE) VALUES ('VSREF_AREA_C030202_01', 'VPREF_AREA', '3', 'SDGS', GETDATE());
INSERT INTO "SUBTABLEVARIABLE" (MAINTABLE, SUBTABLE, VARIABLE, VALUESET, VARIABLETYPE, STORECOLUMNNO, USERID, LOGDATE) VALUES ('S32C03020201', '', 'REF_AREA', 'VSREF_AREA_C030202_01', 'V', '1', 'SDGS', GETDATE());
INSERT INTO "VALUESET" (VALUESET, PRESTEXT, DESCRIPTION, ELIMINATION, VALUEPOOL, METAID, FOOTNOTE, USERID, LOGDATE, VALUEPRES, SORTCODEEXISTS) VALUES ('VSSEX_C030202_01', 'Hmm', 'None', 'A', 'VPSEX', '0', 'N', 'SDGS', GETDATE(), 'T', 'N');
INSERT INTO "VALUESET_ENG" (VALUESET, PRESTEXT, DESCRIPTION, USERID, LOGDATE) VALUES ('VSSEX_C030202_01', 'Hmm', 'None', 'SDGS', GETDATE());
INSERT INTO "VSVALUE" (VALUESET, VALUEPOOL, VALUECODE, USERID, LOGDATE) VALUES ('VSSEX_C030202_01', 'VPSEX', 'M', 'SDGS', GETDATE());
INSERT INTO "VSVALUE_ENG" (VALUESET, VALUEPOOL, VALUECODE, USERID, LOGDATE) VALUES ('VSSEX_C030202_01', 'VPSEX', 'M', 'SDGS', GETDATE());
INSERT INTO "VSVALUE" (VALUESET, VALUEPOOL, VALUECODE, USERID, LOGDATE) VALUES ('VSSEX_C030202_01', 'VPSEX', 'F', 'SDGS', GETDATE());
INSERT INTO "VSVALUE_ENG" (VALUESET, VALUEPOOL, VALUECODE, USERID, LOGDATE) VALUES ('VSSEX_C030202_01', 'VPSEX', 'F', 'SDGS', GETDATE());
INSERT INTO "VSVALUE" (VALUESET, VALUEPOOL, VALUECODE, USERID, LOGDATE) VALUES ('VSSEX_C030202_01', 'VPSEX', '_T', 'SDGS', GETDATE());
INSERT INTO "VSVALUE_ENG" (VALUESET, VALUEPOOL, VALUECODE, USERID, LOGDATE) VALUES ('VSSEX_C030202_01', 'VPSEX', '_T', 'SDGS', GETDATE());
INSERT INTO "SUBTABLEVARIABLE" (MAINTABLE, SUBTABLE, VARIABLE, VALUESET, VARIABLETYPE, STORECOLUMNNO, USERID, LOGDATE) VALUES ('S32C03020201', '', 'SEX', 'VSSEX_C030202_01', 'V', '1', 'SDGS', GETDATE());
IF EXISTS (SELECT 1 FROM SYS.VIEWS WHERE NAME = 'S32C03020201' AND TYPE  = 'v') DROP VIEW S32C03020201;
GO
CREATE VIEW S32C03020201 AS SELECT * FROM INDICATORDATA WHERE SUBINDICATOR_CODE = 'C030202_01';
GO
INSERT INTO "MAINTABLE" (MAINTABLE, PRESTEXT, PRESTEXTS, PRESCATEGORY, TIMESCALE, USERID, LOGDATE, FIRSTPUBLISHED, TABLESTATUS, TABLEID, PRODUCTCODE, SPECCHAREXISTS, METAID, SUBJECTCODE, CONTENTSVARIABLE) VALUES  ('S33C03030101', 'code 3.3/C030301_01/C030301_01 - ??? ???????? ??????? ?????? ??? ??????? ??????? ??? 100,000 ??? ??? ???? ?? ?????? ???? ????? ??????', 'SDGs Indicators', 'O', 'year', 'SDGS', GETDATE(), GETDATE(), 'A', 'S33C03030101', '001', 'N', '01', '01', 'ar: Sub Indicator');
INSERT INTO "MAINTABLE_ENG" (MAINTABLE, STATUS, PUBLISHED, PRESTEXT, PRESTEXTS, CONTENTSVARIABLE, USERID, LOGDATE) VALUES  ('S33C03030101', 'A', GETDATE(), 'code 3.3/C030301_01/C030301_01 - Number of new HIV infections per 100,000 uninfected population, by sex and age (per 1,000 uninfected population)', 'SDGs Indicators', 'Sub Indicator', 'SDGS', GETDATE());
INSERT INTO "SECONDARYLANGUAGE" (MAINTABLE, LANGUAGE, COMPLETELYTRANSLATED,PUBLISHED, USERID, LOGDATE) VALUES  ('S33C03030101', 'en','Y', 'Y', 'SDGS', GETDATE());
INSERT INTO "CONTENTS" (MAINTABLE, CONTENTS, PRESTEXT, PRESCODE, COPYRIGHT, PRODUCER, LASTUPDATED, UNIT, PRESDECIMALS, PRESCELLSZERO, STOCKFA, DAYADJ, SEASADJ, FOOTNOTECONTENTS, FOOTNOTEVARIABLE, FOOTNOTEVALUE, STORECOLUMNNO, STOREFORMAT, STORENOCHAR, STOREDECIMALS, USERID, LOGDATE, PUBLISHED, PRESTEXTS, STATAUTHORITY, AGGREGPOSSIBLE, FOOTNOTETIME, METAID) VALUES  ('S33C03030101', 'OBS_VALUE', 'ar: Sustainable Development Goals - SDGs', 'DATA', '1', 'PCBS', GETDATE(), 'OBS_VALUE', '2', 'Y', 'F', 'N', 'N', 'N', 'N', 'N', '3', 'N', '17', '2', 'SDGS', GETDATE(), GETDATE(), 'C030301_01', 'PCBS', 'N', 'N', '01');
INSERT INTO "CONTENTS_ENG" (MAINTABLE, CONTENTS, PRESTEXT, UNIT, USERID, LOGDATE, PRESTEXTS, REFPERIOD, BASEPERIOD)  VALUES  ('S33C03030101', 'OBS_VALUE', 'Sustainable Development Goals - SDGs',  'OBS_VALUE', 'SDGS', GETDATE(), 'C030301_01', NULL,NULL);
INSERT INTO "SUBTABLE" (MAINTABLE, SUBTABLE, PRESTEXT, CLEANTABLE, USERID, LOGDATE) VALUES  ('S33C03030101', '', 'code 3.3/C030301_01/C030301_01 - ??? ???????? ??????? ?????? ??? ??????? ??????? ??? 100,000 ??? ??? ???? ?? ?????? ???? ????? ??????', 'Y', 'SDGS', GETDATE());
INSERT INTO "SUBTABLE_ENG" (MAINTABLE, SUBTABLE, PRESTEXT, USERID, LOGDATE) VALUES  ('S33C03030101', '', 'code 3.3/C030301_01/C030301_01 - Number of new HIV infections per 100,000 uninfected population, by sex and age (per 1,000 uninfected population)', 'SDGS', GETDATE());
INSERT INTO "SUBTABLEVARIABLE" (MAINTABLE, SUBTABLE, VARIABLE, VARIABLETYPE, STORECOLUMNNO, USERID, LOGDATE) VALUES ('S33C03030101', '', 'TIME_PERIOD', 'T', '1', 'SDGS', GETDATE());
INSERT INTO "CONTENTSTIME" (MAINTABLE, CONTENTS, TIMEPERIOD, USERID, LOGDATE) VALUES ('S33C03030101', 'OBS_VALUE', 2015, 'SDGS', GETDATE());
INSERT INTO "CONTENTSTIME" (MAINTABLE, CONTENTS, TIMEPERIOD, USERID, LOGDATE) VALUES ('S33C03030101', 'OBS_VALUE', 2016, 'SDGS', GETDATE());
INSERT INTO "CONTENTSTIME" (MAINTABLE, CONTENTS, TIMEPERIOD, USERID, LOGDATE) VALUES ('S33C03030101', 'OBS_VALUE', 2017, 'SDGS', GETDATE());
INSERT INTO "CONTENTSTIME" (MAINTABLE, CONTENTS, TIMEPERIOD, USERID, LOGDATE) VALUES ('S33C03030101', 'OBS_VALUE', 2018, 'SDGS', GETDATE());
INSERT INTO "CONTENTSTIME" (MAINTABLE, CONTENTS, TIMEPERIOD, USERID, LOGDATE) VALUES ('S33C03030101', 'OBS_VALUE', 2019, 'SDGS', GETDATE());
INSERT INTO "VALUESET" (VALUESET, PRESTEXT, DESCRIPTION, ELIMINATION, VALUEPOOL, METAID, FOOTNOTE, USERID, LOGDATE, VALUEPRES, SORTCODEEXISTS) VALUES ('VSREF_AREA_C030301_01', 'Hmm', 'None', 'A', 'VPREF_AREA', '0', 'N', 'SDGS', GETDATE(), 'T', 'N');
INSERT INTO "VALUESET_ENG" (VALUESET, PRESTEXT, DESCRIPTION, USERID, LOGDATE) VALUES ('VSREF_AREA_C030301_01', 'Hmm', 'None', 'SDGS', GETDATE());
INSERT INTO "VSVALUE" (VALUESET, VALUEPOOL, VALUECODE, USERID, LOGDATE) VALUES ('VSREF_AREA_C030301_01', 'VPREF_AREA', '1', 'SDGS', GETDATE());
INSERT INTO "VSVALUE_ENG" (VALUESET, VALUEPOOL, VALUECODE, USERID, LOGDATE) VALUES ('VSREF_AREA_C030301_01', 'VPREF_AREA', '1', 'SDGS', GETDATE());
INSERT INTO "VSVALUE" (VALUESET, VALUEPOOL, VALUECODE, USERID, LOGDATE) VALUES ('VSREF_AREA_C030301_01', 'VPREF_AREA', '2', 'SDGS', GETDATE());
INSERT INTO "VSVALUE_ENG" (VALUESET, VALUEPOOL, VALUECODE, USERID, LOGDATE) VALUES ('VSREF_AREA_C030301_01', 'VPREF_AREA', '2', 'SDGS', GETDATE());
INSERT INTO "VSVALUE" (VALUESET, VALUEPOOL, VALUECODE, USERID, LOGDATE) VALUES ('VSREF_AREA_C030301_01', 'VPREF_AREA', '3', 'SDGS', GETDATE());
INSERT INTO "VSVALUE_ENG" (VALUESET, VALUEPOOL, VALUECODE, USERID, LOGDATE) VALUES ('VSREF_AREA_C030301_01', 'VPREF_AREA', '3', 'SDGS', GETDATE());
INSERT INTO "SUBTABLEVARIABLE" (MAINTABLE, SUBTABLE, VARIABLE, VALUESET, VARIABLETYPE, STORECOLUMNNO, USERID, LOGDATE) VALUES ('S33C03030101', '', 'REF_AREA', 'VSREF_AREA_C030301_01', 'V', '1', 'SDGS', GETDATE());
IF EXISTS (SELECT 1 FROM SYS.VIEWS WHERE NAME = 'S33C03030101' AND TYPE  = 'v') DROP VIEW S33C03030101;
GO
CREATE VIEW S33C03030101 AS SELECT * FROM INDICATORDATA WHERE SUBINDICATOR_CODE = 'C030301_01';
GO
INSERT INTO "MAINTABLE" (MAINTABLE, PRESTEXT, PRESTEXTS, PRESCATEGORY, TIMESCALE, USERID, LOGDATE, FIRSTPUBLISHED, TABLESTATUS, TABLEID, PRODUCTCODE, SPECCHAREXISTS, METAID, SUBJECTCODE, CONTENTSVARIABLE) VALUES  ('S33C03030201', 'code 3.3/C030302_01/C030302_01 - ???? ?????? ??? ???? ??? 000 100 ???', 'SDGs Indicators', 'O', 'year', 'SDGS', GETDATE(), GETDATE(), 'A', 'S33C03030201', '001', 'N', '01', '01', 'ar: Sub Indicator');
INSERT INTO "MAINTABLE_ENG" (MAINTABLE, STATUS, PUBLISHED, PRESTEXT, PRESTEXTS, CONTENTSVARIABLE, USERID, LOGDATE) VALUES  ('S33C03030201', 'A', GETDATE(), 'code 3.3/C030302_01/C030302_01 - Tuberculosis incidence (per 100,000 population)', 'SDGs Indicators', 'Sub Indicator', 'SDGS', GETDATE());
INSERT INTO "SECONDARYLANGUAGE" (MAINTABLE, LANGUAGE, COMPLETELYTRANSLATED,PUBLISHED, USERID, LOGDATE) VALUES  ('S33C03030201', 'en','Y', 'Y', 'SDGS', GETDATE());
INSERT INTO "CONTENTS" (MAINTABLE, CONTENTS, PRESTEXT, PRESCODE, COPYRIGHT, PRODUCER, LASTUPDATED, UNIT, PRESDECIMALS, PRESCELLSZERO, STOCKFA, DAYADJ, SEASADJ, FOOTNOTECONTENTS, FOOTNOTEVARIABLE, FOOTNOTEVALUE, STORECOLUMNNO, STOREFORMAT, STORENOCHAR, STOREDECIMALS, USERID, LOGDATE, PUBLISHED, PRESTEXTS, STATAUTHORITY, AGGREGPOSSIBLE, FOOTNOTETIME, METAID) VALUES  ('S33C03030201', 'OBS_VALUE', 'ar: Sustainable Development Goals - SDGs', 'DATA', '1', 'PCBS', GETDATE(), 'OBS_VALUE', '2', 'Y', 'F', 'N', 'N', 'N', 'N', 'N', '3', 'N', '17', '2', 'SDGS', GETDATE(), GETDATE(), 'C030302_01', 'PCBS', 'N', 'N', '01');
INSERT INTO "CONTENTS_ENG" (MAINTABLE, CONTENTS, PRESTEXT, UNIT, USERID, LOGDATE, PRESTEXTS, REFPERIOD, BASEPERIOD)  VALUES  ('S33C03030201', 'OBS_VALUE', 'Sustainable Development Goals - SDGs',  'OBS_VALUE', 'SDGS', GETDATE(), 'C030302_01', NULL,NULL);
INSERT INTO "SUBTABLE" (MAINTABLE, SUBTABLE, PRESTEXT, CLEANTABLE, USERID, LOGDATE) VALUES  ('S33C03030201', '', 'code 3.3/C030302_01/C030302_01 - ???? ?????? ??? ???? ??? 000 100 ???', 'Y', 'SDGS', GETDATE());
INSERT INTO "SUBTABLE_ENG" (MAINTABLE, SUBTABLE, PRESTEXT, USERID, LOGDATE) VALUES  ('S33C03030201', '', 'code 3.3/C030302_01/C030302_01 - Tuberculosis incidence (per 100,000 population)', 'SDGS', GETDATE());
INSERT INTO "SUBTABLEVARIABLE" (MAINTABLE, SUBTABLE, VARIABLE, VARIABLETYPE, STORECOLUMNNO, USERID, LOGDATE) VALUES ('S33C03030201', '', 'TIME_PERIOD', 'T', '1', 'SDGS', GETDATE());
INSERT INTO "CONTENTSTIME" (MAINTABLE, CONTENTS, TIMEPERIOD, USERID, LOGDATE) VALUES ('S33C03030201', 'OBS_VALUE', 2015, 'SDGS', GETDATE());
INSERT INTO "CONTENTSTIME" (MAINTABLE, CONTENTS, TIMEPERIOD, USERID, LOGDATE) VALUES ('S33C03030201', 'OBS_VALUE', 2016, 'SDGS', GETDATE());
INSERT INTO "CONTENTSTIME" (MAINTABLE, CONTENTS, TIMEPERIOD, USERID, LOGDATE) VALUES ('S33C03030201', 'OBS_VALUE', 2017, 'SDGS', GETDATE());
INSERT INTO "CONTENTSTIME" (MAINTABLE, CONTENTS, TIMEPERIOD, USERID, LOGDATE) VALUES ('S33C03030201', 'OBS_VALUE', 2018, 'SDGS', GETDATE());
INSERT INTO "CONTENTSTIME" (MAINTABLE, CONTENTS, TIMEPERIOD, USERID, LOGDATE) VALUES ('S33C03030201', 'OBS_VALUE', 2019, 'SDGS', GETDATE());
INSERT INTO "VALUESET" (VALUESET, PRESTEXT, DESCRIPTION, ELIMINATION, VALUEPOOL, METAID, FOOTNOTE, USERID, LOGDATE, VALUEPRES, SORTCODEEXISTS) VALUES ('VSREF_AREA_C030302_01', 'Hmm', 'None', 'A', 'VPREF_AREA', '0', 'N', 'SDGS', GETDATE(), 'T', 'N');
INSERT INTO "VALUESET_ENG" (VALUESET, PRESTEXT, DESCRIPTION, USERID, LOGDATE) VALUES ('VSREF_AREA_C030302_01', 'Hmm', 'None', 'SDGS', GETDATE());
INSERT INTO "VSVALUE" (VALUESET, VALUEPOOL, VALUECODE, USERID, LOGDATE) VALUES ('VSREF_AREA_C030302_01', 'VPREF_AREA', '1', 'SDGS', GETDATE());
INSERT INTO "VSVALUE_ENG" (VALUESET, VALUEPOOL, VALUECODE, USERID, LOGDATE) VALUES ('VSREF_AREA_C030302_01', 'VPREF_AREA', '1', 'SDGS', GETDATE());
INSERT INTO "VSVALUE" (VALUESET, VALUEPOOL, VALUECODE, USERID, LOGDATE) VALUES ('VSREF_AREA_C030302_01', 'VPREF_AREA', '2', 'SDGS', GETDATE());
INSERT INTO "VSVALUE_ENG" (VALUESET, VALUEPOOL, VALUECODE, USERID, LOGDATE) VALUES ('VSREF_AREA_C030302_01', 'VPREF_AREA', '2', 'SDGS', GETDATE());
INSERT INTO "VSVALUE" (VALUESET, VALUEPOOL, VALUECODE, USERID, LOGDATE) VALUES ('VSREF_AREA_C030302_01', 'VPREF_AREA', '3', 'SDGS', GETDATE());
INSERT INTO "VSVALUE_ENG" (VALUESET, VALUEPOOL, VALUECODE, USERID, LOGDATE) VALUES ('VSREF_AREA_C030302_01', 'VPREF_AREA', '3', 'SDGS', GETDATE());
INSERT INTO "SUBTABLEVARIABLE" (MAINTABLE, SUBTABLE, VARIABLE, VALUESET, VARIABLETYPE, STORECOLUMNNO, USERID, LOGDATE) VALUES ('S33C03030201', '', 'REF_AREA', 'VSREF_AREA_C030302_01', 'V', '1', 'SDGS', GETDATE());
IF EXISTS (SELECT 1 FROM SYS.VIEWS WHERE NAME = 'S33C03030201' AND TYPE  = 'v') DROP VIEW S33C03030201;
GO
CREATE VIEW S33C03030201 AS SELECT * FROM INDICATORDATA WHERE SUBINDICATOR_CODE = 'C030302_01';
GO
INSERT INTO "MAINTABLE" (MAINTABLE, PRESTEXT, PRESTEXTS, PRESCATEGORY, TIMESCALE, USERID, LOGDATE, FIRSTPUBLISHED, TABLESTATUS, TABLEID, PRODUCTCODE, SPECCHAREXISTS, METAID, SUBJECTCODE, CONTENTSVARIABLE) VALUES  ('S33C03030301', 'code 3.3/C030303_01/C030303_01 - ??? ????? ??????? ????????? ??? 000 1 ???', 'SDGs Indicators', 'O', 'year', 'SDGS', GETDATE(), GETDATE(), 'A', 'S33C03030301', '001', 'N', '01', '01', 'ar: Sub Indicator');
INSERT INTO "MAINTABLE_ENG" (MAINTABLE, STATUS, PUBLISHED, PRESTEXT, PRESTEXTS, CONTENTSVARIABLE, USERID, LOGDATE) VALUES  ('S33C03030301', 'A', GETDATE(), 'code 3.3/C030303_01/C030303_01 - Malaria incidence per 1,000 population at risk (per 1,000 population)', 'SDGs Indicators', 'Sub Indicator', 'SDGS', GETDATE());
INSERT INTO "SECONDARYLANGUAGE" (MAINTABLE, LANGUAGE, COMPLETELYTRANSLATED,PUBLISHED, USERID, LOGDATE) VALUES  ('S33C03030301', 'en','Y', 'Y', 'SDGS', GETDATE());
INSERT INTO "CONTENTS" (MAINTABLE, CONTENTS, PRESTEXT, PRESCODE, COPYRIGHT, PRODUCER, LASTUPDATED, UNIT, PRESDECIMALS, PRESCELLSZERO, STOCKFA, DAYADJ, SEASADJ, FOOTNOTECONTENTS, FOOTNOTEVARIABLE, FOOTNOTEVALUE, STORECOLUMNNO, STOREFORMAT, STORENOCHAR, STOREDECIMALS, USERID, LOGDATE, PUBLISHED, PRESTEXTS, STATAUTHORITY, AGGREGPOSSIBLE, FOOTNOTETIME, METAID) VALUES  ('S33C03030301', 'OBS_VALUE', 'ar: Sustainable Development Goals - SDGs', 'DATA', '1', 'PCBS', GETDATE(), 'OBS_VALUE', '2', 'Y', 'F', 'N', 'N', 'N', 'N', 'N', '3', 'N', '17', '2', 'SDGS', GETDATE(), GETDATE(), 'C030303_01', 'PCBS', 'N', 'N', '01');
INSERT INTO "CONTENTS_ENG" (MAINTABLE, CONTENTS, PRESTEXT, UNIT, USERID, LOGDATE, PRESTEXTS, REFPERIOD, BASEPERIOD)  VALUES  ('S33C03030301', 'OBS_VALUE', 'Sustainable Development Goals - SDGs',  'OBS_VALUE', 'SDGS', GETDATE(), 'C030303_01', NULL,NULL);
INSERT INTO "SUBTABLE" (MAINTABLE, SUBTABLE, PRESTEXT, CLEANTABLE, USERID, LOGDATE) VALUES  ('S33C03030301', '', 'code 3.3/C030303_01/C030303_01 - ??? ????? ??????? ????????? ??? 000 1 ???', 'Y', 'SDGS', GETDATE());
INSERT INTO "SUBTABLE_ENG" (MAINTABLE, SUBTABLE, PRESTEXT, USERID, LOGDATE) VALUES  ('S33C03030301', '', 'code 3.3/C030303_01/C030303_01 - Malaria incidence per 1,000 population at risk (per 1,000 population)', 'SDGS', GETDATE());
INSERT INTO "SUBTABLEVARIABLE" (MAINTABLE, SUBTABLE, VARIABLE, VARIABLETYPE, STORECOLUMNNO, USERID, LOGDATE) VALUES ('S33C03030301', '', 'TIME_PERIOD', 'T', '1', 'SDGS', GETDATE());
INSERT INTO "CONTENTSTIME" (MAINTABLE, CONTENTS, TIMEPERIOD, USERID, LOGDATE) VALUES ('S33C03030301', 'OBS_VALUE', 2015, 'SDGS', GETDATE());
INSERT INTO "CONTENTSTIME" (MAINTABLE, CONTENTS, TIMEPERIOD, USERID, LOGDATE) VALUES ('S33C03030301', 'OBS_VALUE', 2016, 'SDGS', GETDATE());
INSERT INTO "CONTENTSTIME" (MAINTABLE, CONTENTS, TIMEPERIOD, USERID, LOGDATE) VALUES ('S33C03030301', 'OBS_VALUE', 2017, 'SDGS', GETDATE());
INSERT INTO "CONTENTSTIME" (MAINTABLE, CONTENTS, TIMEPERIOD, USERID, LOGDATE) VALUES ('S33C03030301', 'OBS_VALUE', 2018, 'SDGS', GETDATE());
INSERT INTO "CONTENTSTIME" (MAINTABLE, CONTENTS, TIMEPERIOD, USERID, LOGDATE) VALUES ('S33C03030301', 'OBS_VALUE', 2019, 'SDGS', GETDATE());
INSERT INTO "VALUESET" (VALUESET, PRESTEXT, DESCRIPTION, ELIMINATION, VALUEPOOL, METAID, FOOTNOTE, USERID, LOGDATE, VALUEPRES, SORTCODEEXISTS) VALUES ('VSREF_AREA_C030303_01', 'Hmm', 'None', 'A', 'VPREF_AREA', '0', 'N', 'SDGS', GETDATE(), 'T', 'N');
INSERT INTO "VALUESET_ENG" (VALUESET, PRESTEXT, DESCRIPTION, USERID, LOGDATE) VALUES ('VSREF_AREA_C030303_01', 'Hmm', 'None', 'SDGS', GETDATE());
INSERT INTO "VSVALUE" (VALUESET, VALUEPOOL, VALUECODE, USERID, LOGDATE) VALUES ('VSREF_AREA_C030303_01', 'VPREF_AREA', '1', 'SDGS', GETDATE());
INSERT INTO "VSVALUE_ENG" (VALUESET, VALUEPOOL, VALUECODE, USERID, LOGDATE) VALUES ('VSREF_AREA_C030303_01', 'VPREF_AREA', '1', 'SDGS', GETDATE());
INSERT INTO "VSVALUE" (VALUESET, VALUEPOOL, VALUECODE, USERID, LOGDATE) VALUES ('VSREF_AREA_C030303_01', 'VPREF_AREA', '2', 'SDGS', GETDATE());
INSERT INTO "VSVALUE_ENG" (VALUESET, VALUEPOOL, VALUECODE, USERID, LOGDATE) VALUES ('VSREF_AREA_C030303_01', 'VPREF_AREA', '2', 'SDGS', GETDATE());
INSERT INTO "VSVALUE" (VALUESET, VALUEPOOL, VALUECODE, USERID, LOGDATE) VALUES ('VSREF_AREA_C030303_01', 'VPREF_AREA', '3', 'SDGS', GETDATE());
INSERT INTO "VSVALUE_ENG" (VALUESET, VALUEPOOL, VALUECODE, USERID, LOGDATE) VALUES ('VSREF_AREA_C030303_01', 'VPREF_AREA', '3', 'SDGS', GETDATE());
INSERT INTO "SUBTABLEVARIABLE" (MAINTABLE, SUBTABLE, VARIABLE, VALUESET, VARIABLETYPE, STORECOLUMNNO, USERID, LOGDATE) VALUES ('S33C03030301', '', 'REF_AREA', 'VSREF_AREA_C030303_01', 'V', '1', 'SDGS', GETDATE());
IF EXISTS (SELECT 1 FROM SYS.VIEWS WHERE NAME = 'S33C03030301' AND TYPE  = 'v') DROP VIEW S33C03030301;
GO
CREATE VIEW S33C03030301 AS SELECT * FROM INDICATORDATA WHERE SUBINDICATOR_CODE = 'C030303_01';
GO
INSERT INTO "MAINTABLE" (MAINTABLE, PRESTEXT, PRESTEXTS, PRESCATEGORY, TIMESCALE, USERID, LOGDATE, FIRSTPUBLISHED, TABLESTATUS, TABLEID, PRODUCTCODE, SPECCHAREXISTS, METAID, SUBJECTCODE, CONTENTSVARIABLE) VALUES  ('S33C03030401', 'code 3.3/C030304_01/C030304_01 - ??? ???????? ?????? ?????? ????? ??????? ??? ??? 000 100 ?? ??????', 'SDGs Indicators', 'O', 'year', 'SDGS', GETDATE(), GETDATE(), 'A', 'S33C03030401', '001', 'N', '01', '01', 'ar: Sub Indicator');
INSERT INTO "MAINTABLE_ENG" (MAINTABLE, STATUS, PUBLISHED, PRESTEXT, PRESTEXTS, CONTENTSVARIABLE, USERID, LOGDATE) VALUES  ('S33C03030401', 'A', GETDATE(), 'code 3.3/C030304_01/C030304_01 - Prevalence of hepatitis B surface antigen (HBsAg) per 100,000 population', 'SDGs Indicators', 'Sub Indicator', 'SDGS', GETDATE());
INSERT INTO "SECONDARYLANGUAGE" (MAINTABLE, LANGUAGE, COMPLETELYTRANSLATED,PUBLISHED, USERID, LOGDATE) VALUES  ('S33C03030401', 'en','Y', 'Y', 'SDGS', GETDATE());
INSERT INTO "CONTENTS" (MAINTABLE, CONTENTS, PRESTEXT, PRESCODE, COPYRIGHT, PRODUCER, LASTUPDATED, UNIT, PRESDECIMALS, PRESCELLSZERO, STOCKFA, DAYADJ, SEASADJ, FOOTNOTECONTENTS, FOOTNOTEVARIABLE, FOOTNOTEVALUE, STORECOLUMNNO, STOREFORMAT, STORENOCHAR, STOREDECIMALS, USERID, LOGDATE, PUBLISHED, PRESTEXTS, STATAUTHORITY, AGGREGPOSSIBLE, FOOTNOTETIME, METAID) VALUES  ('S33C03030401', 'OBS_VALUE', 'ar: Sustainable Development Goals - SDGs', 'DATA', '1', 'PCBS', GETDATE(), 'OBS_VALUE', '2', 'Y', 'F', 'N', 'N', 'N', 'N', 'N', '3', 'N', '17', '2', 'SDGS', GETDATE(), GETDATE(), 'C030304_01', 'PCBS', 'N', 'N', '01');
INSERT INTO "CONTENTS_ENG" (MAINTABLE, CONTENTS, PRESTEXT, UNIT, USERID, LOGDATE, PRESTEXTS, REFPERIOD, BASEPERIOD)  VALUES  ('S33C03030401', 'OBS_VALUE', 'Sustainable Development Goals - SDGs',  'OBS_VALUE', 'SDGS', GETDATE(), 'C030304_01', NULL,NULL);
INSERT INTO "SUBTABLE" (MAINTABLE, SUBTABLE, PRESTEXT, CLEANTABLE, USERID, LOGDATE) VALUES  ('S33C03030401', '', 'code 3.3/C030304_01/C030304_01 - ??? ???????? ?????? ?????? ????? ??????? ??? ??? 000 100 ?? ??????', 'Y', 'SDGS', GETDATE());
INSERT INTO "SUBTABLE_ENG" (MAINTABLE, SUBTABLE, PRESTEXT, USERID, LOGDATE) VALUES  ('S33C03030401', '', 'code 3.3/C030304_01/C030304_01 - Prevalence of hepatitis B surface antigen (HBsAg) per 100,000 population', 'SDGS', GETDATE());
INSERT INTO "SUBTABLEVARIABLE" (MAINTABLE, SUBTABLE, VARIABLE, VARIABLETYPE, STORECOLUMNNO, USERID, LOGDATE) VALUES ('S33C03030401', '', 'TIME_PERIOD', 'T', '1', 'SDGS', GETDATE());
INSERT INTO "CONTENTSTIME" (MAINTABLE, CONTENTS, TIMEPERIOD, USERID, LOGDATE) VALUES ('S33C03030401', 'OBS_VALUE', 2015, 'SDGS', GETDATE());
INSERT INTO "CONTENTSTIME" (MAINTABLE, CONTENTS, TIMEPERIOD, USERID, LOGDATE) VALUES ('S33C03030401', 'OBS_VALUE', 2016, 'SDGS', GETDATE());
INSERT INTO "CONTENTSTIME" (MAINTABLE, CONTENTS, TIMEPERIOD, USERID, LOGDATE) VALUES ('S33C03030401', 'OBS_VALUE', 2017, 'SDGS', GETDATE());
INSERT INTO "CONTENTSTIME" (MAINTABLE, CONTENTS, TIMEPERIOD, USERID, LOGDATE) VALUES ('S33C03030401', 'OBS_VALUE', 2018, 'SDGS', GETDATE());
INSERT INTO "CONTENTSTIME" (MAINTABLE, CONTENTS, TIMEPERIOD, USERID, LOGDATE) VALUES ('S33C03030401', 'OBS_VALUE', 2019, 'SDGS', GETDATE());
INSERT INTO "VALUESET" (VALUESET, PRESTEXT, DESCRIPTION, ELIMINATION, VALUEPOOL, METAID, FOOTNOTE, USERID, LOGDATE, VALUEPRES, SORTCODEEXISTS) VALUES ('VSREF_AREA_C030304_01', 'Hmm', 'None', 'A', 'VPREF_AREA', '0', 'N', 'SDGS', GETDATE(), 'T', 'N');
INSERT INTO "VALUESET_ENG" (VALUESET, PRESTEXT, DESCRIPTION, USERID, LOGDATE) VALUES ('VSREF_AREA_C030304_01', 'Hmm', 'None', 'SDGS', GETDATE());
INSERT INTO "VSVALUE" (VALUESET, VALUEPOOL, VALUECODE, USERID, LOGDATE) VALUES ('VSREF_AREA_C030304_01', 'VPREF_AREA', '1', 'SDGS', GETDATE());
INSERT INTO "VSVALUE_ENG" (VALUESET, VALUEPOOL, VALUECODE, USERID, LOGDATE) VALUES ('VSREF_AREA_C030304_01', 'VPREF_AREA', '1', 'SDGS', GETDATE());
INSERT INTO "VSVALUE" (VALUESET, VALUEPOOL, VALUECODE, USERID, LOGDATE) VALUES ('VSREF_AREA_C030304_01', 'VPREF_AREA', '2', 'SDGS', GETDATE());
INSERT INTO "VSVALUE_ENG" (VALUESET, VALUEPOOL, VALUECODE, USERID, LOGDATE) VALUES ('VSREF_AREA_C030304_01', 'VPREF_AREA', '2', 'SDGS', GETDATE());
INSERT INTO "VSVALUE" (VALUESET, VALUEPOOL, VALUECODE, USERID, LOGDATE) VALUES ('VSREF_AREA_C030304_01', 'VPREF_AREA', '3', 'SDGS', GETDATE());
INSERT INTO "VSVALUE_ENG" (VALUESET, VALUEPOOL, VALUECODE, USERID, LOGDATE) VALUES ('VSREF_AREA_C030304_01', 'VPREF_AREA', '3', 'SDGS', GETDATE());
INSERT INTO "SUBTABLEVARIABLE" (MAINTABLE, SUBTABLE, VARIABLE, VALUESET, VARIABLETYPE, STORECOLUMNNO, USERID, LOGDATE) VALUES ('S33C03030401', '', 'REF_AREA', 'VSREF_AREA_C030304_01', 'V', '1', 'SDGS', GETDATE());
IF EXISTS (SELECT 1 FROM SYS.VIEWS WHERE NAME = 'S33C03030401' AND TYPE  = 'v') DROP VIEW S33C03030401;
GO
CREATE VIEW S33C03030401 AS SELECT * FROM INDICATORDATA WHERE SUBINDICATOR_CODE = 'C030304_01';
GO
INSERT INTO "MAINTABLE" (MAINTABLE, PRESTEXT, PRESTEXTS, PRESCATEGORY, TIMESCALE, USERID, LOGDATE, FIRSTPUBLISHED, TABLESTATUS, TABLEID, PRODUCTCODE, SPECCHAREXISTS, METAID, SUBJECTCODE, CONTENTSVARIABLE) VALUES  ('S34C03040101', 'code 3.4/C030401_01/C030401_01 - ( ???? ??????? ??????? ?? ????? ????? ???????? ??????? ???????? ???? ?????? ???????? ???????? ??????? (??? 10,000 ?? ??????', 'SDGs Indicators', 'O', 'year', 'SDGS', GETDATE(), GETDATE(), 'A', 'S34C03040101', '001', 'N', '01', '01', 'ar: Sub Indicator');
INSERT INTO "MAINTABLE_ENG" (MAINTABLE, STATUS, PUBLISHED, PRESTEXT, PRESTEXTS, CONTENTSVARIABLE, USERID, LOGDATE) VALUES  ('S34C03040101', 'A', GETDATE(), 'code 3.4/C030401_01/C030401_01 - Mortality rate attributed to cardiovascular disease, cancer, diabetes or chronic respiratory disease (Per 10,000)', 'SDGs Indicators', 'Sub Indicator', 'SDGS', GETDATE());
INSERT INTO "SECONDARYLANGUAGE" (MAINTABLE, LANGUAGE, COMPLETELYTRANSLATED,PUBLISHED, USERID, LOGDATE) VALUES  ('S34C03040101', 'en','Y', 'Y', 'SDGS', GETDATE());
INSERT INTO "CONTENTS" (MAINTABLE, CONTENTS, PRESTEXT, PRESCODE, COPYRIGHT, PRODUCER, LASTUPDATED, UNIT, PRESDECIMALS, PRESCELLSZERO, STOCKFA, DAYADJ, SEASADJ, FOOTNOTECONTENTS, FOOTNOTEVARIABLE, FOOTNOTEVALUE, STORECOLUMNNO, STOREFORMAT, STORENOCHAR, STOREDECIMALS, USERID, LOGDATE, PUBLISHED, PRESTEXTS, STATAUTHORITY, AGGREGPOSSIBLE, FOOTNOTETIME, METAID) VALUES  ('S34C03040101', 'OBS_VALUE', 'ar: Sustainable Development Goals - SDGs', 'DATA', '1', 'PCBS', GETDATE(), 'OBS_VALUE', '2', 'Y', 'F', 'N', 'N', 'N', 'N', 'N', '3', 'N', '17', '2', 'SDGS', GETDATE(), GETDATE(), 'C030401_01', 'PCBS', 'N', 'N', '01');
INSERT INTO "CONTENTS_ENG" (MAINTABLE, CONTENTS, PRESTEXT, UNIT, USERID, LOGDATE, PRESTEXTS, REFPERIOD, BASEPERIOD)  VALUES  ('S34C03040101', 'OBS_VALUE', 'Sustainable Development Goals - SDGs',  'OBS_VALUE', 'SDGS', GETDATE(), 'C030401_01', NULL,NULL);
INSERT INTO "SUBTABLE" (MAINTABLE, SUBTABLE, PRESTEXT, CLEANTABLE, USERID, LOGDATE) VALUES  ('S34C03040101', '', 'code 3.4/C030401_01/C030401_01 - ( ???? ??????? ??????? ?? ????? ????? ???????? ??????? ???????? ???? ?????? ???????? ???????? ??????? (??? 10,000 ?? ??????', 'Y', 'SDGS', GETDATE());
INSERT INTO "SUBTABLE_ENG" (MAINTABLE, SUBTABLE, PRESTEXT, USERID, LOGDATE) VALUES  ('S34C03040101', '', 'code 3.4/C030401_01/C030401_01 - Mortality rate attributed to cardiovascular disease, cancer, diabetes or chronic respiratory disease (Per 10,000)', 'SDGS', GETDATE());
INSERT INTO "SUBTABLEVARIABLE" (MAINTABLE, SUBTABLE, VARIABLE, VARIABLETYPE, STORECOLUMNNO, USERID, LOGDATE) VALUES ('S34C03040101', '', 'TIME_PERIOD', 'T', '1', 'SDGS', GETDATE());
INSERT INTO "CONTENTSTIME" (MAINTABLE, CONTENTS, TIMEPERIOD, USERID, LOGDATE) VALUES ('S34C03040101', 'OBS_VALUE', 2015, 'SDGS', GETDATE());
INSERT INTO "CONTENTSTIME" (MAINTABLE, CONTENTS, TIMEPERIOD, USERID, LOGDATE) VALUES ('S34C03040101', 'OBS_VALUE', 2016, 'SDGS', GETDATE());
INSERT INTO "CONTENTSTIME" (MAINTABLE, CONTENTS, TIMEPERIOD, USERID, LOGDATE) VALUES ('S34C03040101', 'OBS_VALUE', 2017, 'SDGS', GETDATE());
INSERT INTO "CONTENTSTIME" (MAINTABLE, CONTENTS, TIMEPERIOD, USERID, LOGDATE) VALUES ('S34C03040101', 'OBS_VALUE', 2018, 'SDGS', GETDATE());
INSERT INTO "VALUESET" (VALUESET, PRESTEXT, DESCRIPTION, ELIMINATION, VALUEPOOL, METAID, FOOTNOTE, USERID, LOGDATE, VALUEPRES, SORTCODEEXISTS) VALUES ('VSREF_AREA_C030401_01', 'Hmm', 'None', 'A', 'VPREF_AREA', '0', 'N', 'SDGS', GETDATE(), 'T', 'N');
INSERT INTO "VALUESET_ENG" (VALUESET, PRESTEXT, DESCRIPTION, USERID, LOGDATE) VALUES ('VSREF_AREA_C030401_01', 'Hmm', 'None', 'SDGS', GETDATE());
INSERT INTO "VSVALUE" (VALUESET, VALUEPOOL, VALUECODE, USERID, LOGDATE) VALUES ('VSREF_AREA_C030401_01', 'VPREF_AREA', '1', 'SDGS', GETDATE());
INSERT INTO "VSVALUE_ENG" (VALUESET, VALUEPOOL, VALUECODE, USERID, LOGDATE) VALUES ('VSREF_AREA_C030401_01', 'VPREF_AREA', '1', 'SDGS', GETDATE());
INSERT INTO "VSVALUE" (VALUESET, VALUEPOOL, VALUECODE, USERID, LOGDATE) VALUES ('VSREF_AREA_C030401_01', 'VPREF_AREA', '2', 'SDGS', GETDATE());
INSERT INTO "VSVALUE_ENG" (VALUESET, VALUEPOOL, VALUECODE, USERID, LOGDATE) VALUES ('VSREF_AREA_C030401_01', 'VPREF_AREA', '2', 'SDGS', GETDATE());
INSERT INTO "VSVALUE" (VALUESET, VALUEPOOL, VALUECODE, USERID, LOGDATE) VALUES ('VSREF_AREA_C030401_01', 'VPREF_AREA', '3', 'SDGS', GETDATE());
INSERT INTO "VSVALUE_ENG" (VALUESET, VALUEPOOL, VALUECODE, USERID, LOGDATE) VALUES ('VSREF_AREA_C030401_01', 'VPREF_AREA', '3', 'SDGS', GETDATE());
INSERT INTO "SUBTABLEVARIABLE" (MAINTABLE, SUBTABLE, VARIABLE, VALUESET, VARIABLETYPE, STORECOLUMNNO, USERID, LOGDATE) VALUES ('S34C03040101', '', 'REF_AREA', 'VSREF_AREA_C030401_01', 'V', '1', 'SDGS', GETDATE());
IF EXISTS (SELECT 1 FROM SYS.VIEWS WHERE NAME = 'S34C03040101' AND TYPE  = 'v') DROP VIEW S34C03040101;
GO
CREATE VIEW S34C03040101 AS SELECT * FROM INDICATORDATA WHERE SUBINDICATOR_CODE = 'C030401_01';
GO
INSERT INTO "MAINTABLE" (MAINTABLE, PRESTEXT, PRESTEXTS, PRESCATEGORY, TIMESCALE, USERID, LOGDATE, FIRSTPUBLISHED, TABLESTATUS, TABLEID, PRODUCTCODE, SPECCHAREXISTS, METAID, SUBJECTCODE, CONTENTSVARIABLE) VALUES  ('S34C03040201', 'code 3.4/C030402_01/C030402_01 - ???? ????? ????????', 'SDGs Indicators', 'O', 'year', 'SDGS', GETDATE(), GETDATE(), 'A', 'S34C03040201', '001', 'N', '01', '01', 'ar: Sub Indicator');
INSERT INTO "MAINTABLE_ENG" (MAINTABLE, STATUS, PUBLISHED, PRESTEXT, PRESTEXTS, CONTENTSVARIABLE, USERID, LOGDATE) VALUES  ('S34C03040201', 'A', GETDATE(), 'code 3.4/C030402_01/C030402_01 - Suicide mortality rate', 'SDGs Indicators', 'Sub Indicator', 'SDGS', GETDATE());
INSERT INTO "SECONDARYLANGUAGE" (MAINTABLE, LANGUAGE, COMPLETELYTRANSLATED,PUBLISHED, USERID, LOGDATE) VALUES  ('S34C03040201', 'en','Y', 'Y', 'SDGS', GETDATE());
INSERT INTO "CONTENTS" (MAINTABLE, CONTENTS, PRESTEXT, PRESCODE, COPYRIGHT, PRODUCER, LASTUPDATED, UNIT, PRESDECIMALS, PRESCELLSZERO, STOCKFA, DAYADJ, SEASADJ, FOOTNOTECONTENTS, FOOTNOTEVARIABLE, FOOTNOTEVALUE, STORECOLUMNNO, STOREFORMAT, STORENOCHAR, STOREDECIMALS, USERID, LOGDATE, PUBLISHED, PRESTEXTS, STATAUTHORITY, AGGREGPOSSIBLE, FOOTNOTETIME, METAID) VALUES  ('S34C03040201', 'OBS_VALUE', 'ar: Sustainable Development Goals - SDGs', 'DATA', '1', 'PCBS', GETDATE(), 'OBS_VALUE', '2', 'Y', 'F', 'N', 'N', 'N', 'N', 'N', '3', 'N', '17', '2', 'SDGS', GETDATE(), GETDATE(), 'C030402_01', 'PCBS', 'N', 'N', '01');
INSERT INTO "CONTENTS_ENG" (MAINTABLE, CONTENTS, PRESTEXT, UNIT, USERID, LOGDATE, PRESTEXTS, REFPERIOD, BASEPERIOD)  VALUES  ('S34C03040201', 'OBS_VALUE', 'Sustainable Development Goals - SDGs',  'OBS_VALUE', 'SDGS', GETDATE(), 'C030402_01', NULL,NULL);
INSERT INTO "SUBTABLE" (MAINTABLE, SUBTABLE, PRESTEXT, CLEANTABLE, USERID, LOGDATE) VALUES  ('S34C03040201', '', 'code 3.4/C030402_01/C030402_01 - ???? ????? ????????', 'Y', 'SDGS', GETDATE());
INSERT INTO "SUBTABLE_ENG" (MAINTABLE, SUBTABLE, PRESTEXT, USERID, LOGDATE) VALUES  ('S34C03040201', '', 'code 3.4/C030402_01/C030402_01 - Suicide mortality rate', 'SDGS', GETDATE());
INSERT INTO "SUBTABLEVARIABLE" (MAINTABLE, SUBTABLE, VARIABLE, VARIABLETYPE, STORECOLUMNNO, USERID, LOGDATE) VALUES ('S34C03040201', '', 'TIME_PERIOD', 'T', '1', 'SDGS', GETDATE());
INSERT INTO "CONTENTSTIME" (MAINTABLE, CONTENTS, TIMEPERIOD, USERID, LOGDATE) VALUES ('S34C03040201', 'OBS_VALUE', 2013, 'SDGS', GETDATE());
INSERT INTO "CONTENTSTIME" (MAINTABLE, CONTENTS, TIMEPERIOD, USERID, LOGDATE) VALUES ('S34C03040201', 'OBS_VALUE', 2014, 'SDGS', GETDATE());
INSERT INTO "CONTENTSTIME" (MAINTABLE, CONTENTS, TIMEPERIOD, USERID, LOGDATE) VALUES ('S34C03040201', 'OBS_VALUE', 2015, 'SDGS', GETDATE());
INSERT INTO "CONTENTSTIME" (MAINTABLE, CONTENTS, TIMEPERIOD, USERID, LOGDATE) VALUES ('S34C03040201', 'OBS_VALUE', 2016, 'SDGS', GETDATE());
INSERT INTO "CONTENTSTIME" (MAINTABLE, CONTENTS, TIMEPERIOD, USERID, LOGDATE) VALUES ('S34C03040201', 'OBS_VALUE', 2017, 'SDGS', GETDATE());
INSERT INTO "CONTENTSTIME" (MAINTABLE, CONTENTS, TIMEPERIOD, USERID, LOGDATE) VALUES ('S34C03040201', 'OBS_VALUE', 2018, 'SDGS', GETDATE());
INSERT INTO "CONTENTSTIME" (MAINTABLE, CONTENTS, TIMEPERIOD, USERID, LOGDATE) VALUES ('S34C03040201', 'OBS_VALUE', 2019, 'SDGS', GETDATE());
INSERT INTO "VALUESET" (VALUESET, PRESTEXT, DESCRIPTION, ELIMINATION, VALUEPOOL, METAID, FOOTNOTE, USERID, LOGDATE, VALUEPRES, SORTCODEEXISTS) VALUES ('VSSEX_C030402_01', 'Hmm', 'None', 'A', 'VPSEX', '0', 'N', 'SDGS', GETDATE(), 'T', 'N');
INSERT INTO "VALUESET_ENG" (VALUESET, PRESTEXT, DESCRIPTION, USERID, LOGDATE) VALUES ('VSSEX_C030402_01', 'Hmm', 'None', 'SDGS', GETDATE());
INSERT INTO "VSVALUE" (VALUESET, VALUEPOOL, VALUECODE, USERID, LOGDATE) VALUES ('VSSEX_C030402_01', 'VPSEX', 'M', 'SDGS', GETDATE());
INSERT INTO "VSVALUE_ENG" (VALUESET, VALUEPOOL, VALUECODE, USERID, LOGDATE) VALUES ('VSSEX_C030402_01', 'VPSEX', 'M', 'SDGS', GETDATE());
INSERT INTO "VSVALUE" (VALUESET, VALUEPOOL, VALUECODE, USERID, LOGDATE) VALUES ('VSSEX_C030402_01', 'VPSEX', 'F', 'SDGS', GETDATE());
INSERT INTO "VSVALUE_ENG" (VALUESET, VALUEPOOL, VALUECODE, USERID, LOGDATE) VALUES ('VSSEX_C030402_01', 'VPSEX', 'F', 'SDGS', GETDATE());
INSERT INTO "VSVALUE" (VALUESET, VALUEPOOL, VALUECODE, USERID, LOGDATE) VALUES ('VSSEX_C030402_01', 'VPSEX', '_T', 'SDGS', GETDATE());
INSERT INTO "VSVALUE_ENG" (VALUESET, VALUEPOOL, VALUECODE, USERID, LOGDATE) VALUES ('VSSEX_C030402_01', 'VPSEX', '_T', 'SDGS', GETDATE());
INSERT INTO "SUBTABLEVARIABLE" (MAINTABLE, SUBTABLE, VARIABLE, VALUESET, VARIABLETYPE, STORECOLUMNNO, USERID, LOGDATE) VALUES ('S34C03040201', '', 'SEX', 'VSSEX_C030402_01', 'V', '1', 'SDGS', GETDATE());
IF EXISTS (SELECT 1 FROM SYS.VIEWS WHERE NAME = 'S34C03040201' AND TYPE  = 'v') DROP VIEW S34C03040201;
GO
CREATE VIEW S34C03040201 AS SELECT * FROM INDICATORDATA WHERE SUBINDICATOR_CODE = 'C030402_01';
GO
INSERT INTO "MAINTABLE" (MAINTABLE, PRESTEXT, PRESTEXTS, PRESCATEGORY, TIMESCALE, USERID, LOGDATE, FIRSTPUBLISHED, TABLESTATUS, TABLEID, PRODUCTCODE, SPECCHAREXISTS, METAID, SUBJECTCODE, CONTENTSVARIABLE) VALUES  ('S36C03060101', 'code 3.6/C030601_01/C030601_01 - ?????? ??????? ??????? ?? ???????? ???? ????? ?????? ??? ?????', 'SDGs Indicators', 'O', 'year', 'SDGS', GETDATE(), GETDATE(), 'A', 'S36C03060101', '001', 'N', '01', '01', 'ar: Sub Indicator');
INSERT INTO "MAINTABLE_ENG" (MAINTABLE, STATUS, PUBLISHED, PRESTEXT, PRESTEXTS, CONTENTSVARIABLE, USERID, LOGDATE) VALUES  ('S36C03060101', 'A', GETDATE(), 'code 3.6/C030601_01/C030601_01 - Death rate due to road traffic injuries', 'SDGs Indicators', 'Sub Indicator', 'SDGS', GETDATE());
INSERT INTO "SECONDARYLANGUAGE" (MAINTABLE, LANGUAGE, COMPLETELYTRANSLATED,PUBLISHED, USERID, LOGDATE) VALUES  ('S36C03060101', 'en','Y', 'Y', 'SDGS', GETDATE());
INSERT INTO "CONTENTS" (MAINTABLE, CONTENTS, PRESTEXT, PRESCODE, COPYRIGHT, PRODUCER, LASTUPDATED, UNIT, PRESDECIMALS, PRESCELLSZERO, STOCKFA, DAYADJ, SEASADJ, FOOTNOTECONTENTS, FOOTNOTEVARIABLE, FOOTNOTEVALUE, STORECOLUMNNO, STOREFORMAT, STORENOCHAR, STOREDECIMALS, USERID, LOGDATE, PUBLISHED, PRESTEXTS, STATAUTHORITY, AGGREGPOSSIBLE, FOOTNOTETIME, METAID) VALUES  ('S36C03060101', 'OBS_VALUE', 'ar: Sustainable Development Goals - SDGs', 'DATA', '1', 'PCBS', GETDATE(), 'OBS_VALUE', '2', 'Y', 'F', 'N', 'N', 'N', 'N', 'N', '3', 'N', '17', '2', 'SDGS', GETDATE(), GETDATE(), 'C030601_01', 'PCBS', 'N', 'N', '01');
INSERT INTO "CONTENTS_ENG" (MAINTABLE, CONTENTS, PRESTEXT, UNIT, USERID, LOGDATE, PRESTEXTS, REFPERIOD, BASEPERIOD)  VALUES  ('S36C03060101', 'OBS_VALUE', 'Sustainable Development Goals - SDGs',  'OBS_VALUE', 'SDGS', GETDATE(), 'C030601_01', NULL,NULL);
INSERT INTO "SUBTABLE" (MAINTABLE, SUBTABLE, PRESTEXT, CLEANTABLE, USERID, LOGDATE) VALUES  ('S36C03060101', '', 'code 3.6/C030601_01/C030601_01 - ?????? ??????? ??????? ?? ???????? ???? ????? ?????? ??? ?????', 'Y', 'SDGS', GETDATE());
INSERT INTO "SUBTABLE_ENG" (MAINTABLE, SUBTABLE, PRESTEXT, USERID, LOGDATE) VALUES  ('S36C03060101', '', 'code 3.6/C030601_01/C030601_01 - Death rate due to road traffic injuries', 'SDGS', GETDATE());
INSERT INTO "SUBTABLEVARIABLE" (MAINTABLE, SUBTABLE, VARIABLE, VARIABLETYPE, STORECOLUMNNO, USERID, LOGDATE) VALUES ('S36C03060101', '', 'TIME_PERIOD', 'T', '1', 'SDGS', GETDATE());
INSERT INTO "CONTENTSTIME" (MAINTABLE, CONTENTS, TIMEPERIOD, USERID, LOGDATE) VALUES ('S36C03060101', 'OBS_VALUE', 2015, 'SDGS', GETDATE());
INSERT INTO "CONTENTSTIME" (MAINTABLE, CONTENTS, TIMEPERIOD, USERID, LOGDATE) VALUES ('S36C03060101', 'OBS_VALUE', 2016, 'SDGS', GETDATE());
INSERT INTO "CONTENTSTIME" (MAINTABLE, CONTENTS, TIMEPERIOD, USERID, LOGDATE) VALUES ('S36C03060101', 'OBS_VALUE', 2017, 'SDGS', GETDATE());
INSERT INTO "CONTENTSTIME" (MAINTABLE, CONTENTS, TIMEPERIOD, USERID, LOGDATE) VALUES ('S36C03060101', 'OBS_VALUE', 2018, 'SDGS', GETDATE());
INSERT INTO "CONTENTSTIME" (MAINTABLE, CONTENTS, TIMEPERIOD, USERID, LOGDATE) VALUES ('S36C03060101', 'OBS_VALUE', 2019, 'SDGS', GETDATE());
INSERT INTO "VALUESET" (VALUESET, PRESTEXT, DESCRIPTION, ELIMINATION, VALUEPOOL, METAID, FOOTNOTE, USERID, LOGDATE, VALUEPRES, SORTCODEEXISTS) VALUES ('VSREF_AREA_C030601_01', 'Hmm', 'None', 'A', 'VPREF_AREA', '0', 'N', 'SDGS', GETDATE(), 'T', 'N');
INSERT INTO "VALUESET_ENG" (VALUESET, PRESTEXT, DESCRIPTION, USERID, LOGDATE) VALUES ('VSREF_AREA_C030601_01', 'Hmm', 'None', 'SDGS', GETDATE());
INSERT INTO "VSVALUE" (VALUESET, VALUEPOOL, VALUECODE, USERID, LOGDATE) VALUES ('VSREF_AREA_C030601_01', 'VPREF_AREA', '1', 'SDGS', GETDATE());
INSERT INTO "VSVALUE_ENG" (VALUESET, VALUEPOOL, VALUECODE, USERID, LOGDATE) VALUES ('VSREF_AREA_C030601_01', 'VPREF_AREA', '1', 'SDGS', GETDATE());
INSERT INTO "VSVALUE" (VALUESET, VALUEPOOL, VALUECODE, USERID, LOGDATE) VALUES ('VSREF_AREA_C030601_01', 'VPREF_AREA', '2', 'SDGS', GETDATE());
INSERT INTO "VSVALUE_ENG" (VALUESET, VALUEPOOL, VALUECODE, USERID, LOGDATE) VALUES ('VSREF_AREA_C030601_01', 'VPREF_AREA', '2', 'SDGS', GETDATE());
INSERT INTO "VSVALUE" (VALUESET, VALUEPOOL, VALUECODE, USERID, LOGDATE) VALUES ('VSREF_AREA_C030601_01', 'VPREF_AREA', '3', 'SDGS', GETDATE());
INSERT INTO "VSVALUE_ENG" (VALUESET, VALUEPOOL, VALUECODE, USERID, LOGDATE) VALUES ('VSREF_AREA_C030601_01', 'VPREF_AREA', '3', 'SDGS', GETDATE());
INSERT INTO "SUBTABLEVARIABLE" (MAINTABLE, SUBTABLE, VARIABLE, VALUESET, VARIABLETYPE, STORECOLUMNNO, USERID, LOGDATE) VALUES ('S36C03060101', '', 'REF_AREA', 'VSREF_AREA_C030601_01', 'V', '1', 'SDGS', GETDATE());
INSERT INTO "VALUESET" (VALUESET, PRESTEXT, DESCRIPTION, ELIMINATION, VALUEPOOL, METAID, FOOTNOTE, USERID, LOGDATE, VALUEPRES, SORTCODEEXISTS) VALUES ('VSSEX_C030601_01', 'Hmm', 'None', 'A', 'VPSEX', '0', 'N', 'SDGS', GETDATE(), 'T', 'N');
INSERT INTO "VALUESET_ENG" (VALUESET, PRESTEXT, DESCRIPTION, USERID, LOGDATE) VALUES ('VSSEX_C030601_01', 'Hmm', 'None', 'SDGS', GETDATE());
INSERT INTO "VSVALUE" (VALUESET, VALUEPOOL, VALUECODE, USERID, LOGDATE) VALUES ('VSSEX_C030601_01', 'VPSEX', 'M', 'SDGS', GETDATE());
INSERT INTO "VSVALUE_ENG" (VALUESET, VALUEPOOL, VALUECODE, USERID, LOGDATE) VALUES ('VSSEX_C030601_01', 'VPSEX', 'M', 'SDGS', GETDATE());
INSERT INTO "VSVALUE" (VALUESET, VALUEPOOL, VALUECODE, USERID, LOGDATE) VALUES ('VSSEX_C030601_01', 'VPSEX', 'F', 'SDGS', GETDATE());
INSERT INTO "VSVALUE_ENG" (VALUESET, VALUEPOOL, VALUECODE, USERID, LOGDATE) VALUES ('VSSEX_C030601_01', 'VPSEX', 'F', 'SDGS', GETDATE());
INSERT INTO "VSVALUE" (VALUESET, VALUEPOOL, VALUECODE, USERID, LOGDATE) VALUES ('VSSEX_C030601_01', 'VPSEX', '_T', 'SDGS', GETDATE());
INSERT INTO "VSVALUE_ENG" (VALUESET, VALUEPOOL, VALUECODE, USERID, LOGDATE) VALUES ('VSSEX_C030601_01', 'VPSEX', '_T', 'SDGS', GETDATE());
INSERT INTO "SUBTABLEVARIABLE" (MAINTABLE, SUBTABLE, VARIABLE, VALUESET, VARIABLETYPE, STORECOLUMNNO, USERID, LOGDATE) VALUES ('S36C03060101', '', 'SEX', 'VSSEX_C030601_01', 'V', '1', 'SDGS', GETDATE());
IF EXISTS (SELECT 1 FROM SYS.VIEWS WHERE NAME = 'S36C03060101' AND TYPE  = 'v') DROP VIEW S36C03060101;
GO
CREATE VIEW S36C03060101 AS SELECT * FROM INDICATORDATA WHERE SUBINDICATOR_CODE = 'C030601_01';
GO
INSERT INTO "MAINTABLE" (MAINTABLE, PRESTEXT, PRESTEXTS, PRESCATEGORY, TIMESCALE, USERID, LOGDATE, FIRSTPUBLISHED, TABLESTATUS, TABLEID, PRODUCTCODE, SPECCHAREXISTS, METAID, SUBJECTCODE, CONTENTSVARIABLE) VALUES  ('S37C03070101', 'code 3.7/C030701_01/C030701_01 - ???? ?????? ?????? ?? ?? ??????? (15-49 ???) ??????? ?????? ??????? ??? ????? ?????? ???? ?????', 'SDGs Indicators', 'O', 'year', 'SDGS', GETDATE(), GETDATE(), 'A', 'S37C03070101', '001', 'N', '01', '01', 'ar: Sub Indicator');
INSERT INTO "MAINTABLE_ENG" (MAINTABLE, STATUS, PUBLISHED, PRESTEXT, PRESTEXTS, CONTENTSVARIABLE, USERID, LOGDATE) VALUES  ('S37C03070101', 'A', GETDATE(), 'code 3.7/C030701_01/C030701_01 - Proportion of women of reproductive age (aged 15-49 years) who have their need for family planning satisfied with modern methods', 'SDGs Indicators', 'Sub Indicator', 'SDGS', GETDATE());
INSERT INTO "SECONDARYLANGUAGE" (MAINTABLE, LANGUAGE, COMPLETELYTRANSLATED,PUBLISHED, USERID, LOGDATE) VALUES  ('S37C03070101', 'en','Y', 'Y', 'SDGS', GETDATE());
INSERT INTO "CONTENTS" (MAINTABLE, CONTENTS, PRESTEXT, PRESCODE, COPYRIGHT, PRODUCER, LASTUPDATED, UNIT, PRESDECIMALS, PRESCELLSZERO, STOCKFA, DAYADJ, SEASADJ, FOOTNOTECONTENTS, FOOTNOTEVARIABLE, FOOTNOTEVALUE, STORECOLUMNNO, STOREFORMAT, STORENOCHAR, STOREDECIMALS, USERID, LOGDATE, PUBLISHED, PRESTEXTS, STATAUTHORITY, AGGREGPOSSIBLE, FOOTNOTETIME, METAID) VALUES  ('S37C03070101', 'OBS_VALUE', 'ar: Sustainable Development Goals - SDGs', 'DATA', '1', 'PCBS', GETDATE(), 'OBS_VALUE', '2', 'Y', 'F', 'N', 'N', 'N', 'N', 'N', '3', 'N', '17', '2', 'SDGS', GETDATE(), GETDATE(), 'C030701_01', 'PCBS', 'N', 'N', '01');
INSERT INTO "CONTENTS_ENG" (MAINTABLE, CONTENTS, PRESTEXT, UNIT, USERID, LOGDATE, PRESTEXTS, REFPERIOD, BASEPERIOD)  VALUES  ('S37C03070101', 'OBS_VALUE', 'Sustainable Development Goals - SDGs',  'OBS_VALUE', 'SDGS', GETDATE(), 'C030701_01', NULL,NULL);
INSERT INTO "SUBTABLE" (MAINTABLE, SUBTABLE, PRESTEXT, CLEANTABLE, USERID, LOGDATE) VALUES  ('S37C03070101', '', 'code 3.7/C030701_01/C030701_01 - ???? ?????? ?????? ?? ?? ??????? (15-49 ???) ??????? ?????? ??????? ??? ????? ?????? ???? ?????', 'Y', 'SDGS', GETDATE());
INSERT INTO "SUBTABLE_ENG" (MAINTABLE, SUBTABLE, PRESTEXT, USERID, LOGDATE) VALUES  ('S37C03070101', '', 'code 3.7/C030701_01/C030701_01 - Proportion of women of reproductive age (aged 15-49 years) who have their need for family planning satisfied with modern methods', 'SDGS', GETDATE());
INSERT INTO "SUBTABLEVARIABLE" (MAINTABLE, SUBTABLE, VARIABLE, VARIABLETYPE, STORECOLUMNNO, USERID, LOGDATE) VALUES ('S37C03070101', '', 'TIME_PERIOD', 'T', '1', 'SDGS', GETDATE());
INSERT INTO "CONTENTSTIME" (MAINTABLE, CONTENTS, TIMEPERIOD, USERID, LOGDATE) VALUES ('S37C03070101', 'OBS_VALUE', 2014, 'SDGS', GETDATE());
INSERT INTO "CONTENTSTIME" (MAINTABLE, CONTENTS, TIMEPERIOD, USERID, LOGDATE) VALUES ('S37C03070101', 'OBS_VALUE', 2019, 'SDGS', GETDATE());
INSERT INTO "VALUESET" (VALUESET, PRESTEXT, DESCRIPTION, ELIMINATION, VALUEPOOL, METAID, FOOTNOTE, USERID, LOGDATE, VALUEPRES, SORTCODEEXISTS) VALUES ('VSREF_AREA_C030701_01', 'Hmm', 'None', 'A', 'VPREF_AREA', '0', 'N', 'SDGS', GETDATE(), 'T', 'N');
INSERT INTO "VALUESET_ENG" (VALUESET, PRESTEXT, DESCRIPTION, USERID, LOGDATE) VALUES ('VSREF_AREA_C030701_01', 'Hmm', 'None', 'SDGS', GETDATE());
INSERT INTO "VSVALUE" (VALUESET, VALUEPOOL, VALUECODE, USERID, LOGDATE) VALUES ('VSREF_AREA_C030701_01', 'VPREF_AREA', '1', 'SDGS', GETDATE());
INSERT INTO "VSVALUE_ENG" (VALUESET, VALUEPOOL, VALUECODE, USERID, LOGDATE) VALUES ('VSREF_AREA_C030701_01', 'VPREF_AREA', '1', 'SDGS', GETDATE());
INSERT INTO "VSVALUE" (VALUESET, VALUEPOOL, VALUECODE, USERID, LOGDATE) VALUES ('VSREF_AREA_C030701_01', 'VPREF_AREA', '2', 'SDGS', GETDATE());
INSERT INTO "VSVALUE_ENG" (VALUESET, VALUEPOOL, VALUECODE, USERID, LOGDATE) VALUES ('VSREF_AREA_C030701_01', 'VPREF_AREA', '2', 'SDGS', GETDATE());
INSERT INTO "VSVALUE" (VALUESET, VALUEPOOL, VALUECODE, USERID, LOGDATE) VALUES ('VSREF_AREA_C030701_01', 'VPREF_AREA', '3', 'SDGS', GETDATE());
INSERT INTO "VSVALUE_ENG" (VALUESET, VALUEPOOL, VALUECODE, USERID, LOGDATE) VALUES ('VSREF_AREA_C030701_01', 'VPREF_AREA', '3', 'SDGS', GETDATE());
INSERT INTO "SUBTABLEVARIABLE" (MAINTABLE, SUBTABLE, VARIABLE, VALUESET, VARIABLETYPE, STORECOLUMNNO, USERID, LOGDATE) VALUES ('S37C03070101', '', 'REF_AREA', 'VSREF_AREA_C030701_01', 'V', '1', 'SDGS', GETDATE());
INSERT INTO "VALUESET" (VALUESET, PRESTEXT, DESCRIPTION, ELIMINATION, VALUEPOOL, METAID, FOOTNOTE, USERID, LOGDATE, VALUEPRES, SORTCODEEXISTS) VALUES ('VSSEX_C030701_01', 'Hmm', 'None', 'A', 'VPSEX', '0', 'N', 'SDGS', GETDATE(), 'T', 'N');
INSERT INTO "VALUESET_ENG" (VALUESET, PRESTEXT, DESCRIPTION, USERID, LOGDATE) VALUES ('VSSEX_C030701_01', 'Hmm', 'None', 'SDGS', GETDATE());
INSERT INTO "VSVALUE" (VALUESET, VALUEPOOL, VALUECODE, USERID, LOGDATE) VALUES ('VSSEX_C030701_01', 'VPSEX', 'F', 'SDGS', GETDATE());
INSERT INTO "VSVALUE_ENG" (VALUESET, VALUEPOOL, VALUECODE, USERID, LOGDATE) VALUES ('VSSEX_C030701_01', 'VPSEX', 'F', 'SDGS', GETDATE());
INSERT INTO "VSVALUE" (VALUESET, VALUEPOOL, VALUECODE, USERID, LOGDATE) VALUES ('VSSEX_C030701_01', 'VPSEX', '_T', 'SDGS', GETDATE());
INSERT INTO "VSVALUE_ENG" (VALUESET, VALUEPOOL, VALUECODE, USERID, LOGDATE) VALUES ('VSSEX_C030701_01', 'VPSEX', '_T', 'SDGS', GETDATE());
INSERT INTO "SUBTABLEVARIABLE" (MAINTABLE, SUBTABLE, VARIABLE, VALUESET, VARIABLETYPE, STORECOLUMNNO, USERID, LOGDATE) VALUES ('S37C03070101', '', 'SEX', 'VSSEX_C030701_01', 'V', '1', 'SDGS', GETDATE());
IF EXISTS (SELECT 1 FROM SYS.VIEWS WHERE NAME = 'S37C03070101' AND TYPE  = 'v') DROP VIEW S37C03070101;
GO
CREATE VIEW S37C03070101 AS SELECT * FROM INDICATORDATA WHERE SUBINDICATOR_CODE = 'C030701_01';
GO
INSERT INTO "MAINTABLE" (MAINTABLE, PRESTEXT, PRESTEXTS, PRESCATEGORY, TIMESCALE, USERID, LOGDATE, FIRSTPUBLISHED, TABLESTATUS, TABLEID, PRODUCTCODE, SPECCHAREXISTS, METAID, SUBJECTCODE, CONTENTSVARIABLE) VALUES  ('S37C03070202', 'code 3.7/C030702_02/C030702_02 - ???? ???????? ??? ????????? (15-19 ???) ??? 000 1 ????? ?? ??? ????? ???????', 'SDGs Indicators', 'O', 'year', 'SDGS', GETDATE(), GETDATE(), 'A', 'S37C03070202', '001', 'N', '01', '01', 'ar: Sub Indicator');
INSERT INTO "MAINTABLE_ENG" (MAINTABLE, STATUS, PUBLISHED, PRESTEXT, PRESTEXTS, CONTENTSVARIABLE, USERID, LOGDATE) VALUES  ('S37C03070202', 'A', GETDATE(), 'code 3.7/C030702_02/C030702_02 - Adolescent birth rate (per 1,000 women aged 15-19 years)', 'SDGs Indicators', 'Sub Indicator', 'SDGS', GETDATE());
INSERT INTO "SECONDARYLANGUAGE" (MAINTABLE, LANGUAGE, COMPLETELYTRANSLATED,PUBLISHED, USERID, LOGDATE) VALUES  ('S37C03070202', 'en','Y', 'Y', 'SDGS', GETDATE());
INSERT INTO "CONTENTS" (MAINTABLE, CONTENTS, PRESTEXT, PRESCODE, COPYRIGHT, PRODUCER, LASTUPDATED, UNIT, PRESDECIMALS, PRESCELLSZERO, STOCKFA, DAYADJ, SEASADJ, FOOTNOTECONTENTS, FOOTNOTEVARIABLE, FOOTNOTEVALUE, STORECOLUMNNO, STOREFORMAT, STORENOCHAR, STOREDECIMALS, USERID, LOGDATE, PUBLISHED, PRESTEXTS, STATAUTHORITY, AGGREGPOSSIBLE, FOOTNOTETIME, METAID) VALUES  ('S37C03070202', 'OBS_VALUE', 'ar: Sustainable Development Goals - SDGs', 'DATA', '1', 'PCBS', GETDATE(), 'OBS_VALUE', '2', 'Y', 'F', 'N', 'N', 'N', 'N', 'N', '3', 'N', '17', '2', 'SDGS', GETDATE(), GETDATE(), 'C030702_02', 'PCBS', 'N', 'N', '01');
INSERT INTO "CONTENTS_ENG" (MAINTABLE, CONTENTS, PRESTEXT, UNIT, USERID, LOGDATE, PRESTEXTS, REFPERIOD, BASEPERIOD)  VALUES  ('S37C03070202', 'OBS_VALUE', 'Sustainable Development Goals - SDGs',  'OBS_VALUE', 'SDGS', GETDATE(), 'C030702_02', NULL,NULL);
INSERT INTO "SUBTABLE" (MAINTABLE, SUBTABLE, PRESTEXT, CLEANTABLE, USERID, LOGDATE) VALUES  ('S37C03070202', '', 'code 3.7/C030702_02/C030702_02 - ???? ???????? ??? ????????? (15-19 ???) ??? 000 1 ????? ?? ??? ????? ???????', 'Y', 'SDGS', GETDATE());
INSERT INTO "SUBTABLE_ENG" (MAINTABLE, SUBTABLE, PRESTEXT, USERID, LOGDATE) VALUES  ('S37C03070202', '', 'code 3.7/C030702_02/C030702_02 - Adolescent birth rate (per 1,000 women aged 15-19 years)', 'SDGS', GETDATE());
INSERT INTO "SUBTABLEVARIABLE" (MAINTABLE, SUBTABLE, VARIABLE, VARIABLETYPE, STORECOLUMNNO, USERID, LOGDATE) VALUES ('S37C03070202', '', 'TIME_PERIOD', 'T', '1', 'SDGS', GETDATE());
INSERT INTO "CONTENTSTIME" (MAINTABLE, CONTENTS, TIMEPERIOD, USERID, LOGDATE) VALUES ('S37C03070202', 'OBS_VALUE', 2004, 'SDGS', GETDATE());
INSERT INTO "CONTENTSTIME" (MAINTABLE, CONTENTS, TIMEPERIOD, USERID, LOGDATE) VALUES ('S37C03070202', 'OBS_VALUE', 2006, 'SDGS', GETDATE());
INSERT INTO "CONTENTSTIME" (MAINTABLE, CONTENTS, TIMEPERIOD, USERID, LOGDATE) VALUES ('S37C03070202', 'OBS_VALUE', 2010, 'SDGS', GETDATE());
INSERT INTO "CONTENTSTIME" (MAINTABLE, CONTENTS, TIMEPERIOD, USERID, LOGDATE) VALUES ('S37C03070202', 'OBS_VALUE', 2014, 'SDGS', GETDATE());
INSERT INTO "CONTENTSTIME" (MAINTABLE, CONTENTS, TIMEPERIOD, USERID, LOGDATE) VALUES ('S37C03070202', 'OBS_VALUE', 2019, 'SDGS', GETDATE());
INSERT INTO "VALUESET" (VALUESET, PRESTEXT, DESCRIPTION, ELIMINATION, VALUEPOOL, METAID, FOOTNOTE, USERID, LOGDATE, VALUEPRES, SORTCODEEXISTS) VALUES ('VSREF_AREA_C030702_02', 'Hmm', 'None', 'A', 'VPREF_AREA', '0', 'N', 'SDGS', GETDATE(), 'T', 'N');
INSERT INTO "VALUESET_ENG" (VALUESET, PRESTEXT, DESCRIPTION, USERID, LOGDATE) VALUES ('VSREF_AREA_C030702_02', 'Hmm', 'None', 'SDGS', GETDATE());
INSERT INTO "VSVALUE" (VALUESET, VALUEPOOL, VALUECODE, USERID, LOGDATE) VALUES ('VSREF_AREA_C030702_02', 'VPREF_AREA', '1', 'SDGS', GETDATE());
INSERT INTO "VSVALUE_ENG" (VALUESET, VALUEPOOL, VALUECODE, USERID, LOGDATE) VALUES ('VSREF_AREA_C030702_02', 'VPREF_AREA', '1', 'SDGS', GETDATE());
INSERT INTO "VSVALUE" (VALUESET, VALUEPOOL, VALUECODE, USERID, LOGDATE) VALUES ('VSREF_AREA_C030702_02', 'VPREF_AREA', '2', 'SDGS', GETDATE());
INSERT INTO "VSVALUE_ENG" (VALUESET, VALUEPOOL, VALUECODE, USERID, LOGDATE) VALUES ('VSREF_AREA_C030702_02', 'VPREF_AREA', '2', 'SDGS', GETDATE());
INSERT INTO "VSVALUE" (VALUESET, VALUEPOOL, VALUECODE, USERID, LOGDATE) VALUES ('VSREF_AREA_C030702_02', 'VPREF_AREA', '3', 'SDGS', GETDATE());
INSERT INTO "VSVALUE_ENG" (VALUESET, VALUEPOOL, VALUECODE, USERID, LOGDATE) VALUES ('VSREF_AREA_C030702_02', 'VPREF_AREA', '3', 'SDGS', GETDATE());
INSERT INTO "SUBTABLEVARIABLE" (MAINTABLE, SUBTABLE, VARIABLE, VALUESET, VARIABLETYPE, STORECOLUMNNO, USERID, LOGDATE) VALUES ('S37C03070202', '', 'REF_AREA', 'VSREF_AREA_C030702_02', 'V', '1', 'SDGS', GETDATE());
INSERT INTO "VALUESET" (VALUESET, PRESTEXT, DESCRIPTION, ELIMINATION, VALUEPOOL, METAID, FOOTNOTE, USERID, LOGDATE, VALUEPRES, SORTCODEEXISTS) VALUES ('VSSEX_C030702_02', 'Hmm', 'None', 'A', 'VPSEX', '0', 'N', 'SDGS', GETDATE(), 'T', 'N');
INSERT INTO "VALUESET_ENG" (VALUESET, PRESTEXT, DESCRIPTION, USERID, LOGDATE) VALUES ('VSSEX_C030702_02', 'Hmm', 'None', 'SDGS', GETDATE());
INSERT INTO "VSVALUE" (VALUESET, VALUEPOOL, VALUECODE, USERID, LOGDATE) VALUES ('VSSEX_C030702_02', 'VPSEX', 'F', 'SDGS', GETDATE());
INSERT INTO "VSVALUE_ENG" (VALUESET, VALUEPOOL, VALUECODE, USERID, LOGDATE) VALUES ('VSSEX_C030702_02', 'VPSEX', 'F', 'SDGS', GETDATE());
INSERT INTO "VSVALUE" (VALUESET, VALUEPOOL, VALUECODE, USERID, LOGDATE) VALUES ('VSSEX_C030702_02', 'VPSEX', '_T', 'SDGS', GETDATE());
INSERT INTO "VSVALUE_ENG" (VALUESET, VALUEPOOL, VALUECODE, USERID, LOGDATE) VALUES ('VSSEX_C030702_02', 'VPSEX', '_T', 'SDGS', GETDATE());
INSERT INTO "SUBTABLEVARIABLE" (MAINTABLE, SUBTABLE, VARIABLE, VALUESET, VARIABLETYPE, STORECOLUMNNO, USERID, LOGDATE) VALUES ('S37C03070202', '', 'SEX', 'VSSEX_C030702_02', 'V', '1', 'SDGS', GETDATE());
IF EXISTS (SELECT 1 FROM SYS.VIEWS WHERE NAME = 'S37C03070202' AND TYPE  = 'v') DROP VIEW S37C03070202;
GO
CREATE VIEW S37C03070202 AS SELECT * FROM INDICATORDATA WHERE SUBINDICATOR_CODE = 'C030702_02';
GO
INSERT INTO "MAINTABLE" (MAINTABLE, PRESTEXT, PRESTEXTS, PRESCATEGORY, TIMESCALE, USERID, LOGDATE, FIRSTPUBLISHED, TABLESTATUS, TABLEID, PRODUCTCODE, SPECCHAREXISTS, METAID, SUBJECTCODE, CONTENTSVARIABLE) VALUES  ('S38C03080201', 'code 3.8/C030802_01/C030802_01 - ???? ?????? ????? ???? ????? ???????? ????? ????? ??? ????? ?????? ???? ?? ????? ????? ????? ???????? ?? ????? (???? ?? 10%)', 'SDGs Indicators', 'O', 'year', 'SDGS', GETDATE(), GETDATE(), 'A', 'S38C03080201', '001', 'N', '01', '01', 'ar: Sub Indicator');
INSERT INTO "MAINTABLE_ENG" (MAINTABLE, STATUS, PUBLISHED, PRESTEXT, PRESTEXTS, CONTENTSVARIABLE, USERID, LOGDATE) VALUES  ('S38C03080201', 'A', GETDATE(), 'code 3.8/C030802_01/C030802_01 - Proportion of population with large household expenditures on health as a share of total household expenditure or income (more than 10%)', 'SDGs Indicators', 'Sub Indicator', 'SDGS', GETDATE());
INSERT INTO "SECONDARYLANGUAGE" (MAINTABLE, LANGUAGE, COMPLETELYTRANSLATED,PUBLISHED, USERID, LOGDATE) VALUES  ('S38C03080201', 'en','Y', 'Y', 'SDGS', GETDATE());
INSERT INTO "CONTENTS" (MAINTABLE, CONTENTS, PRESTEXT, PRESCODE, COPYRIGHT, PRODUCER, LASTUPDATED, UNIT, PRESDECIMALS, PRESCELLSZERO, STOCKFA, DAYADJ, SEASADJ, FOOTNOTECONTENTS, FOOTNOTEVARIABLE, FOOTNOTEVALUE, STORECOLUMNNO, STOREFORMAT, STORENOCHAR, STOREDECIMALS, USERID, LOGDATE, PUBLISHED, PRESTEXTS, STATAUTHORITY, AGGREGPOSSIBLE, FOOTNOTETIME, METAID) VALUES  ('S38C03080201', 'OBS_VALUE', 'ar: Sustainable Development Goals - SDGs', 'DATA', '1', 'PCBS', GETDATE(), 'OBS_VALUE', '2', 'Y', 'F', 'N', 'N', 'N', 'N', 'N', '3', 'N', '17', '2', 'SDGS', GETDATE(), GETDATE(), 'C030802_01', 'PCBS', 'N', 'N', '01');
INSERT INTO "CONTENTS_ENG" (MAINTABLE, CONTENTS, PRESTEXT, UNIT, USERID, LOGDATE, PRESTEXTS, REFPERIOD, BASEPERIOD)  VALUES  ('S38C03080201', 'OBS_VALUE', 'Sustainable Development Goals - SDGs',  'OBS_VALUE', 'SDGS', GETDATE(), 'C030802_01', NULL,NULL);
INSERT INTO "SUBTABLE" (MAINTABLE, SUBTABLE, PRESTEXT, CLEANTABLE, USERID, LOGDATE) VALUES  ('S38C03080201', '', 'code 3.8/C030802_01/C030802_01 - ???? ?????? ????? ???? ????? ???????? ????? ????? ??? ????? ?????? ???? ?? ????? ????? ????? ???????? ?? ????? (???? ?? 10%)', 'Y', 'SDGS', GETDATE());
INSERT INTO "SUBTABLE_ENG" (MAINTABLE, SUBTABLE, PRESTEXT, USERID, LOGDATE) VALUES  ('S38C03080201', '', 'code 3.8/C030802_01/C030802_01 - Proportion of population with large household expenditures on health as a share of total household expenditure or income (more than 10%)', 'SDGS', GETDATE());
INSERT INTO "SUBTABLEVARIABLE" (MAINTABLE, SUBTABLE, VARIABLE, VARIABLETYPE, STORECOLUMNNO, USERID, LOGDATE) VALUES ('S38C03080201', '', 'TIME_PERIOD', 'T', '1', 'SDGS', GETDATE());
INSERT INTO "CONTENTSTIME" (MAINTABLE, CONTENTS, TIMEPERIOD, USERID, LOGDATE) VALUES ('S38C03080201', 'OBS_VALUE', 2017, 'SDGS', GETDATE());
IF EXISTS (SELECT 1 FROM SYS.VIEWS WHERE NAME = 'S38C03080201' AND TYPE  = 'v') DROP VIEW S38C03080201;
GO
CREATE VIEW S38C03080201 AS SELECT * FROM INDICATORDATA WHERE SUBINDICATOR_CODE = 'C030802_01';
GO
INSERT INTO "MAINTABLE" (MAINTABLE, PRESTEXT, PRESTEXTS, PRESCATEGORY, TIMESCALE, USERID, LOGDATE, FIRSTPUBLISHED, TABLESTATUS, TABLEID, PRODUCTCODE, SPECCHAREXISTS, METAID, SUBJECTCODE, CONTENTSVARIABLE) VALUES  ('S38C03080202', 'code 3.8/C030802_02/C030802_02 - ???? ?????? ????? ???? ????? ???????? ????? ????? ??? ????? ?????? ???? ?? ????? ????? ????? ???????? ?? ????? (???? ?? 25%)', 'SDGs Indicators', 'O', 'year', 'SDGS', GETDATE(), GETDATE(), 'A', 'S38C03080202', '001', 'N', '01', '01', 'ar: Sub Indicator');
INSERT INTO "MAINTABLE_ENG" (MAINTABLE, STATUS, PUBLISHED, PRESTEXT, PRESTEXTS, CONTENTSVARIABLE, USERID, LOGDATE) VALUES  ('S38C03080202', 'A', GETDATE(), 'code 3.8/C030802_02/C030802_02 - oportion of population with large household expenditures on health as a share of total household expenditure or income (more than 25%)', 'SDGs Indicators', 'Sub Indicator', 'SDGS', GETDATE());
INSERT INTO "SECONDARYLANGUAGE" (MAINTABLE, LANGUAGE, COMPLETELYTRANSLATED,PUBLISHED, USERID, LOGDATE) VALUES  ('S38C03080202', 'en','Y', 'Y', 'SDGS', GETDATE());
INSERT INTO "CONTENTS" (MAINTABLE, CONTENTS, PRESTEXT, PRESCODE, COPYRIGHT, PRODUCER, LASTUPDATED, UNIT, PRESDECIMALS, PRESCELLSZERO, STOCKFA, DAYADJ, SEASADJ, FOOTNOTECONTENTS, FOOTNOTEVARIABLE, FOOTNOTEVALUE, STORECOLUMNNO, STOREFORMAT, STORENOCHAR, STOREDECIMALS, USERID, LOGDATE, PUBLISHED, PRESTEXTS, STATAUTHORITY, AGGREGPOSSIBLE, FOOTNOTETIME, METAID) VALUES  ('S38C03080202', 'OBS_VALUE', 'ar: Sustainable Development Goals - SDGs', 'DATA', '1', 'PCBS', GETDATE(), 'OBS_VALUE', '2', 'Y', 'F', 'N', 'N', 'N', 'N', 'N', '3', 'N', '17', '2', 'SDGS', GETDATE(), GETDATE(), 'C030802_02', 'PCBS', 'N', 'N', '01');
INSERT INTO "CONTENTS_ENG" (MAINTABLE, CONTENTS, PRESTEXT, UNIT, USERID, LOGDATE, PRESTEXTS, REFPERIOD, BASEPERIOD)  VALUES  ('S38C03080202', 'OBS_VALUE', 'Sustainable Development Goals - SDGs',  'OBS_VALUE', 'SDGS', GETDATE(), 'C030802_02', NULL,NULL);
INSERT INTO "SUBTABLE" (MAINTABLE, SUBTABLE, PRESTEXT, CLEANTABLE, USERID, LOGDATE) VALUES  ('S38C03080202', '', 'code 3.8/C030802_02/C030802_02 - ???? ?????? ????? ???? ????? ???????? ????? ????? ??? ????? ?????? ???? ?? ????? ????? ????? ???????? ?? ????? (???? ?? 25%)', 'Y', 'SDGS', GETDATE());
INSERT INTO "SUBTABLE_ENG" (MAINTABLE, SUBTABLE, PRESTEXT, USERID, LOGDATE) VALUES  ('S38C03080202', '', 'code 3.8/C030802_02/C030802_02 - oportion of population with large household expenditures on health as a share of total household expenditure or income (more than 25%)', 'SDGS', GETDATE());
INSERT INTO "SUBTABLEVARIABLE" (MAINTABLE, SUBTABLE, VARIABLE, VARIABLETYPE, STORECOLUMNNO, USERID, LOGDATE) VALUES ('S38C03080202', '', 'TIME_PERIOD', 'T', '1', 'SDGS', GETDATE());
INSERT INTO "CONTENTSTIME" (MAINTABLE, CONTENTS, TIMEPERIOD, USERID, LOGDATE) VALUES ('S38C03080202', 'OBS_VALUE', 2017, 'SDGS', GETDATE());
IF EXISTS (SELECT 1 FROM SYS.VIEWS WHERE NAME = 'S38C03080202' AND TYPE  = 'v') DROP VIEW S38C03080202;
GO
CREATE VIEW S38C03080202 AS SELECT * FROM INDICATORDATA WHERE SUBINDICATOR_CODE = 'C030802_02';
GO
INSERT INTO "MAINTABLE" (MAINTABLE, PRESTEXT, PRESTEXTS, PRESCATEGORY, TIMESCALE, USERID, LOGDATE, FIRSTPUBLISHED, TABLESTATUS, TABLEID, PRODUCTCODE, SPECCHAREXISTS, METAID, SUBJECTCODE, CONTENTSVARIABLE) VALUES  ('S3aC030a0101', 'code 3.a/C030a01_01/C030a01_01 - ???? ???????? ?????? ???? ???????? ????? ?????? ??? ??????? ????? ???? ??????? 15 ??? ?????', 'SDGs Indicators', 'O', 'year', 'SDGS', GETDATE(), GETDATE(), 'A', 'S3aC030a0101', '001', 'N', '01', '01', 'ar: Sub Indicator');
INSERT INTO "MAINTABLE_ENG" (MAINTABLE, STATUS, PUBLISHED, PRESTEXT, PRESTEXTS, CONTENTSVARIABLE, USERID, LOGDATE) VALUES  ('S3aC030a0101', 'A', GETDATE(), 'code 3.a/C030a01_01/C030a01_01 - Age-standardized prevalence of current tobacco use among persons aged 15 years and older, by sex (%)', 'SDGs Indicators', 'Sub Indicator', 'SDGS', GETDATE());
INSERT INTO "SECONDARYLANGUAGE" (MAINTABLE, LANGUAGE, COMPLETELYTRANSLATED,PUBLISHED, USERID, LOGDATE) VALUES  ('S3aC030a0101', 'en','Y', 'Y', 'SDGS', GETDATE());
INSERT INTO "CONTENTS" (MAINTABLE, CONTENTS, PRESTEXT, PRESCODE, COPYRIGHT, PRODUCER, LASTUPDATED, UNIT, PRESDECIMALS, PRESCELLSZERO, STOCKFA, DAYADJ, SEASADJ, FOOTNOTECONTENTS, FOOTNOTEVARIABLE, FOOTNOTEVALUE, STORECOLUMNNO, STOREFORMAT, STORENOCHAR, STOREDECIMALS, USERID, LOGDATE, PUBLISHED, PRESTEXTS, STATAUTHORITY, AGGREGPOSSIBLE, FOOTNOTETIME, METAID) VALUES  ('S3aC030a0101', 'OBS_VALUE', 'ar: Sustainable Development Goals - SDGs', 'DATA', '1', 'PCBS', GETDATE(), 'OBS_VALUE', '2', 'Y', 'F', 'N', 'N', 'N', 'N', 'N', '3', 'N', '17', '2', 'SDGS', GETDATE(), GETDATE(), 'C030a01_01', 'PCBS', 'N', 'N', '01');
INSERT INTO "CONTENTS_ENG" (MAINTABLE, CONTENTS, PRESTEXT, UNIT, USERID, LOGDATE, PRESTEXTS, REFPERIOD, BASEPERIOD)  VALUES  ('S3aC030a0101', 'OBS_VALUE', 'Sustainable Development Goals - SDGs',  'OBS_VALUE', 'SDGS', GETDATE(), 'C030a01_01', NULL,NULL);
INSERT INTO "SUBTABLE" (MAINTABLE, SUBTABLE, PRESTEXT, CLEANTABLE, USERID, LOGDATE) VALUES  ('S3aC030a0101', '', 'code 3.a/C030a01_01/C030a01_01 - ???? ???????? ?????? ???? ???????? ????? ?????? ??? ??????? ????? ???? ??????? 15 ??? ?????', 'Y', 'SDGS', GETDATE());
INSERT INTO "SUBTABLE_ENG" (MAINTABLE, SUBTABLE, PRESTEXT, USERID, LOGDATE) VALUES  ('S3aC030a0101', '', 'code 3.a/C030a01_01/C030a01_01 - Age-standardized prevalence of current tobacco use among persons aged 15 years and older, by sex (%)', 'SDGS', GETDATE());
INSERT INTO "SUBTABLEVARIABLE" (MAINTABLE, SUBTABLE, VARIABLE, VARIABLETYPE, STORECOLUMNNO, USERID, LOGDATE) VALUES ('S3aC030a0101', '', 'TIME_PERIOD', 'T', '1', 'SDGS', GETDATE());
INSERT INTO "CONTENTSTIME" (MAINTABLE, CONTENTS, TIMEPERIOD, USERID, LOGDATE) VALUES ('S3aC030a0101', 'OBS_VALUE', 2000, 'SDGS', GETDATE());
INSERT INTO "CONTENTSTIME" (MAINTABLE, CONTENTS, TIMEPERIOD, USERID, LOGDATE) VALUES ('S3aC030a0101', 'OBS_VALUE', 2004, 'SDGS', GETDATE());
INSERT INTO "CONTENTSTIME" (MAINTABLE, CONTENTS, TIMEPERIOD, USERID, LOGDATE) VALUES ('S3aC030a0101', 'OBS_VALUE', 2006, 'SDGS', GETDATE());
INSERT INTO "CONTENTSTIME" (MAINTABLE, CONTENTS, TIMEPERIOD, USERID, LOGDATE) VALUES ('S3aC030a0101', 'OBS_VALUE', 2010, 'SDGS', GETDATE());
INSERT INTO "CONTENTSTIME" (MAINTABLE, CONTENTS, TIMEPERIOD, USERID, LOGDATE) VALUES ('S3aC030a0101', 'OBS_VALUE', 2019, 'SDGS', GETDATE());
INSERT INTO "VALUESET" (VALUESET, PRESTEXT, DESCRIPTION, ELIMINATION, VALUEPOOL, METAID, FOOTNOTE, USERID, LOGDATE, VALUEPRES, SORTCODEEXISTS) VALUES ('VSREF_AREA_C030a01_01', 'Hmm', 'None', 'A', 'VPREF_AREA', '0', 'N', 'SDGS', GETDATE(), 'T', 'N');
INSERT INTO "VALUESET_ENG" (VALUESET, PRESTEXT, DESCRIPTION, USERID, LOGDATE) VALUES ('VSREF_AREA_C030a01_01', 'Hmm', 'None', 'SDGS', GETDATE());
INSERT INTO "VSVALUE" (VALUESET, VALUEPOOL, VALUECODE, USERID, LOGDATE) VALUES ('VSREF_AREA_C030a01_01', 'VPREF_AREA', '1', 'SDGS', GETDATE());
INSERT INTO "VSVALUE_ENG" (VALUESET, VALUEPOOL, VALUECODE, USERID, LOGDATE) VALUES ('VSREF_AREA_C030a01_01', 'VPREF_AREA', '1', 'SDGS', GETDATE());
INSERT INTO "VSVALUE" (VALUESET, VALUEPOOL, VALUECODE, USERID, LOGDATE) VALUES ('VSREF_AREA_C030a01_01', 'VPREF_AREA', '2', 'SDGS', GETDATE());
INSERT INTO "VSVALUE_ENG" (VALUESET, VALUEPOOL, VALUECODE, USERID, LOGDATE) VALUES ('VSREF_AREA_C030a01_01', 'VPREF_AREA', '2', 'SDGS', GETDATE());
INSERT INTO "VSVALUE" (VALUESET, VALUEPOOL, VALUECODE, USERID, LOGDATE) VALUES ('VSREF_AREA_C030a01_01', 'VPREF_AREA', '3', 'SDGS', GETDATE());
INSERT INTO "VSVALUE_ENG" (VALUESET, VALUEPOOL, VALUECODE, USERID, LOGDATE) VALUES ('VSREF_AREA_C030a01_01', 'VPREF_AREA', '3', 'SDGS', GETDATE());
INSERT INTO "SUBTABLEVARIABLE" (MAINTABLE, SUBTABLE, VARIABLE, VALUESET, VARIABLETYPE, STORECOLUMNNO, USERID, LOGDATE) VALUES ('S3aC030a0101', '', 'REF_AREA', 'VSREF_AREA_C030a01_01', 'V', '1', 'SDGS', GETDATE());
INSERT INTO "VALUESET" (VALUESET, PRESTEXT, DESCRIPTION, ELIMINATION, VALUEPOOL, METAID, FOOTNOTE, USERID, LOGDATE, VALUEPRES, SORTCODEEXISTS) VALUES ('VSSEX_C030a01_01', 'Hmm', 'None', 'A', 'VPSEX', '0', 'N', 'SDGS', GETDATE(), 'T', 'N');
INSERT INTO "VALUESET_ENG" (VALUESET, PRESTEXT, DESCRIPTION, USERID, LOGDATE) VALUES ('VSSEX_C030a01_01', 'Hmm', 'None', 'SDGS', GETDATE());
INSERT INTO "VSVALUE" (VALUESET, VALUEPOOL, VALUECODE, USERID, LOGDATE) VALUES ('VSSEX_C030a01_01', 'VPSEX', 'M', 'SDGS', GETDATE());
INSERT INTO "VSVALUE_ENG" (VALUESET, VALUEPOOL, VALUECODE, USERID, LOGDATE) VALUES ('VSSEX_C030a01_01', 'VPSEX', 'M', 'SDGS', GETDATE());
INSERT INTO "VSVALUE" (VALUESET, VALUEPOOL, VALUECODE, USERID, LOGDATE) VALUES ('VSSEX_C030a01_01', 'VPSEX', 'F', 'SDGS', GETDATE());
INSERT INTO "VSVALUE_ENG" (VALUESET, VALUEPOOL, VALUECODE, USERID, LOGDATE) VALUES ('VSSEX_C030a01_01', 'VPSEX', 'F', 'SDGS', GETDATE());
INSERT INTO "VSVALUE" (VALUESET, VALUEPOOL, VALUECODE, USERID, LOGDATE) VALUES ('VSSEX_C030a01_01', 'VPSEX', '_T', 'SDGS', GETDATE());
INSERT INTO "VSVALUE_ENG" (VALUESET, VALUEPOOL, VALUECODE, USERID, LOGDATE) VALUES ('VSSEX_C030a01_01', 'VPSEX', '_T', 'SDGS', GETDATE());
INSERT INTO "SUBTABLEVARIABLE" (MAINTABLE, SUBTABLE, VARIABLE, VALUESET, VARIABLETYPE, STORECOLUMNNO, USERID, LOGDATE) VALUES ('S3aC030a0101', '', 'SEX', 'VSSEX_C030a01_01', 'V', '1', 'SDGS', GETDATE());
IF EXISTS (SELECT 1 FROM SYS.VIEWS WHERE NAME = 'S3aC030a0101' AND TYPE  = 'v') DROP VIEW S3aC030a0101;
GO
CREATE VIEW S3aC030a0101 AS SELECT * FROM INDICATORDATA WHERE SUBINDICATOR_CODE = 'C030a01_01';
GO
INSERT INTO "MAINTABLE" (MAINTABLE, PRESTEXT, PRESTEXTS, PRESCATEGORY, TIMESCALE, USERID, LOGDATE, FIRSTPUBLISHED, TABLESTATUS, TABLEID, PRODUCTCODE, SPECCHAREXISTS, METAID, SUBJECTCODE, CONTENTSVARIABLE) VALUES  ('S3bC030b0101', 'code 3.b/C030b01_01/C030b01_01 - ?????? ??????? ??????? ?? ????? ??????? 23 - 12 ????? ????? ????? ?????? ??????? ?? ??????? ??????? ?? ????????? ? ?????? ??????  ??????? (DTP3) ?? ??? ?????', 'SDGs Indicators', 'O', 'year', 'SDGS', GETDATE(), GETDATE(), 'A', 'S3bC030b0101', '001', 'N', '01', '01', 'ar: Sub Indicator');
INSERT INTO "MAINTABLE_ENG" (MAINTABLE, STATUS, PUBLISHED, PRESTEXT, PRESTEXTS, CONTENTSVARIABLE, USERID, LOGDATE) VALUES  ('S3bC030b0101', 'A', GETDATE(), 'code 3.b/C030b01_01/C030b01_01 - Percentage of children aged 12-23 months who received the third dose of DTP containing vaccine (DTP3) in a given year', 'SDGs Indicators', 'Sub Indicator', 'SDGS', GETDATE());
INSERT INTO "SECONDARYLANGUAGE" (MAINTABLE, LANGUAGE, COMPLETELYTRANSLATED,PUBLISHED, USERID, LOGDATE) VALUES  ('S3bC030b0101', 'en','Y', 'Y', 'SDGS', GETDATE());
INSERT INTO "CONTENTS" (MAINTABLE, CONTENTS, PRESTEXT, PRESCODE, COPYRIGHT, PRODUCER, LASTUPDATED, UNIT, PRESDECIMALS, PRESCELLSZERO, STOCKFA, DAYADJ, SEASADJ, FOOTNOTECONTENTS, FOOTNOTEVARIABLE, FOOTNOTEVALUE, STORECOLUMNNO, STOREFORMAT, STORENOCHAR, STOREDECIMALS, USERID, LOGDATE, PUBLISHED, PRESTEXTS, STATAUTHORITY, AGGREGPOSSIBLE, FOOTNOTETIME, METAID) VALUES  ('S3bC030b0101', 'OBS_VALUE', 'ar: Sustainable Development Goals - SDGs', 'DATA', '1', 'PCBS', GETDATE(), 'OBS_VALUE', '2', 'Y', 'F', 'N', 'N', 'N', 'N', 'N', '3', 'N', '17', '2', 'SDGS', GETDATE(), GETDATE(), 'C030b01_01', 'PCBS', 'N', 'N', '01');
INSERT INTO "CONTENTS_ENG" (MAINTABLE, CONTENTS, PRESTEXT, UNIT, USERID, LOGDATE, PRESTEXTS, REFPERIOD, BASEPERIOD)  VALUES  ('S3bC030b0101', 'OBS_VALUE', 'Sustainable Development Goals - SDGs',  'OBS_VALUE', 'SDGS', GETDATE(), 'C030b01_01', NULL,NULL);
INSERT INTO "SUBTABLE" (MAINTABLE, SUBTABLE, PRESTEXT, CLEANTABLE, USERID, LOGDATE) VALUES  ('S3bC030b0101', '', 'code 3.b/C030b01_01/C030b01_01 - ?????? ??????? ??????? ?? ????? ??????? 23 - 12 ????? ????? ????? ?????? ??????? ?? ??????? ??????? ?? ????????? ? ?????? ??????  ??????? (DTP3) ?? ??? ?????', 'Y', 'SDGS', GETDATE());
INSERT INTO "SUBTABLE_ENG" (MAINTABLE, SUBTABLE, PRESTEXT, USERID, LOGDATE) VALUES  ('S3bC030b0101', '', 'code 3.b/C030b01_01/C030b01_01 - Percentage of children aged 12-23 months who received the third dose of DTP containing vaccine (DTP3) in a given year', 'SDGS', GETDATE());
INSERT INTO "SUBTABLEVARIABLE" (MAINTABLE, SUBTABLE, VARIABLE, VARIABLETYPE, STORECOLUMNNO, USERID, LOGDATE) VALUES ('S3bC030b0101', '', 'TIME_PERIOD', 'T', '1', 'SDGS', GETDATE());
INSERT INTO "CONTENTSTIME" (MAINTABLE, CONTENTS, TIMEPERIOD, USERID, LOGDATE) VALUES ('S3bC030b0101', 'OBS_VALUE', 2019, 'SDGS', GETDATE());
INSERT INTO "VALUESET" (VALUESET, PRESTEXT, DESCRIPTION, ELIMINATION, VALUEPOOL, METAID, FOOTNOTE, USERID, LOGDATE, VALUEPRES, SORTCODEEXISTS) VALUES ('VSREF_AREA_C030b01_01', 'Hmm', 'None', 'A', 'VPREF_AREA', '0', 'N', 'SDGS', GETDATE(), 'T', 'N');
INSERT INTO "VALUESET_ENG" (VALUESET, PRESTEXT, DESCRIPTION, USERID, LOGDATE) VALUES ('VSREF_AREA_C030b01_01', 'Hmm', 'None', 'SDGS', GETDATE());
INSERT INTO "VSVALUE" (VALUESET, VALUEPOOL, VALUECODE, USERID, LOGDATE) VALUES ('VSREF_AREA_C030b01_01', 'VPREF_AREA', '1', 'SDGS', GETDATE());
INSERT INTO "VSVALUE_ENG" (VALUESET, VALUEPOOL, VALUECODE, USERID, LOGDATE) VALUES ('VSREF_AREA_C030b01_01', 'VPREF_AREA', '1', 'SDGS', GETDATE());
INSERT INTO "VSVALUE" (VALUESET, VALUEPOOL, VALUECODE, USERID, LOGDATE) VALUES ('VSREF_AREA_C030b01_01', 'VPREF_AREA', '2', 'SDGS', GETDATE());
INSERT INTO "VSVALUE_ENG" (VALUESET, VALUEPOOL, VALUECODE, USERID, LOGDATE) VALUES ('VSREF_AREA_C030b01_01', 'VPREF_AREA', '2', 'SDGS', GETDATE());
INSERT INTO "VSVALUE" (VALUESET, VALUEPOOL, VALUECODE, USERID, LOGDATE) VALUES ('VSREF_AREA_C030b01_01', 'VPREF_AREA', '3', 'SDGS', GETDATE());
INSERT INTO "VSVALUE_ENG" (VALUESET, VALUEPOOL, VALUECODE, USERID, LOGDATE) VALUES ('VSREF_AREA_C030b01_01', 'VPREF_AREA', '3', 'SDGS', GETDATE());
INSERT INTO "SUBTABLEVARIABLE" (MAINTABLE, SUBTABLE, VARIABLE, VALUESET, VARIABLETYPE, STORECOLUMNNO, USERID, LOGDATE) VALUES ('S3bC030b0101', '', 'REF_AREA', 'VSREF_AREA_C030b01_01', 'V', '1', 'SDGS', GETDATE());
INSERT INTO "VALUESET" (VALUESET, PRESTEXT, DESCRIPTION, ELIMINATION, VALUEPOOL, METAID, FOOTNOTE, USERID, LOGDATE, VALUEPRES, SORTCODEEXISTS) VALUES ('VSSEX_C030b01_01', 'Hmm', 'None', 'A', 'VPSEX', '0', 'N', 'SDGS', GETDATE(), 'T', 'N');
INSERT INTO "VALUESET_ENG" (VALUESET, PRESTEXT, DESCRIPTION, USERID, LOGDATE) VALUES ('VSSEX_C030b01_01', 'Hmm', 'None', 'SDGS', GETDATE());
INSERT INTO "VSVALUE" (VALUESET, VALUEPOOL, VALUECODE, USERID, LOGDATE) VALUES ('VSSEX_C030b01_01', 'VPSEX', 'M', 'SDGS', GETDATE());
INSERT INTO "VSVALUE_ENG" (VALUESET, VALUEPOOL, VALUECODE, USERID, LOGDATE) VALUES ('VSSEX_C030b01_01', 'VPSEX', 'M', 'SDGS', GETDATE());
INSERT INTO "VSVALUE" (VALUESET, VALUEPOOL, VALUECODE, USERID, LOGDATE) VALUES ('VSSEX_C030b01_01', 'VPSEX', 'F', 'SDGS', GETDATE());
INSERT INTO "VSVALUE_ENG" (VALUESET, VALUEPOOL, VALUECODE, USERID, LOGDATE) VALUES ('VSSEX_C030b01_01', 'VPSEX', 'F', 'SDGS', GETDATE());
INSERT INTO "VSVALUE" (VALUESET, VALUEPOOL, VALUECODE, USERID, LOGDATE) VALUES ('VSSEX_C030b01_01', 'VPSEX', '_T', 'SDGS', GETDATE());
INSERT INTO "VSVALUE_ENG" (VALUESET, VALUEPOOL, VALUECODE, USERID, LOGDATE) VALUES ('VSSEX_C030b01_01', 'VPSEX', '_T', 'SDGS', GETDATE());
INSERT INTO "SUBTABLEVARIABLE" (MAINTABLE, SUBTABLE, VARIABLE, VALUESET, VARIABLETYPE, STORECOLUMNNO, USERID, LOGDATE) VALUES ('S3bC030b0101', '', 'SEX', 'VSSEX_C030b01_01', 'V', '1', 'SDGS', GETDATE());
INSERT INTO "VALUESET" (VALUESET, PRESTEXT, DESCRIPTION, ELIMINATION, VALUEPOOL, METAID, FOOTNOTE, USERID, LOGDATE, VALUEPRES, SORTCODEEXISTS) VALUES ('VSURBANISATION_C030b01_01', 'Hmm', 'None', 'A', 'VPURBANISATION', '0', 'N', 'SDGS', GETDATE(), 'T', 'N');
INSERT INTO "VALUESET_ENG" (VALUESET, PRESTEXT, DESCRIPTION, USERID, LOGDATE) VALUES ('VSURBANISATION_C030b01_01', 'Hmm', 'None', 'SDGS', GETDATE());
INSERT INTO "VSVALUE" (VALUESET, VALUEPOOL, VALUECODE, USERID, LOGDATE) VALUES ('VSURBANISATION_C030b01_01', 'VPURBANISATION', '_T', 'SDGS', GETDATE());
INSERT INTO "VSVALUE_ENG" (VALUESET, VALUEPOOL, VALUECODE, USERID, LOGDATE) VALUES ('VSURBANISATION_C030b01_01', 'VPURBANISATION', '_T', 'SDGS', GETDATE());
INSERT INTO "VSVALUE" (VALUESET, VALUEPOOL, VALUECODE, USERID, LOGDATE) VALUES ('VSURBANISATION_C030b01_01', 'VPURBANISATION', 'U', 'SDGS', GETDATE());
INSERT INTO "VSVALUE_ENG" (VALUESET, VALUEPOOL, VALUECODE, USERID, LOGDATE) VALUES ('VSURBANISATION_C030b01_01', 'VPURBANISATION', 'U', 'SDGS', GETDATE());
INSERT INTO "VSVALUE" (VALUESET, VALUEPOOL, VALUECODE, USERID, LOGDATE) VALUES ('VSURBANISATION_C030b01_01', 'VPURBANISATION', 'R', 'SDGS', GETDATE());
INSERT INTO "VSVALUE_ENG" (VALUESET, VALUEPOOL, VALUECODE, USERID, LOGDATE) VALUES ('VSURBANISATION_C030b01_01', 'VPURBANISATION', 'R', 'SDGS', GETDATE());
INSERT INTO "VSVALUE" (VALUESET, VALUEPOOL, VALUECODE, USERID, LOGDATE) VALUES ('VSURBANISATION_C030b01_01', 'VPURBANISATION', 'C', 'SDGS', GETDATE());
INSERT INTO "VSVALUE_ENG" (VALUESET, VALUEPOOL, VALUECODE, USERID, LOGDATE) VALUES ('VSURBANISATION_C030b01_01', 'VPURBANISATION', 'C', 'SDGS', GETDATE());
INSERT INTO "SUBTABLEVARIABLE" (MAINTABLE, SUBTABLE, VARIABLE, VALUESET, VARIABLETYPE, STORECOLUMNNO, USERID, LOGDATE) VALUES ('S3bC030b0101', '', 'URBANISATION', 'VSURBANISATION_C030b01_01', 'V', '1', 'SDGS', GETDATE());
IF EXISTS (SELECT 1 FROM SYS.VIEWS WHERE NAME = 'S3bC030b0101' AND TYPE  = 'v') DROP VIEW S3bC030b0101;
GO
CREATE VIEW S3bC030b0101 AS SELECT * FROM INDICATORDATA WHERE SUBINDICATOR_CODE = 'C030b01_01';
GO
INSERT INTO "MAINTABLE" (MAINTABLE, PRESTEXT, PRESTEXTS, PRESCATEGORY, TIMESCALE, USERID, LOGDATE, FIRSTPUBLISHED, TABLESTATUS, TABLEID, PRODUCTCODE, SPECCHAREXISTS, METAID, SUBJECTCODE, CONTENTSVARIABLE) VALUES  ('S3bC030b0102', 'code 3.b/C030b01_02/C030b01_02 - ?????? ??????? ??????? ?? ????? ??????? 23 – 12 ????? ???? ????? ?????? ??????? ?? ????? ??????? ??????? ??????? ???????? (PCV3) ?? ??? ?????', 'SDGs Indicators', 'O', 'year', 'SDGS', GETDATE(), GETDATE(), 'A', 'S3bC030b0102', '001', 'N', '01', '01', 'ar: Sub Indicator');
INSERT INTO "MAINTABLE_ENG" (MAINTABLE, STATUS, PUBLISHED, PRESTEXT, PRESTEXTS, CONTENTSVARIABLE, USERID, LOGDATE) VALUES  ('S3bC030b0102', 'A', GETDATE(), 'code 3.b/C030b01_02/C030b01_02 - Percentage of children aged 12-23 months who received the third dose of Pneumococcal (Conjugate) vaccine (PCV3)  in a given year', 'SDGs Indicators', 'Sub Indicator', 'SDGS', GETDATE());
INSERT INTO "SECONDARYLANGUAGE" (MAINTABLE, LANGUAGE, COMPLETELYTRANSLATED,PUBLISHED, USERID, LOGDATE) VALUES  ('S3bC030b0102', 'en','Y', 'Y', 'SDGS', GETDATE());
INSERT INTO "CONTENTS" (MAINTABLE, CONTENTS, PRESTEXT, PRESCODE, COPYRIGHT, PRODUCER, LASTUPDATED, UNIT, PRESDECIMALS, PRESCELLSZERO, STOCKFA, DAYADJ, SEASADJ, FOOTNOTECONTENTS, FOOTNOTEVARIABLE, FOOTNOTEVALUE, STORECOLUMNNO, STOREFORMAT, STORENOCHAR, STOREDECIMALS, USERID, LOGDATE, PUBLISHED, PRESTEXTS, STATAUTHORITY, AGGREGPOSSIBLE, FOOTNOTETIME, METAID) VALUES  ('S3bC030b0102', 'OBS_VALUE', 'ar: Sustainable Development Goals - SDGs', 'DATA', '1', 'PCBS', GETDATE(), 'OBS_VALUE', '2', 'Y', 'F', 'N', 'N', 'N', 'N', 'N', '3', 'N', '17', '2', 'SDGS', GETDATE(), GETDATE(), 'C030b01_02', 'PCBS', 'N', 'N', '01');
INSERT INTO "CONTENTS_ENG" (MAINTABLE, CONTENTS, PRESTEXT, UNIT, USERID, LOGDATE, PRESTEXTS, REFPERIOD, BASEPERIOD)  VALUES  ('S3bC030b0102', 'OBS_VALUE', 'Sustainable Development Goals - SDGs',  'OBS_VALUE', 'SDGS', GETDATE(), 'C030b01_02', NULL,NULL);
INSERT INTO "SUBTABLE" (MAINTABLE, SUBTABLE, PRESTEXT, CLEANTABLE, USERID, LOGDATE) VALUES  ('S3bC030b0102', '', 'code 3.b/C030b01_02/C030b01_02 - ?????? ??????? ??????? ?? ????? ??????? 23 – 12 ????? ???? ????? ?????? ??????? ?? ????? ??????? ??????? ??????? ???????? (PCV3) ?? ??? ?????', 'Y', 'SDGS', GETDATE());
INSERT INTO "SUBTABLE_ENG" (MAINTABLE, SUBTABLE, PRESTEXT, USERID, LOGDATE) VALUES  ('S3bC030b0102', '', 'code 3.b/C030b01_02/C030b01_02 - Percentage of children aged 12-23 months who received the third dose of Pneumococcal (Conjugate) vaccine (PCV3)  in a given year', 'SDGS', GETDATE());
INSERT INTO "SUBTABLEVARIABLE" (MAINTABLE, SUBTABLE, VARIABLE, VARIABLETYPE, STORECOLUMNNO, USERID, LOGDATE) VALUES ('S3bC030b0102', '', 'TIME_PERIOD', 'T', '1', 'SDGS', GETDATE());
INSERT INTO "CONTENTSTIME" (MAINTABLE, CONTENTS, TIMEPERIOD, USERID, LOGDATE) VALUES ('S3bC030b0102', 'OBS_VALUE', 2019, 'SDGS', GETDATE());
INSERT INTO "VALUESET" (VALUESET, PRESTEXT, DESCRIPTION, ELIMINATION, VALUEPOOL, METAID, FOOTNOTE, USERID, LOGDATE, VALUEPRES, SORTCODEEXISTS) VALUES ('VSREF_AREA_C030b01_02', 'Hmm', 'None', 'A', 'VPREF_AREA', '0', 'N', 'SDGS', GETDATE(), 'T', 'N');
INSERT INTO "VALUESET_ENG" (VALUESET, PRESTEXT, DESCRIPTION, USERID, LOGDATE) VALUES ('VSREF_AREA_C030b01_02', 'Hmm', 'None', 'SDGS', GETDATE());
INSERT INTO "VSVALUE" (VALUESET, VALUEPOOL, VALUECODE, USERID, LOGDATE) VALUES ('VSREF_AREA_C030b01_02', 'VPREF_AREA', '1', 'SDGS', GETDATE());
INSERT INTO "VSVALUE_ENG" (VALUESET, VALUEPOOL, VALUECODE, USERID, LOGDATE) VALUES ('VSREF_AREA_C030b01_02', 'VPREF_AREA', '1', 'SDGS', GETDATE());
INSERT INTO "VSVALUE" (VALUESET, VALUEPOOL, VALUECODE, USERID, LOGDATE) VALUES ('VSREF_AREA_C030b01_02', 'VPREF_AREA', '2', 'SDGS', GETDATE());
INSERT INTO "VSVALUE_ENG" (VALUESET, VALUEPOOL, VALUECODE, USERID, LOGDATE) VALUES ('VSREF_AREA_C030b01_02', 'VPREF_AREA', '2', 'SDGS', GETDATE());
INSERT INTO "VSVALUE" (VALUESET, VALUEPOOL, VALUECODE, USERID, LOGDATE) VALUES ('VSREF_AREA_C030b01_02', 'VPREF_AREA', '3', 'SDGS', GETDATE());
INSERT INTO "VSVALUE_ENG" (VALUESET, VALUEPOOL, VALUECODE, USERID, LOGDATE) VALUES ('VSREF_AREA_C030b01_02', 'VPREF_AREA', '3', 'SDGS', GETDATE());
INSERT INTO "SUBTABLEVARIABLE" (MAINTABLE, SUBTABLE, VARIABLE, VALUESET, VARIABLETYPE, STORECOLUMNNO, USERID, LOGDATE) VALUES ('S3bC030b0102', '', 'REF_AREA', 'VSREF_AREA_C030b01_02', 'V', '1', 'SDGS', GETDATE());
INSERT INTO "VALUESET" (VALUESET, PRESTEXT, DESCRIPTION, ELIMINATION, VALUEPOOL, METAID, FOOTNOTE, USERID, LOGDATE, VALUEPRES, SORTCODEEXISTS) VALUES ('VSSEX_C030b01_02', 'Hmm', 'None', 'A', 'VPSEX', '0', 'N', 'SDGS', GETDATE(), 'T', 'N');
INSERT INTO "VALUESET_ENG" (VALUESET, PRESTEXT, DESCRIPTION, USERID, LOGDATE) VALUES ('VSSEX_C030b01_02', 'Hmm', 'None', 'SDGS', GETDATE());
INSERT INTO "VSVALUE" (VALUESET, VALUEPOOL, VALUECODE, USERID, LOGDATE) VALUES ('VSSEX_C030b01_02', 'VPSEX', 'M', 'SDGS', GETDATE());
INSERT INTO "VSVALUE_ENG" (VALUESET, VALUEPOOL, VALUECODE, USERID, LOGDATE) VALUES ('VSSEX_C030b01_02', 'VPSEX', 'M', 'SDGS', GETDATE());
INSERT INTO "VSVALUE" (VALUESET, VALUEPOOL, VALUECODE, USERID, LOGDATE) VALUES ('VSSEX_C030b01_02', 'VPSEX', 'F', 'SDGS', GETDATE());
INSERT INTO "VSVALUE_ENG" (VALUESET, VALUEPOOL, VALUECODE, USERID, LOGDATE) VALUES ('VSSEX_C030b01_02', 'VPSEX', 'F', 'SDGS', GETDATE());
INSERT INTO "VSVALUE" (VALUESET, VALUEPOOL, VALUECODE, USERID, LOGDATE) VALUES ('VSSEX_C030b01_02', 'VPSEX', '_T', 'SDGS', GETDATE());
INSERT INTO "VSVALUE_ENG" (VALUESET, VALUEPOOL, VALUECODE, USERID, LOGDATE) VALUES ('VSSEX_C030b01_02', 'VPSEX', '_T', 'SDGS', GETDATE());
INSERT INTO "SUBTABLEVARIABLE" (MAINTABLE, SUBTABLE, VARIABLE, VALUESET, VARIABLETYPE, STORECOLUMNNO, USERID, LOGDATE) VALUES ('S3bC030b0102', '', 'SEX', 'VSSEX_C030b01_02', 'V', '1', 'SDGS', GETDATE());
INSERT INTO "VALUESET" (VALUESET, PRESTEXT, DESCRIPTION, ELIMINATION, VALUEPOOL, METAID, FOOTNOTE, USERID, LOGDATE, VALUEPRES, SORTCODEEXISTS) VALUES ('VSURBANISATION_C030b01_02', 'Hmm', 'None', 'A', 'VPURBANISATION', '0', 'N', 'SDGS', GETDATE(), 'T', 'N');
INSERT INTO "VALUESET_ENG" (VALUESET, PRESTEXT, DESCRIPTION, USERID, LOGDATE) VALUES ('VSURBANISATION_C030b01_02', 'Hmm', 'None', 'SDGS', GETDATE());
INSERT INTO "VSVALUE" (VALUESET, VALUEPOOL, VALUECODE, USERID, LOGDATE) VALUES ('VSURBANISATION_C030b01_02', 'VPURBANISATION', '_T', 'SDGS', GETDATE());
INSERT INTO "VSVALUE_ENG" (VALUESET, VALUEPOOL, VALUECODE, USERID, LOGDATE) VALUES ('VSURBANISATION_C030b01_02', 'VPURBANISATION', '_T', 'SDGS', GETDATE());
INSERT INTO "VSVALUE" (VALUESET, VALUEPOOL, VALUECODE, USERID, LOGDATE) VALUES ('VSURBANISATION_C030b01_02', 'VPURBANISATION', 'U', 'SDGS', GETDATE());
INSERT INTO "VSVALUE_ENG" (VALUESET, VALUEPOOL, VALUECODE, USERID, LOGDATE) VALUES ('VSURBANISATION_C030b01_02', 'VPURBANISATION', 'U', 'SDGS', GETDATE());
INSERT INTO "VSVALUE" (VALUESET, VALUEPOOL, VALUECODE, USERID, LOGDATE) VALUES ('VSURBANISATION_C030b01_02', 'VPURBANISATION', 'R', 'SDGS', GETDATE());
INSERT INTO "VSVALUE_ENG" (VALUESET, VALUEPOOL, VALUECODE, USERID, LOGDATE) VALUES ('VSURBANISATION_C030b01_02', 'VPURBANISATION', 'R', 'SDGS', GETDATE());
INSERT INTO "VSVALUE" (VALUESET, VALUEPOOL, VALUECODE, USERID, LOGDATE) VALUES ('VSURBANISATION_C030b01_02', 'VPURBANISATION', 'C', 'SDGS', GETDATE());
INSERT INTO "VSVALUE_ENG" (VALUESET, VALUEPOOL, VALUECODE, USERID, LOGDATE) VALUES ('VSURBANISATION_C030b01_02', 'VPURBANISATION', 'C', 'SDGS', GETDATE());
INSERT INTO "SUBTABLEVARIABLE" (MAINTABLE, SUBTABLE, VARIABLE, VALUESET, VARIABLETYPE, STORECOLUMNNO, USERID, LOGDATE) VALUES ('S3bC030b0102', '', 'URBANISATION', 'VSURBANISATION_C030b01_02', 'V', '1', 'SDGS', GETDATE());
IF EXISTS (SELECT 1 FROM SYS.VIEWS WHERE NAME = 'S3bC030b0102' AND TYPE  = 'v') DROP VIEW S3bC030b0102;
GO
CREATE VIEW S3bC030b0102 AS SELECT * FROM INDICATORDATA WHERE SUBINDICATOR_CODE = 'C030b01_02';
GO
INSERT INTO "MAINTABLE" (MAINTABLE, PRESTEXT, PRESTEXTS, PRESCATEGORY, TIMESCALE, USERID, LOGDATE, FIRSTPUBLISHED, TABLESTATUS, TABLEID, PRODUCTCODE, SPECCHAREXISTS, METAID, SUBJECTCODE, CONTENTSVARIABLE) VALUES  ('S3bC030b0103', 'code 3.b/C030b01_03/C030b01_03 - ?????? ??????? ??????? ?? ????? ??????? 35 - 24 ????? ????? ?????? ?????? ??????? ?? ????? ?????? ?? ??? ?????', 'SDGs Indicators', 'O', 'year', 'SDGS', GETDATE(), GETDATE(), 'A', 'S3bC030b0103', '001', 'N', '01', '01', 'ar: Sub Indicator');
INSERT INTO "MAINTABLE_ENG" (MAINTABLE, STATUS, PUBLISHED, PRESTEXT, PRESTEXTS, CONTENTSVARIABLE, USERID, LOGDATE) VALUES  ('S3bC030b0103', 'A', GETDATE(), 'code 3.b/C030b01_03/C030b01_03 - Percentage of children aged 24-35 months who received the second measles containing vaccine in a given year', 'SDGs Indicators', 'Sub Indicator', 'SDGS', GETDATE());
INSERT INTO "SECONDARYLANGUAGE" (MAINTABLE, LANGUAGE, COMPLETELYTRANSLATED,PUBLISHED, USERID, LOGDATE) VALUES  ('S3bC030b0103', 'en','Y', 'Y', 'SDGS', GETDATE());
INSERT INTO "CONTENTS" (MAINTABLE, CONTENTS, PRESTEXT, PRESCODE, COPYRIGHT, PRODUCER, LASTUPDATED, UNIT, PRESDECIMALS, PRESCELLSZERO, STOCKFA, DAYADJ, SEASADJ, FOOTNOTECONTENTS, FOOTNOTEVARIABLE, FOOTNOTEVALUE, STORECOLUMNNO, STOREFORMAT, STORENOCHAR, STOREDECIMALS, USERID, LOGDATE, PUBLISHED, PRESTEXTS, STATAUTHORITY, AGGREGPOSSIBLE, FOOTNOTETIME, METAID) VALUES  ('S3bC030b0103', 'OBS_VALUE', 'ar: Sustainable Development Goals - SDGs', 'DATA', '1', 'PCBS', GETDATE(), 'OBS_VALUE', '2', 'Y', 'F', 'N', 'N', 'N', 'N', 'N', '3', 'N', '17', '2', 'SDGS', GETDATE(), GETDATE(), 'C030b01_03', 'PCBS', 'N', 'N', '01');
INSERT INTO "CONTENTS_ENG" (MAINTABLE, CONTENTS, PRESTEXT, UNIT, USERID, LOGDATE, PRESTEXTS, REFPERIOD, BASEPERIOD)  VALUES  ('S3bC030b0103', 'OBS_VALUE', 'Sustainable Development Goals - SDGs',  'OBS_VALUE', 'SDGS', GETDATE(), 'C030b01_03', NULL,NULL);
INSERT INTO "SUBTABLE" (MAINTABLE, SUBTABLE, PRESTEXT, CLEANTABLE, USERID, LOGDATE) VALUES  ('S3bC030b0103', '', 'code 3.b/C030b01_03/C030b01_03 - ?????? ??????? ??????? ?? ????? ??????? 35 - 24 ????? ????? ?????? ?????? ??????? ?? ????? ?????? ?? ??? ?????', 'Y', 'SDGS', GETDATE());
INSERT INTO "SUBTABLE_ENG" (MAINTABLE, SUBTABLE, PRESTEXT, USERID, LOGDATE) VALUES  ('S3bC030b0103', '', 'code 3.b/C030b01_03/C030b01_03 - Percentage of children aged 24-35 months who received the second measles containing vaccine in a given year', 'SDGS', GETDATE());
INSERT INTO "SUBTABLEVARIABLE" (MAINTABLE, SUBTABLE, VARIABLE, VARIABLETYPE, STORECOLUMNNO, USERID, LOGDATE) VALUES ('S3bC030b0103', '', 'TIME_PERIOD', 'T', '1', 'SDGS', GETDATE());
INSERT INTO "CONTENTSTIME" (MAINTABLE, CONTENTS, TIMEPERIOD, USERID, LOGDATE) VALUES ('S3bC030b0103', 'OBS_VALUE', 2019, 'SDGS', GETDATE());
INSERT INTO "VALUESET" (VALUESET, PRESTEXT, DESCRIPTION, ELIMINATION, VALUEPOOL, METAID, FOOTNOTE, USERID, LOGDATE, VALUEPRES, SORTCODEEXISTS) VALUES ('VSREF_AREA_C030b01_03', 'Hmm', 'None', 'A', 'VPREF_AREA', '0', 'N', 'SDGS', GETDATE(), 'T', 'N');
INSERT INTO "VALUESET_ENG" (VALUESET, PRESTEXT, DESCRIPTION, USERID, LOGDATE) VALUES ('VSREF_AREA_C030b01_03', 'Hmm', 'None', 'SDGS', GETDATE());
INSERT INTO "VSVALUE" (VALUESET, VALUEPOOL, VALUECODE, USERID, LOGDATE) VALUES ('VSREF_AREA_C030b01_03', 'VPREF_AREA', '1', 'SDGS', GETDATE());
INSERT INTO "VSVALUE_ENG" (VALUESET, VALUEPOOL, VALUECODE, USERID, LOGDATE) VALUES ('VSREF_AREA_C030b01_03', 'VPREF_AREA', '1', 'SDGS', GETDATE());
INSERT INTO "VSVALUE" (VALUESET, VALUEPOOL, VALUECODE, USERID, LOGDATE) VALUES ('VSREF_AREA_C030b01_03', 'VPREF_AREA', '2', 'SDGS', GETDATE());
INSERT INTO "VSVALUE_ENG" (VALUESET, VALUEPOOL, VALUECODE, USERID, LOGDATE) VALUES ('VSREF_AREA_C030b01_03', 'VPREF_AREA', '2', 'SDGS', GETDATE());
INSERT INTO "VSVALUE" (VALUESET, VALUEPOOL, VALUECODE, USERID, LOGDATE) VALUES ('VSREF_AREA_C030b01_03', 'VPREF_AREA', '3', 'SDGS', GETDATE());
INSERT INTO "VSVALUE_ENG" (VALUESET, VALUEPOOL, VALUECODE, USERID, LOGDATE) VALUES ('VSREF_AREA_C030b01_03', 'VPREF_AREA', '3', 'SDGS', GETDATE());
INSERT INTO "SUBTABLEVARIABLE" (MAINTABLE, SUBTABLE, VARIABLE, VALUESET, VARIABLETYPE, STORECOLUMNNO, USERID, LOGDATE) VALUES ('S3bC030b0103', '', 'REF_AREA', 'VSREF_AREA_C030b01_03', 'V', '1', 'SDGS', GETDATE());
INSERT INTO "VALUESET" (VALUESET, PRESTEXT, DESCRIPTION, ELIMINATION, VALUEPOOL, METAID, FOOTNOTE, USERID, LOGDATE, VALUEPRES, SORTCODEEXISTS) VALUES ('VSSEX_C030b01_03', 'Hmm', 'None', 'A', 'VPSEX', '0', 'N', 'SDGS', GETDATE(), 'T', 'N');
INSERT INTO "VALUESET_ENG" (VALUESET, PRESTEXT, DESCRIPTION, USERID, LOGDATE) VALUES ('VSSEX_C030b01_03', 'Hmm', 'None', 'SDGS', GETDATE());
INSERT INTO "VSVALUE" (VALUESET, VALUEPOOL, VALUECODE, USERID, LOGDATE) VALUES ('VSSEX_C030b01_03', 'VPSEX', 'M', 'SDGS', GETDATE());
INSERT INTO "VSVALUE_ENG" (VALUESET, VALUEPOOL, VALUECODE, USERID, LOGDATE) VALUES ('VSSEX_C030b01_03', 'VPSEX', 'M', 'SDGS', GETDATE());
INSERT INTO "VSVALUE" (VALUESET, VALUEPOOL, VALUECODE, USERID, LOGDATE) VALUES ('VSSEX_C030b01_03', 'VPSEX', 'F', 'SDGS', GETDATE());
INSERT INTO "VSVALUE_ENG" (VALUESET, VALUEPOOL, VALUECODE, USERID, LOGDATE) VALUES ('VSSEX_C030b01_03', 'VPSEX', 'F', 'SDGS', GETDATE());
INSERT INTO "VSVALUE" (VALUESET, VALUEPOOL, VALUECODE, USERID, LOGDATE) VALUES ('VSSEX_C030b01_03', 'VPSEX', '_T', 'SDGS', GETDATE());
INSERT INTO "VSVALUE_ENG" (VALUESET, VALUEPOOL, VALUECODE, USERID, LOGDATE) VALUES ('VSSEX_C030b01_03', 'VPSEX', '_T', 'SDGS', GETDATE());
INSERT INTO "SUBTABLEVARIABLE" (MAINTABLE, SUBTABLE, VARIABLE, VALUESET, VARIABLETYPE, STORECOLUMNNO, USERID, LOGDATE) VALUES ('S3bC030b0103', '', 'SEX', 'VSSEX_C030b01_03', 'V', '1', 'SDGS', GETDATE());
INSERT INTO "VALUESET" (VALUESET, PRESTEXT, DESCRIPTION, ELIMINATION, VALUEPOOL, METAID, FOOTNOTE, USERID, LOGDATE, VALUEPRES, SORTCODEEXISTS) VALUES ('VSURBANISATION_C030b01_03', 'Hmm', 'None', 'A', 'VPURBANISATION', '0', 'N', 'SDGS', GETDATE(), 'T', 'N');
INSERT INTO "VALUESET_ENG" (VALUESET, PRESTEXT, DESCRIPTION, USERID, LOGDATE) VALUES ('VSURBANISATION_C030b01_03', 'Hmm', 'None', 'SDGS', GETDATE());
INSERT INTO "VSVALUE" (VALUESET, VALUEPOOL, VALUECODE, USERID, LOGDATE) VALUES ('VSURBANISATION_C030b01_03', 'VPURBANISATION', '_T', 'SDGS', GETDATE());
INSERT INTO "VSVALUE_ENG" (VALUESET, VALUEPOOL, VALUECODE, USERID, LOGDATE) VALUES ('VSURBANISATION_C030b01_03', 'VPURBANISATION', '_T', 'SDGS', GETDATE());
INSERT INTO "VSVALUE" (VALUESET, VALUEPOOL, VALUECODE, USERID, LOGDATE) VALUES ('VSURBANISATION_C030b01_03', 'VPURBANISATION', 'U', 'SDGS', GETDATE());
INSERT INTO "VSVALUE_ENG" (VALUESET, VALUEPOOL, VALUECODE, USERID, LOGDATE) VALUES ('VSURBANISATION_C030b01_03', 'VPURBANISATION', 'U', 'SDGS', GETDATE());
INSERT INTO "VSVALUE" (VALUESET, VALUEPOOL, VALUECODE, USERID, LOGDATE) VALUES ('VSURBANISATION_C030b01_03', 'VPURBANISATION', 'R', 'SDGS', GETDATE());
INSERT INTO "VSVALUE_ENG" (VALUESET, VALUEPOOL, VALUECODE, USERID, LOGDATE) VALUES ('VSURBANISATION_C030b01_03', 'VPURBANISATION', 'R', 'SDGS', GETDATE());
INSERT INTO "VSVALUE" (VALUESET, VALUEPOOL, VALUECODE, USERID, LOGDATE) VALUES ('VSURBANISATION_C030b01_03', 'VPURBANISATION', 'C', 'SDGS', GETDATE());
INSERT INTO "VSVALUE_ENG" (VALUESET, VALUEPOOL, VALUECODE, USERID, LOGDATE) VALUES ('VSURBANISATION_C030b01_03', 'VPURBANISATION', 'C', 'SDGS', GETDATE());
INSERT INTO "SUBTABLEVARIABLE" (MAINTABLE, SUBTABLE, VARIABLE, VALUESET, VARIABLETYPE, STORECOLUMNNO, USERID, LOGDATE) VALUES ('S3bC030b0103', '', 'URBANISATION', 'VSURBANISATION_C030b01_03', 'V', '1', 'SDGS', GETDATE());
IF EXISTS (SELECT 1 FROM SYS.VIEWS WHERE NAME = 'S3bC030b0103' AND TYPE  = 'v') DROP VIEW S3bC030b0103;
GO
CREATE VIEW S3bC030b0103 AS SELECT * FROM INDICATORDATA WHERE SUBINDICATOR_CODE = 'C030b01_03';
GO
INSERT INTO "MAINTABLE" (MAINTABLE, PRESTEXT, PRESTEXTS, PRESCATEGORY, TIMESCALE, USERID, LOGDATE, FIRSTPUBLISHED, TABLESTATUS, TABLEID, PRODUCTCODE, SPECCHAREXISTS, METAID, SUBJECTCODE, CONTENTSVARIABLE) VALUES  ('S3bC030b0201', 'code 3.b/C030b02_01/C030b02_01 - ????? ???? ???????? ????????? ??????? ??????? ??? ???????? ?????? ???????? ??????? ??????', 'SDGs Indicators', 'O', 'year', 'SDGS', GETDATE(), GETDATE(), 'A', 'S3bC030b0201', '001', 'N', '01', '01', 'ar: Sub Indicator');
INSERT INTO "MAINTABLE_ENG" (MAINTABLE, STATUS, PUBLISHED, PRESTEXT, PRESTEXTS, CONTENTSVARIABLE, USERID, LOGDATE) VALUES  ('S3bC030b0201', 'A', GETDATE(), 'code 3.b/C030b02_01/C030b02_01 - Total net official development assistance to medical research and basic health sectors', 'SDGs Indicators', 'Sub Indicator', 'SDGS', GETDATE());
INSERT INTO "SECONDARYLANGUAGE" (MAINTABLE, LANGUAGE, COMPLETELYTRANSLATED,PUBLISHED, USERID, LOGDATE) VALUES  ('S3bC030b0201', 'en','Y', 'Y', 'SDGS', GETDATE());
INSERT INTO "CONTENTS" (MAINTABLE, CONTENTS, PRESTEXT, PRESCODE, COPYRIGHT, PRODUCER, LASTUPDATED, UNIT, PRESDECIMALS, PRESCELLSZERO, STOCKFA, DAYADJ, SEASADJ, FOOTNOTECONTENTS, FOOTNOTEVARIABLE, FOOTNOTEVALUE, STORECOLUMNNO, STOREFORMAT, STORENOCHAR, STOREDECIMALS, USERID, LOGDATE, PUBLISHED, PRESTEXTS, STATAUTHORITY, AGGREGPOSSIBLE, FOOTNOTETIME, METAID) VALUES  ('S3bC030b0201', 'OBS_VALUE', 'ar: Sustainable Development Goals - SDGs', 'DATA', '1', 'PCBS', GETDATE(), 'OBS_VALUE', '2', 'Y', 'F', 'N', 'N', 'N', 'N', 'N', '3', 'N', '17', '2', 'SDGS', GETDATE(), GETDATE(), 'C030b02_01', 'PCBS', 'N', 'N', '01');
INSERT INTO "CONTENTS_ENG" (MAINTABLE, CONTENTS, PRESTEXT, UNIT, USERID, LOGDATE, PRESTEXTS, REFPERIOD, BASEPERIOD)  VALUES  ('S3bC030b0201', 'OBS_VALUE', 'Sustainable Development Goals - SDGs',  'OBS_VALUE', 'SDGS', GETDATE(), 'C030b02_01', NULL,NULL);
INSERT INTO "SUBTABLE" (MAINTABLE, SUBTABLE, PRESTEXT, CLEANTABLE, USERID, LOGDATE) VALUES  ('S3bC030b0201', '', 'code 3.b/C030b02_01/C030b02_01 - ????? ???? ???????? ????????? ??????? ??????? ??? ???????? ?????? ???????? ??????? ??????', 'Y', 'SDGS', GETDATE());
INSERT INTO "SUBTABLE_ENG" (MAINTABLE, SUBTABLE, PRESTEXT, USERID, LOGDATE) VALUES  ('S3bC030b0201', '', 'code 3.b/C030b02_01/C030b02_01 - Total net official development assistance to medical research and basic health sectors', 'SDGS', GETDATE());
INSERT INTO "SUBTABLEVARIABLE" (MAINTABLE, SUBTABLE, VARIABLE, VARIABLETYPE, STORECOLUMNNO, USERID, LOGDATE) VALUES ('S3bC030b0201', '', 'TIME_PERIOD', 'T', '1', 'SDGS', GETDATE());
INSERT INTO "CONTENTSTIME" (MAINTABLE, CONTENTS, TIMEPERIOD, USERID, LOGDATE) VALUES ('S3bC030b0201', 'OBS_VALUE', 2000, 'SDGS', GETDATE());
INSERT INTO "CONTENTSTIME" (MAINTABLE, CONTENTS, TIMEPERIOD, USERID, LOGDATE) VALUES ('S3bC030b0201', 'OBS_VALUE', 2001, 'SDGS', GETDATE());
INSERT INTO "CONTENTSTIME" (MAINTABLE, CONTENTS, TIMEPERIOD, USERID, LOGDATE) VALUES ('S3bC030b0201', 'OBS_VALUE', 2002, 'SDGS', GETDATE());
INSERT INTO "CONTENTSTIME" (MAINTABLE, CONTENTS, TIMEPERIOD, USERID, LOGDATE) VALUES ('S3bC030b0201', 'OBS_VALUE', 2003, 'SDGS', GETDATE());
INSERT INTO "CONTENTSTIME" (MAINTABLE, CONTENTS, TIMEPERIOD, USERID, LOGDATE) VALUES ('S3bC030b0201', 'OBS_VALUE', 2004, 'SDGS', GETDATE());
INSERT INTO "CONTENTSTIME" (MAINTABLE, CONTENTS, TIMEPERIOD, USERID, LOGDATE) VALUES ('S3bC030b0201', 'OBS_VALUE', 2005, 'SDGS', GETDATE());
INSERT INTO "CONTENTSTIME" (MAINTABLE, CONTENTS, TIMEPERIOD, USERID, LOGDATE) VALUES ('S3bC030b0201', 'OBS_VALUE', 2006, 'SDGS', GETDATE());
INSERT INTO "CONTENTSTIME" (MAINTABLE, CONTENTS, TIMEPERIOD, USERID, LOGDATE) VALUES ('S3bC030b0201', 'OBS_VALUE', 2007, 'SDGS', GETDATE());
INSERT INTO "CONTENTSTIME" (MAINTABLE, CONTENTS, TIMEPERIOD, USERID, LOGDATE) VALUES ('S3bC030b0201', 'OBS_VALUE', 2008, 'SDGS', GETDATE());
INSERT INTO "CONTENTSTIME" (MAINTABLE, CONTENTS, TIMEPERIOD, USERID, LOGDATE) VALUES ('S3bC030b0201', 'OBS_VALUE', 2009, 'SDGS', GETDATE());
INSERT INTO "CONTENTSTIME" (MAINTABLE, CONTENTS, TIMEPERIOD, USERID, LOGDATE) VALUES ('S3bC030b0201', 'OBS_VALUE', 2010, 'SDGS', GETDATE());
INSERT INTO "CONTENTSTIME" (MAINTABLE, CONTENTS, TIMEPERIOD, USERID, LOGDATE) VALUES ('S3bC030b0201', 'OBS_VALUE', 2011, 'SDGS', GETDATE());
INSERT INTO "CONTENTSTIME" (MAINTABLE, CONTENTS, TIMEPERIOD, USERID, LOGDATE) VALUES ('S3bC030b0201', 'OBS_VALUE', 2012, 'SDGS', GETDATE());
INSERT INTO "CONTENTSTIME" (MAINTABLE, CONTENTS, TIMEPERIOD, USERID, LOGDATE) VALUES ('S3bC030b0201', 'OBS_VALUE', 2013, 'SDGS', GETDATE());
INSERT INTO "CONTENTSTIME" (MAINTABLE, CONTENTS, TIMEPERIOD, USERID, LOGDATE) VALUES ('S3bC030b0201', 'OBS_VALUE', 2014, 'SDGS', GETDATE());
INSERT INTO "CONTENTSTIME" (MAINTABLE, CONTENTS, TIMEPERIOD, USERID, LOGDATE) VALUES ('S3bC030b0201', 'OBS_VALUE', 2015, 'SDGS', GETDATE());
INSERT INTO "CONTENTSTIME" (MAINTABLE, CONTENTS, TIMEPERIOD, USERID, LOGDATE) VALUES ('S3bC030b0201', 'OBS_VALUE', 2016, 'SDGS', GETDATE());
INSERT INTO "CONTENTSTIME" (MAINTABLE, CONTENTS, TIMEPERIOD, USERID, LOGDATE) VALUES ('S3bC030b0201', 'OBS_VALUE', 2017, 'SDGS', GETDATE());
INSERT INTO "CONTENTSTIME" (MAINTABLE, CONTENTS, TIMEPERIOD, USERID, LOGDATE) VALUES ('S3bC030b0201', 'OBS_VALUE', 2018, 'SDGS', GETDATE());
INSERT INTO "CONTENTSTIME" (MAINTABLE, CONTENTS, TIMEPERIOD, USERID, LOGDATE) VALUES ('S3bC030b0201', 'OBS_VALUE', 2019, 'SDGS', GETDATE());
IF EXISTS (SELECT 1 FROM SYS.VIEWS WHERE NAME = 'S3bC030b0201' AND TYPE  = 'v') DROP VIEW S3bC030b0201;
GO
CREATE VIEW S3bC030b0201 AS SELECT * FROM INDICATORDATA WHERE SUBINDICATOR_CODE = 'C030b02_01';
GO
INSERT INTO "MAINTABLE" (MAINTABLE, PRESTEXT, PRESTEXTS, PRESCATEGORY, TIMESCALE, USERID, LOGDATE, FIRSTPUBLISHED, TABLESTATUS, TABLEID, PRODUCTCODE, SPECCHAREXISTS, METAID, SUBJECTCODE, CONTENTSVARIABLE) VALUES  ('S3cC030c0101', 'code 3.c/C030c01_01/C030c01_01 - ???? ????? ?????????? ??????? ????????? ?????', 'SDGs Indicators', 'O', 'year', 'SDGS', GETDATE(), GETDATE(), 'A', 'S3cC030c0101', '001', 'N', '01', '01', 'ar: Sub Indicator');
INSERT INTO "MAINTABLE_ENG" (MAINTABLE, STATUS, PUBLISHED, PRESTEXT, PRESTEXTS, CONTENTSVARIABLE, USERID, LOGDATE) VALUES  ('S3cC030c0101', 'A', GETDATE(), 'code 3.c/C030c01_01/C030c01_01 - Health worker density and distribution, Physicians', 'SDGs Indicators', 'Sub Indicator', 'SDGS', GETDATE());
INSERT INTO "SECONDARYLANGUAGE" (MAINTABLE, LANGUAGE, COMPLETELYTRANSLATED,PUBLISHED, USERID, LOGDATE) VALUES  ('S3cC030c0101', 'en','Y', 'Y', 'SDGS', GETDATE());
INSERT INTO "CONTENTS" (MAINTABLE, CONTENTS, PRESTEXT, PRESCODE, COPYRIGHT, PRODUCER, LASTUPDATED, UNIT, PRESDECIMALS, PRESCELLSZERO, STOCKFA, DAYADJ, SEASADJ, FOOTNOTECONTENTS, FOOTNOTEVARIABLE, FOOTNOTEVALUE, STORECOLUMNNO, STOREFORMAT, STORENOCHAR, STOREDECIMALS, USERID, LOGDATE, PUBLISHED, PRESTEXTS, STATAUTHORITY, AGGREGPOSSIBLE, FOOTNOTETIME, METAID) VALUES  ('S3cC030c0101', 'OBS_VALUE', 'ar: Sustainable Development Goals - SDGs', 'DATA', '1', 'PCBS', GETDATE(), 'OBS_VALUE', '2', 'Y', 'F', 'N', 'N', 'N', 'N', 'N', '3', 'N', '17', '2', 'SDGS', GETDATE(), GETDATE(), 'C030c01_01', 'PCBS', 'N', 'N', '01');
INSERT INTO "CONTENTS_ENG" (MAINTABLE, CONTENTS, PRESTEXT, UNIT, USERID, LOGDATE, PRESTEXTS, REFPERIOD, BASEPERIOD)  VALUES  ('S3cC030c0101', 'OBS_VALUE', 'Sustainable Development Goals - SDGs',  'OBS_VALUE', 'SDGS', GETDATE(), 'C030c01_01', NULL,NULL);
INSERT INTO "SUBTABLE" (MAINTABLE, SUBTABLE, PRESTEXT, CLEANTABLE, USERID, LOGDATE) VALUES  ('S3cC030c0101', '', 'code 3.c/C030c01_01/C030c01_01 - ???? ????? ?????????? ??????? ????????? ?????', 'Y', 'SDGS', GETDATE());
INSERT INTO "SUBTABLE_ENG" (MAINTABLE, SUBTABLE, PRESTEXT, USERID, LOGDATE) VALUES  ('S3cC030c0101', '', 'code 3.c/C030c01_01/C030c01_01 - Health worker density and distribution, Physicians', 'SDGS', GETDATE());
INSERT INTO "SUBTABLEVARIABLE" (MAINTABLE, SUBTABLE, VARIABLE, VARIABLETYPE, STORECOLUMNNO, USERID, LOGDATE) VALUES ('S3cC030c0101', '', 'TIME_PERIOD', 'T', '1', 'SDGS', GETDATE());
INSERT INTO "CONTENTSTIME" (MAINTABLE, CONTENTS, TIMEPERIOD, USERID, LOGDATE) VALUES ('S3cC030c0101', 'OBS_VALUE', 2015, 'SDGS', GETDATE());
INSERT INTO "CONTENTSTIME" (MAINTABLE, CONTENTS, TIMEPERIOD, USERID, LOGDATE) VALUES ('S3cC030c0101', 'OBS_VALUE', 2016, 'SDGS', GETDATE());
INSERT INTO "CONTENTSTIME" (MAINTABLE, CONTENTS, TIMEPERIOD, USERID, LOGDATE) VALUES ('S3cC030c0101', 'OBS_VALUE', 2017, 'SDGS', GETDATE());
INSERT INTO "CONTENTSTIME" (MAINTABLE, CONTENTS, TIMEPERIOD, USERID, LOGDATE) VALUES ('S3cC030c0101', 'OBS_VALUE', 2018, 'SDGS', GETDATE());
INSERT INTO "CONTENTSTIME" (MAINTABLE, CONTENTS, TIMEPERIOD, USERID, LOGDATE) VALUES ('S3cC030c0101', 'OBS_VALUE', 2019, 'SDGS', GETDATE());
IF EXISTS (SELECT 1 FROM SYS.VIEWS WHERE NAME = 'S3cC030c0101' AND TYPE  = 'v') DROP VIEW S3cC030c0101;
GO
CREATE VIEW S3cC030c0101 AS SELECT * FROM INDICATORDATA WHERE SUBINDICATOR_CODE = 'C030c01_01';
GO
INSERT INTO "MAINTABLE" (MAINTABLE, PRESTEXT, PRESTEXTS, PRESCATEGORY, TIMESCALE, USERID, LOGDATE, FIRSTPUBLISHED, TABLESTATUS, TABLEID, PRODUCTCODE, SPECCHAREXISTS, METAID, SUBJECTCODE, CONTENTSVARIABLE) VALUES  ('S3cC030c0102', 'code 3.c/C030c01_02/C030c01_02 - ???? ????? ?????????? ??????? ????????? ????? ?????', 'SDGs Indicators', 'O', 'year', 'SDGS', GETDATE(), GETDATE(), 'A', 'S3cC030c0102', '001', 'N', '01', '01', 'ar: Sub Indicator');
INSERT INTO "MAINTABLE_ENG" (MAINTABLE, STATUS, PUBLISHED, PRESTEXT, PRESTEXTS, CONTENTSVARIABLE, USERID, LOGDATE) VALUES  ('S3cC030c0102', 'A', GETDATE(), 'code 3.c/C030c01_02/C030c01_02 - Health worker density and distribution, Dentists', 'SDGs Indicators', 'Sub Indicator', 'SDGS', GETDATE());
INSERT INTO "SECONDARYLANGUAGE" (MAINTABLE, LANGUAGE, COMPLETELYTRANSLATED,PUBLISHED, USERID, LOGDATE) VALUES  ('S3cC030c0102', 'en','Y', 'Y', 'SDGS', GETDATE());
INSERT INTO "CONTENTS" (MAINTABLE, CONTENTS, PRESTEXT, PRESCODE, COPYRIGHT, PRODUCER, LASTUPDATED, UNIT, PRESDECIMALS, PRESCELLSZERO, STOCKFA, DAYADJ, SEASADJ, FOOTNOTECONTENTS, FOOTNOTEVARIABLE, FOOTNOTEVALUE, STORECOLUMNNO, STOREFORMAT, STORENOCHAR, STOREDECIMALS, USERID, LOGDATE, PUBLISHED, PRESTEXTS, STATAUTHORITY, AGGREGPOSSIBLE, FOOTNOTETIME, METAID) VALUES  ('S3cC030c0102', 'OBS_VALUE', 'ar: Sustainable Development Goals - SDGs', 'DATA', '1', 'PCBS', GETDATE(), 'OBS_VALUE', '2', 'Y', 'F', 'N', 'N', 'N', 'N', 'N', '3', 'N', '17', '2', 'SDGS', GETDATE(), GETDATE(), 'C030c01_02', 'PCBS', 'N', 'N', '01');
INSERT INTO "CONTENTS_ENG" (MAINTABLE, CONTENTS, PRESTEXT, UNIT, USERID, LOGDATE, PRESTEXTS, REFPERIOD, BASEPERIOD)  VALUES  ('S3cC030c0102', 'OBS_VALUE', 'Sustainable Development Goals - SDGs',  'OBS_VALUE', 'SDGS', GETDATE(), 'C030c01_02', NULL,NULL);
INSERT INTO "SUBTABLE" (MAINTABLE, SUBTABLE, PRESTEXT, CLEANTABLE, USERID, LOGDATE) VALUES  ('S3cC030c0102', '', 'code 3.c/C030c01_02/C030c01_02 - ???? ????? ?????????? ??????? ????????? ????? ?????', 'Y', 'SDGS', GETDATE());
INSERT INTO "SUBTABLE_ENG" (MAINTABLE, SUBTABLE, PRESTEXT, USERID, LOGDATE) VALUES  ('S3cC030c0102', '', 'code 3.c/C030c01_02/C030c01_02 - Health worker density and distribution, Dentists', 'SDGS', GETDATE());
INSERT INTO "SUBTABLEVARIABLE" (MAINTABLE, SUBTABLE, VARIABLE, VARIABLETYPE, STORECOLUMNNO, USERID, LOGDATE) VALUES ('S3cC030c0102', '', 'TIME_PERIOD', 'T', '1', 'SDGS', GETDATE());
INSERT INTO "CONTENTSTIME" (MAINTABLE, CONTENTS, TIMEPERIOD, USERID, LOGDATE) VALUES ('S3cC030c0102', 'OBS_VALUE', 2015, 'SDGS', GETDATE());
INSERT INTO "CONTENTSTIME" (MAINTABLE, CONTENTS, TIMEPERIOD, USERID, LOGDATE) VALUES ('S3cC030c0102', 'OBS_VALUE', 2016, 'SDGS', GETDATE());
INSERT INTO "CONTENTSTIME" (MAINTABLE, CONTENTS, TIMEPERIOD, USERID, LOGDATE) VALUES ('S3cC030c0102', 'OBS_VALUE', 2017, 'SDGS', GETDATE());
INSERT INTO "CONTENTSTIME" (MAINTABLE, CONTENTS, TIMEPERIOD, USERID, LOGDATE) VALUES ('S3cC030c0102', 'OBS_VALUE', 2018, 'SDGS', GETDATE());
INSERT INTO "CONTENTSTIME" (MAINTABLE, CONTENTS, TIMEPERIOD, USERID, LOGDATE) VALUES ('S3cC030c0102', 'OBS_VALUE', 2019, 'SDGS', GETDATE());
IF EXISTS (SELECT 1 FROM SYS.VIEWS WHERE NAME = 'S3cC030c0102' AND TYPE  = 'v') DROP VIEW S3cC030c0102;
GO
CREATE VIEW S3cC030c0102 AS SELECT * FROM INDICATORDATA WHERE SUBINDICATOR_CODE = 'C030c01_02';
GO
INSERT INTO "MAINTABLE" (MAINTABLE, PRESTEXT, PRESTEXTS, PRESCATEGORY, TIMESCALE, USERID, LOGDATE, FIRSTPUBLISHED, TABLESTATUS, TABLEID, PRODUCTCODE, SPECCHAREXISTS, METAID, SUBJECTCODE, CONTENTSVARIABLE) VALUES  ('S3cC030c0103', 'code 3.c/C030c01_03/C030c01_03 - ???? ????? ?????????? ??????? ????????? ??????', 'SDGs Indicators', 'O', 'year', 'SDGS', GETDATE(), GETDATE(), 'A', 'S3cC030c0103', '001', 'N', '01', '01', 'ar: Sub Indicator');
INSERT INTO "MAINTABLE_ENG" (MAINTABLE, STATUS, PUBLISHED, PRESTEXT, PRESTEXTS, CONTENTSVARIABLE, USERID, LOGDATE) VALUES  ('S3cC030c0103', 'A', GETDATE(), 'code 3.c/C030c01_03/C030c01_03 - Health worker density and distribution, Pharmacist', 'SDGs Indicators', 'Sub Indicator', 'SDGS', GETDATE());
INSERT INTO "SECONDARYLANGUAGE" (MAINTABLE, LANGUAGE, COMPLETELYTRANSLATED,PUBLISHED, USERID, LOGDATE) VALUES  ('S3cC030c0103', 'en','Y', 'Y', 'SDGS', GETDATE());
INSERT INTO "CONTENTS" (MAINTABLE, CONTENTS, PRESTEXT, PRESCODE, COPYRIGHT, PRODUCER, LASTUPDATED, UNIT, PRESDECIMALS, PRESCELLSZERO, STOCKFA, DAYADJ, SEASADJ, FOOTNOTECONTENTS, FOOTNOTEVARIABLE, FOOTNOTEVALUE, STORECOLUMNNO, STOREFORMAT, STORENOCHAR, STOREDECIMALS, USERID, LOGDATE, PUBLISHED, PRESTEXTS, STATAUTHORITY, AGGREGPOSSIBLE, FOOTNOTETIME, METAID) VALUES  ('S3cC030c0103', 'OBS_VALUE', 'ar: Sustainable Development Goals - SDGs', 'DATA', '1', 'PCBS', GETDATE(), 'OBS_VALUE', '2', 'Y', 'F', 'N', 'N', 'N', 'N', 'N', '3', 'N', '17', '2', 'SDGS', GETDATE(), GETDATE(), 'C030c01_03', 'PCBS', 'N', 'N', '01');
INSERT INTO "CONTENTS_ENG" (MAINTABLE, CONTENTS, PRESTEXT, UNIT, USERID, LOGDATE, PRESTEXTS, REFPERIOD, BASEPERIOD)  VALUES  ('S3cC030c0103', 'OBS_VALUE', 'Sustainable Development Goals - SDGs',  'OBS_VALUE', 'SDGS', GETDATE(), 'C030c01_03', NULL,NULL);
INSERT INTO "SUBTABLE" (MAINTABLE, SUBTABLE, PRESTEXT, CLEANTABLE, USERID, LOGDATE) VALUES  ('S3cC030c0103', '', 'code 3.c/C030c01_03/C030c01_03 - ???? ????? ?????????? ??????? ????????? ??????', 'Y', 'SDGS', GETDATE());
INSERT INTO "SUBTABLE_ENG" (MAINTABLE, SUBTABLE, PRESTEXT, USERID, LOGDATE) VALUES  ('S3cC030c0103', '', 'code 3.c/C030c01_03/C030c01_03 - Health worker density and distribution, Pharmacist', 'SDGS', GETDATE());
INSERT INTO "SUBTABLEVARIABLE" (MAINTABLE, SUBTABLE, VARIABLE, VARIABLETYPE, STORECOLUMNNO, USERID, LOGDATE) VALUES ('S3cC030c0103', '', 'TIME_PERIOD', 'T', '1', 'SDGS', GETDATE());
INSERT INTO "CONTENTSTIME" (MAINTABLE, CONTENTS, TIMEPERIOD, USERID, LOGDATE) VALUES ('S3cC030c0103', 'OBS_VALUE', 2015, 'SDGS', GETDATE());
INSERT INTO "CONTENTSTIME" (MAINTABLE, CONTENTS, TIMEPERIOD, USERID, LOGDATE) VALUES ('S3cC030c0103', 'OBS_VALUE', 2016, 'SDGS', GETDATE());
INSERT INTO "CONTENTSTIME" (MAINTABLE, CONTENTS, TIMEPERIOD, USERID, LOGDATE) VALUES ('S3cC030c0103', 'OBS_VALUE', 2017, 'SDGS', GETDATE());
INSERT INTO "CONTENTSTIME" (MAINTABLE, CONTENTS, TIMEPERIOD, USERID, LOGDATE) VALUES ('S3cC030c0103', 'OBS_VALUE', 2018, 'SDGS', GETDATE());
INSERT INTO "CONTENTSTIME" (MAINTABLE, CONTENTS, TIMEPERIOD, USERID, LOGDATE) VALUES ('S3cC030c0103', 'OBS_VALUE', 2019, 'SDGS', GETDATE());
IF EXISTS (SELECT 1 FROM SYS.VIEWS WHERE NAME = 'S3cC030c0103' AND TYPE  = 'v') DROP VIEW S3cC030c0103;
GO
CREATE VIEW S3cC030c0103 AS SELECT * FROM INDICATORDATA WHERE SUBINDICATOR_CODE = 'C030c01_03';
GO
INSERT INTO "MAINTABLE" (MAINTABLE, PRESTEXT, PRESTEXTS, PRESCATEGORY, TIMESCALE, USERID, LOGDATE, FIRSTPUBLISHED, TABLESTATUS, TABLEID, PRODUCTCODE, SPECCHAREXISTS, METAID, SUBJECTCODE, CONTENTSVARIABLE) VALUES  ('S3cC030c0104', 'code 3.c/C030c01_04/C030c01_04 - ??? ????? ?????????? ??????? ????????? ??????', 'SDGs Indicators', 'O', 'year', 'SDGS', GETDATE(), GETDATE(), 'A', 'S3cC030c0104', '001', 'N', '01', '01', 'ar: Sub Indicator');
INSERT INTO "MAINTABLE_ENG" (MAINTABLE, STATUS, PUBLISHED, PRESTEXT, PRESTEXTS, CONTENTSVARIABLE, USERID, LOGDATE) VALUES  ('S3cC030c0104', 'A', GETDATE(), 'code 3.c/C030c01_04/C030c01_04 - Health worker density and distribution, Nursing', 'SDGs Indicators', 'Sub Indicator', 'SDGS', GETDATE());
INSERT INTO "SECONDARYLANGUAGE" (MAINTABLE, LANGUAGE, COMPLETELYTRANSLATED,PUBLISHED, USERID, LOGDATE) VALUES  ('S3cC030c0104', 'en','Y', 'Y', 'SDGS', GETDATE());
INSERT INTO "CONTENTS" (MAINTABLE, CONTENTS, PRESTEXT, PRESCODE, COPYRIGHT, PRODUCER, LASTUPDATED, UNIT, PRESDECIMALS, PRESCELLSZERO, STOCKFA, DAYADJ, SEASADJ, FOOTNOTECONTENTS, FOOTNOTEVARIABLE, FOOTNOTEVALUE, STORECOLUMNNO, STOREFORMAT, STORENOCHAR, STOREDECIMALS, USERID, LOGDATE, PUBLISHED, PRESTEXTS, STATAUTHORITY, AGGREGPOSSIBLE, FOOTNOTETIME, METAID) VALUES  ('S3cC030c0104', 'OBS_VALUE', 'ar: Sustainable Development Goals - SDGs', 'DATA', '1', 'PCBS', GETDATE(), 'OBS_VALUE', '2', 'Y', 'F', 'N', 'N', 'N', 'N', 'N', '3', 'N', '17', '2', 'SDGS', GETDATE(), GETDATE(), 'C030c01_04', 'PCBS', 'N', 'N', '01');
INSERT INTO "CONTENTS_ENG" (MAINTABLE, CONTENTS, PRESTEXT, UNIT, USERID, LOGDATE, PRESTEXTS, REFPERIOD, BASEPERIOD)  VALUES  ('S3cC030c0104', 'OBS_VALUE', 'Sustainable Development Goals - SDGs',  'OBS_VALUE', 'SDGS', GETDATE(), 'C030c01_04', NULL,NULL);
INSERT INTO "SUBTABLE" (MAINTABLE, SUBTABLE, PRESTEXT, CLEANTABLE, USERID, LOGDATE) VALUES  ('S3cC030c0104', '', 'code 3.c/C030c01_04/C030c01_04 - ??? ????? ?????????? ??????? ????????? ??????', 'Y', 'SDGS', GETDATE());
INSERT INTO "SUBTABLE_ENG" (MAINTABLE, SUBTABLE, PRESTEXT, USERID, LOGDATE) VALUES  ('S3cC030c0104', '', 'code 3.c/C030c01_04/C030c01_04 - Health worker density and distribution, Nursing', 'SDGS', GETDATE());
INSERT INTO "SUBTABLEVARIABLE" (MAINTABLE, SUBTABLE, VARIABLE, VARIABLETYPE, STORECOLUMNNO, USERID, LOGDATE) VALUES ('S3cC030c0104', '', 'TIME_PERIOD', 'T', '1', 'SDGS', GETDATE());
INSERT INTO "CONTENTSTIME" (MAINTABLE, CONTENTS, TIMEPERIOD, USERID, LOGDATE) VALUES ('S3cC030c0104', 'OBS_VALUE', 2015, 'SDGS', GETDATE());
INSERT INTO "CONTENTSTIME" (MAINTABLE, CONTENTS, TIMEPERIOD, USERID, LOGDATE) VALUES ('S3cC030c0104', 'OBS_VALUE', 2016, 'SDGS', GETDATE());
INSERT INTO "CONTENTSTIME" (MAINTABLE, CONTENTS, TIMEPERIOD, USERID, LOGDATE) VALUES ('S3cC030c0104', 'OBS_VALUE', 2017, 'SDGS', GETDATE());
INSERT INTO "CONTENTSTIME" (MAINTABLE, CONTENTS, TIMEPERIOD, USERID, LOGDATE) VALUES ('S3cC030c0104', 'OBS_VALUE', 2018, 'SDGS', GETDATE());
INSERT INTO "CONTENTSTIME" (MAINTABLE, CONTENTS, TIMEPERIOD, USERID, LOGDATE) VALUES ('S3cC030c0104', 'OBS_VALUE', 2019, 'SDGS', GETDATE());
IF EXISTS (SELECT 1 FROM SYS.VIEWS WHERE NAME = 'S3cC030c0104' AND TYPE  = 'v') DROP VIEW S3cC030c0104;
GO
CREATE VIEW S3cC030c0104 AS SELECT * FROM INDICATORDATA WHERE SUBINDICATOR_CODE = 'C030c01_04';
GO
INSERT INTO "MAINTABLE" (MAINTABLE, PRESTEXT, PRESTEXTS, PRESCATEGORY, TIMESCALE, USERID, LOGDATE, FIRSTPUBLISHED, TABLESTATUS, TABLEID, PRODUCTCODE, SPECCHAREXISTS, METAID, SUBJECTCODE, CONTENTSVARIABLE) VALUES  ('S3cC030c0105', 'code 3.c/C030c01_05/C030c01_05 - ???? ????? ?????????? ??????? ????????? ?????', 'SDGs Indicators', 'O', 'year', 'SDGS', GETDATE(), GETDATE(), 'A', 'S3cC030c0105', '001', 'N', '01', '01', 'ar: Sub Indicator');
INSERT INTO "MAINTABLE_ENG" (MAINTABLE, STATUS, PUBLISHED, PRESTEXT, PRESTEXTS, CONTENTSVARIABLE, USERID, LOGDATE) VALUES  ('S3cC030c0105', 'A', GETDATE(), 'code 3.c/C030c01_05/C030c01_05 - Health worker density and distribution, Midwifery', 'SDGs Indicators', 'Sub Indicator', 'SDGS', GETDATE());
INSERT INTO "SECONDARYLANGUAGE" (MAINTABLE, LANGUAGE, COMPLETELYTRANSLATED,PUBLISHED, USERID, LOGDATE) VALUES  ('S3cC030c0105', 'en','Y', 'Y', 'SDGS', GETDATE());
INSERT INTO "CONTENTS" (MAINTABLE, CONTENTS, PRESTEXT, PRESCODE, COPYRIGHT, PRODUCER, LASTUPDATED, UNIT, PRESDECIMALS, PRESCELLSZERO, STOCKFA, DAYADJ, SEASADJ, FOOTNOTECONTENTS, FOOTNOTEVARIABLE, FOOTNOTEVALUE, STORECOLUMNNO, STOREFORMAT, STORENOCHAR, STOREDECIMALS, USERID, LOGDATE, PUBLISHED, PRESTEXTS, STATAUTHORITY, AGGREGPOSSIBLE, FOOTNOTETIME, METAID) VALUES  ('S3cC030c0105', 'OBS_VALUE', 'ar: Sustainable Development Goals - SDGs', 'DATA', '1', 'PCBS', GETDATE(), 'OBS_VALUE', '2', 'Y', 'F', 'N', 'N', 'N', 'N', 'N', '3', 'N', '17', '2', 'SDGS', GETDATE(), GETDATE(), 'C030c01_05', 'PCBS', 'N', 'N', '01');
INSERT INTO "CONTENTS_ENG" (MAINTABLE, CONTENTS, PRESTEXT, UNIT, USERID, LOGDATE, PRESTEXTS, REFPERIOD, BASEPERIOD)  VALUES  ('S3cC030c0105', 'OBS_VALUE', 'Sustainable Development Goals - SDGs',  'OBS_VALUE', 'SDGS', GETDATE(), 'C030c01_05', NULL,NULL);
INSERT INTO "SUBTABLE" (MAINTABLE, SUBTABLE, PRESTEXT, CLEANTABLE, USERID, LOGDATE) VALUES  ('S3cC030c0105', '', 'code 3.c/C030c01_05/C030c01_05 - ???? ????? ?????????? ??????? ????????? ?????', 'Y', 'SDGS', GETDATE());
INSERT INTO "SUBTABLE_ENG" (MAINTABLE, SUBTABLE, PRESTEXT, USERID, LOGDATE) VALUES  ('S3cC030c0105', '', 'code 3.c/C030c01_05/C030c01_05 - Health worker density and distribution, Midwifery', 'SDGS', GETDATE());
INSERT INTO "SUBTABLEVARIABLE" (MAINTABLE, SUBTABLE, VARIABLE, VARIABLETYPE, STORECOLUMNNO, USERID, LOGDATE) VALUES ('S3cC030c0105', '', 'TIME_PERIOD', 'T', '1', 'SDGS', GETDATE());
INSERT INTO "CONTENTSTIME" (MAINTABLE, CONTENTS, TIMEPERIOD, USERID, LOGDATE) VALUES ('S3cC030c0105', 'OBS_VALUE', 2015, 'SDGS', GETDATE());
INSERT INTO "CONTENTSTIME" (MAINTABLE, CONTENTS, TIMEPERIOD, USERID, LOGDATE) VALUES ('S3cC030c0105', 'OBS_VALUE', 2016, 'SDGS', GETDATE());
INSERT INTO "CONTENTSTIME" (MAINTABLE, CONTENTS, TIMEPERIOD, USERID, LOGDATE) VALUES ('S3cC030c0105', 'OBS_VALUE', 2017, 'SDGS', GETDATE());
INSERT INTO "CONTENTSTIME" (MAINTABLE, CONTENTS, TIMEPERIOD, USERID, LOGDATE) VALUES ('S3cC030c0105', 'OBS_VALUE', 2018, 'SDGS', GETDATE());
INSERT INTO "CONTENTSTIME" (MAINTABLE, CONTENTS, TIMEPERIOD, USERID, LOGDATE) VALUES ('S3cC030c0105', 'OBS_VALUE', 2019, 'SDGS', GETDATE());
IF EXISTS (SELECT 1 FROM SYS.VIEWS WHERE NAME = 'S3cC030c0105' AND TYPE  = 'v') DROP VIEW S3cC030c0105;
GO
CREATE VIEW S3cC030c0105 AS SELECT * FROM INDICATORDATA WHERE SUBINDICATOR_CODE = 'C030c01_05';
GO
INSERT INTO "MAINTABLE" (MAINTABLE, PRESTEXT, PRESTEXTS, PRESCATEGORY, TIMESCALE, USERID, LOGDATE, FIRSTPUBLISHED, TABLESTATUS, TABLEID, PRODUCTCODE, SPECCHAREXISTS, METAID, SUBJECTCODE, CONTENTSVARIABLE) VALUES  ('S41C04010101', 'code 4.1/C040101_01/C040101_01 - ?????? ??????? ??????? ????????? ?? ???? ?????? ??????? ?????? ?????? ?????? ??????? ????????', 'SDGs Indicators', 'O', 'year', 'SDGS', GETDATE(), GETDATE(), 'A', 'S41C04010101', '001', 'N', '01', '01', 'ar: Sub Indicator');
INSERT INTO "MAINTABLE_ENG" (MAINTABLE, STATUS, PUBLISHED, PRESTEXT, PRESTEXTS, CONTENTSVARIABLE, USERID, LOGDATE) VALUES  ('S41C04010101', 'A', GETDATE(), 'code 4.1/C040101_01/C040101_01 - Percentage of children in grades 2\3who demonstrated foundational reading skills', 'SDGs Indicators', 'Sub Indicator', 'SDGS', GETDATE());
INSERT INTO "SECONDARYLANGUAGE" (MAINTABLE, LANGUAGE, COMPLETELYTRANSLATED,PUBLISHED, USERID, LOGDATE) VALUES  ('S41C04010101', 'en','Y', 'Y', 'SDGS', GETDATE());
INSERT INTO "CONTENTS" (MAINTABLE, CONTENTS, PRESTEXT, PRESCODE, COPYRIGHT, PRODUCER, LASTUPDATED, UNIT, PRESDECIMALS, PRESCELLSZERO, STOCKFA, DAYADJ, SEASADJ, FOOTNOTECONTENTS, FOOTNOTEVARIABLE, FOOTNOTEVALUE, STORECOLUMNNO, STOREFORMAT, STORENOCHAR, STOREDECIMALS, USERID, LOGDATE, PUBLISHED, PRESTEXTS, STATAUTHORITY, AGGREGPOSSIBLE, FOOTNOTETIME, METAID) VALUES  ('S41C04010101', 'OBS_VALUE', 'ar: Sustainable Development Goals - SDGs', 'DATA', '1', 'PCBS', GETDATE(), 'OBS_VALUE', '2', 'Y', 'F', 'N', 'N', 'N', 'N', 'N', '3', 'N', '17', '2', 'SDGS', GETDATE(), GETDATE(), 'C040101_01', 'PCBS', 'N', 'N', '01');
INSERT INTO "CONTENTS_ENG" (MAINTABLE, CONTENTS, PRESTEXT, UNIT, USERID, LOGDATE, PRESTEXTS, REFPERIOD, BASEPERIOD)  VALUES  ('S41C04010101', 'OBS_VALUE', 'Sustainable Development Goals - SDGs',  'OBS_VALUE', 'SDGS', GETDATE(), 'C040101_01', NULL,NULL);
INSERT INTO "SUBTABLE" (MAINTABLE, SUBTABLE, PRESTEXT, CLEANTABLE, USERID, LOGDATE) VALUES  ('S41C04010101', '', 'code 4.1/C040101_01/C040101_01 - ?????? ??????? ??????? ????????? ?? ???? ?????? ??????? ?????? ?????? ?????? ??????? ????????', 'Y', 'SDGS', GETDATE());
INSERT INTO "SUBTABLE_ENG" (MAINTABLE, SUBTABLE, PRESTEXT, USERID, LOGDATE) VALUES  ('S41C04010101', '', 'code 4.1/C040101_01/C040101_01 - Percentage of children in grades 2\3who demonstrated foundational reading skills', 'SDGS', GETDATE());
INSERT INTO "SUBTABLEVARIABLE" (MAINTABLE, SUBTABLE, VARIABLE, VARIABLETYPE, STORECOLUMNNO, USERID, LOGDATE) VALUES ('S41C04010101', '', 'TIME_PERIOD', 'T', '1', 'SDGS', GETDATE());
INSERT INTO "CONTENTSTIME" (MAINTABLE, CONTENTS, TIMEPERIOD, USERID, LOGDATE) VALUES ('S41C04010101', 'OBS_VALUE', 2019, 'SDGS', GETDATE());
INSERT INTO "VALUESET" (VALUESET, PRESTEXT, DESCRIPTION, ELIMINATION, VALUEPOOL, METAID, FOOTNOTE, USERID, LOGDATE, VALUEPRES, SORTCODEEXISTS) VALUES ('VSREF_AREA_C040101_01', 'Hmm', 'None', 'A', 'VPREF_AREA', '0', 'N', 'SDGS', GETDATE(), 'T', 'N');
INSERT INTO "VALUESET_ENG" (VALUESET, PRESTEXT, DESCRIPTION, USERID, LOGDATE) VALUES ('VSREF_AREA_C040101_01', 'Hmm', 'None', 'SDGS', GETDATE());
INSERT INTO "VSVALUE" (VALUESET, VALUEPOOL, VALUECODE, USERID, LOGDATE) VALUES ('VSREF_AREA_C040101_01', 'VPREF_AREA', '1', 'SDGS', GETDATE());
INSERT INTO "VSVALUE_ENG" (VALUESET, VALUEPOOL, VALUECODE, USERID, LOGDATE) VALUES ('VSREF_AREA_C040101_01', 'VPREF_AREA', '1', 'SDGS', GETDATE());
INSERT INTO "VSVALUE" (VALUESET, VALUEPOOL, VALUECODE, USERID, LOGDATE) VALUES ('VSREF_AREA_C040101_01', 'VPREF_AREA', '2', 'SDGS', GETDATE());
INSERT INTO "VSVALUE_ENG" (VALUESET, VALUEPOOL, VALUECODE, USERID, LOGDATE) VALUES ('VSREF_AREA_C040101_01', 'VPREF_AREA', '2', 'SDGS', GETDATE());
INSERT INTO "VSVALUE" (VALUESET, VALUEPOOL, VALUECODE, USERID, LOGDATE) VALUES ('VSREF_AREA_C040101_01', 'VPREF_AREA', '3', 'SDGS', GETDATE());
INSERT INTO "VSVALUE_ENG" (VALUESET, VALUEPOOL, VALUECODE, USERID, LOGDATE) VALUES ('VSREF_AREA_C040101_01', 'VPREF_AREA', '3', 'SDGS', GETDATE());
INSERT INTO "SUBTABLEVARIABLE" (MAINTABLE, SUBTABLE, VARIABLE, VALUESET, VARIABLETYPE, STORECOLUMNNO, USERID, LOGDATE) VALUES ('S41C04010101', '', 'REF_AREA', 'VSREF_AREA_C040101_01', 'V', '1', 'SDGS', GETDATE());
INSERT INTO "VALUESET" (VALUESET, PRESTEXT, DESCRIPTION, ELIMINATION, VALUEPOOL, METAID, FOOTNOTE, USERID, LOGDATE, VALUEPRES, SORTCODEEXISTS) VALUES ('VSSEX_C040101_01', 'Hmm', 'None', 'A', 'VPSEX', '0', 'N', 'SDGS', GETDATE(), 'T', 'N');
INSERT INTO "VALUESET_ENG" (VALUESET, PRESTEXT, DESCRIPTION, USERID, LOGDATE) VALUES ('VSSEX_C040101_01', 'Hmm', 'None', 'SDGS', GETDATE());
INSERT INTO "VSVALUE" (VALUESET, VALUEPOOL, VALUECODE, USERID, LOGDATE) VALUES ('VSSEX_C040101_01', 'VPSEX', 'M', 'SDGS', GETDATE());
INSERT INTO "VSVALUE_ENG" (VALUESET, VALUEPOOL, VALUECODE, USERID, LOGDATE) VALUES ('VSSEX_C040101_01', 'VPSEX', 'M', 'SDGS', GETDATE());
INSERT INTO "VSVALUE" (VALUESET, VALUEPOOL, VALUECODE, USERID, LOGDATE) VALUES ('VSSEX_C040101_01', 'VPSEX', 'F', 'SDGS', GETDATE());
INSERT INTO "VSVALUE_ENG" (VALUESET, VALUEPOOL, VALUECODE, USERID, LOGDATE) VALUES ('VSSEX_C040101_01', 'VPSEX', 'F', 'SDGS', GETDATE());
INSERT INTO "VSVALUE" (VALUESET, VALUEPOOL, VALUECODE, USERID, LOGDATE) VALUES ('VSSEX_C040101_01', 'VPSEX', '_T', 'SDGS', GETDATE());
INSERT INTO "VSVALUE_ENG" (VALUESET, VALUEPOOL, VALUECODE, USERID, LOGDATE) VALUES ('VSSEX_C040101_01', 'VPSEX', '_T', 'SDGS', GETDATE());
INSERT INTO "SUBTABLEVARIABLE" (MAINTABLE, SUBTABLE, VARIABLE, VALUESET, VARIABLETYPE, STORECOLUMNNO, USERID, LOGDATE) VALUES ('S41C04010101', '', 'SEX', 'VSSEX_C040101_01', 'V', '1', 'SDGS', GETDATE());
IF EXISTS (SELECT 1 FROM SYS.VIEWS WHERE NAME = 'S41C04010101' AND TYPE  = 'v') DROP VIEW S41C04010101;
GO
CREATE VIEW S41C04010101 AS SELECT * FROM INDICATORDATA WHERE SUBINDICATOR_CODE = 'C040101_01';
GO
INSERT INTO "MAINTABLE" (MAINTABLE, PRESTEXT, PRESTEXTS, PRESCATEGORY, TIMESCALE, USERID, LOGDATE, FIRSTPUBLISHED, TABLESTATUS, TABLEID, PRODUCTCODE, SPECCHAREXISTS, METAID, SUBJECTCODE, CONTENTSVARIABLE) VALUES  ('S41C04010102', 'code 4.1/C040101_02/C040101_02 - ?????? ??????? ??????? ????????? ?? ??????? ????????* ?????? ?????? ?????? ??????? ????????', 'SDGs Indicators', 'O', 'year', 'SDGS', GETDATE(), GETDATE(), 'A', 'S41C04010102', '001', 'N', '01', '01', 'ar: Sub Indicator');
INSERT INTO "MAINTABLE_ENG" (MAINTABLE, STATUS, PUBLISHED, PRESTEXT, PRESTEXTS, CONTENTSVARIABLE, USERID, LOGDATE) VALUES  ('S41C04010102', 'A', GETDATE(), 'code 4.1/C040101_02/C040101_02 - Percentage of children at basic stage* who demonstrated foundational reading skills', 'SDGs Indicators', 'Sub Indicator', 'SDGS', GETDATE());
INSERT INTO "SECONDARYLANGUAGE" (MAINTABLE, LANGUAGE, COMPLETELYTRANSLATED,PUBLISHED, USERID, LOGDATE) VALUES  ('S41C04010102', 'en','Y', 'Y', 'SDGS', GETDATE());
INSERT INTO "CONTENTS" (MAINTABLE, CONTENTS, PRESTEXT, PRESCODE, COPYRIGHT, PRODUCER, LASTUPDATED, UNIT, PRESDECIMALS, PRESCELLSZERO, STOCKFA, DAYADJ, SEASADJ, FOOTNOTECONTENTS, FOOTNOTEVARIABLE, FOOTNOTEVALUE, STORECOLUMNNO, STOREFORMAT, STORENOCHAR, STOREDECIMALS, USERID, LOGDATE, PUBLISHED, PRESTEXTS, STATAUTHORITY, AGGREGPOSSIBLE, FOOTNOTETIME, METAID) VALUES  ('S41C04010102', 'OBS_VALUE', 'ar: Sustainable Development Goals - SDGs', 'DATA', '1', 'PCBS', GETDATE(), 'OBS_VALUE', '2', 'Y', 'F', 'N', 'N', 'N', 'N', 'N', '3', 'N', '17', '2', 'SDGS', GETDATE(), GETDATE(), 'C040101_02', 'PCBS', 'N', 'N', '01');
INSERT INTO "CONTENTS_ENG" (MAINTABLE, CONTENTS, PRESTEXT, UNIT, USERID, LOGDATE, PRESTEXTS, REFPERIOD, BASEPERIOD)  VALUES  ('S41C04010102', 'OBS_VALUE', 'Sustainable Development Goals - SDGs',  'OBS_VALUE', 'SDGS', GETDATE(), 'C040101_02', NULL,NULL);
INSERT INTO "SUBTABLE" (MAINTABLE, SUBTABLE, PRESTEXT, CLEANTABLE, USERID, LOGDATE) VALUES  ('S41C04010102', '', 'code 4.1/C040101_02/C040101_02 - ?????? ??????? ??????? ????????? ?? ??????? ????????* ?????? ?????? ?????? ??????? ????????', 'Y', 'SDGS', GETDATE());
INSERT INTO "SUBTABLE_ENG" (MAINTABLE, SUBTABLE, PRESTEXT, USERID, LOGDATE) VALUES  ('S41C04010102', '', 'code 4.1/C040101_02/C040101_02 - Percentage of children at basic stage* who demonstrated foundational reading skills', 'SDGS', GETDATE());
INSERT INTO "SUBTABLEVARIABLE" (MAINTABLE, SUBTABLE, VARIABLE, VARIABLETYPE, STORECOLUMNNO, USERID, LOGDATE) VALUES ('S41C04010102', '', 'TIME_PERIOD', 'T', '1', 'SDGS', GETDATE());
INSERT INTO "CONTENTSTIME" (MAINTABLE, CONTENTS, TIMEPERIOD, USERID, LOGDATE) VALUES ('S41C04010102', 'OBS_VALUE', 2019, 'SDGS', GETDATE());
INSERT INTO "VALUESET" (VALUESET, PRESTEXT, DESCRIPTION, ELIMINATION, VALUEPOOL, METAID, FOOTNOTE, USERID, LOGDATE, VALUEPRES, SORTCODEEXISTS) VALUES ('VSREF_AREA_C040101_02', 'Hmm', 'None', 'A', 'VPREF_AREA', '0', 'N', 'SDGS', GETDATE(), 'T', 'N');
INSERT INTO "VALUESET_ENG" (VALUESET, PRESTEXT, DESCRIPTION, USERID, LOGDATE) VALUES ('VSREF_AREA_C040101_02', 'Hmm', 'None', 'SDGS', GETDATE());
INSERT INTO "VSVALUE" (VALUESET, VALUEPOOL, VALUECODE, USERID, LOGDATE) VALUES ('VSREF_AREA_C040101_02', 'VPREF_AREA', '1', 'SDGS', GETDATE());
INSERT INTO "VSVALUE_ENG" (VALUESET, VALUEPOOL, VALUECODE, USERID, LOGDATE) VALUES ('VSREF_AREA_C040101_02', 'VPREF_AREA', '1', 'SDGS', GETDATE());
INSERT INTO "VSVALUE" (VALUESET, VALUEPOOL, VALUECODE, USERID, LOGDATE) VALUES ('VSREF_AREA_C040101_02', 'VPREF_AREA', '2', 'SDGS', GETDATE());
INSERT INTO "VSVALUE_ENG" (VALUESET, VALUEPOOL, VALUECODE, USERID, LOGDATE) VALUES ('VSREF_AREA_C040101_02', 'VPREF_AREA', '2', 'SDGS', GETDATE());
INSERT INTO "VSVALUE" (VALUESET, VALUEPOOL, VALUECODE, USERID, LOGDATE) VALUES ('VSREF_AREA_C040101_02', 'VPREF_AREA', '3', 'SDGS', GETDATE());
INSERT INTO "VSVALUE_ENG" (VALUESET, VALUEPOOL, VALUECODE, USERID, LOGDATE) VALUES ('VSREF_AREA_C040101_02', 'VPREF_AREA', '3', 'SDGS', GETDATE());
INSERT INTO "SUBTABLEVARIABLE" (MAINTABLE, SUBTABLE, VARIABLE, VALUESET, VARIABLETYPE, STORECOLUMNNO, USERID, LOGDATE) VALUES ('S41C04010102', '', 'REF_AREA', 'VSREF_AREA_C040101_02', 'V', '1', 'SDGS', GETDATE());
INSERT INTO "VALUESET" (VALUESET, PRESTEXT, DESCRIPTION, ELIMINATION, VALUEPOOL, METAID, FOOTNOTE, USERID, LOGDATE, VALUEPRES, SORTCODEEXISTS) VALUES ('VSSEX_C040101_02', 'Hmm', 'None', 'A', 'VPSEX', '0', 'N', 'SDGS', GETDATE(), 'T', 'N');
INSERT INTO "VALUESET_ENG" (VALUESET, PRESTEXT, DESCRIPTION, USERID, LOGDATE) VALUES ('VSSEX_C040101_02', 'Hmm', 'None', 'SDGS', GETDATE());
INSERT INTO "VSVALUE" (VALUESET, VALUEPOOL, VALUECODE, USERID, LOGDATE) VALUES ('VSSEX_C040101_02', 'VPSEX', 'M', 'SDGS', GETDATE());
INSERT INTO "VSVALUE_ENG" (VALUESET, VALUEPOOL, VALUECODE, USERID, LOGDATE) VALUES ('VSSEX_C040101_02', 'VPSEX', 'M', 'SDGS', GETDATE());
INSERT INTO "VSVALUE" (VALUESET, VALUEPOOL, VALUECODE, USERID, LOGDATE) VALUES ('VSSEX_C040101_02', 'VPSEX', 'F', 'SDGS', GETDATE());
INSERT INTO "VSVALUE_ENG" (VALUESET, VALUEPOOL, VALUECODE, USERID, LOGDATE) VALUES ('VSSEX_C040101_02', 'VPSEX', 'F', 'SDGS', GETDATE());
INSERT INTO "VSVALUE" (VALUESET, VALUEPOOL, VALUECODE, USERID, LOGDATE) VALUES ('VSSEX_C040101_02', 'VPSEX', '_T', 'SDGS', GETDATE());
INSERT INTO "VSVALUE_ENG" (VALUESET, VALUEPOOL, VALUECODE, USERID, LOGDATE) VALUES ('VSSEX_C040101_02', 'VPSEX', '_T', 'SDGS', GETDATE());
INSERT INTO "SUBTABLEVARIABLE" (MAINTABLE, SUBTABLE, VARIABLE, VALUESET, VARIABLETYPE, STORECOLUMNNO, USERID, LOGDATE) VALUES ('S41C04010102', '', 'SEX', 'VSSEX_C040101_02', 'V', '1', 'SDGS', GETDATE());
IF EXISTS (SELECT 1 FROM SYS.VIEWS WHERE NAME = 'S41C04010102' AND TYPE  = 'v') DROP VIEW S41C04010102;
GO
CREATE VIEW S41C04010102 AS SELECT * FROM INDICATORDATA WHERE SUBINDICATOR_CODE = 'C040101_02';
GO
INSERT INTO "MAINTABLE" (MAINTABLE, PRESTEXT, PRESTEXTS, PRESCATEGORY, TIMESCALE, USERID, LOGDATE, FIRSTPUBLISHED, TABLESTATUS, TABLEID, PRODUCTCODE, SPECCHAREXISTS, METAID, SUBJECTCODE, CONTENTSVARIABLE) VALUES  ('S41C04010103', 'code 4.1/C040101_03/C040101_03 - ?????? ??????? ??????? ??? ???? ?????? ??????? ?????? ?????? ?????? ?????? ????????', 'SDGs Indicators', 'O', 'year', 'SDGS', GETDATE(), GETDATE(), 'A', 'S41C04010103', '001', 'N', '01', '01', 'ar: Sub Indicator');
INSERT INTO "MAINTABLE_ENG" (MAINTABLE, STATUS, PUBLISHED, PRESTEXT, PRESTEXTS, CONTENTSVARIABLE, USERID, LOGDATE) VALUES  ('S41C04010103', 'A', GETDATE(), 'code 4.1/C040101_03/C040101_03 - Percentage of children in grades 2\3 who demonstrate foundational numeracy skills', 'SDGs Indicators', 'Sub Indicator', 'SDGS', GETDATE());
INSERT INTO "SECONDARYLANGUAGE" (MAINTABLE, LANGUAGE, COMPLETELYTRANSLATED,PUBLISHED, USERID, LOGDATE) VALUES  ('S41C04010103', 'en','Y', 'Y', 'SDGS', GETDATE());
INSERT INTO "CONTENTS" (MAINTABLE, CONTENTS, PRESTEXT, PRESCODE, COPYRIGHT, PRODUCER, LASTUPDATED, UNIT, PRESDECIMALS, PRESCELLSZERO, STOCKFA, DAYADJ, SEASADJ, FOOTNOTECONTENTS, FOOTNOTEVARIABLE, FOOTNOTEVALUE, STORECOLUMNNO, STOREFORMAT, STORENOCHAR, STOREDECIMALS, USERID, LOGDATE, PUBLISHED, PRESTEXTS, STATAUTHORITY, AGGREGPOSSIBLE, FOOTNOTETIME, METAID) VALUES  ('S41C04010103', 'OBS_VALUE', 'ar: Sustainable Development Goals - SDGs', 'DATA', '1', 'PCBS', GETDATE(), 'OBS_VALUE', '2', 'Y', 'F', 'N', 'N', 'N', 'N', 'N', '3', 'N', '17', '2', 'SDGS', GETDATE(), GETDATE(), 'C040101_03', 'PCBS', 'N', 'N', '01');
INSERT INTO "CONTENTS_ENG" (MAINTABLE, CONTENTS, PRESTEXT, UNIT, USERID, LOGDATE, PRESTEXTS, REFPERIOD, BASEPERIOD)  VALUES  ('S41C04010103', 'OBS_VALUE', 'Sustainable Development Goals - SDGs',  'OBS_VALUE', 'SDGS', GETDATE(), 'C040101_03', NULL,NULL);
INSERT INTO "SUBTABLE" (MAINTABLE, SUBTABLE, PRESTEXT, CLEANTABLE, USERID, LOGDATE) VALUES  ('S41C04010103', '', 'code 4.1/C040101_03/C040101_03 - ?????? ??????? ??????? ??? ???? ?????? ??????? ?????? ?????? ?????? ?????? ????????', 'Y', 'SDGS', GETDATE());
INSERT INTO "SUBTABLE_ENG" (MAINTABLE, SUBTABLE, PRESTEXT, USERID, LOGDATE) VALUES  ('S41C04010103', '', 'code 4.1/C040101_03/C040101_03 - Percentage of children in grades 2\3 who demonstrate foundational numeracy skills', 'SDGS', GETDATE());
INSERT INTO "SUBTABLEVARIABLE" (MAINTABLE, SUBTABLE, VARIABLE, VARIABLETYPE, STORECOLUMNNO, USERID, LOGDATE) VALUES ('S41C04010103', '', 'TIME_PERIOD', 'T', '1', 'SDGS', GETDATE());
INSERT INTO "CONTENTSTIME" (MAINTABLE, CONTENTS, TIMEPERIOD, USERID, LOGDATE) VALUES ('S41C04010103', 'OBS_VALUE', 2019, 'SDGS', GETDATE());
INSERT INTO "VALUESET" (VALUESET, PRESTEXT, DESCRIPTION, ELIMINATION, VALUEPOOL, METAID, FOOTNOTE, USERID, LOGDATE, VALUEPRES, SORTCODEEXISTS) VALUES ('VSREF_AREA_C040101_03', 'Hmm', 'None', 'A', 'VPREF_AREA', '0', 'N', 'SDGS', GETDATE(), 'T', 'N');
INSERT INTO "VALUESET_ENG" (VALUESET, PRESTEXT, DESCRIPTION, USERID, LOGDATE) VALUES ('VSREF_AREA_C040101_03', 'Hmm', 'None', 'SDGS', GETDATE());
INSERT INTO "VSVALUE" (VALUESET, VALUEPOOL, VALUECODE, USERID, LOGDATE) VALUES ('VSREF_AREA_C040101_03', 'VPREF_AREA', '1', 'SDGS', GETDATE());
INSERT INTO "VSVALUE_ENG" (VALUESET, VALUEPOOL, VALUECODE, USERID, LOGDATE) VALUES ('VSREF_AREA_C040101_03', 'VPREF_AREA', '1', 'SDGS', GETDATE());
INSERT INTO "VSVALUE" (VALUESET, VALUEPOOL, VALUECODE, USERID, LOGDATE) VALUES ('VSREF_AREA_C040101_03', 'VPREF_AREA', '2', 'SDGS', GETDATE());
INSERT INTO "VSVALUE_ENG" (VALUESET, VALUEPOOL, VALUECODE, USERID, LOGDATE) VALUES ('VSREF_AREA_C040101_03', 'VPREF_AREA', '2', 'SDGS', GETDATE());
INSERT INTO "VSVALUE" (VALUESET, VALUEPOOL, VALUECODE, USERID, LOGDATE) VALUES ('VSREF_AREA_C040101_03', 'VPREF_AREA', '3', 'SDGS', GETDATE());
INSERT INTO "VSVALUE_ENG" (VALUESET, VALUEPOOL, VALUECODE, USERID, LOGDATE) VALUES ('VSREF_AREA_C040101_03', 'VPREF_AREA', '3', 'SDGS', GETDATE());
INSERT INTO "SUBTABLEVARIABLE" (MAINTABLE, SUBTABLE, VARIABLE, VALUESET, VARIABLETYPE, STORECOLUMNNO, USERID, LOGDATE) VALUES ('S41C04010103', '', 'REF_AREA', 'VSREF_AREA_C040101_03', 'V', '1', 'SDGS', GETDATE());
INSERT INTO "VALUESET" (VALUESET, PRESTEXT, DESCRIPTION, ELIMINATION, VALUEPOOL, METAID, FOOTNOTE, USERID, LOGDATE, VALUEPRES, SORTCODEEXISTS) VALUES ('VSSEX_C040101_03', 'Hmm', 'None', 'A', 'VPSEX', '0', 'N', 'SDGS', GETDATE(), 'T', 'N');
INSERT INTO "VALUESET_ENG" (VALUESET, PRESTEXT, DESCRIPTION, USERID, LOGDATE) VALUES ('VSSEX_C040101_03', 'Hmm', 'None', 'SDGS', GETDATE());
INSERT INTO "VSVALUE" (VALUESET, VALUEPOOL, VALUECODE, USERID, LOGDATE) VALUES ('VSSEX_C040101_03', 'VPSEX', 'M', 'SDGS', GETDATE());
INSERT INTO "VSVALUE_ENG" (VALUESET, VALUEPOOL, VALUECODE, USERID, LOGDATE) VALUES ('VSSEX_C040101_03', 'VPSEX', 'M', 'SDGS', GETDATE());
INSERT INTO "VSVALUE" (VALUESET, VALUEPOOL, VALUECODE, USERID, LOGDATE) VALUES ('VSSEX_C040101_03', 'VPSEX', 'F', 'SDGS', GETDATE());
INSERT INTO "VSVALUE_ENG" (VALUESET, VALUEPOOL, VALUECODE, USERID, LOGDATE) VALUES ('VSSEX_C040101_03', 'VPSEX', 'F', 'SDGS', GETDATE());
INSERT INTO "VSVALUE" (VALUESET, VALUEPOOL, VALUECODE, USERID, LOGDATE) VALUES ('VSSEX_C040101_03', 'VPSEX', '_T', 'SDGS', GETDATE());
INSERT INTO "VSVALUE_ENG" (VALUESET, VALUEPOOL, VALUECODE, USERID, LOGDATE) VALUES ('VSSEX_C040101_03', 'VPSEX', '_T', 'SDGS', GETDATE());
INSERT INTO "SUBTABLEVARIABLE" (MAINTABLE, SUBTABLE, VARIABLE, VALUESET, VARIABLETYPE, STORECOLUMNNO, USERID, LOGDATE) VALUES ('S41C04010103', '', 'SEX', 'VSSEX_C040101_03', 'V', '1', 'SDGS', GETDATE());
IF EXISTS (SELECT 1 FROM SYS.VIEWS WHERE NAME = 'S41C04010103' AND TYPE  = 'v') DROP VIEW S41C04010103;
GO
CREATE VIEW S41C04010103 AS SELECT * FROM INDICATORDATA WHERE SUBINDICATOR_CODE = 'C040101_03';
GO
INSERT INTO "MAINTABLE" (MAINTABLE, PRESTEXT, PRESTEXTS, PRESCATEGORY, TIMESCALE, USERID, LOGDATE, FIRSTPUBLISHED, TABLESTATUS, TABLEID, PRODUCTCODE, SPECCHAREXISTS, METAID, SUBJECTCODE, CONTENTSVARIABLE) VALUES  ('S41C04010104', 'code 4.1/C040101_04/C040101_04 - ?????? ??????? ??????? ?? ??????? ????????* ?????? ?????? ?????? ?????? ????????', 'SDGs Indicators', 'O', 'year', 'SDGS', GETDATE(), GETDATE(), 'A', 'S41C04010104', '001', 'N', '01', '01', 'ar: Sub Indicator');
INSERT INTO "MAINTABLE_ENG" (MAINTABLE, STATUS, PUBLISHED, PRESTEXT, PRESTEXTS, CONTENTSVARIABLE, USERID, LOGDATE) VALUES  ('S41C04010104', 'A', GETDATE(), 'code 4.1/C040101_04/C040101_04 - Percentage of children at basic stage* who demonstrate foundational numeracy skills', 'SDGs Indicators', 'Sub Indicator', 'SDGS', GETDATE());
INSERT INTO "SECONDARYLANGUAGE" (MAINTABLE, LANGUAGE, COMPLETELYTRANSLATED,PUBLISHED, USERID, LOGDATE) VALUES  ('S41C04010104', 'en','Y', 'Y', 'SDGS', GETDATE());
INSERT INTO "CONTENTS" (MAINTABLE, CONTENTS, PRESTEXT, PRESCODE, COPYRIGHT, PRODUCER, LASTUPDATED, UNIT, PRESDECIMALS, PRESCELLSZERO, STOCKFA, DAYADJ, SEASADJ, FOOTNOTECONTENTS, FOOTNOTEVARIABLE, FOOTNOTEVALUE, STORECOLUMNNO, STOREFORMAT, STORENOCHAR, STOREDECIMALS, USERID, LOGDATE, PUBLISHED, PRESTEXTS, STATAUTHORITY, AGGREGPOSSIBLE, FOOTNOTETIME, METAID) VALUES  ('S41C04010104', 'OBS_VALUE', 'ar: Sustainable Development Goals - SDGs', 'DATA', '1', 'PCBS', GETDATE(), 'OBS_VALUE', '2', 'Y', 'F', 'N', 'N', 'N', 'N', 'N', '3', 'N', '17', '2', 'SDGS', GETDATE(), GETDATE(), 'C040101_04', 'PCBS', 'N', 'N', '01');
INSERT INTO "CONTENTS_ENG" (MAINTABLE, CONTENTS, PRESTEXT, UNIT, USERID, LOGDATE, PRESTEXTS, REFPERIOD, BASEPERIOD)  VALUES  ('S41C04010104', 'OBS_VALUE', 'Sustainable Development Goals - SDGs',  'OBS_VALUE', 'SDGS', GETDATE(), 'C040101_04', NULL,NULL);
INSERT INTO "SUBTABLE" (MAINTABLE, SUBTABLE, PRESTEXT, CLEANTABLE, USERID, LOGDATE) VALUES  ('S41C04010104', '', 'code 4.1/C040101_04/C040101_04 - ?????? ??????? ??????? ?? ??????? ????????* ?????? ?????? ?????? ?????? ????????', 'Y', 'SDGS', GETDATE());
INSERT INTO "SUBTABLE_ENG" (MAINTABLE, SUBTABLE, PRESTEXT, USERID, LOGDATE) VALUES  ('S41C04010104', '', 'code 4.1/C040101_04/C040101_04 - Percentage of children at basic stage* who demonstrate foundational numeracy skills', 'SDGS', GETDATE());
INSERT INTO "SUBTABLEVARIABLE" (MAINTABLE, SUBTABLE, VARIABLE, VARIABLETYPE, STORECOLUMNNO, USERID, LOGDATE) VALUES ('S41C04010104', '', 'TIME_PERIOD', 'T', '1', 'SDGS', GETDATE());
INSERT INTO "CONTENTSTIME" (MAINTABLE, CONTENTS, TIMEPERIOD, USERID, LOGDATE) VALUES ('S41C04010104', 'OBS_VALUE', 2019, 'SDGS', GETDATE());
INSERT INTO "VALUESET" (VALUESET, PRESTEXT, DESCRIPTION, ELIMINATION, VALUEPOOL, METAID, FOOTNOTE, USERID, LOGDATE, VALUEPRES, SORTCODEEXISTS) VALUES ('VSREF_AREA_C040101_04', 'Hmm', 'None', 'A', 'VPREF_AREA', '0', 'N', 'SDGS', GETDATE(), 'T', 'N');
INSERT INTO "VALUESET_ENG" (VALUESET, PRESTEXT, DESCRIPTION, USERID, LOGDATE) VALUES ('VSREF_AREA_C040101_04', 'Hmm', 'None', 'SDGS', GETDATE());
INSERT INTO "VSVALUE" (VALUESET, VALUEPOOL, VALUECODE, USERID, LOGDATE) VALUES ('VSREF_AREA_C040101_04', 'VPREF_AREA', '1', 'SDGS', GETDATE());
INSERT INTO "VSVALUE_ENG" (VALUESET, VALUEPOOL, VALUECODE, USERID, LOGDATE) VALUES ('VSREF_AREA_C040101_04', 'VPREF_AREA', '1', 'SDGS', GETDATE());
INSERT INTO "VSVALUE" (VALUESET, VALUEPOOL, VALUECODE, USERID, LOGDATE) VALUES ('VSREF_AREA_C040101_04', 'VPREF_AREA', '2', 'SDGS', GETDATE());
INSERT INTO "VSVALUE_ENG" (VALUESET, VALUEPOOL, VALUECODE, USERID, LOGDATE) VALUES ('VSREF_AREA_C040101_04', 'VPREF_AREA', '2', 'SDGS', GETDATE());
INSERT INTO "VSVALUE" (VALUESET, VALUEPOOL, VALUECODE, USERID, LOGDATE) VALUES ('VSREF_AREA_C040101_04', 'VPREF_AREA', '3', 'SDGS', GETDATE());
INSERT INTO "VSVALUE_ENG" (VALUESET, VALUEPOOL, VALUECODE, USERID, LOGDATE) VALUES ('VSREF_AREA_C040101_04', 'VPREF_AREA', '3', 'SDGS', GETDATE());
INSERT INTO "SUBTABLEVARIABLE" (MAINTABLE, SUBTABLE, VARIABLE, VALUESET, VARIABLETYPE, STORECOLUMNNO, USERID, LOGDATE) VALUES ('S41C04010104', '', 'REF_AREA', 'VSREF_AREA_C040101_04', 'V', '1', 'SDGS', GETDATE());
INSERT INTO "VALUESET" (VALUESET, PRESTEXT, DESCRIPTION, ELIMINATION, VALUEPOOL, METAID, FOOTNOTE, USERID, LOGDATE, VALUEPRES, SORTCODEEXISTS) VALUES ('VSSEX_C040101_04', 'Hmm', 'None', 'A', 'VPSEX', '0', 'N', 'SDGS', GETDATE(), 'T', 'N');
INSERT INTO "VALUESET_ENG" (VALUESET, PRESTEXT, DESCRIPTION, USERID, LOGDATE) VALUES ('VSSEX_C040101_04', 'Hmm', 'None', 'SDGS', GETDATE());
INSERT INTO "VSVALUE" (VALUESET, VALUEPOOL, VALUECODE, USERID, LOGDATE) VALUES ('VSSEX_C040101_04', 'VPSEX', 'M', 'SDGS', GETDATE());
INSERT INTO "VSVALUE_ENG" (VALUESET, VALUEPOOL, VALUECODE, USERID, LOGDATE) VALUES ('VSSEX_C040101_04', 'VPSEX', 'M', 'SDGS', GETDATE());
INSERT INTO "VSVALUE" (VALUESET, VALUEPOOL, VALUECODE, USERID, LOGDATE) VALUES ('VSSEX_C040101_04', 'VPSEX', 'F', 'SDGS', GETDATE());
INSERT INTO "VSVALUE_ENG" (VALUESET, VALUEPOOL, VALUECODE, USERID, LOGDATE) VALUES ('VSSEX_C040101_04', 'VPSEX', 'F', 'SDGS', GETDATE());
INSERT INTO "VSVALUE" (VALUESET, VALUEPOOL, VALUECODE, USERID, LOGDATE) VALUES ('VSSEX_C040101_04', 'VPSEX', '_T', 'SDGS', GETDATE());
INSERT INTO "VSVALUE_ENG" (VALUESET, VALUEPOOL, VALUECODE, USERID, LOGDATE) VALUES ('VSSEX_C040101_04', 'VPSEX', '_T', 'SDGS', GETDATE());
INSERT INTO "SUBTABLEVARIABLE" (MAINTABLE, SUBTABLE, VARIABLE, VALUESET, VARIABLETYPE, STORECOLUMNNO, USERID, LOGDATE) VALUES ('S41C04010104', '', 'SEX', 'VSSEX_C040101_04', 'V', '1', 'SDGS', GETDATE());
IF EXISTS (SELECT 1 FROM SYS.VIEWS WHERE NAME = 'S41C04010104' AND TYPE  = 'v') DROP VIEW S41C04010104;
GO
CREATE VIEW S41C04010104 AS SELECT * FROM INDICATORDATA WHERE SUBINDICATOR_CODE = 'C040101_04';
GO
INSERT INTO "MAINTABLE" (MAINTABLE, PRESTEXT, PRESTEXTS, PRESCATEGORY, TIMESCALE, USERID, LOGDATE, FIRSTPUBLISHED, TABLESTATUS, TABLEID, PRODUCTCODE, SPECCHAREXISTS, METAID, SUBJECTCODE, CONTENTSVARIABLE) VALUES  ('S42C04020101', 'code 4.2/C040201_01/C040201_01 - ?????? ??????? ??????? ????? ?????? ??????? ??? 3-4 ????? ?????? ?? ??? ?????? ?????? ????? ??????? ???????? ?????? ????? (??????? - ??????)', 'SDGs Indicators', 'O', 'year', 'SDGS', GETDATE(), GETDATE(), 'A', 'S42C04020101', '001', 'N', '01', '01', 'ar: Sub Indicator');
INSERT INTO "MAINTABLE_ENG" (MAINTABLE, STATUS, PUBLISHED, PRESTEXT, PRESTEXTS, CONTENTSVARIABLE, USERID, LOGDATE) VALUES  ('S42C04020101', 'A', GETDATE(), 'code 4.2/C040201_01/C040201_01 - Percentage of children age 3-4 years who are developmentally on track for indicated domains (Literacy-numeracy)', 'SDGs Indicators', 'Sub Indicator', 'SDGS', GETDATE());
INSERT INTO "SECONDARYLANGUAGE" (MAINTABLE, LANGUAGE, COMPLETELYTRANSLATED,PUBLISHED, USERID, LOGDATE) VALUES  ('S42C04020101', 'en','Y', 'Y', 'SDGS', GETDATE());
INSERT INTO "CONTENTS" (MAINTABLE, CONTENTS, PRESTEXT, PRESCODE, COPYRIGHT, PRODUCER, LASTUPDATED, UNIT, PRESDECIMALS, PRESCELLSZERO, STOCKFA, DAYADJ, SEASADJ, FOOTNOTECONTENTS, FOOTNOTEVARIABLE, FOOTNOTEVALUE, STORECOLUMNNO, STOREFORMAT, STORENOCHAR, STOREDECIMALS, USERID, LOGDATE, PUBLISHED, PRESTEXTS, STATAUTHORITY, AGGREGPOSSIBLE, FOOTNOTETIME, METAID) VALUES  ('S42C04020101', 'OBS_VALUE', 'ar: Sustainable Development Goals - SDGs', 'DATA', '1', 'PCBS', GETDATE(), 'OBS_VALUE', '2', 'Y', 'F', 'N', 'N', 'N', 'N', 'N', '3', 'N', '17', '2', 'SDGS', GETDATE(), GETDATE(), 'C040201_01', 'PCBS', 'N', 'N', '01');
INSERT INTO "CONTENTS_ENG" (MAINTABLE, CONTENTS, PRESTEXT, UNIT, USERID, LOGDATE, PRESTEXTS, REFPERIOD, BASEPERIOD)  VALUES  ('S42C04020101', 'OBS_VALUE', 'Sustainable Development Goals - SDGs',  'OBS_VALUE', 'SDGS', GETDATE(), 'C040201_01', NULL,NULL);
INSERT INTO "SUBTABLE" (MAINTABLE, SUBTABLE, PRESTEXT, CLEANTABLE, USERID, LOGDATE) VALUES  ('S42C04020101', '', 'code 4.2/C040201_01/C040201_01 - ?????? ??????? ??????? ????? ?????? ??????? ??? 3-4 ????? ?????? ?? ??? ?????? ?????? ????? ??????? ???????? ?????? ????? (??????? - ??????)', 'Y', 'SDGS', GETDATE());
INSERT INTO "SUBTABLE_ENG" (MAINTABLE, SUBTABLE, PRESTEXT, USERID, LOGDATE) VALUES  ('S42C04020101', '', 'code 4.2/C040201_01/C040201_01 - Percentage of children age 3-4 years who are developmentally on track for indicated domains (Literacy-numeracy)', 'SDGS', GETDATE());
INSERT INTO "SUBTABLEVARIABLE" (MAINTABLE, SUBTABLE, VARIABLE, VARIABLETYPE, STORECOLUMNNO, USERID, LOGDATE) VALUES ('S42C04020101', '', 'TIME_PERIOD', 'T', '1', 'SDGS', GETDATE());
INSERT INTO "CONTENTSTIME" (MAINTABLE, CONTENTS, TIMEPERIOD, USERID, LOGDATE) VALUES ('S42C04020101', 'OBS_VALUE', 2019, 'SDGS', GETDATE());
INSERT INTO "VALUESET" (VALUESET, PRESTEXT, DESCRIPTION, ELIMINATION, VALUEPOOL, METAID, FOOTNOTE, USERID, LOGDATE, VALUEPRES, SORTCODEEXISTS) VALUES ('VSREF_AREA_C040201_01', 'Hmm', 'None', 'A', 'VPREF_AREA', '0', 'N', 'SDGS', GETDATE(), 'T', 'N');
INSERT INTO "VALUESET_ENG" (VALUESET, PRESTEXT, DESCRIPTION, USERID, LOGDATE) VALUES ('VSREF_AREA_C040201_01', 'Hmm', 'None', 'SDGS', GETDATE());
INSERT INTO "VSVALUE" (VALUESET, VALUEPOOL, VALUECODE, USERID, LOGDATE) VALUES ('VSREF_AREA_C040201_01', 'VPREF_AREA', '1', 'SDGS', GETDATE());
INSERT INTO "VSVALUE_ENG" (VALUESET, VALUEPOOL, VALUECODE, USERID, LOGDATE) VALUES ('VSREF_AREA_C040201_01', 'VPREF_AREA', '1', 'SDGS', GETDATE());
INSERT INTO "VSVALUE" (VALUESET, VALUEPOOL, VALUECODE, USERID, LOGDATE) VALUES ('VSREF_AREA_C040201_01', 'VPREF_AREA', '2', 'SDGS', GETDATE());
INSERT INTO "VSVALUE_ENG" (VALUESET, VALUEPOOL, VALUECODE, USERID, LOGDATE) VALUES ('VSREF_AREA_C040201_01', 'VPREF_AREA', '2', 'SDGS', GETDATE());
INSERT INTO "VSVALUE" (VALUESET, VALUEPOOL, VALUECODE, USERID, LOGDATE) VALUES ('VSREF_AREA_C040201_01', 'VPREF_AREA', '3', 'SDGS', GETDATE());
INSERT INTO "VSVALUE_ENG" (VALUESET, VALUEPOOL, VALUECODE, USERID, LOGDATE) VALUES ('VSREF_AREA_C040201_01', 'VPREF_AREA', '3', 'SDGS', GETDATE());
INSERT INTO "SUBTABLEVARIABLE" (MAINTABLE, SUBTABLE, VARIABLE, VALUESET, VARIABLETYPE, STORECOLUMNNO, USERID, LOGDATE) VALUES ('S42C04020101', '', 'REF_AREA', 'VSREF_AREA_C040201_01', 'V', '1', 'SDGS', GETDATE());
INSERT INTO "VALUESET" (VALUESET, PRESTEXT, DESCRIPTION, ELIMINATION, VALUEPOOL, METAID, FOOTNOTE, USERID, LOGDATE, VALUEPRES, SORTCODEEXISTS) VALUES ('VSSEX_C040201_01', 'Hmm', 'None', 'A', 'VPSEX', '0', 'N', 'SDGS', GETDATE(), 'T', 'N');
INSERT INTO "VALUESET_ENG" (VALUESET, PRESTEXT, DESCRIPTION, USERID, LOGDATE) VALUES ('VSSEX_C040201_01', 'Hmm', 'None', 'SDGS', GETDATE());
INSERT INTO "VSVALUE" (VALUESET, VALUEPOOL, VALUECODE, USERID, LOGDATE) VALUES ('VSSEX_C040201_01', 'VPSEX', 'M', 'SDGS', GETDATE());
INSERT INTO "VSVALUE_ENG" (VALUESET, VALUEPOOL, VALUECODE, USERID, LOGDATE) VALUES ('VSSEX_C040201_01', 'VPSEX', 'M', 'SDGS', GETDATE());
INSERT INTO "VSVALUE" (VALUESET, VALUEPOOL, VALUECODE, USERID, LOGDATE) VALUES ('VSSEX_C040201_01', 'VPSEX', 'F', 'SDGS', GETDATE());
INSERT INTO "VSVALUE_ENG" (VALUESET, VALUEPOOL, VALUECODE, USERID, LOGDATE) VALUES ('VSSEX_C040201_01', 'VPSEX', 'F', 'SDGS', GETDATE());
INSERT INTO "VSVALUE" (VALUESET, VALUEPOOL, VALUECODE, USERID, LOGDATE) VALUES ('VSSEX_C040201_01', 'VPSEX', '_T', 'SDGS', GETDATE());
INSERT INTO "VSVALUE_ENG" (VALUESET, VALUEPOOL, VALUECODE, USERID, LOGDATE) VALUES ('VSSEX_C040201_01', 'VPSEX', '_T', 'SDGS', GETDATE());
INSERT INTO "SUBTABLEVARIABLE" (MAINTABLE, SUBTABLE, VARIABLE, VALUESET, VARIABLETYPE, STORECOLUMNNO, USERID, LOGDATE) VALUES ('S42C04020101', '', 'SEX', 'VSSEX_C040201_01', 'V', '1', 'SDGS', GETDATE());
IF EXISTS (SELECT 1 FROM SYS.VIEWS WHERE NAME = 'S42C04020101' AND TYPE  = 'v') DROP VIEW S42C04020101;
GO
CREATE VIEW S42C04020101 AS SELECT * FROM INDICATORDATA WHERE SUBINDICATOR_CODE = 'C040201_01';
GO
INSERT INTO "MAINTABLE" (MAINTABLE, PRESTEXT, PRESTEXTS, PRESCATEGORY, TIMESCALE, USERID, LOGDATE, FIRSTPUBLISHED, TABLESTATUS, TABLEID, PRODUCTCODE, SPECCHAREXISTS, METAID, SUBJECTCODE, CONTENTSVARIABLE) VALUES  ('S42C04020103', 'code 4.2/C040201_03/C040201_03 - ?????? ??????? ??????? ????? ?????? ??????? ??? 3-4 ????? ?????? ?? ??? ?????? ?????? ????? ??????? ???????? ?????? ????? (??????? - ?????)', 'SDGs Indicators', 'O', 'year', 'SDGS', GETDATE(), GETDATE(), 'A', 'S42C04020103', '001', 'N', '01', '01', 'ar: Sub Indicator');
INSERT INTO "MAINTABLE_ENG" (MAINTABLE, STATUS, PUBLISHED, PRESTEXT, PRESTEXTS, CONTENTSVARIABLE, USERID, LOGDATE) VALUES  ('S42C04020103', 'A', GETDATE(), 'code 4.2/C040201_03/C040201_03 - Percentage of children age 3-4 years who are developmentally on track for indicated domains (Social-emotional)', 'SDGs Indicators', 'Sub Indicator', 'SDGS', GETDATE());
INSERT INTO "SECONDARYLANGUAGE" (MAINTABLE, LANGUAGE, COMPLETELYTRANSLATED,PUBLISHED, USERID, LOGDATE) VALUES  ('S42C04020103', 'en','Y', 'Y', 'SDGS', GETDATE());
INSERT INTO "CONTENTS" (MAINTABLE, CONTENTS, PRESTEXT, PRESCODE, COPYRIGHT, PRODUCER, LASTUPDATED, UNIT, PRESDECIMALS, PRESCELLSZERO, STOCKFA, DAYADJ, SEASADJ, FOOTNOTECONTENTS, FOOTNOTEVARIABLE, FOOTNOTEVALUE, STORECOLUMNNO, STOREFORMAT, STORENOCHAR, STOREDECIMALS, USERID, LOGDATE, PUBLISHED, PRESTEXTS, STATAUTHORITY, AGGREGPOSSIBLE, FOOTNOTETIME, METAID) VALUES  ('S42C04020103', 'OBS_VALUE', 'ar: Sustainable Development Goals - SDGs', 'DATA', '1', 'PCBS', GETDATE(), 'OBS_VALUE', '2', 'Y', 'F', 'N', 'N', 'N', 'N', 'N', '3', 'N', '17', '2', 'SDGS', GETDATE(), GETDATE(), 'C040201_03', 'PCBS', 'N', 'N', '01');
INSERT INTO "CONTENTS_ENG" (MAINTABLE, CONTENTS, PRESTEXT, UNIT, USERID, LOGDATE, PRESTEXTS, REFPERIOD, BASEPERIOD)  VALUES  ('S42C04020103', 'OBS_VALUE', 'Sustainable Development Goals - SDGs',  'OBS_VALUE', 'SDGS', GETDATE(), 'C040201_03', NULL,NULL);
INSERT INTO "SUBTABLE" (MAINTABLE, SUBTABLE, PRESTEXT, CLEANTABLE, USERID, LOGDATE) VALUES  ('S42C04020103', '', 'code 4.2/C040201_03/C040201_03 - ?????? ??????? ??????? ????? ?????? ??????? ??? 3-4 ????? ?????? ?? ??? ?????? ?????? ????? ??????? ???????? ?????? ????? (??????? - ?????)', 'Y', 'SDGS', GETDATE());
INSERT INTO "SUBTABLE_ENG" (MAINTABLE, SUBTABLE, PRESTEXT, USERID, LOGDATE) VALUES  ('S42C04020103', '', 'code 4.2/C040201_03/C040201_03 - Percentage of children age 3-4 years who are developmentally on track for indicated domains (Social-emotional)', 'SDGS', GETDATE());
INSERT INTO "SUBTABLEVARIABLE" (MAINTABLE, SUBTABLE, VARIABLE, VARIABLETYPE, STORECOLUMNNO, USERID, LOGDATE) VALUES ('S42C04020103', '', 'TIME_PERIOD', 'T', '1', 'SDGS', GETDATE());
INSERT INTO "CONTENTSTIME" (MAINTABLE, CONTENTS, TIMEPERIOD, USERID, LOGDATE) VALUES ('S42C04020103', 'OBS_VALUE', 2019, 'SDGS', GETDATE());
INSERT INTO "VALUESET" (VALUESET, PRESTEXT, DESCRIPTION, ELIMINATION, VALUEPOOL, METAID, FOOTNOTE, USERID, LOGDATE, VALUEPRES, SORTCODEEXISTS) VALUES ('VSREF_AREA_C040201_03', 'Hmm', 'None', 'A', 'VPREF_AREA', '0', 'N', 'SDGS', GETDATE(), 'T', 'N');
INSERT INTO "VALUESET_ENG" (VALUESET, PRESTEXT, DESCRIPTION, USERID, LOGDATE) VALUES ('VSREF_AREA_C040201_03', 'Hmm', 'None', 'SDGS', GETDATE());
INSERT INTO "VSVALUE" (VALUESET, VALUEPOOL, VALUECODE, USERID, LOGDATE) VALUES ('VSREF_AREA_C040201_03', 'VPREF_AREA', '1', 'SDGS', GETDATE());
INSERT INTO "VSVALUE_ENG" (VALUESET, VALUEPOOL, VALUECODE, USERID, LOGDATE) VALUES ('VSREF_AREA_C040201_03', 'VPREF_AREA', '1', 'SDGS', GETDATE());
INSERT INTO "VSVALUE" (VALUESET, VALUEPOOL, VALUECODE, USERID, LOGDATE) VALUES ('VSREF_AREA_C040201_03', 'VPREF_AREA', '2', 'SDGS', GETDATE());
INSERT INTO "VSVALUE_ENG" (VALUESET, VALUEPOOL, VALUECODE, USERID, LOGDATE) VALUES ('VSREF_AREA_C040201_03', 'VPREF_AREA', '2', 'SDGS', GETDATE());
INSERT INTO "VSVALUE" (VALUESET, VALUEPOOL, VALUECODE, USERID, LOGDATE) VALUES ('VSREF_AREA_C040201_03', 'VPREF_AREA', '3', 'SDGS', GETDATE());
INSERT INTO "VSVALUE_ENG" (VALUESET, VALUEPOOL, VALUECODE, USERID, LOGDATE) VALUES ('VSREF_AREA_C040201_03', 'VPREF_AREA', '3', 'SDGS', GETDATE());
INSERT INTO "SUBTABLEVARIABLE" (MAINTABLE, SUBTABLE, VARIABLE, VALUESET, VARIABLETYPE, STORECOLUMNNO, USERID, LOGDATE) VALUES ('S42C04020103', '', 'REF_AREA', 'VSREF_AREA_C040201_03', 'V', '1', 'SDGS', GETDATE());
INSERT INTO "VALUESET" (VALUESET, PRESTEXT, DESCRIPTION, ELIMINATION, VALUEPOOL, METAID, FOOTNOTE, USERID, LOGDATE, VALUEPRES, SORTCODEEXISTS) VALUES ('VSSEX_C040201_03', 'Hmm', 'None', 'A', 'VPSEX', '0', 'N', 'SDGS', GETDATE(), 'T', 'N');
INSERT INTO "VALUESET_ENG" (VALUESET, PRESTEXT, DESCRIPTION, USERID, LOGDATE) VALUES ('VSSEX_C040201_03', 'Hmm', 'None', 'SDGS', GETDATE());
INSERT INTO "VSVALUE" (VALUESET, VALUEPOOL, VALUECODE, USERID, LOGDATE) VALUES ('VSSEX_C040201_03', 'VPSEX', 'M', 'SDGS', GETDATE());
INSERT INTO "VSVALUE_ENG" (VALUESET, VALUEPOOL, VALUECODE, USERID, LOGDATE) VALUES ('VSSEX_C040201_03', 'VPSEX', 'M', 'SDGS', GETDATE());
INSERT INTO "VSVALUE" (VALUESET, VALUEPOOL, VALUECODE, USERID, LOGDATE) VALUES ('VSSEX_C040201_03', 'VPSEX', 'F', 'SDGS', GETDATE());
INSERT INTO "VSVALUE_ENG" (VALUESET, VALUEPOOL, VALUECODE, USERID, LOGDATE) VALUES ('VSSEX_C040201_03', 'VPSEX', 'F', 'SDGS', GETDATE());
INSERT INTO "VSVALUE" (VALUESET, VALUEPOOL, VALUECODE, USERID, LOGDATE) VALUES ('VSSEX_C040201_03', 'VPSEX', '_T', 'SDGS', GETDATE());
INSERT INTO "VSVALUE_ENG" (VALUESET, VALUEPOOL, VALUECODE, USERID, LOGDATE) VALUES ('VSSEX_C040201_03', 'VPSEX', '_T', 'SDGS', GETDATE());
INSERT INTO "SUBTABLEVARIABLE" (MAINTABLE, SUBTABLE, VARIABLE, VALUESET, VARIABLETYPE, STORECOLUMNNO, USERID, LOGDATE) VALUES ('S42C04020103', '', 'SEX', 'VSSEX_C040201_03', 'V', '1', 'SDGS', GETDATE());
IF EXISTS (SELECT 1 FROM SYS.VIEWS WHERE NAME = 'S42C04020103' AND TYPE  = 'v') DROP VIEW S42C04020103;
GO
CREATE VIEW S42C04020103 AS SELECT * FROM INDICATORDATA WHERE SUBINDICATOR_CODE = 'C040201_03';
GO
INSERT INTO "MAINTABLE" (MAINTABLE, PRESTEXT, PRESTEXTS, PRESCATEGORY, TIMESCALE, USERID, LOGDATE, FIRSTPUBLISHED, TABLESTATUS, TABLEID, PRODUCTCODE, SPECCHAREXISTS, METAID, SUBJECTCODE, CONTENTSVARIABLE) VALUES  ('S42C04020102', 'code 4.2/C040201_02/C040201_02 - ?????? ??????? ??????? ????? ?????? ??????? ??? 3-4 ????? ?????? ?? ??? ?????? ?????? ????? ??????? ???????? ?????? ????? (????)', 'SDGs Indicators', 'O', 'year', 'SDGS', GETDATE(), GETDATE(), 'A', 'S42C04020102', '001', 'N', '01', '01', 'ar: Sub Indicator');
INSERT INTO "MAINTABLE_ENG" (MAINTABLE, STATUS, PUBLISHED, PRESTEXT, PRESTEXTS, CONTENTSVARIABLE, USERID, LOGDATE) VALUES  ('S42C04020102', 'A', GETDATE(), 'code 4.2/C040201_02/C040201_02 - Percentage of children age 3-4 years who are developmentally on track for indicated domains (physical)', 'SDGs Indicators', 'Sub Indicator', 'SDGS', GETDATE());
INSERT INTO "SECONDARYLANGUAGE" (MAINTABLE, LANGUAGE, COMPLETELYTRANSLATED,PUBLISHED, USERID, LOGDATE) VALUES  ('S42C04020102', 'en','Y', 'Y', 'SDGS', GETDATE());
INSERT INTO "CONTENTS" (MAINTABLE, CONTENTS, PRESTEXT, PRESCODE, COPYRIGHT, PRODUCER, LASTUPDATED, UNIT, PRESDECIMALS, PRESCELLSZERO, STOCKFA, DAYADJ, SEASADJ, FOOTNOTECONTENTS, FOOTNOTEVARIABLE, FOOTNOTEVALUE, STORECOLUMNNO, STOREFORMAT, STORENOCHAR, STOREDECIMALS, USERID, LOGDATE, PUBLISHED, PRESTEXTS, STATAUTHORITY, AGGREGPOSSIBLE, FOOTNOTETIME, METAID) VALUES  ('S42C04020102', 'OBS_VALUE', 'ar: Sustainable Development Goals - SDGs', 'DATA', '1', 'PCBS', GETDATE(), 'OBS_VALUE', '2', 'Y', 'F', 'N', 'N', 'N', 'N', 'N', '3', 'N', '17', '2', 'SDGS', GETDATE(), GETDATE(), 'C040201_02', 'PCBS', 'N', 'N', '01');
INSERT INTO "CONTENTS_ENG" (MAINTABLE, CONTENTS, PRESTEXT, UNIT, USERID, LOGDATE, PRESTEXTS, REFPERIOD, BASEPERIOD)  VALUES  ('S42C04020102', 'OBS_VALUE', 'Sustainable Development Goals - SDGs',  'OBS_VALUE', 'SDGS', GETDATE(), 'C040201_02', NULL,NULL);
INSERT INTO "SUBTABLE" (MAINTABLE, SUBTABLE, PRESTEXT, CLEANTABLE, USERID, LOGDATE) VALUES  ('S42C04020102', '', 'code 4.2/C040201_02/C040201_02 - ?????? ??????? ??????? ????? ?????? ??????? ??? 3-4 ????? ?????? ?? ??? ?????? ?????? ????? ??????? ???????? ?????? ????? (????)', 'Y', 'SDGS', GETDATE());
INSERT INTO "SUBTABLE_ENG" (MAINTABLE, SUBTABLE, PRESTEXT, USERID, LOGDATE) VALUES  ('S42C04020102', '', 'code 4.2/C040201_02/C040201_02 - Percentage of children age 3-4 years who are developmentally on track for indicated domains (physical)', 'SDGS', GETDATE());
INSERT INTO "SUBTABLEVARIABLE" (MAINTABLE, SUBTABLE, VARIABLE, VARIABLETYPE, STORECOLUMNNO, USERID, LOGDATE) VALUES ('S42C04020102', '', 'TIME_PERIOD', 'T', '1', 'SDGS', GETDATE());
INSERT INTO "CONTENTSTIME" (MAINTABLE, CONTENTS, TIMEPERIOD, USERID, LOGDATE) VALUES ('S42C04020102', 'OBS_VALUE', 2019, 'SDGS', GETDATE());
INSERT INTO "VALUESET" (VALUESET, PRESTEXT, DESCRIPTION, ELIMINATION, VALUEPOOL, METAID, FOOTNOTE, USERID, LOGDATE, VALUEPRES, SORTCODEEXISTS) VALUES ('VSREF_AREA_C040201_02', 'Hmm', 'None', 'A', 'VPREF_AREA', '0', 'N', 'SDGS', GETDATE(), 'T', 'N');
INSERT INTO "VALUESET_ENG" (VALUESET, PRESTEXT, DESCRIPTION, USERID, LOGDATE) VALUES ('VSREF_AREA_C040201_02', 'Hmm', 'None', 'SDGS', GETDATE());
INSERT INTO "VSVALUE" (VALUESET, VALUEPOOL, VALUECODE, USERID, LOGDATE) VALUES ('VSREF_AREA_C040201_02', 'VPREF_AREA', '1', 'SDGS', GETDATE());
INSERT INTO "VSVALUE_ENG" (VALUESET, VALUEPOOL, VALUECODE, USERID, LOGDATE) VALUES ('VSREF_AREA_C040201_02', 'VPREF_AREA', '1', 'SDGS', GETDATE());
INSERT INTO "VSVALUE" (VALUESET, VALUEPOOL, VALUECODE, USERID, LOGDATE) VALUES ('VSREF_AREA_C040201_02', 'VPREF_AREA', '2', 'SDGS', GETDATE());
INSERT INTO "VSVALUE_ENG" (VALUESET, VALUEPOOL, VALUECODE, USERID, LOGDATE) VALUES ('VSREF_AREA_C040201_02', 'VPREF_AREA', '2', 'SDGS', GETDATE());
INSERT INTO "VSVALUE" (VALUESET, VALUEPOOL, VALUECODE, USERID, LOGDATE) VALUES ('VSREF_AREA_C040201_02', 'VPREF_AREA', '3', 'SDGS', GETDATE());
INSERT INTO "VSVALUE_ENG" (VALUESET, VALUEPOOL, VALUECODE, USERID, LOGDATE) VALUES ('VSREF_AREA_C040201_02', 'VPREF_AREA', '3', 'SDGS', GETDATE());
INSERT INTO "SUBTABLEVARIABLE" (MAINTABLE, SUBTABLE, VARIABLE, VALUESET, VARIABLETYPE, STORECOLUMNNO, USERID, LOGDATE) VALUES ('S42C04020102', '', 'REF_AREA', 'VSREF_AREA_C040201_02', 'V', '1', 'SDGS', GETDATE());
INSERT INTO "VALUESET" (VALUESET, PRESTEXT, DESCRIPTION, ELIMINATION, VALUEPOOL, METAID, FOOTNOTE, USERID, LOGDATE, VALUEPRES, SORTCODEEXISTS) VALUES ('VSSEX_C040201_02', 'Hmm', 'None', 'A', 'VPSEX', '0', 'N', 'SDGS', GETDATE(), 'T', 'N');
INSERT INTO "VALUESET_ENG" (VALUESET, PRESTEXT, DESCRIPTION, USERID, LOGDATE) VALUES ('VSSEX_C040201_02', 'Hmm', 'None', 'SDGS', GETDATE());
INSERT INTO "VSVALUE" (VALUESET, VALUEPOOL, VALUECODE, USERID, LOGDATE) VALUES ('VSSEX_C040201_02', 'VPSEX', 'M', 'SDGS', GETDATE());
INSERT INTO "VSVALUE_ENG" (VALUESET, VALUEPOOL, VALUECODE, USERID, LOGDATE) VALUES ('VSSEX_C040201_02', 'VPSEX', 'M', 'SDGS', GETDATE());
INSERT INTO "VSVALUE" (VALUESET, VALUEPOOL, VALUECODE, USERID, LOGDATE) VALUES ('VSSEX_C040201_02', 'VPSEX', 'F', 'SDGS', GETDATE());
INSERT INTO "VSVALUE_ENG" (VALUESET, VALUEPOOL, VALUECODE, USERID, LOGDATE) VALUES ('VSSEX_C040201_02', 'VPSEX', 'F', 'SDGS', GETDATE());
INSERT INTO "VSVALUE" (VALUESET, VALUEPOOL, VALUECODE, USERID, LOGDATE) VALUES ('VSSEX_C040201_02', 'VPSEX', '_T', 'SDGS', GETDATE());
INSERT INTO "VSVALUE_ENG" (VALUESET, VALUEPOOL, VALUECODE, USERID, LOGDATE) VALUES ('VSSEX_C040201_02', 'VPSEX', '_T', 'SDGS', GETDATE());
INSERT INTO "SUBTABLEVARIABLE" (MAINTABLE, SUBTABLE, VARIABLE, VALUESET, VARIABLETYPE, STORECOLUMNNO, USERID, LOGDATE) VALUES ('S42C04020102', '', 'SEX', 'VSSEX_C040201_02', 'V', '1', 'SDGS', GETDATE());
IF EXISTS (SELECT 1 FROM SYS.VIEWS WHERE NAME = 'S42C04020102' AND TYPE  = 'v') DROP VIEW S42C04020102;
GO
CREATE VIEW S42C04020102 AS SELECT * FROM INDICATORDATA WHERE SUBINDICATOR_CODE = 'C040201_02';
GO
INSERT INTO "MAINTABLE" (MAINTABLE, PRESTEXT, PRESTEXTS, PRESCATEGORY, TIMESCALE, USERID, LOGDATE, FIRSTPUBLISHED, TABLESTATUS, TABLEID, PRODUCTCODE, SPECCHAREXISTS, METAID, SUBJECTCODE, CONTENTSVARIABLE) VALUES  ('S42C04020104', 'code 4.2/C040201_04/C040201_04 - ?????? ??????? ??????? ????? ?????? ??????? ??? 3-4 ????? ?????? ?? ??? ?????? ?????? ????? ??????? ???????? ?????? ????? (??????)', 'SDGs Indicators', 'O', 'year', 'SDGS', GETDATE(), GETDATE(), 'A', 'S42C04020104', '001', 'N', '01', '01', 'ar: Sub Indicator');
INSERT INTO "MAINTABLE_ENG" (MAINTABLE, STATUS, PUBLISHED, PRESTEXT, PRESTEXTS, CONTENTSVARIABLE, USERID, LOGDATE) VALUES  ('S42C04020104', 'A', GETDATE(), 'code 4.2/C040201_04/C040201_04 - Percentage of children age 3-4 years who are developmentally on track for indicated domains (learning)', 'SDGs Indicators', 'Sub Indicator', 'SDGS', GETDATE());
INSERT INTO "SECONDARYLANGUAGE" (MAINTABLE, LANGUAGE, COMPLETELYTRANSLATED,PUBLISHED, USERID, LOGDATE) VALUES  ('S42C04020104', 'en','Y', 'Y', 'SDGS', GETDATE());
INSERT INTO "CONTENTS" (MAINTABLE, CONTENTS, PRESTEXT, PRESCODE, COPYRIGHT, PRODUCER, LASTUPDATED, UNIT, PRESDECIMALS, PRESCELLSZERO, STOCKFA, DAYADJ, SEASADJ, FOOTNOTECONTENTS, FOOTNOTEVARIABLE, FOOTNOTEVALUE, STORECOLUMNNO, STOREFORMAT, STORENOCHAR, STOREDECIMALS, USERID, LOGDATE, PUBLISHED, PRESTEXTS, STATAUTHORITY, AGGREGPOSSIBLE, FOOTNOTETIME, METAID) VALUES  ('S42C04020104', 'OBS_VALUE', 'ar: Sustainable Development Goals - SDGs', 'DATA', '1', 'PCBS', GETDATE(), 'OBS_VALUE', '2', 'Y', 'F', 'N', 'N', 'N', 'N', 'N', '3', 'N', '17', '2', 'SDGS', GETDATE(), GETDATE(), 'C040201_04', 'PCBS', 'N', 'N', '01');
INSERT INTO "CONTENTS_ENG" (MAINTABLE, CONTENTS, PRESTEXT, UNIT, USERID, LOGDATE, PRESTEXTS, REFPERIOD, BASEPERIOD)  VALUES  ('S42C04020104', 'OBS_VALUE', 'Sustainable Development Goals - SDGs',  'OBS_VALUE', 'SDGS', GETDATE(), 'C040201_04', NULL,NULL);
INSERT INTO "SUBTABLE" (MAINTABLE, SUBTABLE, PRESTEXT, CLEANTABLE, USERID, LOGDATE) VALUES  ('S42C04020104', '', 'code 4.2/C040201_04/C040201_04 - ?????? ??????? ??????? ????? ?????? ??????? ??? 3-4 ????? ?????? ?? ??? ?????? ?????? ????? ??????? ???????? ?????? ????? (??????)', 'Y', 'SDGS', GETDATE());
INSERT INTO "SUBTABLE_ENG" (MAINTABLE, SUBTABLE, PRESTEXT, USERID, LOGDATE) VALUES  ('S42C04020104', '', 'code 4.2/C040201_04/C040201_04 - Percentage of children age 3-4 years who are developmentally on track for indicated domains (learning)', 'SDGS', GETDATE());
INSERT INTO "SUBTABLEVARIABLE" (MAINTABLE, SUBTABLE, VARIABLE, VARIABLETYPE, STORECOLUMNNO, USERID, LOGDATE) VALUES ('S42C04020104', '', 'TIME_PERIOD', 'T', '1', 'SDGS', GETDATE());
INSERT INTO "CONTENTSTIME" (MAINTABLE, CONTENTS, TIMEPERIOD, USERID, LOGDATE) VALUES ('S42C04020104', 'OBS_VALUE', 2019, 'SDGS', GETDATE());
INSERT INTO "VALUESET" (VALUESET, PRESTEXT, DESCRIPTION, ELIMINATION, VALUEPOOL, METAID, FOOTNOTE, USERID, LOGDATE, VALUEPRES, SORTCODEEXISTS) VALUES ('VSREF_AREA_C040201_04', 'Hmm', 'None', 'A', 'VPREF_AREA', '0', 'N', 'SDGS', GETDATE(), 'T', 'N');
INSERT INTO "VALUESET_ENG" (VALUESET, PRESTEXT, DESCRIPTION, USERID, LOGDATE) VALUES ('VSREF_AREA_C040201_04', 'Hmm', 'None', 'SDGS', GETDATE());
INSERT INTO "VSVALUE" (VALUESET, VALUEPOOL, VALUECODE, USERID, LOGDATE) VALUES ('VSREF_AREA_C040201_04', 'VPREF_AREA', '1', 'SDGS', GETDATE());
INSERT INTO "VSVALUE_ENG" (VALUESET, VALUEPOOL, VALUECODE, USERID, LOGDATE) VALUES ('VSREF_AREA_C040201_04', 'VPREF_AREA', '1', 'SDGS', GETDATE());
INSERT INTO "VSVALUE" (VALUESET, VALUEPOOL, VALUECODE, USERID, LOGDATE) VALUES ('VSREF_AREA_C040201_04', 'VPREF_AREA', '2', 'SDGS', GETDATE());
INSERT INTO "VSVALUE_ENG" (VALUESET, VALUEPOOL, VALUECODE, USERID, LOGDATE) VALUES ('VSREF_AREA_C040201_04', 'VPREF_AREA', '2', 'SDGS', GETDATE());
INSERT INTO "VSVALUE" (VALUESET, VALUEPOOL, VALUECODE, USERID, LOGDATE) VALUES ('VSREF_AREA_C040201_04', 'VPREF_AREA', '3', 'SDGS', GETDATE());
INSERT INTO "VSVALUE_ENG" (VALUESET, VALUEPOOL, VALUECODE, USERID, LOGDATE) VALUES ('VSREF_AREA_C040201_04', 'VPREF_AREA', '3', 'SDGS', GETDATE());
INSERT INTO "SUBTABLEVARIABLE" (MAINTABLE, SUBTABLE, VARIABLE, VALUESET, VARIABLETYPE, STORECOLUMNNO, USERID, LOGDATE) VALUES ('S42C04020104', '', 'REF_AREA', 'VSREF_AREA_C040201_04', 'V', '1', 'SDGS', GETDATE());
INSERT INTO "VALUESET" (VALUESET, PRESTEXT, DESCRIPTION, ELIMINATION, VALUEPOOL, METAID, FOOTNOTE, USERID, LOGDATE, VALUEPRES, SORTCODEEXISTS) VALUES ('VSSEX_C040201_04', 'Hmm', 'None', 'A', 'VPSEX', '0', 'N', 'SDGS', GETDATE(), 'T', 'N');
INSERT INTO "VALUESET_ENG" (VALUESET, PRESTEXT, DESCRIPTION, USERID, LOGDATE) VALUES ('VSSEX_C040201_04', 'Hmm', 'None', 'SDGS', GETDATE());
INSERT INTO "VSVALUE" (VALUESET, VALUEPOOL, VALUECODE, USERID, LOGDATE) VALUES ('VSSEX_C040201_04', 'VPSEX', 'M', 'SDGS', GETDATE());
INSERT INTO "VSVALUE_ENG" (VALUESET, VALUEPOOL, VALUECODE, USERID, LOGDATE) VALUES ('VSSEX_C040201_04', 'VPSEX', 'M', 'SDGS', GETDATE());
INSERT INTO "VSVALUE" (VALUESET, VALUEPOOL, VALUECODE, USERID, LOGDATE) VALUES ('VSSEX_C040201_04', 'VPSEX', 'F', 'SDGS', GETDATE());
INSERT INTO "VSVALUE_ENG" (VALUESET, VALUEPOOL, VALUECODE, USERID, LOGDATE) VALUES ('VSSEX_C040201_04', 'VPSEX', 'F', 'SDGS', GETDATE());
INSERT INTO "VSVALUE" (VALUESET, VALUEPOOL, VALUECODE, USERID, LOGDATE) VALUES ('VSSEX_C040201_04', 'VPSEX', '_T', 'SDGS', GETDATE());
INSERT INTO "VSVALUE_ENG" (VALUESET, VALUEPOOL, VALUECODE, USERID, LOGDATE) VALUES ('VSSEX_C040201_04', 'VPSEX', '_T', 'SDGS', GETDATE());
INSERT INTO "SUBTABLEVARIABLE" (MAINTABLE, SUBTABLE, VARIABLE, VALUESET, VARIABLETYPE, STORECOLUMNNO, USERID, LOGDATE) VALUES ('S42C04020104', '', 'SEX', 'VSSEX_C040201_04', 'V', '1', 'SDGS', GETDATE());
IF EXISTS (SELECT 1 FROM SYS.VIEWS WHERE NAME = 'S42C04020104' AND TYPE  = 'v') DROP VIEW S42C04020104;
GO
CREATE VIEW S42C04020104 AS SELECT * FROM INDICATORDATA WHERE SUBINDICATOR_CODE = 'C040201_04';
GO
INSERT INTO "MAINTABLE" (MAINTABLE, PRESTEXT, PRESTEXTS, PRESCATEGORY, TIMESCALE, USERID, LOGDATE, FIRSTPUBLISHED, TABLESTATUS, TABLEID, PRODUCTCODE, SPECCHAREXISTS, METAID, SUBJECTCODE, CONTENTSVARIABLE) VALUES  ('S42C04020201', 'code 4.2/C040202_01/C040202_01 - ???? ???????? ?? ???????? ???????? (??? ??? ????? ?? ?? ???????? ?????? ???????? ?????????)? ???? ?????', 'SDGs Indicators', 'O', 'year', 'SDGS', GETDATE(), GETDATE(), 'A', 'S42C04020201', '001', 'N', '01', '01', 'ar: Sub Indicator');
INSERT INTO "MAINTABLE_ENG" (MAINTABLE, STATUS, PUBLISHED, PRESTEXT, PRESTEXTS, CONTENTSVARIABLE, USERID, LOGDATE) VALUES  ('S42C04020201', 'A', GETDATE(), 'code 4.2/C040202_01/C040202_01 - Participation rate in organized learning (one year before the official primary entry age), by sex (%)', 'SDGs Indicators', 'Sub Indicator', 'SDGS', GETDATE());
INSERT INTO "SECONDARYLANGUAGE" (MAINTABLE, LANGUAGE, COMPLETELYTRANSLATED,PUBLISHED, USERID, LOGDATE) VALUES  ('S42C04020201', 'en','Y', 'Y', 'SDGS', GETDATE());
INSERT INTO "CONTENTS" (MAINTABLE, CONTENTS, PRESTEXT, PRESCODE, COPYRIGHT, PRODUCER, LASTUPDATED, UNIT, PRESDECIMALS, PRESCELLSZERO, STOCKFA, DAYADJ, SEASADJ, FOOTNOTECONTENTS, FOOTNOTEVARIABLE, FOOTNOTEVALUE, STORECOLUMNNO, STOREFORMAT, STORENOCHAR, STOREDECIMALS, USERID, LOGDATE, PUBLISHED, PRESTEXTS, STATAUTHORITY, AGGREGPOSSIBLE, FOOTNOTETIME, METAID) VALUES  ('S42C04020201', 'OBS_VALUE', 'ar: Sustainable Development Goals - SDGs', 'DATA', '1', 'PCBS', GETDATE(), 'OBS_VALUE', '2', 'Y', 'F', 'N', 'N', 'N', 'N', 'N', '3', 'N', '17', '2', 'SDGS', GETDATE(), GETDATE(), 'C040202_01', 'PCBS', 'N', 'N', '01');
INSERT INTO "CONTENTS_ENG" (MAINTABLE, CONTENTS, PRESTEXT, UNIT, USERID, LOGDATE, PRESTEXTS, REFPERIOD, BASEPERIOD)  VALUES  ('S42C04020201', 'OBS_VALUE', 'Sustainable Development Goals - SDGs',  'OBS_VALUE', 'SDGS', GETDATE(), 'C040202_01', NULL,NULL);
INSERT INTO "SUBTABLE" (MAINTABLE, SUBTABLE, PRESTEXT, CLEANTABLE, USERID, LOGDATE) VALUES  ('S42C04020201', '', 'code 4.2/C040202_01/C040202_01 - ???? ???????? ?? ???????? ???????? (??? ??? ????? ?? ?? ???????? ?????? ???????? ?????????)? ???? ?????', 'Y', 'SDGS', GETDATE());
INSERT INTO "SUBTABLE_ENG" (MAINTABLE, SUBTABLE, PRESTEXT, USERID, LOGDATE) VALUES  ('S42C04020201', '', 'code 4.2/C040202_01/C040202_01 - Participation rate in organized learning (one year before the official primary entry age), by sex (%)', 'SDGS', GETDATE());
INSERT INTO "SUBTABLEVARIABLE" (MAINTABLE, SUBTABLE, VARIABLE, VARIABLETYPE, STORECOLUMNNO, USERID, LOGDATE) VALUES ('S42C04020201', '', 'TIME_PERIOD', 'T', '1', 'SDGS', GETDATE());
INSERT INTO "CONTENTSTIME" (MAINTABLE, CONTENTS, TIMEPERIOD, USERID, LOGDATE) VALUES ('S42C04020201', 'OBS_VALUE', 2002, 'SDGS', GETDATE());
INSERT INTO "CONTENTSTIME" (MAINTABLE, CONTENTS, TIMEPERIOD, USERID, LOGDATE) VALUES ('S42C04020201', 'OBS_VALUE', 2006, 'SDGS', GETDATE());
INSERT INTO "CONTENTSTIME" (MAINTABLE, CONTENTS, TIMEPERIOD, USERID, LOGDATE) VALUES ('S42C04020201', 'OBS_VALUE', 2009, 'SDGS', GETDATE());
INSERT INTO "CONTENTSTIME" (MAINTABLE, CONTENTS, TIMEPERIOD, USERID, LOGDATE) VALUES ('S42C04020201', 'OBS_VALUE', 2012, 'SDGS', GETDATE());
INSERT INTO "CONTENTSTIME" (MAINTABLE, CONTENTS, TIMEPERIOD, USERID, LOGDATE) VALUES ('S42C04020201', 'OBS_VALUE', 2015, 'SDGS', GETDATE());
INSERT INTO "CONTENTSTIME" (MAINTABLE, CONTENTS, TIMEPERIOD, USERID, LOGDATE) VALUES ('S42C04020201', 'OBS_VALUE', 2017, 'SDGS', GETDATE());
INSERT INTO "CONTENTSTIME" (MAINTABLE, CONTENTS, TIMEPERIOD, USERID, LOGDATE) VALUES ('S42C04020201', 'OBS_VALUE', 2018, 'SDGS', GETDATE());
INSERT INTO "CONTENTSTIME" (MAINTABLE, CONTENTS, TIMEPERIOD, USERID, LOGDATE) VALUES ('S42C04020201', 'OBS_VALUE', 2019, 'SDGS', GETDATE());
INSERT INTO "VALUESET" (VALUESET, PRESTEXT, DESCRIPTION, ELIMINATION, VALUEPOOL, METAID, FOOTNOTE, USERID, LOGDATE, VALUEPRES, SORTCODEEXISTS) VALUES ('VSREF_AREA_C040202_01', 'Hmm', 'None', 'A', 'VPREF_AREA', '0', 'N', 'SDGS', GETDATE(), 'T', 'N');
INSERT INTO "VALUESET_ENG" (VALUESET, PRESTEXT, DESCRIPTION, USERID, LOGDATE) VALUES ('VSREF_AREA_C040202_01', 'Hmm', 'None', 'SDGS', GETDATE());
INSERT INTO "VSVALUE" (VALUESET, VALUEPOOL, VALUECODE, USERID, LOGDATE) VALUES ('VSREF_AREA_C040202_01', 'VPREF_AREA', '1', 'SDGS', GETDATE());
INSERT INTO "VSVALUE_ENG" (VALUESET, VALUEPOOL, VALUECODE, USERID, LOGDATE) VALUES ('VSREF_AREA_C040202_01', 'VPREF_AREA', '1', 'SDGS', GETDATE());
INSERT INTO "VSVALUE" (VALUESET, VALUEPOOL, VALUECODE, USERID, LOGDATE) VALUES ('VSREF_AREA_C040202_01', 'VPREF_AREA', '2', 'SDGS', GETDATE());
INSERT INTO "VSVALUE_ENG" (VALUESET, VALUEPOOL, VALUECODE, USERID, LOGDATE) VALUES ('VSREF_AREA_C040202_01', 'VPREF_AREA', '2', 'SDGS', GETDATE());
INSERT INTO "VSVALUE" (VALUESET, VALUEPOOL, VALUECODE, USERID, LOGDATE) VALUES ('VSREF_AREA_C040202_01', 'VPREF_AREA', '3', 'SDGS', GETDATE());
INSERT INTO "VSVALUE_ENG" (VALUESET, VALUEPOOL, VALUECODE, USERID, LOGDATE) VALUES ('VSREF_AREA_C040202_01', 'VPREF_AREA', '3', 'SDGS', GETDATE());
INSERT INTO "SUBTABLEVARIABLE" (MAINTABLE, SUBTABLE, VARIABLE, VALUESET, VARIABLETYPE, STORECOLUMNNO, USERID, LOGDATE) VALUES ('S42C04020201', '', 'REF_AREA', 'VSREF_AREA_C040202_01', 'V', '1', 'SDGS', GETDATE());
INSERT INTO "VALUESET" (VALUESET, PRESTEXT, DESCRIPTION, ELIMINATION, VALUEPOOL, METAID, FOOTNOTE, USERID, LOGDATE, VALUEPRES, SORTCODEEXISTS) VALUES ('VSSEX_C040202_01', 'Hmm', 'None', 'A', 'VPSEX', '0', 'N', 'SDGS', GETDATE(), 'T', 'N');
INSERT INTO "VALUESET_ENG" (VALUESET, PRESTEXT, DESCRIPTION, USERID, LOGDATE) VALUES ('VSSEX_C040202_01', 'Hmm', 'None', 'SDGS', GETDATE());
INSERT INTO "VSVALUE" (VALUESET, VALUEPOOL, VALUECODE, USERID, LOGDATE) VALUES ('VSSEX_C040202_01', 'VPSEX', 'M', 'SDGS', GETDATE());
INSERT INTO "VSVALUE_ENG" (VALUESET, VALUEPOOL, VALUECODE, USERID, LOGDATE) VALUES ('VSSEX_C040202_01', 'VPSEX', 'M', 'SDGS', GETDATE());
INSERT INTO "VSVALUE" (VALUESET, VALUEPOOL, VALUECODE, USERID, LOGDATE) VALUES ('VSSEX_C040202_01', 'VPSEX', 'F', 'SDGS', GETDATE());
INSERT INTO "VSVALUE_ENG" (VALUESET, VALUEPOOL, VALUECODE, USERID, LOGDATE) VALUES ('VSSEX_C040202_01', 'VPSEX', 'F', 'SDGS', GETDATE());
INSERT INTO "VSVALUE" (VALUESET, VALUEPOOL, VALUECODE, USERID, LOGDATE) VALUES ('VSSEX_C040202_01', 'VPSEX', '_T', 'SDGS', GETDATE());
INSERT INTO "VSVALUE_ENG" (VALUESET, VALUEPOOL, VALUECODE, USERID, LOGDATE) VALUES ('VSSEX_C040202_01', 'VPSEX', '_T', 'SDGS', GETDATE());
INSERT INTO "SUBTABLEVARIABLE" (MAINTABLE, SUBTABLE, VARIABLE, VALUESET, VARIABLETYPE, STORECOLUMNNO, USERID, LOGDATE) VALUES ('S42C04020201', '', 'SEX', 'VSSEX_C040202_01', 'V', '1', 'SDGS', GETDATE());
IF EXISTS (SELECT 1 FROM SYS.VIEWS WHERE NAME = 'S42C04020201' AND TYPE  = 'v') DROP VIEW S42C04020201;
GO
CREATE VIEW S42C04020201 AS SELECT * FROM INDICATORDATA WHERE SUBINDICATOR_CODE = 'C040202_01';
GO
INSERT INTO "MAINTABLE" (MAINTABLE, PRESTEXT, PRESTEXTS, PRESCATEGORY, TIMESCALE, USERID, LOGDATE, FIRSTPUBLISHED, TABLESTATUS, TABLEID, PRODUCTCODE, SPECCHAREXISTS, METAID, SUBJECTCODE, CONTENTSVARIABLE) VALUES  ('S43C04030101', 'code 4.3/C040301_01/C040301_01 - ???? ?????? ?????? ??????? ?? ??????? ?????? ???? ?????? ???????? ???? ?????? ??? ????? ???????? ???? ?????', 'SDGs Indicators', 'O', 'year', 'SDGS', GETDATE(), GETDATE(), 'A', 'S43C04030101', '001', 'N', '01', '01', 'ar: Sub Indicator');
INSERT INTO "MAINTABLE_ENG" (MAINTABLE, STATUS, PUBLISHED, PRESTEXT, PRESTEXTS, CONTENTSVARIABLE, USERID, LOGDATE) VALUES  ('S43C04030101', 'A', GETDATE(), 'code 4.3/C040301_01/C040301_01 - Participation rate in formal and non-formal education and training, by sex (%)', 'SDGs Indicators', 'Sub Indicator', 'SDGS', GETDATE());
INSERT INTO "SECONDARYLANGUAGE" (MAINTABLE, LANGUAGE, COMPLETELYTRANSLATED,PUBLISHED, USERID, LOGDATE) VALUES  ('S43C04030101', 'en','Y', 'Y', 'SDGS', GETDATE());
INSERT INTO "CONTENTS" (MAINTABLE, CONTENTS, PRESTEXT, PRESCODE, COPYRIGHT, PRODUCER, LASTUPDATED, UNIT, PRESDECIMALS, PRESCELLSZERO, STOCKFA, DAYADJ, SEASADJ, FOOTNOTECONTENTS, FOOTNOTEVARIABLE, FOOTNOTEVALUE, STORECOLUMNNO, STOREFORMAT, STORENOCHAR, STOREDECIMALS, USERID, LOGDATE, PUBLISHED, PRESTEXTS, STATAUTHORITY, AGGREGPOSSIBLE, FOOTNOTETIME, METAID) VALUES  ('S43C04030101', 'OBS_VALUE', 'ar: Sustainable Development Goals - SDGs', 'DATA', '1', 'PCBS', GETDATE(), 'OBS_VALUE', '2', 'Y', 'F', 'N', 'N', 'N', 'N', 'N', '3', 'N', '17', '2', 'SDGS', GETDATE(), GETDATE(), 'C040301_01', 'PCBS', 'N', 'N', '01');
INSERT INTO "CONTENTS_ENG" (MAINTABLE, CONTENTS, PRESTEXT, UNIT, USERID, LOGDATE, PRESTEXTS, REFPERIOD, BASEPERIOD)  VALUES  ('S43C04030101', 'OBS_VALUE', 'Sustainable Development Goals - SDGs',  'OBS_VALUE', 'SDGS', GETDATE(), 'C040301_01', NULL,NULL);
INSERT INTO "SUBTABLE" (MAINTABLE, SUBTABLE, PRESTEXT, CLEANTABLE, USERID, LOGDATE) VALUES  ('S43C04030101', '', 'code 4.3/C040301_01/C040301_01 - ???? ?????? ?????? ??????? ?? ??????? ?????? ???? ?????? ???????? ???? ?????? ??? ????? ???????? ???? ?????', 'Y', 'SDGS', GETDATE());
INSERT INTO "SUBTABLE_ENG" (MAINTABLE, SUBTABLE, PRESTEXT, USERID, LOGDATE) VALUES  ('S43C04030101', '', 'code 4.3/C040301_01/C040301_01 - Participation rate in formal and non-formal education and training, by sex (%)', 'SDGS', GETDATE());
INSERT INTO "SUBTABLEVARIABLE" (MAINTABLE, SUBTABLE, VARIABLE, VARIABLETYPE, STORECOLUMNNO, USERID, LOGDATE) VALUES ('S43C04030101', '', 'TIME_PERIOD', 'T', '1', 'SDGS', GETDATE());
INSERT INTO "CONTENTSTIME" (MAINTABLE, CONTENTS, TIMEPERIOD, USERID, LOGDATE) VALUES ('S43C04030101', 'OBS_VALUE', 2018, 'SDGS', GETDATE());
INSERT INTO "VALUESET" (VALUESET, PRESTEXT, DESCRIPTION, ELIMINATION, VALUEPOOL, METAID, FOOTNOTE, USERID, LOGDATE, VALUEPRES, SORTCODEEXISTS) VALUES ('VSSEX_C040301_01', 'Hmm', 'None', 'A', 'VPSEX', '0', 'N', 'SDGS', GETDATE(), 'T', 'N');
INSERT INTO "VALUESET_ENG" (VALUESET, PRESTEXT, DESCRIPTION, USERID, LOGDATE) VALUES ('VSSEX_C040301_01', 'Hmm', 'None', 'SDGS', GETDATE());
INSERT INTO "VSVALUE" (VALUESET, VALUEPOOL, VALUECODE, USERID, LOGDATE) VALUES ('VSSEX_C040301_01', 'VPSEX', 'M', 'SDGS', GETDATE());
INSERT INTO "VSVALUE_ENG" (VALUESET, VALUEPOOL, VALUECODE, USERID, LOGDATE) VALUES ('VSSEX_C040301_01', 'VPSEX', 'M', 'SDGS', GETDATE());
INSERT INTO "VSVALUE" (VALUESET, VALUEPOOL, VALUECODE, USERID, LOGDATE) VALUES ('VSSEX_C040301_01', 'VPSEX', 'F', 'SDGS', GETDATE());
INSERT INTO "VSVALUE_ENG" (VALUESET, VALUEPOOL, VALUECODE, USERID, LOGDATE) VALUES ('VSSEX_C040301_01', 'VPSEX', 'F', 'SDGS', GETDATE());
INSERT INTO "VSVALUE" (VALUESET, VALUEPOOL, VALUECODE, USERID, LOGDATE) VALUES ('VSSEX_C040301_01', 'VPSEX', '_T', 'SDGS', GETDATE());
INSERT INTO "VSVALUE_ENG" (VALUESET, VALUEPOOL, VALUECODE, USERID, LOGDATE) VALUES ('VSSEX_C040301_01', 'VPSEX', '_T', 'SDGS', GETDATE());
INSERT INTO "SUBTABLEVARIABLE" (MAINTABLE, SUBTABLE, VARIABLE, VALUESET, VARIABLETYPE, STORECOLUMNNO, USERID, LOGDATE) VALUES ('S43C04030101', '', 'SEX', 'VSSEX_C040301_01', 'V', '1', 'SDGS', GETDATE());
INSERT INTO "VALUESET" (VALUESET, PRESTEXT, DESCRIPTION, ELIMINATION, VALUEPOOL, METAID, FOOTNOTE, USERID, LOGDATE, VALUEPRES, SORTCODEEXISTS) VALUES ('VSAGE_C040301_01', 'Hmm', 'None', 'A', 'VPAGE', '0', 'N', 'SDGS', GETDATE(), 'T', 'N');
INSERT INTO "VALUESET_ENG" (VALUESET, PRESTEXT, DESCRIPTION, USERID, LOGDATE) VALUES ('VSAGE_C040301_01', 'Hmm', 'None', 'SDGS', GETDATE());
INSERT INTO "VSVALUE" (VALUESET, VALUEPOOL, VALUECODE, USERID, LOGDATE) VALUES ('VSAGE_C040301_01', 'VPAGE', '_T', 'SDGS', GETDATE());
INSERT INTO "VSVALUE_ENG" (VALUESET, VALUEPOOL, VALUECODE, USERID, LOGDATE) VALUES ('VSAGE_C040301_01', 'VPAGE', '_T', 'SDGS', GETDATE());
INSERT INTO "VSVALUE" (VALUESET, VALUEPOOL, VALUECODE, USERID, LOGDATE) VALUES ('VSAGE_C040301_01', 'VPAGE', 'Y15T24', 'SDGS', GETDATE());
INSERT INTO "VSVALUE_ENG" (VALUESET, VALUEPOOL, VALUECODE, USERID, LOGDATE) VALUES ('VSAGE_C040301_01', 'VPAGE', 'Y15T24', 'SDGS', GETDATE());
INSERT INTO "VSVALUE" (VALUESET, VALUEPOOL, VALUECODE, USERID, LOGDATE) VALUES ('VSAGE_C040301_01', 'VPAGE', 'Y25T64', 'SDGS', GETDATE());
INSERT INTO "VSVALUE_ENG" (VALUESET, VALUEPOOL, VALUECODE, USERID, LOGDATE) VALUES ('VSAGE_C040301_01', 'VPAGE', 'Y25T64', 'SDGS', GETDATE());
INSERT INTO "VSVALUE" (VALUESET, VALUEPOOL, VALUECODE, USERID, LOGDATE) VALUES ('VSAGE_C040301_01', 'VPAGE', 'Y_GE65', 'SDGS', GETDATE());
INSERT INTO "VSVALUE_ENG" (VALUESET, VALUEPOOL, VALUECODE, USERID, LOGDATE) VALUES ('VSAGE_C040301_01', 'VPAGE', 'Y_GE65', 'SDGS', GETDATE());
INSERT INTO "SUBTABLEVARIABLE" (MAINTABLE, SUBTABLE, VARIABLE, VALUESET, VARIABLETYPE, STORECOLUMNNO, USERID, LOGDATE) VALUES ('S43C04030101', '', 'AGE', 'VSAGE_C040301_01', 'V', '1', 'SDGS', GETDATE());
IF EXISTS (SELECT 1 FROM SYS.VIEWS WHERE NAME = 'S43C04030101' AND TYPE  = 'v') DROP VIEW S43C04030101;
GO
CREATE VIEW S43C04030101 AS SELECT * FROM INDICATORDATA WHERE SUBINDICATOR_CODE = 'C040301_01';
GO
INSERT INTO "MAINTABLE" (MAINTABLE, PRESTEXT, PRESTEXTS, PRESCATEGORY, TIMESCALE, USERID, LOGDATE, FIRSTPUBLISHED, TABLESTATUS, TABLEID, PRODUCTCODE, SPECCHAREXISTS, METAID, SUBJECTCODE, CONTENTSVARIABLE) VALUES  ('S4aC040a0101', 'code 4.a/C040a01_01/C040a01_01 - ???? ??????? ???? ???? ??? ?????? ??????????', 'SDGs Indicators', 'O', 'year', 'SDGS', GETDATE(), GETDATE(), 'A', 'S4aC040a0101', '001', 'N', '01', '01', 'ar: Sub Indicator');
INSERT INTO "MAINTABLE_ENG" (MAINTABLE, STATUS, PUBLISHED, PRESTEXT, PRESTEXTS, CONTENTSVARIABLE, USERID, LOGDATE) VALUES  ('S4aC040a0101', 'A', GETDATE(), 'code 4.a/C040a01_01/C040a01_01 - Proportion of schools with access to: (a) electricity', 'SDGs Indicators', 'Sub Indicator', 'SDGS', GETDATE());
INSERT INTO "SECONDARYLANGUAGE" (MAINTABLE, LANGUAGE, COMPLETELYTRANSLATED,PUBLISHED, USERID, LOGDATE) VALUES  ('S4aC040a0101', 'en','Y', 'Y', 'SDGS', GETDATE());
INSERT INTO "CONTENTS" (MAINTABLE, CONTENTS, PRESTEXT, PRESCODE, COPYRIGHT, PRODUCER, LASTUPDATED, UNIT, PRESDECIMALS, PRESCELLSZERO, STOCKFA, DAYADJ, SEASADJ, FOOTNOTECONTENTS, FOOTNOTEVARIABLE, FOOTNOTEVALUE, STORECOLUMNNO, STOREFORMAT, STORENOCHAR, STOREDECIMALS, USERID, LOGDATE, PUBLISHED, PRESTEXTS, STATAUTHORITY, AGGREGPOSSIBLE, FOOTNOTETIME, METAID) VALUES  ('S4aC040a0101', 'OBS_VALUE', 'ar: Sustainable Development Goals - SDGs', 'DATA', '1', 'PCBS', GETDATE(), 'OBS_VALUE', '2', 'Y', 'F', 'N', 'N', 'N', 'N', 'N', '3', 'N', '17', '2', 'SDGS', GETDATE(), GETDATE(), 'C040a01_01', 'PCBS', 'N', 'N', '01');
INSERT INTO "CONTENTS_ENG" (MAINTABLE, CONTENTS, PRESTEXT, UNIT, USERID, LOGDATE, PRESTEXTS, REFPERIOD, BASEPERIOD)  VALUES  ('S4aC040a0101', 'OBS_VALUE', 'Sustainable Development Goals - SDGs',  'OBS_VALUE', 'SDGS', GETDATE(), 'C040a01_01', NULL,NULL);
INSERT INTO "SUBTABLE" (MAINTABLE, SUBTABLE, PRESTEXT, CLEANTABLE, USERID, LOGDATE) VALUES  ('S4aC040a0101', '', 'code 4.a/C040a01_01/C040a01_01 - ???? ??????? ???? ???? ??? ?????? ??????????', 'Y', 'SDGS', GETDATE());
INSERT INTO "SUBTABLE_ENG" (MAINTABLE, SUBTABLE, PRESTEXT, USERID, LOGDATE) VALUES  ('S4aC040a0101', '', 'code 4.a/C040a01_01/C040a01_01 - Proportion of schools with access to: (a) electricity', 'SDGS', GETDATE());
INSERT INTO "SUBTABLEVARIABLE" (MAINTABLE, SUBTABLE, VARIABLE, VARIABLETYPE, STORECOLUMNNO, USERID, LOGDATE) VALUES ('S4aC040a0101', '', 'TIME_PERIOD', 'T', '1', 'SDGS', GETDATE());
INSERT INTO "CONTENTSTIME" (MAINTABLE, CONTENTS, TIMEPERIOD, USERID, LOGDATE) VALUES ('S4aC040a0101', 'OBS_VALUE', 2000, 'SDGS', GETDATE());
INSERT INTO "CONTENTSTIME" (MAINTABLE, CONTENTS, TIMEPERIOD, USERID, LOGDATE) VALUES ('S4aC040a0101', 'OBS_VALUE', 2001, 'SDGS', GETDATE());
INSERT INTO "CONTENTSTIME" (MAINTABLE, CONTENTS, TIMEPERIOD, USERID, LOGDATE) VALUES ('S4aC040a0101', 'OBS_VALUE', 2002, 'SDGS', GETDATE());
INSERT INTO "CONTENTSTIME" (MAINTABLE, CONTENTS, TIMEPERIOD, USERID, LOGDATE) VALUES ('S4aC040a0101', 'OBS_VALUE', 2003, 'SDGS', GETDATE());
INSERT INTO "CONTENTSTIME" (MAINTABLE, CONTENTS, TIMEPERIOD, USERID, LOGDATE) VALUES ('S4aC040a0101', 'OBS_VALUE', 2004, 'SDGS', GETDATE());
INSERT INTO "CONTENTSTIME" (MAINTABLE, CONTENTS, TIMEPERIOD, USERID, LOGDATE) VALUES ('S4aC040a0101', 'OBS_VALUE', 2005, 'SDGS', GETDATE());
INSERT INTO "CONTENTSTIME" (MAINTABLE, CONTENTS, TIMEPERIOD, USERID, LOGDATE) VALUES ('S4aC040a0101', 'OBS_VALUE', 2006, 'SDGS', GETDATE());
INSERT INTO "CONTENTSTIME" (MAINTABLE, CONTENTS, TIMEPERIOD, USERID, LOGDATE) VALUES ('S4aC040a0101', 'OBS_VALUE', 2007, 'SDGS', GETDATE());
INSERT INTO "CONTENTSTIME" (MAINTABLE, CONTENTS, TIMEPERIOD, USERID, LOGDATE) VALUES ('S4aC040a0101', 'OBS_VALUE', 2008, 'SDGS', GETDATE());
INSERT INTO "CONTENTSTIME" (MAINTABLE, CONTENTS, TIMEPERIOD, USERID, LOGDATE) VALUES ('S4aC040a0101', 'OBS_VALUE', 2009, 'SDGS', GETDATE());
INSERT INTO "CONTENTSTIME" (MAINTABLE, CONTENTS, TIMEPERIOD, USERID, LOGDATE) VALUES ('S4aC040a0101', 'OBS_VALUE', 2010, 'SDGS', GETDATE());
INSERT INTO "CONTENTSTIME" (MAINTABLE, CONTENTS, TIMEPERIOD, USERID, LOGDATE) VALUES ('S4aC040a0101', 'OBS_VALUE', 2011, 'SDGS', GETDATE());
INSERT INTO "CONTENTSTIME" (MAINTABLE, CONTENTS, TIMEPERIOD, USERID, LOGDATE) VALUES ('S4aC040a0101', 'OBS_VALUE', 2012, 'SDGS', GETDATE());
INSERT INTO "CONTENTSTIME" (MAINTABLE, CONTENTS, TIMEPERIOD, USERID, LOGDATE) VALUES ('S4aC040a0101', 'OBS_VALUE', 2013, 'SDGS', GETDATE());
INSERT INTO "CONTENTSTIME" (MAINTABLE, CONTENTS, TIMEPERIOD, USERID, LOGDATE) VALUES ('S4aC040a0101', 'OBS_VALUE', 2014, 'SDGS', GETDATE());
INSERT INTO "CONTENTSTIME" (MAINTABLE, CONTENTS, TIMEPERIOD, USERID, LOGDATE) VALUES ('S4aC040a0101', 'OBS_VALUE', 2015, 'SDGS', GETDATE());
INSERT INTO "CONTENTSTIME" (MAINTABLE, CONTENTS, TIMEPERIOD, USERID, LOGDATE) VALUES ('S4aC040a0101', 'OBS_VALUE', 2016, 'SDGS', GETDATE());
INSERT INTO "CONTENTSTIME" (MAINTABLE, CONTENTS, TIMEPERIOD, USERID, LOGDATE) VALUES ('S4aC040a0101', 'OBS_VALUE', 2017, 'SDGS', GETDATE());
INSERT INTO "CONTENTSTIME" (MAINTABLE, CONTENTS, TIMEPERIOD, USERID, LOGDATE) VALUES ('S4aC040a0101', 'OBS_VALUE', 2018, 'SDGS', GETDATE());
INSERT INTO "VALUESET" (VALUESET, PRESTEXT, DESCRIPTION, ELIMINATION, VALUEPOOL, METAID, FOOTNOTE, USERID, LOGDATE, VALUEPRES, SORTCODEEXISTS) VALUES ('VSREF_AREA_C040a01_01', 'Hmm', 'None', 'A', 'VPREF_AREA', '0', 'N', 'SDGS', GETDATE(), 'T', 'N');
INSERT INTO "VALUESET_ENG" (VALUESET, PRESTEXT, DESCRIPTION, USERID, LOGDATE) VALUES ('VSREF_AREA_C040a01_01', 'Hmm', 'None', 'SDGS', GETDATE());
INSERT INTO "VSVALUE" (VALUESET, VALUEPOOL, VALUECODE, USERID, LOGDATE) VALUES ('VSREF_AREA_C040a01_01', 'VPREF_AREA', '3', 'SDGS', GETDATE());
INSERT INTO "VSVALUE_ENG" (VALUESET, VALUEPOOL, VALUECODE, USERID, LOGDATE) VALUES ('VSREF_AREA_C040a01_01', 'VPREF_AREA', '3', 'SDGS', GETDATE());
INSERT INTO "VSVALUE" (VALUESET, VALUEPOOL, VALUECODE, USERID, LOGDATE) VALUES ('VSREF_AREA_C040a01_01', 'VPREF_AREA', '1101', 'SDGS', GETDATE());
INSERT INTO "VSVALUE_ENG" (VALUESET, VALUEPOOL, VALUECODE, USERID, LOGDATE) VALUES ('VSREF_AREA_C040a01_01', 'VPREF_AREA', '1101', 'SDGS', GETDATE());
INSERT INTO "VSVALUE" (VALUESET, VALUEPOOL, VALUECODE, USERID, LOGDATE) VALUES ('VSREF_AREA_C040a01_01', 'VPREF_AREA', '1105', 'SDGS', GETDATE());
INSERT INTO "VSVALUE_ENG" (VALUESET, VALUEPOOL, VALUECODE, USERID, LOGDATE) VALUES ('VSREF_AREA_C040a01_01', 'VPREF_AREA', '1105', 'SDGS', GETDATE());
INSERT INTO "SUBTABLEVARIABLE" (MAINTABLE, SUBTABLE, VARIABLE, VALUESET, VARIABLETYPE, STORECOLUMNNO, USERID, LOGDATE) VALUES ('S4aC040a0101', '', 'REF_AREA', 'VSREF_AREA_C040a01_01', 'V', '1', 'SDGS', GETDATE());
INSERT INTO "VALUESET" (VALUESET, PRESTEXT, DESCRIPTION, ELIMINATION, VALUEPOOL, METAID, FOOTNOTE, USERID, LOGDATE, VALUEPRES, SORTCODEEXISTS) VALUES ('VSSEX_C040a01_01', 'Hmm', 'None', 'A', 'VPSEX', '0', 'N', 'SDGS', GETDATE(), 'T', 'N');
INSERT INTO "VALUESET_ENG" (VALUESET, PRESTEXT, DESCRIPTION, USERID, LOGDATE) VALUES ('VSSEX_C040a01_01', 'Hmm', 'None', 'SDGS', GETDATE());
INSERT INTO "VSVALUE" (VALUESET, VALUEPOOL, VALUECODE, USERID, LOGDATE) VALUES ('VSSEX_C040a01_01', 'VPSEX', 'M', 'SDGS', GETDATE());
INSERT INTO "VSVALUE_ENG" (VALUESET, VALUEPOOL, VALUECODE, USERID, LOGDATE) VALUES ('VSSEX_C040a01_01', 'VPSEX', 'M', 'SDGS', GETDATE());
INSERT INTO "VSVALUE" (VALUESET, VALUEPOOL, VALUECODE, USERID, LOGDATE) VALUES ('VSSEX_C040a01_01', 'VPSEX', '_T', 'SDGS', GETDATE());
INSERT INTO "VSVALUE_ENG" (VALUESET, VALUEPOOL, VALUECODE, USERID, LOGDATE) VALUES ('VSSEX_C040a01_01', 'VPSEX', '_T', 'SDGS', GETDATE());
INSERT INTO "SUBTABLEVARIABLE" (MAINTABLE, SUBTABLE, VARIABLE, VALUESET, VARIABLETYPE, STORECOLUMNNO, USERID, LOGDATE) VALUES ('S4aC040a0101', '', 'SEX', 'VSSEX_C040a01_01', 'V', '1', 'SDGS', GETDATE());
INSERT INTO "VALUESET" (VALUESET, PRESTEXT, DESCRIPTION, ELIMINATION, VALUEPOOL, METAID, FOOTNOTE, USERID, LOGDATE, VALUEPRES, SORTCODEEXISTS) VALUES ('VSEDUCATION_LEV_C040a01_01', 'Hmm', 'None', 'A', 'VPEDUCATION_LEV', '0', 'N', 'SDGS', GETDATE(), 'T', 'N');
INSERT INTO "VALUESET_ENG" (VALUESET, PRESTEXT, DESCRIPTION, USERID, LOGDATE) VALUES ('VSEDUCATION_LEV_C040a01_01', 'Hmm', 'None', 'SDGS', GETDATE());
INSERT INTO "VSVALUE" (VALUESET, VALUEPOOL, VALUECODE, USERID, LOGDATE) VALUES ('VSEDUCATION_LEV_C040a01_01', 'VPEDUCATION_LEV', '_T', 'SDGS', GETDATE());
INSERT INTO "VSVALUE_ENG" (VALUESET, VALUEPOOL, VALUECODE, USERID, LOGDATE) VALUES ('VSEDUCATION_LEV_C040a01_01', 'VPEDUCATION_LEV', '_T', 'SDGS', GETDATE());
INSERT INTO "VSVALUE" (VALUESET, VALUEPOOL, VALUECODE, USERID, LOGDATE) VALUES ('VSEDUCATION_LEV_C040a01_01', 'VPEDUCATION_LEV', 'ISCED11_1', 'SDGS', GETDATE());
INSERT INTO "VSVALUE_ENG" (VALUESET, VALUEPOOL, VALUECODE, USERID, LOGDATE) VALUES ('VSEDUCATION_LEV_C040a01_01', 'VPEDUCATION_LEV', 'ISCED11_1', 'SDGS', GETDATE());
INSERT INTO "VSVALUE" (VALUESET, VALUEPOOL, VALUECODE, USERID, LOGDATE) VALUES ('VSEDUCATION_LEV_C040a01_01', 'VPEDUCATION_LEV', 'ISCED11_2', 'SDGS', GETDATE());
INSERT INTO "VSVALUE_ENG" (VALUESET, VALUEPOOL, VALUECODE, USERID, LOGDATE) VALUES ('VSEDUCATION_LEV_C040a01_01', 'VPEDUCATION_LEV', 'ISCED11_2', 'SDGS', GETDATE());
INSERT INTO "VSVALUE" (VALUESET, VALUEPOOL, VALUECODE, USERID, LOGDATE) VALUES ('VSEDUCATION_LEV_C040a01_01', 'VPEDUCATION_LEV', 'ISCED11_3', 'SDGS', GETDATE());
INSERT INTO "VSVALUE_ENG" (VALUESET, VALUEPOOL, VALUECODE, USERID, LOGDATE) VALUES ('VSEDUCATION_LEV_C040a01_01', 'VPEDUCATION_LEV', 'ISCED11_3', 'SDGS', GETDATE());
INSERT INTO "SUBTABLEVARIABLE" (MAINTABLE, SUBTABLE, VARIABLE, VALUESET, VARIABLETYPE, STORECOLUMNNO, USERID, LOGDATE) VALUES ('S4aC040a0101', '', 'EDUCATION_LEV', 'VSEDUCATION_LEV_C040a01_01', 'V', '1', 'SDGS', GETDATE());
IF EXISTS (SELECT 1 FROM SYS.VIEWS WHERE NAME = 'S4aC040a0101' AND TYPE  = 'v') DROP VIEW S4aC040a0101;
GO
CREATE VIEW S4aC040a0101 AS SELECT * FROM INDICATORDATA WHERE SUBINDICATOR_CODE = 'C040a01_01';
GO
INSERT INTO "MAINTABLE" (MAINTABLE, PRESTEXT, PRESTEXTS, PRESCATEGORY, TIMESCALE, USERID, LOGDATE, FIRSTPUBLISHED, TABLESTATUS, TABLEID, PRODUCTCODE, SPECCHAREXISTS, METAID, SUBJECTCODE, CONTENTSVARIABLE) VALUES  ('S4aC040a0102', 'code 4.a/C040a01_02/C040a01_02 - ???? ??????? ???? ???? ??? ???? ???????? ?????? ???????', 'SDGs Indicators', 'O', 'year', 'SDGS', GETDATE(), GETDATE(), 'A', 'S4aC040a0102', '001', 'N', '01', '01', 'ar: Sub Indicator');
INSERT INTO "MAINTABLE_ENG" (MAINTABLE, STATUS, PUBLISHED, PRESTEXT, PRESTEXTS, CONTENTSVARIABLE, USERID, LOGDATE) VALUES  ('S4aC040a0102', 'A', GETDATE(), 'code 4.a/C040a01_02/C040a01_02 - Proportion of schools with access to: (b) the Internet for pedagogical purposes', 'SDGs Indicators', 'Sub Indicator', 'SDGS', GETDATE());
INSERT INTO "SECONDARYLANGUAGE" (MAINTABLE, LANGUAGE, COMPLETELYTRANSLATED,PUBLISHED, USERID, LOGDATE) VALUES  ('S4aC040a0102', 'en','Y', 'Y', 'SDGS', GETDATE());
INSERT INTO "CONTENTS" (MAINTABLE, CONTENTS, PRESTEXT, PRESCODE, COPYRIGHT, PRODUCER, LASTUPDATED, UNIT, PRESDECIMALS, PRESCELLSZERO, STOCKFA, DAYADJ, SEASADJ, FOOTNOTECONTENTS, FOOTNOTEVARIABLE, FOOTNOTEVALUE, STORECOLUMNNO, STOREFORMAT, STORENOCHAR, STOREDECIMALS, USERID, LOGDATE, PUBLISHED, PRESTEXTS, STATAUTHORITY, AGGREGPOSSIBLE, FOOTNOTETIME, METAID) VALUES  ('S4aC040a0102', 'OBS_VALUE', 'ar: Sustainable Development Goals - SDGs', 'DATA', '1', 'PCBS', GETDATE(), 'OBS_VALUE', '2', 'Y', 'F', 'N', 'N', 'N', 'N', 'N', '3', 'N', '17', '2', 'SDGS', GETDATE(), GETDATE(), 'C040a01_02', 'PCBS', 'N', 'N', '01');
INSERT INTO "CONTENTS_ENG" (MAINTABLE, CONTENTS, PRESTEXT, UNIT, USERID, LOGDATE, PRESTEXTS, REFPERIOD, BASEPERIOD)  VALUES  ('S4aC040a0102', 'OBS_VALUE', 'Sustainable Development Goals - SDGs',  'OBS_VALUE', 'SDGS', GETDATE(), 'C040a01_02', NULL,NULL);
INSERT INTO "SUBTABLE" (MAINTABLE, SUBTABLE, PRESTEXT, CLEANTABLE, USERID, LOGDATE) VALUES  ('S4aC040a0102', '', 'code 4.a/C040a01_02/C040a01_02 - ???? ??????? ???? ???? ??? ???? ???????? ?????? ???????', 'Y', 'SDGS', GETDATE());
INSERT INTO "SUBTABLE_ENG" (MAINTABLE, SUBTABLE, PRESTEXT, USERID, LOGDATE) VALUES  ('S4aC040a0102', '', 'code 4.a/C040a01_02/C040a01_02 - Proportion of schools with access to: (b) the Internet for pedagogical purposes', 'SDGS', GETDATE());
INSERT INTO "SUBTABLEVARIABLE" (MAINTABLE, SUBTABLE, VARIABLE, VARIABLETYPE, STORECOLUMNNO, USERID, LOGDATE) VALUES ('S4aC040a0102', '', 'TIME_PERIOD', 'T', '1', 'SDGS', GETDATE());
IF EXISTS (SELECT 1 FROM SYS.VIEWS WHERE NAME = 'S4aC040a0102' AND TYPE  = 'v') DROP VIEW S4aC040a0102;
GO
CREATE VIEW S4aC040a0102 AS SELECT * FROM INDICATORDATA WHERE SUBINDICATOR_CODE = 'C040a01_02';
GO
INSERT INTO "MAINTABLE" (MAINTABLE, PRESTEXT, PRESTEXTS, PRESCATEGORY, TIMESCALE, USERID, LOGDATE, FIRSTPUBLISHED, TABLESTATUS, TABLEID, PRODUCTCODE, SPECCHAREXISTS, METAID, SUBJECTCODE, CONTENTSVARIABLE) VALUES  ('S52C05020101', 'code 5.2/C050201_01/C050201_01 - ???? ?????? ????????? ???????? ?? ??????? ???? ??? ??? ?????? ????? ???? ???? ?? ???? ?? ???? ?? ???? ???? ?? ????? ???? ?????? ??? ????? ???????? ????? ???? ??? ????? ??????', 'SDGs Indicators', 'O', 'year', 'SDGS', GETDATE(), GETDATE(), 'A', 'S52C05020101', '001', 'N', '01', '01', 'ar: Sub Indicator');
INSERT INTO "MAINTABLE_ENG" (MAINTABLE, STATUS, PUBLISHED, PRESTEXT, PRESTEXTS, CONTENTSVARIABLE, USERID, LOGDATE) VALUES  ('S52C05020101', 'A', GETDATE(), 'code 5.2/C050201_01/C050201_01 - Proportion of ever-partnered women and girls subjected to physical and sexual violence by a current or former intimate partner in the previous 12 months, by age (%)', 'SDGs Indicators', 'Sub Indicator', 'SDGS', GETDATE());
INSERT INTO "SECONDARYLANGUAGE" (MAINTABLE, LANGUAGE, COMPLETELYTRANSLATED,PUBLISHED, USERID, LOGDATE) VALUES  ('S52C05020101', 'en','Y', 'Y', 'SDGS', GETDATE());
INSERT INTO "CONTENTS" (MAINTABLE, CONTENTS, PRESTEXT, PRESCODE, COPYRIGHT, PRODUCER, LASTUPDATED, UNIT, PRESDECIMALS, PRESCELLSZERO, STOCKFA, DAYADJ, SEASADJ, FOOTNOTECONTENTS, FOOTNOTEVARIABLE, FOOTNOTEVALUE, STORECOLUMNNO, STOREFORMAT, STORENOCHAR, STOREDECIMALS, USERID, LOGDATE, PUBLISHED, PRESTEXTS, STATAUTHORITY, AGGREGPOSSIBLE, FOOTNOTETIME, METAID) VALUES  ('S52C05020101', 'OBS_VALUE', 'ar: Sustainable Development Goals - SDGs', 'DATA', '1', 'PCBS', GETDATE(), 'OBS_VALUE', '2', 'Y', 'F', 'N', 'N', 'N', 'N', 'N', '3', 'N', '17', '2', 'SDGS', GETDATE(), GETDATE(), 'C050201_01', 'PCBS', 'N', 'N', '01');
INSERT INTO "CONTENTS_ENG" (MAINTABLE, CONTENTS, PRESTEXT, UNIT, USERID, LOGDATE, PRESTEXTS, REFPERIOD, BASEPERIOD)  VALUES  ('S52C05020101', 'OBS_VALUE', 'Sustainable Development Goals - SDGs',  'OBS_VALUE', 'SDGS', GETDATE(), 'C050201_01', NULL,NULL);
INSERT INTO "SUBTABLE" (MAINTABLE, SUBTABLE, PRESTEXT, CLEANTABLE, USERID, LOGDATE) VALUES  ('S52C05020101', '', 'code 5.2/C050201_01/C050201_01 - ???? ?????? ????????? ???????? ?? ??????? ???? ??? ??? ?????? ????? ???? ???? ?? ???? ?? ???? ?? ???? ???? ?? ????? ???? ?????? ??? ????? ???????? ????? ???? ??? ????? ??????', 'Y', 'SDGS', GETDATE());
INSERT INTO "SUBTABLE_ENG" (MAINTABLE, SUBTABLE, PRESTEXT, USERID, LOGDATE) VALUES  ('S52C05020101', '', 'code 5.2/C050201_01/C050201_01 - Proportion of ever-partnered women and girls subjected to physical and sexual violence by a current or former intimate partner in the previous 12 months, by age (%)', 'SDGS', GETDATE());
INSERT INTO "SUBTABLEVARIABLE" (MAINTABLE, SUBTABLE, VARIABLE, VARIABLETYPE, STORECOLUMNNO, USERID, LOGDATE) VALUES ('S52C05020101', '', 'TIME_PERIOD', 'T', '1', 'SDGS', GETDATE());
INSERT INTO "CONTENTSTIME" (MAINTABLE, CONTENTS, TIMEPERIOD, USERID, LOGDATE) VALUES ('S52C05020101', 'OBS_VALUE', 2005, 'SDGS', GETDATE());
INSERT INTO "CONTENTSTIME" (MAINTABLE, CONTENTS, TIMEPERIOD, USERID, LOGDATE) VALUES ('S52C05020101', 'OBS_VALUE', 2011, 'SDGS', GETDATE());
INSERT INTO "CONTENTSTIME" (MAINTABLE, CONTENTS, TIMEPERIOD, USERID, LOGDATE) VALUES ('S52C05020101', 'OBS_VALUE', 2019, 'SDGS', GETDATE());
INSERT INTO "VALUESET" (VALUESET, PRESTEXT, DESCRIPTION, ELIMINATION, VALUEPOOL, METAID, FOOTNOTE, USERID, LOGDATE, VALUEPRES, SORTCODEEXISTS) VALUES ('VSREF_AREA_C050201_01', 'Hmm', 'None', 'A', 'VPREF_AREA', '0', 'N', 'SDGS', GETDATE(), 'T', 'N');
INSERT INTO "VALUESET_ENG" (VALUESET, PRESTEXT, DESCRIPTION, USERID, LOGDATE) VALUES ('VSREF_AREA_C050201_01', 'Hmm', 'None', 'SDGS', GETDATE());
INSERT INTO "VSVALUE" (VALUESET, VALUEPOOL, VALUECODE, USERID, LOGDATE) VALUES ('VSREF_AREA_C050201_01', 'VPREF_AREA', '1', 'SDGS', GETDATE());
INSERT INTO "VSVALUE_ENG" (VALUESET, VALUEPOOL, VALUECODE, USERID, LOGDATE) VALUES ('VSREF_AREA_C050201_01', 'VPREF_AREA', '1', 'SDGS', GETDATE());
INSERT INTO "VSVALUE" (VALUESET, VALUEPOOL, VALUECODE, USERID, LOGDATE) VALUES ('VSREF_AREA_C050201_01', 'VPREF_AREA', '2', 'SDGS', GETDATE());
INSERT INTO "VSVALUE_ENG" (VALUESET, VALUEPOOL, VALUECODE, USERID, LOGDATE) VALUES ('VSREF_AREA_C050201_01', 'VPREF_AREA', '2', 'SDGS', GETDATE());
INSERT INTO "VSVALUE" (VALUESET, VALUEPOOL, VALUECODE, USERID, LOGDATE) VALUES ('VSREF_AREA_C050201_01', 'VPREF_AREA', '3', 'SDGS', GETDATE());
INSERT INTO "VSVALUE_ENG" (VALUESET, VALUEPOOL, VALUECODE, USERID, LOGDATE) VALUES ('VSREF_AREA_C050201_01', 'VPREF_AREA', '3', 'SDGS', GETDATE());
INSERT INTO "SUBTABLEVARIABLE" (MAINTABLE, SUBTABLE, VARIABLE, VALUESET, VARIABLETYPE, STORECOLUMNNO, USERID, LOGDATE) VALUES ('S52C05020101', '', 'REF_AREA', 'VSREF_AREA_C050201_01', 'V', '1', 'SDGS', GETDATE());
INSERT INTO "VALUESET" (VALUESET, PRESTEXT, DESCRIPTION, ELIMINATION, VALUEPOOL, METAID, FOOTNOTE, USERID, LOGDATE, VALUEPRES, SORTCODEEXISTS) VALUES ('VSSEX_C050201_01', 'Hmm', 'None', 'A', 'VPSEX', '0', 'N', 'SDGS', GETDATE(), 'T', 'N');
INSERT INTO "VALUESET_ENG" (VALUESET, PRESTEXT, DESCRIPTION, USERID, LOGDATE) VALUES ('VSSEX_C050201_01', 'Hmm', 'None', 'SDGS', GETDATE());
INSERT INTO "VSVALUE" (VALUESET, VALUEPOOL, VALUECODE, USERID, LOGDATE) VALUES ('VSSEX_C050201_01', 'VPSEX', 'F', 'SDGS', GETDATE());
INSERT INTO "VSVALUE_ENG" (VALUESET, VALUEPOOL, VALUECODE, USERID, LOGDATE) VALUES ('VSSEX_C050201_01', 'VPSEX', 'F', 'SDGS', GETDATE());
INSERT INTO "VSVALUE" (VALUESET, VALUEPOOL, VALUECODE, USERID, LOGDATE) VALUES ('VSSEX_C050201_01', 'VPSEX', '_T', 'SDGS', GETDATE());
INSERT INTO "VSVALUE_ENG" (VALUESET, VALUEPOOL, VALUECODE, USERID, LOGDATE) VALUES ('VSSEX_C050201_01', 'VPSEX', '_T', 'SDGS', GETDATE());
INSERT INTO "SUBTABLEVARIABLE" (MAINTABLE, SUBTABLE, VARIABLE, VALUESET, VARIABLETYPE, STORECOLUMNNO, USERID, LOGDATE) VALUES ('S52C05020101', '', 'SEX', 'VSSEX_C050201_01', 'V', '1', 'SDGS', GETDATE());
IF EXISTS (SELECT 1 FROM SYS.VIEWS WHERE NAME = 'S52C05020101' AND TYPE  = 'v') DROP VIEW S52C05020101;
GO
CREATE VIEW S52C05020101 AS SELECT * FROM INDICATORDATA WHERE SUBINDICATOR_CODE = 'C050201_01';
GO
INSERT INTO "MAINTABLE" (MAINTABLE, PRESTEXT, PRESTEXTS, PRESCATEGORY, TIMESCALE, USERID, LOGDATE, FIRSTPUBLISHED, TABLESTATUS, TABLEID, PRODUCTCODE, SPECCHAREXISTS, METAID, SUBJECTCODE, CONTENTSVARIABLE) VALUES  ('S52C05020201', 'code 5.2/C050202_01/C050202_01 - ???? ?????? ???????? ?? ??????? ???? ??? ??? ?????? ????? ????? ?????? ?? ????? ??? ??????? ???? ?????? ??? ????? ???????? ???? ????? ????? ???? ?????', 'SDGs Indicators', 'O', 'year', 'SDGS', GETDATE(), GETDATE(), 'A', 'S52C05020201', '001', 'N', '01', '01', 'ar: Sub Indicator');
INSERT INTO "MAINTABLE_ENG" (MAINTABLE, STATUS, PUBLISHED, PRESTEXT, PRESTEXTS, CONTENTSVARIABLE, USERID, LOGDATE) VALUES  ('S52C05020201', 'A', GETDATE(), 'code 5.2/C050202_01/C050202_01 - Proportion of women and girls aged 15 years and older subjected to sexual violence by persons other than an intimate partner in the previous 12 months, by age and place of occurrence', 'SDGs Indicators', 'Sub Indicator', 'SDGS', GETDATE());
INSERT INTO "SECONDARYLANGUAGE" (MAINTABLE, LANGUAGE, COMPLETELYTRANSLATED,PUBLISHED, USERID, LOGDATE) VALUES  ('S52C05020201', 'en','Y', 'Y', 'SDGS', GETDATE());
INSERT INTO "CONTENTS" (MAINTABLE, CONTENTS, PRESTEXT, PRESCODE, COPYRIGHT, PRODUCER, LASTUPDATED, UNIT, PRESDECIMALS, PRESCELLSZERO, STOCKFA, DAYADJ, SEASADJ, FOOTNOTECONTENTS, FOOTNOTEVARIABLE, FOOTNOTEVALUE, STORECOLUMNNO, STOREFORMAT, STORENOCHAR, STOREDECIMALS, USERID, LOGDATE, PUBLISHED, PRESTEXTS, STATAUTHORITY, AGGREGPOSSIBLE, FOOTNOTETIME, METAID) VALUES  ('S52C05020201', 'OBS_VALUE', 'ar: Sustainable Development Goals - SDGs', 'DATA', '1', 'PCBS', GETDATE(), 'OBS_VALUE', '2', 'Y', 'F', 'N', 'N', 'N', 'N', 'N', '3', 'N', '17', '2', 'SDGS', GETDATE(), GETDATE(), 'C050202_01', 'PCBS', 'N', 'N', '01');
INSERT INTO "CONTENTS_ENG" (MAINTABLE, CONTENTS, PRESTEXT, UNIT, USERID, LOGDATE, PRESTEXTS, REFPERIOD, BASEPERIOD)  VALUES  ('S52C05020201', 'OBS_VALUE', 'Sustainable Development Goals - SDGs',  'OBS_VALUE', 'SDGS', GETDATE(), 'C050202_01', NULL,NULL);
INSERT INTO "SUBTABLE" (MAINTABLE, SUBTABLE, PRESTEXT, CLEANTABLE, USERID, LOGDATE) VALUES  ('S52C05020201', '', 'code 5.2/C050202_01/C050202_01 - ???? ?????? ???????? ?? ??????? ???? ??? ??? ?????? ????? ????? ?????? ?? ????? ??? ??????? ???? ?????? ??? ????? ???????? ???? ????? ????? ???? ?????', 'Y', 'SDGS', GETDATE());
INSERT INTO "SUBTABLE_ENG" (MAINTABLE, SUBTABLE, PRESTEXT, USERID, LOGDATE) VALUES  ('S52C05020201', '', 'code 5.2/C050202_01/C050202_01 - Proportion of women and girls aged 15 years and older subjected to sexual violence by persons other than an intimate partner in the previous 12 months, by age and place of occurrence', 'SDGS', GETDATE());
INSERT INTO "SUBTABLEVARIABLE" (MAINTABLE, SUBTABLE, VARIABLE, VARIABLETYPE, STORECOLUMNNO, USERID, LOGDATE) VALUES ('S52C05020201', '', 'TIME_PERIOD', 'T', '1', 'SDGS', GETDATE());
INSERT INTO "CONTENTSTIME" (MAINTABLE, CONTENTS, TIMEPERIOD, USERID, LOGDATE) VALUES ('S52C05020201', 'OBS_VALUE', 2011, 'SDGS', GETDATE());
INSERT INTO "VALUESET" (VALUESET, PRESTEXT, DESCRIPTION, ELIMINATION, VALUEPOOL, METAID, FOOTNOTE, USERID, LOGDATE, VALUEPRES, SORTCODEEXISTS) VALUES ('VSREF_AREA_C050202_01', 'Hmm', 'None', 'A', 'VPREF_AREA', '0', 'N', 'SDGS', GETDATE(), 'T', 'N');
INSERT INTO "VALUESET_ENG" (VALUESET, PRESTEXT, DESCRIPTION, USERID, LOGDATE) VALUES ('VSREF_AREA_C050202_01', 'Hmm', 'None', 'SDGS', GETDATE());
INSERT INTO "VSVALUE" (VALUESET, VALUEPOOL, VALUECODE, USERID, LOGDATE) VALUES ('VSREF_AREA_C050202_01', 'VPREF_AREA', '1', 'SDGS', GETDATE());
INSERT INTO "VSVALUE_ENG" (VALUESET, VALUEPOOL, VALUECODE, USERID, LOGDATE) VALUES ('VSREF_AREA_C050202_01', 'VPREF_AREA', '1', 'SDGS', GETDATE());
INSERT INTO "VSVALUE" (VALUESET, VALUEPOOL, VALUECODE, USERID, LOGDATE) VALUES ('VSREF_AREA_C050202_01', 'VPREF_AREA', '2', 'SDGS', GETDATE());
INSERT INTO "VSVALUE_ENG" (VALUESET, VALUEPOOL, VALUECODE, USERID, LOGDATE) VALUES ('VSREF_AREA_C050202_01', 'VPREF_AREA', '2', 'SDGS', GETDATE());
INSERT INTO "VSVALUE" (VALUESET, VALUEPOOL, VALUECODE, USERID, LOGDATE) VALUES ('VSREF_AREA_C050202_01', 'VPREF_AREA', '3', 'SDGS', GETDATE());
INSERT INTO "VSVALUE_ENG" (VALUESET, VALUEPOOL, VALUECODE, USERID, LOGDATE) VALUES ('VSREF_AREA_C050202_01', 'VPREF_AREA', '3', 'SDGS', GETDATE());
INSERT INTO "SUBTABLEVARIABLE" (MAINTABLE, SUBTABLE, VARIABLE, VALUESET, VARIABLETYPE, STORECOLUMNNO, USERID, LOGDATE) VALUES ('S52C05020201', '', 'REF_AREA', 'VSREF_AREA_C050202_01', 'V', '1', 'SDGS', GETDATE());
IF EXISTS (SELECT 1 FROM SYS.VIEWS WHERE NAME = 'S52C05020201' AND TYPE  = 'v') DROP VIEW S52C05020201;
GO
CREATE VIEW S52C05020201 AS SELECT * FROM INDICATORDATA WHERE SUBINDICATOR_CODE = 'C050202_01';
GO
INSERT INTO "MAINTABLE" (MAINTABLE, PRESTEXT, PRESTEXTS, PRESCATEGORY, TIMESCALE, USERID, LOGDATE, FIRSTPUBLISHED, TABLESTATUS, TABLEID, PRODUCTCODE, SPECCHAREXISTS, METAID, SUBJECTCODE, CONTENTSVARIABLE) VALUES  ('S53C05030101', 'code 5.3/C050301_01/C050301_01 - ???? ?????? ?? ????? 20-24 ??? ?????? ??? ?????? ?? 15 ???', 'SDGs Indicators', 'O', 'year', 'SDGS', GETDATE(), GETDATE(), 'A', 'S53C05030101', '001', 'N', '01', '01', 'ar: Sub Indicator');
INSERT INTO "MAINTABLE_ENG" (MAINTABLE, STATUS, PUBLISHED, PRESTEXT, PRESTEXTS, CONTENTSVARIABLE, USERID, LOGDATE) VALUES  ('S53C05030101', 'A', GETDATE(), 'code 5.3/C050301_01/C050301_01 - Proportion of women aged 20-24 years who were married before age 15 (%)', 'SDGs Indicators', 'Sub Indicator', 'SDGS', GETDATE());
INSERT INTO "SECONDARYLANGUAGE" (MAINTABLE, LANGUAGE, COMPLETELYTRANSLATED,PUBLISHED, USERID, LOGDATE) VALUES  ('S53C05030101', 'en','Y', 'Y', 'SDGS', GETDATE());
INSERT INTO "CONTENTS" (MAINTABLE, CONTENTS, PRESTEXT, PRESCODE, COPYRIGHT, PRODUCER, LASTUPDATED, UNIT, PRESDECIMALS, PRESCELLSZERO, STOCKFA, DAYADJ, SEASADJ, FOOTNOTECONTENTS, FOOTNOTEVARIABLE, FOOTNOTEVALUE, STORECOLUMNNO, STOREFORMAT, STORENOCHAR, STOREDECIMALS, USERID, LOGDATE, PUBLISHED, PRESTEXTS, STATAUTHORITY, AGGREGPOSSIBLE, FOOTNOTETIME, METAID) VALUES  ('S53C05030101', 'OBS_VALUE', 'ar: Sustainable Development Goals - SDGs', 'DATA', '1', 'PCBS', GETDATE(), 'OBS_VALUE', '2', 'Y', 'F', 'N', 'N', 'N', 'N', 'N', '3', 'N', '17', '2', 'SDGS', GETDATE(), GETDATE(), 'C050301_01', 'PCBS', 'N', 'N', '01');
INSERT INTO "CONTENTS_ENG" (MAINTABLE, CONTENTS, PRESTEXT, UNIT, USERID, LOGDATE, PRESTEXTS, REFPERIOD, BASEPERIOD)  VALUES  ('S53C05030101', 'OBS_VALUE', 'Sustainable Development Goals - SDGs',  'OBS_VALUE', 'SDGS', GETDATE(), 'C050301_01', NULL,NULL);
INSERT INTO "SUBTABLE" (MAINTABLE, SUBTABLE, PRESTEXT, CLEANTABLE, USERID, LOGDATE) VALUES  ('S53C05030101', '', 'code 5.3/C050301_01/C050301_01 - ???? ?????? ?? ????? 20-24 ??? ?????? ??? ?????? ?? 15 ???', 'Y', 'SDGS', GETDATE());
INSERT INTO "SUBTABLE_ENG" (MAINTABLE, SUBTABLE, PRESTEXT, USERID, LOGDATE) VALUES  ('S53C05030101', '', 'code 5.3/C050301_01/C050301_01 - Proportion of women aged 20-24 years who were married before age 15 (%)', 'SDGS', GETDATE());
INSERT INTO "SUBTABLEVARIABLE" (MAINTABLE, SUBTABLE, VARIABLE, VARIABLETYPE, STORECOLUMNNO, USERID, LOGDATE) VALUES ('S53C05030101', '', 'TIME_PERIOD', 'T', '1', 'SDGS', GETDATE());
INSERT INTO "CONTENTSTIME" (MAINTABLE, CONTENTS, TIMEPERIOD, USERID, LOGDATE) VALUES ('S53C05030101', 'OBS_VALUE', 2007, 'SDGS', GETDATE());
INSERT INTO "CONTENTSTIME" (MAINTABLE, CONTENTS, TIMEPERIOD, USERID, LOGDATE) VALUES ('S53C05030101', 'OBS_VALUE', 2014, 'SDGS', GETDATE());
INSERT INTO "CONTENTSTIME" (MAINTABLE, CONTENTS, TIMEPERIOD, USERID, LOGDATE) VALUES ('S53C05030101', 'OBS_VALUE', 2017, 'SDGS', GETDATE());
INSERT INTO "VALUESET" (VALUESET, PRESTEXT, DESCRIPTION, ELIMINATION, VALUEPOOL, METAID, FOOTNOTE, USERID, LOGDATE, VALUEPRES, SORTCODEEXISTS) VALUES ('VSREF_AREA_C050301_01', 'Hmm', 'None', 'A', 'VPREF_AREA', '0', 'N', 'SDGS', GETDATE(), 'T', 'N');
INSERT INTO "VALUESET_ENG" (VALUESET, PRESTEXT, DESCRIPTION, USERID, LOGDATE) VALUES ('VSREF_AREA_C050301_01', 'Hmm', 'None', 'SDGS', GETDATE());
INSERT INTO "VSVALUE" (VALUESET, VALUEPOOL, VALUECODE, USERID, LOGDATE) VALUES ('VSREF_AREA_C050301_01', 'VPREF_AREA', '1', 'SDGS', GETDATE());
INSERT INTO "VSVALUE_ENG" (VALUESET, VALUEPOOL, VALUECODE, USERID, LOGDATE) VALUES ('VSREF_AREA_C050301_01', 'VPREF_AREA', '1', 'SDGS', GETDATE());
INSERT INTO "VSVALUE" (VALUESET, VALUEPOOL, VALUECODE, USERID, LOGDATE) VALUES ('VSREF_AREA_C050301_01', 'VPREF_AREA', '2', 'SDGS', GETDATE());
INSERT INTO "VSVALUE_ENG" (VALUESET, VALUEPOOL, VALUECODE, USERID, LOGDATE) VALUES ('VSREF_AREA_C050301_01', 'VPREF_AREA', '2', 'SDGS', GETDATE());
INSERT INTO "VSVALUE" (VALUESET, VALUEPOOL, VALUECODE, USERID, LOGDATE) VALUES ('VSREF_AREA_C050301_01', 'VPREF_AREA', '3', 'SDGS', GETDATE());
INSERT INTO "VSVALUE_ENG" (VALUESET, VALUEPOOL, VALUECODE, USERID, LOGDATE) VALUES ('VSREF_AREA_C050301_01', 'VPREF_AREA', '3', 'SDGS', GETDATE());
INSERT INTO "VSVALUE" (VALUESET, VALUEPOOL, VALUECODE, USERID, LOGDATE) VALUES ('VSREF_AREA_C050301_01', 'VPREF_AREA', '1101', 'SDGS', GETDATE());
INSERT INTO "VSVALUE_ENG" (VALUESET, VALUEPOOL, VALUECODE, USERID, LOGDATE) VALUES ('VSREF_AREA_C050301_01', 'VPREF_AREA', '1101', 'SDGS', GETDATE());
INSERT INTO "VSVALUE" (VALUESET, VALUEPOOL, VALUECODE, USERID, LOGDATE) VALUES ('VSREF_AREA_C050301_01', 'VPREF_AREA', '1105', 'SDGS', GETDATE());
INSERT INTO "VSVALUE_ENG" (VALUESET, VALUEPOOL, VALUECODE, USERID, LOGDATE) VALUES ('VSREF_AREA_C050301_01', 'VPREF_AREA', '1105', 'SDGS', GETDATE());
INSERT INTO "VSVALUE" (VALUESET, VALUEPOOL, VALUECODE, USERID, LOGDATE) VALUES ('VSREF_AREA_C050301_01', 'VPREF_AREA', '1110', 'SDGS', GETDATE());
INSERT INTO "VSVALUE_ENG" (VALUESET, VALUEPOOL, VALUECODE, USERID, LOGDATE) VALUES ('VSREF_AREA_C050301_01', 'VPREF_AREA', '1110', 'SDGS', GETDATE());
INSERT INTO "VSVALUE" (VALUESET, VALUEPOOL, VALUECODE, USERID, LOGDATE) VALUES ('VSREF_AREA_C050301_01', 'VPREF_AREA', '1115', 'SDGS', GETDATE());
INSERT INTO "VSVALUE_ENG" (VALUESET, VALUEPOOL, VALUECODE, USERID, LOGDATE) VALUES ('VSREF_AREA_C050301_01', 'VPREF_AREA', '1115', 'SDGS', GETDATE());
INSERT INTO "VSVALUE" (VALUESET, VALUEPOOL, VALUECODE, USERID, LOGDATE) VALUES ('VSREF_AREA_C050301_01', 'VPREF_AREA', '1120', 'SDGS', GETDATE());
INSERT INTO "VSVALUE_ENG" (VALUESET, VALUEPOOL, VALUECODE, USERID, LOGDATE) VALUES ('VSREF_AREA_C050301_01', 'VPREF_AREA', '1120', 'SDGS', GETDATE());
INSERT INTO "VSVALUE" (VALUESET, VALUEPOOL, VALUECODE, USERID, LOGDATE) VALUES ('VSREF_AREA_C050301_01', 'VPREF_AREA', '1125', 'SDGS', GETDATE());
INSERT INTO "VSVALUE_ENG" (VALUESET, VALUEPOOL, VALUECODE, USERID, LOGDATE) VALUES ('VSREF_AREA_C050301_01', 'VPREF_AREA', '1125', 'SDGS', GETDATE());
INSERT INTO "VSVALUE" (VALUESET, VALUEPOOL, VALUECODE, USERID, LOGDATE) VALUES ('VSREF_AREA_C050301_01', 'VPREF_AREA', '1230', 'SDGS', GETDATE());
INSERT INTO "VSVALUE_ENG" (VALUESET, VALUEPOOL, VALUECODE, USERID, LOGDATE) VALUES ('VSREF_AREA_C050301_01', 'VPREF_AREA', '1230', 'SDGS', GETDATE());
INSERT INTO "VSVALUE" (VALUESET, VALUEPOOL, VALUECODE, USERID, LOGDATE) VALUES ('VSREF_AREA_C050301_01', 'VPREF_AREA', '1235', 'SDGS', GETDATE());
INSERT INTO "VSVALUE_ENG" (VALUESET, VALUEPOOL, VALUECODE, USERID, LOGDATE) VALUES ('VSREF_AREA_C050301_01', 'VPREF_AREA', '1235', 'SDGS', GETDATE());
INSERT INTO "VSVALUE" (VALUESET, VALUEPOOL, VALUECODE, USERID, LOGDATE) VALUES ('VSREF_AREA_C050301_01', 'VPREF_AREA', '1240', 'SDGS', GETDATE());
INSERT INTO "VSVALUE_ENG" (VALUESET, VALUEPOOL, VALUECODE, USERID, LOGDATE) VALUES ('VSREF_AREA_C050301_01', 'VPREF_AREA', '1240', 'SDGS', GETDATE());
INSERT INTO "VSVALUE" (VALUESET, VALUEPOOL, VALUECODE, USERID, LOGDATE) VALUES ('VSREF_AREA_C050301_01', 'VPREF_AREA', '1345', 'SDGS', GETDATE());
INSERT INTO "VSVALUE_ENG" (VALUESET, VALUEPOOL, VALUECODE, USERID, LOGDATE) VALUES ('VSREF_AREA_C050301_01', 'VPREF_AREA', '1345', 'SDGS', GETDATE());
INSERT INTO "VSVALUE" (VALUESET, VALUEPOOL, VALUECODE, USERID, LOGDATE) VALUES ('VSREF_AREA_C050301_01', 'VPREF_AREA', '1350', 'SDGS', GETDATE());
INSERT INTO "VSVALUE_ENG" (VALUESET, VALUEPOOL, VALUECODE, USERID, LOGDATE) VALUES ('VSREF_AREA_C050301_01', 'VPREF_AREA', '1350', 'SDGS', GETDATE());
INSERT INTO "VSVALUE" (VALUESET, VALUEPOOL, VALUECODE, USERID, LOGDATE) VALUES ('VSREF_AREA_C050301_01', 'VPREF_AREA', '2455', 'SDGS', GETDATE());
INSERT INTO "VSVALUE_ENG" (VALUESET, VALUEPOOL, VALUECODE, USERID, LOGDATE) VALUES ('VSREF_AREA_C050301_01', 'VPREF_AREA', '2455', 'SDGS', GETDATE());
INSERT INTO "VSVALUE" (VALUESET, VALUEPOOL, VALUECODE, USERID, LOGDATE) VALUES ('VSREF_AREA_C050301_01', 'VPREF_AREA', '2460', 'SDGS', GETDATE());
INSERT INTO "VSVALUE_ENG" (VALUESET, VALUEPOOL, VALUECODE, USERID, LOGDATE) VALUES ('VSREF_AREA_C050301_01', 'VPREF_AREA', '2460', 'SDGS', GETDATE());
INSERT INTO "VSVALUE" (VALUESET, VALUEPOOL, VALUECODE, USERID, LOGDATE) VALUES ('VSREF_AREA_C050301_01', 'VPREF_AREA', '2465', 'SDGS', GETDATE());
INSERT INTO "VSVALUE_ENG" (VALUESET, VALUEPOOL, VALUECODE, USERID, LOGDATE) VALUES ('VSREF_AREA_C050301_01', 'VPREF_AREA', '2465', 'SDGS', GETDATE());
INSERT INTO "VSVALUE" (VALUESET, VALUEPOOL, VALUECODE, USERID, LOGDATE) VALUES ('VSREF_AREA_C050301_01', 'VPREF_AREA', '2470', 'SDGS', GETDATE());
INSERT INTO "VSVALUE_ENG" (VALUESET, VALUEPOOL, VALUECODE, USERID, LOGDATE) VALUES ('VSREF_AREA_C050301_01', 'VPREF_AREA', '2470', 'SDGS', GETDATE());
INSERT INTO "VSVALUE" (VALUESET, VALUEPOOL, VALUECODE, USERID, LOGDATE) VALUES ('VSREF_AREA_C050301_01', 'VPREF_AREA', '2475', 'SDGS', GETDATE());
INSERT INTO "VSVALUE_ENG" (VALUESET, VALUEPOOL, VALUECODE, USERID, LOGDATE) VALUES ('VSREF_AREA_C050301_01', 'VPREF_AREA', '2475', 'SDGS', GETDATE());
INSERT INTO "SUBTABLEVARIABLE" (MAINTABLE, SUBTABLE, VARIABLE, VALUESET, VARIABLETYPE, STORECOLUMNNO, USERID, LOGDATE) VALUES ('S53C05030101', '', 'REF_AREA', 'VSREF_AREA_C050301_01', 'V', '1', 'SDGS', GETDATE());
INSERT INTO "VALUESET" (VALUESET, PRESTEXT, DESCRIPTION, ELIMINATION, VALUEPOOL, METAID, FOOTNOTE, USERID, LOGDATE, VALUEPRES, SORTCODEEXISTS) VALUES ('VSSEX_C050301_01', 'Hmm', 'None', 'A', 'VPSEX', '0', 'N', 'SDGS', GETDATE(), 'T', 'N');
INSERT INTO "VALUESET_ENG" (VALUESET, PRESTEXT, DESCRIPTION, USERID, LOGDATE) VALUES ('VSSEX_C050301_01', 'Hmm', 'None', 'SDGS', GETDATE());
INSERT INTO "VSVALUE" (VALUESET, VALUEPOOL, VALUECODE, USERID, LOGDATE) VALUES ('VSSEX_C050301_01', 'VPSEX', 'F', 'SDGS', GETDATE());
INSERT INTO "VSVALUE_ENG" (VALUESET, VALUEPOOL, VALUECODE, USERID, LOGDATE) VALUES ('VSSEX_C050301_01', 'VPSEX', 'F', 'SDGS', GETDATE());
INSERT INTO "VSVALUE" (VALUESET, VALUEPOOL, VALUECODE, USERID, LOGDATE) VALUES ('VSSEX_C050301_01', 'VPSEX', '_T', 'SDGS', GETDATE());
INSERT INTO "VSVALUE_ENG" (VALUESET, VALUEPOOL, VALUECODE, USERID, LOGDATE) VALUES ('VSSEX_C050301_01', 'VPSEX', '_T', 'SDGS', GETDATE());
INSERT INTO "SUBTABLEVARIABLE" (MAINTABLE, SUBTABLE, VARIABLE, VALUESET, VARIABLETYPE, STORECOLUMNNO, USERID, LOGDATE) VALUES ('S53C05030101', '', 'SEX', 'VSSEX_C050301_01', 'V', '1', 'SDGS', GETDATE());
IF EXISTS (SELECT 1 FROM SYS.VIEWS WHERE NAME = 'S53C05030101' AND TYPE  = 'v') DROP VIEW S53C05030101;
GO
CREATE VIEW S53C05030101 AS SELECT * FROM INDICATORDATA WHERE SUBINDICATOR_CODE = 'C050301_01';
GO
INSERT INTO "MAINTABLE" (MAINTABLE, PRESTEXT, PRESTEXTS, PRESCATEGORY, TIMESCALE, USERID, LOGDATE, FIRSTPUBLISHED, TABLESTATUS, TABLEID, PRODUCTCODE, SPECCHAREXISTS, METAID, SUBJECTCODE, CONTENTSVARIABLE) VALUES  ('S53C05030102', 'code 5.3/C050301_02/C050301_02 - ???? ?????? ?? ????? 20-24 ??? ?????? ??? ?????? ?? 18 ???', 'SDGs Indicators', 'O', 'year', 'SDGS', GETDATE(), GETDATE(), 'A', 'S53C05030102', '001', 'N', '01', '01', 'ar: Sub Indicator');
INSERT INTO "MAINTABLE_ENG" (MAINTABLE, STATUS, PUBLISHED, PRESTEXT, PRESTEXTS, CONTENTSVARIABLE, USERID, LOGDATE) VALUES  ('S53C05030102', 'A', GETDATE(), 'code 5.3/C050301_02/C050301_02 - Proportion of women aged 20-24 years who were married before age 18 (%)', 'SDGs Indicators', 'Sub Indicator', 'SDGS', GETDATE());
INSERT INTO "SECONDARYLANGUAGE" (MAINTABLE, LANGUAGE, COMPLETELYTRANSLATED,PUBLISHED, USERID, LOGDATE) VALUES  ('S53C05030102', 'en','Y', 'Y', 'SDGS', GETDATE());
INSERT INTO "CONTENTS" (MAINTABLE, CONTENTS, PRESTEXT, PRESCODE, COPYRIGHT, PRODUCER, LASTUPDATED, UNIT, PRESDECIMALS, PRESCELLSZERO, STOCKFA, DAYADJ, SEASADJ, FOOTNOTECONTENTS, FOOTNOTEVARIABLE, FOOTNOTEVALUE, STORECOLUMNNO, STOREFORMAT, STORENOCHAR, STOREDECIMALS, USERID, LOGDATE, PUBLISHED, PRESTEXTS, STATAUTHORITY, AGGREGPOSSIBLE, FOOTNOTETIME, METAID) VALUES  ('S53C05030102', 'OBS_VALUE', 'ar: Sustainable Development Goals - SDGs', 'DATA', '1', 'PCBS', GETDATE(), 'OBS_VALUE', '2', 'Y', 'F', 'N', 'N', 'N', 'N', 'N', '3', 'N', '17', '2', 'SDGS', GETDATE(), GETDATE(), 'C050301_02', 'PCBS', 'N', 'N', '01');
INSERT INTO "CONTENTS_ENG" (MAINTABLE, CONTENTS, PRESTEXT, UNIT, USERID, LOGDATE, PRESTEXTS, REFPERIOD, BASEPERIOD)  VALUES  ('S53C05030102', 'OBS_VALUE', 'Sustainable Development Goals - SDGs',  'OBS_VALUE', 'SDGS', GETDATE(), 'C050301_02', NULL,NULL);
INSERT INTO "SUBTABLE" (MAINTABLE, SUBTABLE, PRESTEXT, CLEANTABLE, USERID, LOGDATE) VALUES  ('S53C05030102', '', 'code 5.3/C050301_02/C050301_02 - ???? ?????? ?? ????? 20-24 ??? ?????? ??? ?????? ?? 18 ???', 'Y', 'SDGS', GETDATE());
INSERT INTO "SUBTABLE_ENG" (MAINTABLE, SUBTABLE, PRESTEXT, USERID, LOGDATE) VALUES  ('S53C05030102', '', 'code 5.3/C050301_02/C050301_02 - Proportion of women aged 20-24 years who were married before age 18 (%)', 'SDGS', GETDATE());
INSERT INTO "SUBTABLEVARIABLE" (MAINTABLE, SUBTABLE, VARIABLE, VARIABLETYPE, STORECOLUMNNO, USERID, LOGDATE) VALUES ('S53C05030102', '', 'TIME_PERIOD', 'T', '1', 'SDGS', GETDATE());
INSERT INTO "CONTENTSTIME" (MAINTABLE, CONTENTS, TIMEPERIOD, USERID, LOGDATE) VALUES ('S53C05030102', 'OBS_VALUE', 2007, 'SDGS', GETDATE());
INSERT INTO "CONTENTSTIME" (MAINTABLE, CONTENTS, TIMEPERIOD, USERID, LOGDATE) VALUES ('S53C05030102', 'OBS_VALUE', 2014, 'SDGS', GETDATE());
INSERT INTO "CONTENTSTIME" (MAINTABLE, CONTENTS, TIMEPERIOD, USERID, LOGDATE) VALUES ('S53C05030102', 'OBS_VALUE', 2017, 'SDGS', GETDATE());
INSERT INTO "CONTENTSTIME" (MAINTABLE, CONTENTS, TIMEPERIOD, USERID, LOGDATE) VALUES ('S53C05030102', 'OBS_VALUE', 2019, 'SDGS', GETDATE());
INSERT INTO "VALUESET" (VALUESET, PRESTEXT, DESCRIPTION, ELIMINATION, VALUEPOOL, METAID, FOOTNOTE, USERID, LOGDATE, VALUEPRES, SORTCODEEXISTS) VALUES ('VSREF_AREA_C050301_02', 'Hmm', 'None', 'A', 'VPREF_AREA', '0', 'N', 'SDGS', GETDATE(), 'T', 'N');
INSERT INTO "VALUESET_ENG" (VALUESET, PRESTEXT, DESCRIPTION, USERID, LOGDATE) VALUES ('VSREF_AREA_C050301_02', 'Hmm', 'None', 'SDGS', GETDATE());
INSERT INTO "VSVALUE" (VALUESET, VALUEPOOL, VALUECODE, USERID, LOGDATE) VALUES ('VSREF_AREA_C050301_02', 'VPREF_AREA', '1', 'SDGS', GETDATE());
INSERT INTO "VSVALUE_ENG" (VALUESET, VALUEPOOL, VALUECODE, USERID, LOGDATE) VALUES ('VSREF_AREA_C050301_02', 'VPREF_AREA', '1', 'SDGS', GETDATE());
INSERT INTO "VSVALUE" (VALUESET, VALUEPOOL, VALUECODE, USERID, LOGDATE) VALUES ('VSREF_AREA_C050301_02', 'VPREF_AREA', '2', 'SDGS', GETDATE());
INSERT INTO "VSVALUE_ENG" (VALUESET, VALUEPOOL, VALUECODE, USERID, LOGDATE) VALUES ('VSREF_AREA_C050301_02', 'VPREF_AREA', '2', 'SDGS', GETDATE());
INSERT INTO "VSVALUE" (VALUESET, VALUEPOOL, VALUECODE, USERID, LOGDATE) VALUES ('VSREF_AREA_C050301_02', 'VPREF_AREA', '3', 'SDGS', GETDATE());
INSERT INTO "VSVALUE_ENG" (VALUESET, VALUEPOOL, VALUECODE, USERID, LOGDATE) VALUES ('VSREF_AREA_C050301_02', 'VPREF_AREA', '3', 'SDGS', GETDATE());
INSERT INTO "VSVALUE" (VALUESET, VALUEPOOL, VALUECODE, USERID, LOGDATE) VALUES ('VSREF_AREA_C050301_02', 'VPREF_AREA', '1101', 'SDGS', GETDATE());
INSERT INTO "VSVALUE_ENG" (VALUESET, VALUEPOOL, VALUECODE, USERID, LOGDATE) VALUES ('VSREF_AREA_C050301_02', 'VPREF_AREA', '1101', 'SDGS', GETDATE());
INSERT INTO "VSVALUE" (VALUESET, VALUEPOOL, VALUECODE, USERID, LOGDATE) VALUES ('VSREF_AREA_C050301_02', 'VPREF_AREA', '1105', 'SDGS', GETDATE());
INSERT INTO "VSVALUE_ENG" (VALUESET, VALUEPOOL, VALUECODE, USERID, LOGDATE) VALUES ('VSREF_AREA_C050301_02', 'VPREF_AREA', '1105', 'SDGS', GETDATE());
INSERT INTO "VSVALUE" (VALUESET, VALUEPOOL, VALUECODE, USERID, LOGDATE) VALUES ('VSREF_AREA_C050301_02', 'VPREF_AREA', '1110', 'SDGS', GETDATE());
INSERT INTO "VSVALUE_ENG" (VALUESET, VALUEPOOL, VALUECODE, USERID, LOGDATE) VALUES ('VSREF_AREA_C050301_02', 'VPREF_AREA', '1110', 'SDGS', GETDATE());
INSERT INTO "VSVALUE" (VALUESET, VALUEPOOL, VALUECODE, USERID, LOGDATE) VALUES ('VSREF_AREA_C050301_02', 'VPREF_AREA', '1115', 'SDGS', GETDATE());
INSERT INTO "VSVALUE_ENG" (VALUESET, VALUEPOOL, VALUECODE, USERID, LOGDATE) VALUES ('VSREF_AREA_C050301_02', 'VPREF_AREA', '1115', 'SDGS', GETDATE());
INSERT INTO "VSVALUE" (VALUESET, VALUEPOOL, VALUECODE, USERID, LOGDATE) VALUES ('VSREF_AREA_C050301_02', 'VPREF_AREA', '1120', 'SDGS', GETDATE());
INSERT INTO "VSVALUE_ENG" (VALUESET, VALUEPOOL, VALUECODE, USERID, LOGDATE) VALUES ('VSREF_AREA_C050301_02', 'VPREF_AREA', '1120', 'SDGS', GETDATE());
INSERT INTO "VSVALUE" (VALUESET, VALUEPOOL, VALUECODE, USERID, LOGDATE) VALUES ('VSREF_AREA_C050301_02', 'VPREF_AREA', '1125', 'SDGS', GETDATE());
INSERT INTO "VSVALUE_ENG" (VALUESET, VALUEPOOL, VALUECODE, USERID, LOGDATE) VALUES ('VSREF_AREA_C050301_02', 'VPREF_AREA', '1125', 'SDGS', GETDATE());
INSERT INTO "VSVALUE" (VALUESET, VALUEPOOL, VALUECODE, USERID, LOGDATE) VALUES ('VSREF_AREA_C050301_02', 'VPREF_AREA', '1230', 'SDGS', GETDATE());
INSERT INTO "VSVALUE_ENG" (VALUESET, VALUEPOOL, VALUECODE, USERID, LOGDATE) VALUES ('VSREF_AREA_C050301_02', 'VPREF_AREA', '1230', 'SDGS', GETDATE());
INSERT INTO "VSVALUE" (VALUESET, VALUEPOOL, VALUECODE, USERID, LOGDATE) VALUES ('VSREF_AREA_C050301_02', 'VPREF_AREA', '1235', 'SDGS', GETDATE());
INSERT INTO "VSVALUE_ENG" (VALUESET, VALUEPOOL, VALUECODE, USERID, LOGDATE) VALUES ('VSREF_AREA_C050301_02', 'VPREF_AREA', '1235', 'SDGS', GETDATE());
INSERT INTO "VSVALUE" (VALUESET, VALUEPOOL, VALUECODE, USERID, LOGDATE) VALUES ('VSREF_AREA_C050301_02', 'VPREF_AREA', '1240', 'SDGS', GETDATE());
INSERT INTO "VSVALUE_ENG" (VALUESET, VALUEPOOL, VALUECODE, USERID, LOGDATE) VALUES ('VSREF_AREA_C050301_02', 'VPREF_AREA', '1240', 'SDGS', GETDATE());
INSERT INTO "VSVALUE" (VALUESET, VALUEPOOL, VALUECODE, USERID, LOGDATE) VALUES ('VSREF_AREA_C050301_02', 'VPREF_AREA', '1345', 'SDGS', GETDATE());
INSERT INTO "VSVALUE_ENG" (VALUESET, VALUEPOOL, VALUECODE, USERID, LOGDATE) VALUES ('VSREF_AREA_C050301_02', 'VPREF_AREA', '1345', 'SDGS', GETDATE());
INSERT INTO "VSVALUE" (VALUESET, VALUEPOOL, VALUECODE, USERID, LOGDATE) VALUES ('VSREF_AREA_C050301_02', 'VPREF_AREA', '1350', 'SDGS', GETDATE());
INSERT INTO "VSVALUE_ENG" (VALUESET, VALUEPOOL, VALUECODE, USERID, LOGDATE) VALUES ('VSREF_AREA_C050301_02', 'VPREF_AREA', '1350', 'SDGS', GETDATE());
INSERT INTO "VSVALUE" (VALUESET, VALUEPOOL, VALUECODE, USERID, LOGDATE) VALUES ('VSREF_AREA_C050301_02', 'VPREF_AREA', '2455', 'SDGS', GETDATE());
INSERT INTO "VSVALUE_ENG" (VALUESET, VALUEPOOL, VALUECODE, USERID, LOGDATE) VALUES ('VSREF_AREA_C050301_02', 'VPREF_AREA', '2455', 'SDGS', GETDATE());
INSERT INTO "VSVALUE" (VALUESET, VALUEPOOL, VALUECODE, USERID, LOGDATE) VALUES ('VSREF_AREA_C050301_02', 'VPREF_AREA', '2460', 'SDGS', GETDATE());
INSERT INTO "VSVALUE_ENG" (VALUESET, VALUEPOOL, VALUECODE, USERID, LOGDATE) VALUES ('VSREF_AREA_C050301_02', 'VPREF_AREA', '2460', 'SDGS', GETDATE());
INSERT INTO "VSVALUE" (VALUESET, VALUEPOOL, VALUECODE, USERID, LOGDATE) VALUES ('VSREF_AREA_C050301_02', 'VPREF_AREA', '2465', 'SDGS', GETDATE());
INSERT INTO "VSVALUE_ENG" (VALUESET, VALUEPOOL, VALUECODE, USERID, LOGDATE) VALUES ('VSREF_AREA_C050301_02', 'VPREF_AREA', '2465', 'SDGS', GETDATE());
INSERT INTO "VSVALUE" (VALUESET, VALUEPOOL, VALUECODE, USERID, LOGDATE) VALUES ('VSREF_AREA_C050301_02', 'VPREF_AREA', '2470', 'SDGS', GETDATE());
INSERT INTO "VSVALUE_ENG" (VALUESET, VALUEPOOL, VALUECODE, USERID, LOGDATE) VALUES ('VSREF_AREA_C050301_02', 'VPREF_AREA', '2470', 'SDGS', GETDATE());
INSERT INTO "VSVALUE" (VALUESET, VALUEPOOL, VALUECODE, USERID, LOGDATE) VALUES ('VSREF_AREA_C050301_02', 'VPREF_AREA', '2475', 'SDGS', GETDATE());
INSERT INTO "VSVALUE_ENG" (VALUESET, VALUEPOOL, VALUECODE, USERID, LOGDATE) VALUES ('VSREF_AREA_C050301_02', 'VPREF_AREA', '2475', 'SDGS', GETDATE());
INSERT INTO "SUBTABLEVARIABLE" (MAINTABLE, SUBTABLE, VARIABLE, VALUESET, VARIABLETYPE, STORECOLUMNNO, USERID, LOGDATE) VALUES ('S53C05030102', '', 'REF_AREA', 'VSREF_AREA_C050301_02', 'V', '1', 'SDGS', GETDATE());
INSERT INTO "VALUESET" (VALUESET, PRESTEXT, DESCRIPTION, ELIMINATION, VALUEPOOL, METAID, FOOTNOTE, USERID, LOGDATE, VALUEPRES, SORTCODEEXISTS) VALUES ('VSSEX_C050301_02', 'Hmm', 'None', 'A', 'VPSEX', '0', 'N', 'SDGS', GETDATE(), 'T', 'N');
INSERT INTO "VALUESET_ENG" (VALUESET, PRESTEXT, DESCRIPTION, USERID, LOGDATE) VALUES ('VSSEX_C050301_02', 'Hmm', 'None', 'SDGS', GETDATE());
INSERT INTO "VSVALUE" (VALUESET, VALUEPOOL, VALUECODE, USERID, LOGDATE) VALUES ('VSSEX_C050301_02', 'VPSEX', 'F', 'SDGS', GETDATE());
INSERT INTO "VSVALUE_ENG" (VALUESET, VALUEPOOL, VALUECODE, USERID, LOGDATE) VALUES ('VSSEX_C050301_02', 'VPSEX', 'F', 'SDGS', GETDATE());
INSERT INTO "VSVALUE" (VALUESET, VALUEPOOL, VALUECODE, USERID, LOGDATE) VALUES ('VSSEX_C050301_02', 'VPSEX', '_T', 'SDGS', GETDATE());
INSERT INTO "VSVALUE_ENG" (VALUESET, VALUEPOOL, VALUECODE, USERID, LOGDATE) VALUES ('VSSEX_C050301_02', 'VPSEX', '_T', 'SDGS', GETDATE());
INSERT INTO "SUBTABLEVARIABLE" (MAINTABLE, SUBTABLE, VARIABLE, VALUESET, VARIABLETYPE, STORECOLUMNNO, USERID, LOGDATE) VALUES ('S53C05030102', '', 'SEX', 'VSSEX_C050301_02', 'V', '1', 'SDGS', GETDATE());
IF EXISTS (SELECT 1 FROM SYS.VIEWS WHERE NAME = 'S53C05030102' AND TYPE  = 'v') DROP VIEW S53C05030102;
GO
CREATE VIEW S53C05030102 AS SELECT * FROM INDICATORDATA WHERE SUBINDICATOR_CODE = 'C050301_02';
GO
INSERT INTO "MAINTABLE" (MAINTABLE, PRESTEXT, PRESTEXTS, PRESCATEGORY, TIMESCALE, USERID, LOGDATE, FIRSTPUBLISHED, TABLESTATUS, TABLEID, PRODUCTCODE, SPECCHAREXISTS, METAID, SUBJECTCODE, CONTENTSVARIABLE) VALUES  ('S54C05040101', 'code 5.4/C050401_01/C050401_01 - ???? ????? ?????? ??????? ???????? ?????? ??????? ??? ??????  ?????? ???? ????? ?????? ???????', 'SDGs Indicators', 'O', 'year', 'SDGS', GETDATE(), GETDATE(), 'A', 'S54C05040101', '001', 'N', '01', '01', 'ar: Sub Indicator');
INSERT INTO "MAINTABLE_ENG" (MAINTABLE, STATUS, PUBLISHED, PRESTEXT, PRESTEXTS, CONTENTSVARIABLE, USERID, LOGDATE) VALUES  ('S54C05040101', 'A', GETDATE(), 'code 5.4/C050401_01/C050401_01 - Proportion of time spent on unpaid domestic chores and care work, by sex, age and location (%)', 'SDGs Indicators', 'Sub Indicator', 'SDGS', GETDATE());
INSERT INTO "SECONDARYLANGUAGE" (MAINTABLE, LANGUAGE, COMPLETELYTRANSLATED,PUBLISHED, USERID, LOGDATE) VALUES  ('S54C05040101', 'en','Y', 'Y', 'SDGS', GETDATE());
INSERT INTO "CONTENTS" (MAINTABLE, CONTENTS, PRESTEXT, PRESCODE, COPYRIGHT, PRODUCER, LASTUPDATED, UNIT, PRESDECIMALS, PRESCELLSZERO, STOCKFA, DAYADJ, SEASADJ, FOOTNOTECONTENTS, FOOTNOTEVARIABLE, FOOTNOTEVALUE, STORECOLUMNNO, STOREFORMAT, STORENOCHAR, STOREDECIMALS, USERID, LOGDATE, PUBLISHED, PRESTEXTS, STATAUTHORITY, AGGREGPOSSIBLE, FOOTNOTETIME, METAID) VALUES  ('S54C05040101', 'OBS_VALUE', 'ar: Sustainable Development Goals - SDGs', 'DATA', '1', 'PCBS', GETDATE(), 'OBS_VALUE', '2', 'Y', 'F', 'N', 'N', 'N', 'N', 'N', '3', 'N', '17', '2', 'SDGS', GETDATE(), GETDATE(), 'C050401_01', 'PCBS', 'N', 'N', '01');
INSERT INTO "CONTENTS_ENG" (MAINTABLE, CONTENTS, PRESTEXT, UNIT, USERID, LOGDATE, PRESTEXTS, REFPERIOD, BASEPERIOD)  VALUES  ('S54C05040101', 'OBS_VALUE', 'Sustainable Development Goals - SDGs',  'OBS_VALUE', 'SDGS', GETDATE(), 'C050401_01', NULL,NULL);
INSERT INTO "SUBTABLE" (MAINTABLE, SUBTABLE, PRESTEXT, CLEANTABLE, USERID, LOGDATE) VALUES  ('S54C05040101', '', 'code 5.4/C050401_01/C050401_01 - ???? ????? ?????? ??????? ???????? ?????? ??????? ??? ??????  ?????? ???? ????? ?????? ???????', 'Y', 'SDGS', GETDATE());
INSERT INTO "SUBTABLE_ENG" (MAINTABLE, SUBTABLE, PRESTEXT, USERID, LOGDATE) VALUES  ('S54C05040101', '', 'code 5.4/C050401_01/C050401_01 - Proportion of time spent on unpaid domestic chores and care work, by sex, age and location (%)', 'SDGS', GETDATE());
INSERT INTO "SUBTABLEVARIABLE" (MAINTABLE, SUBTABLE, VARIABLE, VARIABLETYPE, STORECOLUMNNO, USERID, LOGDATE) VALUES ('S54C05040101', '', 'TIME_PERIOD', 'T', '1', 'SDGS', GETDATE());
INSERT INTO "CONTENTSTIME" (MAINTABLE, CONTENTS, TIMEPERIOD, USERID, LOGDATE) VALUES ('S54C05040101', 'OBS_VALUE', 2000, 'SDGS', GETDATE());
INSERT INTO "CONTENTSTIME" (MAINTABLE, CONTENTS, TIMEPERIOD, USERID, LOGDATE) VALUES ('S54C05040101', 'OBS_VALUE', 2013, 'SDGS', GETDATE());
INSERT INTO "VALUESET" (VALUESET, PRESTEXT, DESCRIPTION, ELIMINATION, VALUEPOOL, METAID, FOOTNOTE, USERID, LOGDATE, VALUEPRES, SORTCODEEXISTS) VALUES ('VSSEX_C050401_01', 'Hmm', 'None', 'A', 'VPSEX', '0', 'N', 'SDGS', GETDATE(), 'T', 'N');
INSERT INTO "VALUESET_ENG" (VALUESET, PRESTEXT, DESCRIPTION, USERID, LOGDATE) VALUES ('VSSEX_C050401_01', 'Hmm', 'None', 'SDGS', GETDATE());
INSERT INTO "VSVALUE" (VALUESET, VALUEPOOL, VALUECODE, USERID, LOGDATE) VALUES ('VSSEX_C050401_01', 'VPSEX', 'M', 'SDGS', GETDATE());
INSERT INTO "VSVALUE_ENG" (VALUESET, VALUEPOOL, VALUECODE, USERID, LOGDATE) VALUES ('VSSEX_C050401_01', 'VPSEX', 'M', 'SDGS', GETDATE());
INSERT INTO "VSVALUE" (VALUESET, VALUEPOOL, VALUECODE, USERID, LOGDATE) VALUES ('VSSEX_C050401_01', 'VPSEX', 'F', 'SDGS', GETDATE());
INSERT INTO "VSVALUE_ENG" (VALUESET, VALUEPOOL, VALUECODE, USERID, LOGDATE) VALUES ('VSSEX_C050401_01', 'VPSEX', 'F', 'SDGS', GETDATE());
INSERT INTO "SUBTABLEVARIABLE" (MAINTABLE, SUBTABLE, VARIABLE, VALUESET, VARIABLETYPE, STORECOLUMNNO, USERID, LOGDATE) VALUES ('S54C05040101', '', 'SEX', 'VSSEX_C050401_01', 'V', '1', 'SDGS', GETDATE());
IF EXISTS (SELECT 1 FROM SYS.VIEWS WHERE NAME = 'S54C05040101' AND TYPE  = 'v') DROP VIEW S54C05040101;
GO
CREATE VIEW S54C05040101 AS SELECT * FROM INDICATORDATA WHERE SUBINDICATOR_CODE = 'C050401_01';
GO
INSERT INTO "MAINTABLE" (MAINTABLE, PRESTEXT, PRESTEXTS, PRESCATEGORY, TIMESCALE, USERID, LOGDATE, FIRSTPUBLISHED, TABLESTATUS, TABLEID, PRODUCTCODE, SPECCHAREXISTS, METAID, SUBJECTCODE, CONTENTSVARIABLE) VALUES  ('S55C05050201', 'code 5.5/C050502_01/C050502_01 - ???? ?????? ?? ??????? ????????', 'SDGs Indicators', 'O', 'year', 'SDGS', GETDATE(), GETDATE(), 'A', 'S55C05050201', '001', 'N', '01', '01', 'ar: Sub Indicator');
INSERT INTO "MAINTABLE_ENG" (MAINTABLE, STATUS, PUBLISHED, PRESTEXT, PRESTEXTS, CONTENTSVARIABLE, USERID, LOGDATE) VALUES  ('S55C05050201', 'A', GETDATE(), 'code 5.5/C050502_01/C050502_01 - Proportion of women in managerial positions', 'SDGs Indicators', 'Sub Indicator', 'SDGS', GETDATE());
INSERT INTO "SECONDARYLANGUAGE" (MAINTABLE, LANGUAGE, COMPLETELYTRANSLATED,PUBLISHED, USERID, LOGDATE) VALUES  ('S55C05050201', 'en','Y', 'Y', 'SDGS', GETDATE());
INSERT INTO "CONTENTS" (MAINTABLE, CONTENTS, PRESTEXT, PRESCODE, COPYRIGHT, PRODUCER, LASTUPDATED, UNIT, PRESDECIMALS, PRESCELLSZERO, STOCKFA, DAYADJ, SEASADJ, FOOTNOTECONTENTS, FOOTNOTEVARIABLE, FOOTNOTEVALUE, STORECOLUMNNO, STOREFORMAT, STORENOCHAR, STOREDECIMALS, USERID, LOGDATE, PUBLISHED, PRESTEXTS, STATAUTHORITY, AGGREGPOSSIBLE, FOOTNOTETIME, METAID) VALUES  ('S55C05050201', 'OBS_VALUE', 'ar: Sustainable Development Goals - SDGs', 'DATA', '1', 'PCBS', GETDATE(), 'OBS_VALUE', '2', 'Y', 'F', 'N', 'N', 'N', 'N', 'N', '3', 'N', '17', '2', 'SDGS', GETDATE(), GETDATE(), 'C050502_01', 'PCBS', 'N', 'N', '01');
INSERT INTO "CONTENTS_ENG" (MAINTABLE, CONTENTS, PRESTEXT, UNIT, USERID, LOGDATE, PRESTEXTS, REFPERIOD, BASEPERIOD)  VALUES  ('S55C05050201', 'OBS_VALUE', 'Sustainable Development Goals - SDGs',  'OBS_VALUE', 'SDGS', GETDATE(), 'C050502_01', NULL,NULL);
INSERT INTO "SUBTABLE" (MAINTABLE, SUBTABLE, PRESTEXT, CLEANTABLE, USERID, LOGDATE) VALUES  ('S55C05050201', '', 'code 5.5/C050502_01/C050502_01 - ???? ?????? ?? ??????? ????????', 'Y', 'SDGS', GETDATE());
INSERT INTO "SUBTABLE_ENG" (MAINTABLE, SUBTABLE, PRESTEXT, USERID, LOGDATE) VALUES  ('S55C05050201', '', 'code 5.5/C050502_01/C050502_01 - Proportion of women in managerial positions', 'SDGS', GETDATE());
INSERT INTO "SUBTABLEVARIABLE" (MAINTABLE, SUBTABLE, VARIABLE, VARIABLETYPE, STORECOLUMNNO, USERID, LOGDATE) VALUES ('S55C05050201', '', 'TIME_PERIOD', 'T', '1', 'SDGS', GETDATE());
INSERT INTO "CONTENTSTIME" (MAINTABLE, CONTENTS, TIMEPERIOD, USERID, LOGDATE) VALUES ('S55C05050201', 'OBS_VALUE', 2000, 'SDGS', GETDATE());
INSERT INTO "CONTENTSTIME" (MAINTABLE, CONTENTS, TIMEPERIOD, USERID, LOGDATE) VALUES ('S55C05050201', 'OBS_VALUE', 2001, 'SDGS', GETDATE());
INSERT INTO "CONTENTSTIME" (MAINTABLE, CONTENTS, TIMEPERIOD, USERID, LOGDATE) VALUES ('S55C05050201', 'OBS_VALUE', 2002, 'SDGS', GETDATE());
INSERT INTO "CONTENTSTIME" (MAINTABLE, CONTENTS, TIMEPERIOD, USERID, LOGDATE) VALUES ('S55C05050201', 'OBS_VALUE', 2003, 'SDGS', GETDATE());
INSERT INTO "CONTENTSTIME" (MAINTABLE, CONTENTS, TIMEPERIOD, USERID, LOGDATE) VALUES ('S55C05050201', 'OBS_VALUE', 2004, 'SDGS', GETDATE());
INSERT INTO "CONTENTSTIME" (MAINTABLE, CONTENTS, TIMEPERIOD, USERID, LOGDATE) VALUES ('S55C05050201', 'OBS_VALUE', 2005, 'SDGS', GETDATE());
INSERT INTO "CONTENTSTIME" (MAINTABLE, CONTENTS, TIMEPERIOD, USERID, LOGDATE) VALUES ('S55C05050201', 'OBS_VALUE', 2006, 'SDGS', GETDATE());
INSERT INTO "CONTENTSTIME" (MAINTABLE, CONTENTS, TIMEPERIOD, USERID, LOGDATE) VALUES ('S55C05050201', 'OBS_VALUE', 2007, 'SDGS', GETDATE());
INSERT INTO "CONTENTSTIME" (MAINTABLE, CONTENTS, TIMEPERIOD, USERID, LOGDATE) VALUES ('S55C05050201', 'OBS_VALUE', 2008, 'SDGS', GETDATE());
INSERT INTO "CONTENTSTIME" (MAINTABLE, CONTENTS, TIMEPERIOD, USERID, LOGDATE) VALUES ('S55C05050201', 'OBS_VALUE', 2009, 'SDGS', GETDATE());
INSERT INTO "CONTENTSTIME" (MAINTABLE, CONTENTS, TIMEPERIOD, USERID, LOGDATE) VALUES ('S55C05050201', 'OBS_VALUE', 2010, 'SDGS', GETDATE());
INSERT INTO "CONTENTSTIME" (MAINTABLE, CONTENTS, TIMEPERIOD, USERID, LOGDATE) VALUES ('S55C05050201', 'OBS_VALUE', 2011, 'SDGS', GETDATE());
INSERT INTO "CONTENTSTIME" (MAINTABLE, CONTENTS, TIMEPERIOD, USERID, LOGDATE) VALUES ('S55C05050201', 'OBS_VALUE', 2012, 'SDGS', GETDATE());
INSERT INTO "CONTENTSTIME" (MAINTABLE, CONTENTS, TIMEPERIOD, USERID, LOGDATE) VALUES ('S55C05050201', 'OBS_VALUE', 2013, 'SDGS', GETDATE());
INSERT INTO "CONTENTSTIME" (MAINTABLE, CONTENTS, TIMEPERIOD, USERID, LOGDATE) VALUES ('S55C05050201', 'OBS_VALUE', 2014, 'SDGS', GETDATE());
INSERT INTO "CONTENTSTIME" (MAINTABLE, CONTENTS, TIMEPERIOD, USERID, LOGDATE) VALUES ('S55C05050201', 'OBS_VALUE', 2015, 'SDGS', GETDATE());
INSERT INTO "CONTENTSTIME" (MAINTABLE, CONTENTS, TIMEPERIOD, USERID, LOGDATE) VALUES ('S55C05050201', 'OBS_VALUE', 2016, 'SDGS', GETDATE());
INSERT INTO "CONTENTSTIME" (MAINTABLE, CONTENTS, TIMEPERIOD, USERID, LOGDATE) VALUES ('S55C05050201', 'OBS_VALUE', 2017, 'SDGS', GETDATE());
INSERT INTO "CONTENTSTIME" (MAINTABLE, CONTENTS, TIMEPERIOD, USERID, LOGDATE) VALUES ('S55C05050201', 'OBS_VALUE', 2018, 'SDGS', GETDATE());
INSERT INTO "CONTENTSTIME" (MAINTABLE, CONTENTS, TIMEPERIOD, USERID, LOGDATE) VALUES ('S55C05050201', 'OBS_VALUE', 2019, 'SDGS', GETDATE());
INSERT INTO "VALUESET" (VALUESET, PRESTEXT, DESCRIPTION, ELIMINATION, VALUEPOOL, METAID, FOOTNOTE, USERID, LOGDATE, VALUEPRES, SORTCODEEXISTS) VALUES ('VSREF_AREA_C050502_01', 'Hmm', 'None', 'A', 'VPREF_AREA', '0', 'N', 'SDGS', GETDATE(), 'T', 'N');
INSERT INTO "VALUESET_ENG" (VALUESET, PRESTEXT, DESCRIPTION, USERID, LOGDATE) VALUES ('VSREF_AREA_C050502_01', 'Hmm', 'None', 'SDGS', GETDATE());
INSERT INTO "VSVALUE" (VALUESET, VALUEPOOL, VALUECODE, USERID, LOGDATE) VALUES ('VSREF_AREA_C050502_01', 'VPREF_AREA', '1', 'SDGS', GETDATE());
INSERT INTO "VSVALUE_ENG" (VALUESET, VALUEPOOL, VALUECODE, USERID, LOGDATE) VALUES ('VSREF_AREA_C050502_01', 'VPREF_AREA', '1', 'SDGS', GETDATE());
INSERT INTO "VSVALUE" (VALUESET, VALUEPOOL, VALUECODE, USERID, LOGDATE) VALUES ('VSREF_AREA_C050502_01', 'VPREF_AREA', '2', 'SDGS', GETDATE());
INSERT INTO "VSVALUE_ENG" (VALUESET, VALUEPOOL, VALUECODE, USERID, LOGDATE) VALUES ('VSREF_AREA_C050502_01', 'VPREF_AREA', '2', 'SDGS', GETDATE());
INSERT INTO "VSVALUE" (VALUESET, VALUEPOOL, VALUECODE, USERID, LOGDATE) VALUES ('VSREF_AREA_C050502_01', 'VPREF_AREA', '3', 'SDGS', GETDATE());
INSERT INTO "VSVALUE_ENG" (VALUESET, VALUEPOOL, VALUECODE, USERID, LOGDATE) VALUES ('VSREF_AREA_C050502_01', 'VPREF_AREA', '3', 'SDGS', GETDATE());
INSERT INTO "SUBTABLEVARIABLE" (MAINTABLE, SUBTABLE, VARIABLE, VALUESET, VARIABLETYPE, STORECOLUMNNO, USERID, LOGDATE) VALUES ('S55C05050201', '', 'REF_AREA', 'VSREF_AREA_C050502_01', 'V', '1', 'SDGS', GETDATE());
INSERT INTO "VALUESET" (VALUESET, PRESTEXT, DESCRIPTION, ELIMINATION, VALUEPOOL, METAID, FOOTNOTE, USERID, LOGDATE, VALUEPRES, SORTCODEEXISTS) VALUES ('VSSEX_C050502_01', 'Hmm', 'None', 'A', 'VPSEX', '0', 'N', 'SDGS', GETDATE(), 'T', 'N');
INSERT INTO "VALUESET_ENG" (VALUESET, PRESTEXT, DESCRIPTION, USERID, LOGDATE) VALUES ('VSSEX_C050502_01', 'Hmm', 'None', 'SDGS', GETDATE());
INSERT INTO "VSVALUE" (VALUESET, VALUEPOOL, VALUECODE, USERID, LOGDATE) VALUES ('VSSEX_C050502_01', 'VPSEX', 'M', 'SDGS', GETDATE());
INSERT INTO "VSVALUE_ENG" (VALUESET, VALUEPOOL, VALUECODE, USERID, LOGDATE) VALUES ('VSSEX_C050502_01', 'VPSEX', 'M', 'SDGS', GETDATE());
INSERT INTO "VSVALUE" (VALUESET, VALUEPOOL, VALUECODE, USERID, LOGDATE) VALUES ('VSSEX_C050502_01', 'VPSEX', 'F', 'SDGS', GETDATE());
INSERT INTO "VSVALUE_ENG" (VALUESET, VALUEPOOL, VALUECODE, USERID, LOGDATE) VALUES ('VSSEX_C050502_01', 'VPSEX', 'F', 'SDGS', GETDATE());
INSERT INTO "VSVALUE" (VALUESET, VALUEPOOL, VALUECODE, USERID, LOGDATE) VALUES ('VSSEX_C050502_01', 'VPSEX', '_T', 'SDGS', GETDATE());
INSERT INTO "VSVALUE_ENG" (VALUESET, VALUEPOOL, VALUECODE, USERID, LOGDATE) VALUES ('VSSEX_C050502_01', 'VPSEX', '_T', 'SDGS', GETDATE());
INSERT INTO "SUBTABLEVARIABLE" (MAINTABLE, SUBTABLE, VARIABLE, VALUESET, VARIABLETYPE, STORECOLUMNNO, USERID, LOGDATE) VALUES ('S55C05050201', '', 'SEX', 'VSSEX_C050502_01', 'V', '1', 'SDGS', GETDATE());
IF EXISTS (SELECT 1 FROM SYS.VIEWS WHERE NAME = 'S55C05050201' AND TYPE  = 'v') DROP VIEW S55C05050201;
GO
CREATE VIEW S55C05050201 AS SELECT * FROM INDICATORDATA WHERE SUBINDICATOR_CODE = 'C050502_01';
GO
INSERT INTO "MAINTABLE" (MAINTABLE, PRESTEXT, PRESTEXTS, PRESCATEGORY, TIMESCALE, USERID, LOGDATE, FIRSTPUBLISHED, TABLESTATUS, TABLEID, PRODUCTCODE, SPECCHAREXISTS, METAID, SUBJECTCODE, CONTENTSVARIABLE) VALUES  ('S55C05050102', 'code 5.5/C050501_02/C050501_02 - ???? ??????? ???? ?????? ?????? ?? ???????? ??????? (??????? ???????)', 'SDGs Indicators', 'O', 'year', 'SDGS', GETDATE(), GETDATE(), 'A', 'S55C05050102', '001', 'N', '01', '01', 'ar: Sub Indicator');
INSERT INTO "MAINTABLE_ENG" (MAINTABLE, STATUS, PUBLISHED, PRESTEXT, PRESTEXTS, CONTENTSVARIABLE, USERID, LOGDATE) VALUES  ('S55C05050102', 'A', GETDATE(), 'code 5.5/C050501_02/C050501_02 - Proportion of seats held by women in local governments', 'SDGs Indicators', 'Sub Indicator', 'SDGS', GETDATE());
INSERT INTO "SECONDARYLANGUAGE" (MAINTABLE, LANGUAGE, COMPLETELYTRANSLATED,PUBLISHED, USERID, LOGDATE) VALUES  ('S55C05050102', 'en','Y', 'Y', 'SDGS', GETDATE());
INSERT INTO "CONTENTS" (MAINTABLE, CONTENTS, PRESTEXT, PRESCODE, COPYRIGHT, PRODUCER, LASTUPDATED, UNIT, PRESDECIMALS, PRESCELLSZERO, STOCKFA, DAYADJ, SEASADJ, FOOTNOTECONTENTS, FOOTNOTEVARIABLE, FOOTNOTEVALUE, STORECOLUMNNO, STOREFORMAT, STORENOCHAR, STOREDECIMALS, USERID, LOGDATE, PUBLISHED, PRESTEXTS, STATAUTHORITY, AGGREGPOSSIBLE, FOOTNOTETIME, METAID) VALUES  ('S55C05050102', 'OBS_VALUE', 'ar: Sustainable Development Goals - SDGs', 'DATA', '1', 'PCBS', GETDATE(), 'OBS_VALUE', '2', 'Y', 'F', 'N', 'N', 'N', 'N', 'N', '3', 'N', '17', '2', 'SDGS', GETDATE(), GETDATE(), 'C050501_02', 'PCBS', 'N', 'N', '01');
INSERT INTO "CONTENTS_ENG" (MAINTABLE, CONTENTS, PRESTEXT, UNIT, USERID, LOGDATE, PRESTEXTS, REFPERIOD, BASEPERIOD)  VALUES  ('S55C05050102', 'OBS_VALUE', 'Sustainable Development Goals - SDGs',  'OBS_VALUE', 'SDGS', GETDATE(), 'C050501_02', NULL,NULL);
INSERT INTO "SUBTABLE" (MAINTABLE, SUBTABLE, PRESTEXT, CLEANTABLE, USERID, LOGDATE) VALUES  ('S55C05050102', '', 'code 5.5/C050501_02/C050501_02 - ???? ??????? ???? ?????? ?????? ?? ???????? ??????? (??????? ???????)', 'Y', 'SDGS', GETDATE());
INSERT INTO "SUBTABLE_ENG" (MAINTABLE, SUBTABLE, PRESTEXT, USERID, LOGDATE) VALUES  ('S55C05050102', '', 'code 5.5/C050501_02/C050501_02 - Proportion of seats held by women in local governments', 'SDGS', GETDATE());
INSERT INTO "SUBTABLEVARIABLE" (MAINTABLE, SUBTABLE, VARIABLE, VARIABLETYPE, STORECOLUMNNO, USERID, LOGDATE) VALUES ('S55C05050102', '', 'TIME_PERIOD', 'T', '1', 'SDGS', GETDATE());
INSERT INTO "CONTENTSTIME" (MAINTABLE, CONTENTS, TIMEPERIOD, USERID, LOGDATE) VALUES ('S55C05050102', 'OBS_VALUE', 2000, 'SDGS', GETDATE());
INSERT INTO "CONTENTSTIME" (MAINTABLE, CONTENTS, TIMEPERIOD, USERID, LOGDATE) VALUES ('S55C05050102', 'OBS_VALUE', 2004, 'SDGS', GETDATE());
INSERT INTO "CONTENTSTIME" (MAINTABLE, CONTENTS, TIMEPERIOD, USERID, LOGDATE) VALUES ('S55C05050102', 'OBS_VALUE', 2005, 'SDGS', GETDATE());
INSERT INTO "CONTENTSTIME" (MAINTABLE, CONTENTS, TIMEPERIOD, USERID, LOGDATE) VALUES ('S55C05050102', 'OBS_VALUE', 2012, 'SDGS', GETDATE());
INSERT INTO "CONTENTSTIME" (MAINTABLE, CONTENTS, TIMEPERIOD, USERID, LOGDATE) VALUES ('S55C05050102', 'OBS_VALUE', 2013, 'SDGS', GETDATE());
INSERT INTO "CONTENTSTIME" (MAINTABLE, CONTENTS, TIMEPERIOD, USERID, LOGDATE) VALUES ('S55C05050102', 'OBS_VALUE', 2017, 'SDGS', GETDATE());
INSERT INTO "CONTENTSTIME" (MAINTABLE, CONTENTS, TIMEPERIOD, USERID, LOGDATE) VALUES ('S55C05050102', 'OBS_VALUE', 2018, 'SDGS', GETDATE());
INSERT INTO "CONTENTSTIME" (MAINTABLE, CONTENTS, TIMEPERIOD, USERID, LOGDATE) VALUES ('S55C05050102', 'OBS_VALUE', 2019, 'SDGS', GETDATE());
INSERT INTO "VALUESET" (VALUESET, PRESTEXT, DESCRIPTION, ELIMINATION, VALUEPOOL, METAID, FOOTNOTE, USERID, LOGDATE, VALUEPRES, SORTCODEEXISTS) VALUES ('VSREF_AREA_C050501_02', 'Hmm', 'None', 'A', 'VPREF_AREA', '0', 'N', 'SDGS', GETDATE(), 'T', 'N');
INSERT INTO "VALUESET_ENG" (VALUESET, PRESTEXT, DESCRIPTION, USERID, LOGDATE) VALUES ('VSREF_AREA_C050501_02', 'Hmm', 'None', 'SDGS', GETDATE());
INSERT INTO "VSVALUE" (VALUESET, VALUEPOOL, VALUECODE, USERID, LOGDATE) VALUES ('VSREF_AREA_C050501_02', 'VPREF_AREA', '1', 'SDGS', GETDATE());
INSERT INTO "VSVALUE_ENG" (VALUESET, VALUEPOOL, VALUECODE, USERID, LOGDATE) VALUES ('VSREF_AREA_C050501_02', 'VPREF_AREA', '1', 'SDGS', GETDATE());
INSERT INTO "VSVALUE" (VALUESET, VALUEPOOL, VALUECODE, USERID, LOGDATE) VALUES ('VSREF_AREA_C050501_02', 'VPREF_AREA', '2', 'SDGS', GETDATE());
INSERT INTO "VSVALUE_ENG" (VALUESET, VALUEPOOL, VALUECODE, USERID, LOGDATE) VALUES ('VSREF_AREA_C050501_02', 'VPREF_AREA', '2', 'SDGS', GETDATE());
INSERT INTO "VSVALUE" (VALUESET, VALUEPOOL, VALUECODE, USERID, LOGDATE) VALUES ('VSREF_AREA_C050501_02', 'VPREF_AREA', '3', 'SDGS', GETDATE());
INSERT INTO "VSVALUE_ENG" (VALUESET, VALUEPOOL, VALUECODE, USERID, LOGDATE) VALUES ('VSREF_AREA_C050501_02', 'VPREF_AREA', '3', 'SDGS', GETDATE());
INSERT INTO "SUBTABLEVARIABLE" (MAINTABLE, SUBTABLE, VARIABLE, VALUESET, VARIABLETYPE, STORECOLUMNNO, USERID, LOGDATE) VALUES ('S55C05050102', '', 'REF_AREA', 'VSREF_AREA_C050501_02', 'V', '1', 'SDGS', GETDATE());
INSERT INTO "VALUESET" (VALUESET, PRESTEXT, DESCRIPTION, ELIMINATION, VALUEPOOL, METAID, FOOTNOTE, USERID, LOGDATE, VALUEPRES, SORTCODEEXISTS) VALUES ('VSSEX_C050501_02', 'Hmm', 'None', 'A', 'VPSEX', '0', 'N', 'SDGS', GETDATE(), 'T', 'N');
INSERT INTO "VALUESET_ENG" (VALUESET, PRESTEXT, DESCRIPTION, USERID, LOGDATE) VALUES ('VSSEX_C050501_02', 'Hmm', 'None', 'SDGS', GETDATE());
INSERT INTO "VSVALUE" (VALUESET, VALUEPOOL, VALUECODE, USERID, LOGDATE) VALUES ('VSSEX_C050501_02', 'VPSEX', 'M', 'SDGS', GETDATE());
INSERT INTO "VSVALUE_ENG" (VALUESET, VALUEPOOL, VALUECODE, USERID, LOGDATE) VALUES ('VSSEX_C050501_02', 'VPSEX', 'M', 'SDGS', GETDATE());
INSERT INTO "VSVALUE" (VALUESET, VALUEPOOL, VALUECODE, USERID, LOGDATE) VALUES ('VSSEX_C050501_02', 'VPSEX', 'F', 'SDGS', GETDATE());
INSERT INTO "VSVALUE_ENG" (VALUESET, VALUEPOOL, VALUECODE, USERID, LOGDATE) VALUES ('VSSEX_C050501_02', 'VPSEX', 'F', 'SDGS', GETDATE());
INSERT INTO "VSVALUE" (VALUESET, VALUEPOOL, VALUECODE, USERID, LOGDATE) VALUES ('VSSEX_C050501_02', 'VPSEX', '_T', 'SDGS', GETDATE());
INSERT INTO "VSVALUE_ENG" (VALUESET, VALUEPOOL, VALUECODE, USERID, LOGDATE) VALUES ('VSSEX_C050501_02', 'VPSEX', '_T', 'SDGS', GETDATE());
INSERT INTO "SUBTABLEVARIABLE" (MAINTABLE, SUBTABLE, VARIABLE, VALUESET, VARIABLETYPE, STORECOLUMNNO, USERID, LOGDATE) VALUES ('S55C05050102', '', 'SEX', 'VSSEX_C050501_02', 'V', '1', 'SDGS', GETDATE());
IF EXISTS (SELECT 1 FROM SYS.VIEWS WHERE NAME = 'S55C05050102' AND TYPE  = 'v') DROP VIEW S55C05050102;
GO
CREATE VIEW S55C05050102 AS SELECT * FROM INDICATORDATA WHERE SUBINDICATOR_CODE = 'C050501_02';
GO
INSERT INTO "MAINTABLE" (MAINTABLE, PRESTEXT, PRESTEXTS, PRESCATEGORY, TIMESCALE, USERID, LOGDATE, FIRSTPUBLISHED, TABLESTATUS, TABLEID, PRODUCTCODE, SPECCHAREXISTS, METAID, SUBJECTCODE, CONTENTSVARIABLE) VALUES  ('S55C05050101', 'code 5.5/C050501_01/C050501_01 - ???? ??????? ???? ?????? ?????? ?? ?????????? ???????', 'SDGs Indicators', 'O', 'year', 'SDGS', GETDATE(), GETDATE(), 'A', 'S55C05050101', '001', 'N', '01', '01', 'ar: Sub Indicator');
INSERT INTO "MAINTABLE_ENG" (MAINTABLE, STATUS, PUBLISHED, PRESTEXT, PRESTEXTS, CONTENTSVARIABLE, USERID, LOGDATE) VALUES  ('S55C05050101', 'A', GETDATE(), 'code 5.5/C050501_01/C050501_01 - Proportion of seats held by women in national parliaments (% of total number of seats)', 'SDGs Indicators', 'Sub Indicator', 'SDGS', GETDATE());
INSERT INTO "SECONDARYLANGUAGE" (MAINTABLE, LANGUAGE, COMPLETELYTRANSLATED,PUBLISHED, USERID, LOGDATE) VALUES  ('S55C05050101', 'en','Y', 'Y', 'SDGS', GETDATE());
INSERT INTO "CONTENTS" (MAINTABLE, CONTENTS, PRESTEXT, PRESCODE, COPYRIGHT, PRODUCER, LASTUPDATED, UNIT, PRESDECIMALS, PRESCELLSZERO, STOCKFA, DAYADJ, SEASADJ, FOOTNOTECONTENTS, FOOTNOTEVARIABLE, FOOTNOTEVALUE, STORECOLUMNNO, STOREFORMAT, STORENOCHAR, STOREDECIMALS, USERID, LOGDATE, PUBLISHED, PRESTEXTS, STATAUTHORITY, AGGREGPOSSIBLE, FOOTNOTETIME, METAID) VALUES  ('S55C05050101', 'OBS_VALUE', 'ar: Sustainable Development Goals - SDGs', 'DATA', '1', 'PCBS', GETDATE(), 'OBS_VALUE', '2', 'Y', 'F', 'N', 'N', 'N', 'N', 'N', '3', 'N', '17', '2', 'SDGS', GETDATE(), GETDATE(), 'C050501_01', 'PCBS', 'N', 'N', '01');
INSERT INTO "CONTENTS_ENG" (MAINTABLE, CONTENTS, PRESTEXT, UNIT, USERID, LOGDATE, PRESTEXTS, REFPERIOD, BASEPERIOD)  VALUES  ('S55C05050101', 'OBS_VALUE', 'Sustainable Development Goals - SDGs',  'OBS_VALUE', 'SDGS', GETDATE(), 'C050501_01', NULL,NULL);
INSERT INTO "SUBTABLE" (MAINTABLE, SUBTABLE, PRESTEXT, CLEANTABLE, USERID, LOGDATE) VALUES  ('S55C05050101', '', 'code 5.5/C050501_01/C050501_01 - ???? ??????? ???? ?????? ?????? ?? ?????????? ???????', 'Y', 'SDGS', GETDATE());
INSERT INTO "SUBTABLE_ENG" (MAINTABLE, SUBTABLE, PRESTEXT, USERID, LOGDATE) VALUES  ('S55C05050101', '', 'code 5.5/C050501_01/C050501_01 - Proportion of seats held by women in national parliaments (% of total number of seats)', 'SDGS', GETDATE());
INSERT INTO "SUBTABLEVARIABLE" (MAINTABLE, SUBTABLE, VARIABLE, VARIABLETYPE, STORECOLUMNNO, USERID, LOGDATE) VALUES ('S55C05050101', '', 'TIME_PERIOD', 'T', '1', 'SDGS', GETDATE());
INSERT INTO "CONTENTSTIME" (MAINTABLE, CONTENTS, TIMEPERIOD, USERID, LOGDATE) VALUES ('S55C05050101', 'OBS_VALUE', 2000, 'SDGS', GETDATE());
INSERT INTO "CONTENTSTIME" (MAINTABLE, CONTENTS, TIMEPERIOD, USERID, LOGDATE) VALUES ('S55C05050101', 'OBS_VALUE', 2001, 'SDGS', GETDATE());
INSERT INTO "CONTENTSTIME" (MAINTABLE, CONTENTS, TIMEPERIOD, USERID, LOGDATE) VALUES ('S55C05050101', 'OBS_VALUE', 2002, 'SDGS', GETDATE());
INSERT INTO "CONTENTSTIME" (MAINTABLE, CONTENTS, TIMEPERIOD, USERID, LOGDATE) VALUES ('S55C05050101', 'OBS_VALUE', 2003, 'SDGS', GETDATE());
INSERT INTO "CONTENTSTIME" (MAINTABLE, CONTENTS, TIMEPERIOD, USERID, LOGDATE) VALUES ('S55C05050101', 'OBS_VALUE', 2004, 'SDGS', GETDATE());
INSERT INTO "CONTENTSTIME" (MAINTABLE, CONTENTS, TIMEPERIOD, USERID, LOGDATE) VALUES ('S55C05050101', 'OBS_VALUE', 2005, 'SDGS', GETDATE());
INSERT INTO "CONTENTSTIME" (MAINTABLE, CONTENTS, TIMEPERIOD, USERID, LOGDATE) VALUES ('S55C05050101', 'OBS_VALUE', 2006, 'SDGS', GETDATE());
INSERT INTO "CONTENTSTIME" (MAINTABLE, CONTENTS, TIMEPERIOD, USERID, LOGDATE) VALUES ('S55C05050101', 'OBS_VALUE', 2007, 'SDGS', GETDATE());
INSERT INTO "CONTENTSTIME" (MAINTABLE, CONTENTS, TIMEPERIOD, USERID, LOGDATE) VALUES ('S55C05050101', 'OBS_VALUE', 2008, 'SDGS', GETDATE());
INSERT INTO "CONTENTSTIME" (MAINTABLE, CONTENTS, TIMEPERIOD, USERID, LOGDATE) VALUES ('S55C05050101', 'OBS_VALUE', 2009, 'SDGS', GETDATE());
INSERT INTO "CONTENTSTIME" (MAINTABLE, CONTENTS, TIMEPERIOD, USERID, LOGDATE) VALUES ('S55C05050101', 'OBS_VALUE', 2010, 'SDGS', GETDATE());
INSERT INTO "CONTENTSTIME" (MAINTABLE, CONTENTS, TIMEPERIOD, USERID, LOGDATE) VALUES ('S55C05050101', 'OBS_VALUE', 2011, 'SDGS', GETDATE());
INSERT INTO "CONTENTSTIME" (MAINTABLE, CONTENTS, TIMEPERIOD, USERID, LOGDATE) VALUES ('S55C05050101', 'OBS_VALUE', 2012, 'SDGS', GETDATE());
INSERT INTO "CONTENTSTIME" (MAINTABLE, CONTENTS, TIMEPERIOD, USERID, LOGDATE) VALUES ('S55C05050101', 'OBS_VALUE', 2013, 'SDGS', GETDATE());
INSERT INTO "CONTENTSTIME" (MAINTABLE, CONTENTS, TIMEPERIOD, USERID, LOGDATE) VALUES ('S55C05050101', 'OBS_VALUE', 2014, 'SDGS', GETDATE());
INSERT INTO "CONTENTSTIME" (MAINTABLE, CONTENTS, TIMEPERIOD, USERID, LOGDATE) VALUES ('S55C05050101', 'OBS_VALUE', 2015, 'SDGS', GETDATE());
INSERT INTO "CONTENTSTIME" (MAINTABLE, CONTENTS, TIMEPERIOD, USERID, LOGDATE) VALUES ('S55C05050101', 'OBS_VALUE', 2016, 'SDGS', GETDATE());
INSERT INTO "CONTENTSTIME" (MAINTABLE, CONTENTS, TIMEPERIOD, USERID, LOGDATE) VALUES ('S55C05050101', 'OBS_VALUE', 2017, 'SDGS', GETDATE());
INSERT INTO "CONTENTSTIME" (MAINTABLE, CONTENTS, TIMEPERIOD, USERID, LOGDATE) VALUES ('S55C05050101', 'OBS_VALUE', 2018, 'SDGS', GETDATE());
INSERT INTO "VALUESET" (VALUESET, PRESTEXT, DESCRIPTION, ELIMINATION, VALUEPOOL, METAID, FOOTNOTE, USERID, LOGDATE, VALUEPRES, SORTCODEEXISTS) VALUES ('VSREF_AREA_C050501_01', 'Hmm', 'None', 'A', 'VPREF_AREA', '0', 'N', 'SDGS', GETDATE(), 'T', 'N');
INSERT INTO "VALUESET_ENG" (VALUESET, PRESTEXT, DESCRIPTION, USERID, LOGDATE) VALUES ('VSREF_AREA_C050501_01', 'Hmm', 'None', 'SDGS', GETDATE());
INSERT INTO "VSVALUE" (VALUESET, VALUEPOOL, VALUECODE, USERID, LOGDATE) VALUES ('VSREF_AREA_C050501_01', 'VPREF_AREA', '1', 'SDGS', GETDATE());
INSERT INTO "VSVALUE_ENG" (VALUESET, VALUEPOOL, VALUECODE, USERID, LOGDATE) VALUES ('VSREF_AREA_C050501_01', 'VPREF_AREA', '1', 'SDGS', GETDATE());
INSERT INTO "VSVALUE" (VALUESET, VALUEPOOL, VALUECODE, USERID, LOGDATE) VALUES ('VSREF_AREA_C050501_01', 'VPREF_AREA', '2', 'SDGS', GETDATE());
INSERT INTO "VSVALUE_ENG" (VALUESET, VALUEPOOL, VALUECODE, USERID, LOGDATE) VALUES ('VSREF_AREA_C050501_01', 'VPREF_AREA', '2', 'SDGS', GETDATE());
INSERT INTO "VSVALUE" (VALUESET, VALUEPOOL, VALUECODE, USERID, LOGDATE) VALUES ('VSREF_AREA_C050501_01', 'VPREF_AREA', '3', 'SDGS', GETDATE());
INSERT INTO "VSVALUE_ENG" (VALUESET, VALUEPOOL, VALUECODE, USERID, LOGDATE) VALUES ('VSREF_AREA_C050501_01', 'VPREF_AREA', '3', 'SDGS', GETDATE());
INSERT INTO "SUBTABLEVARIABLE" (MAINTABLE, SUBTABLE, VARIABLE, VALUESET, VARIABLETYPE, STORECOLUMNNO, USERID, LOGDATE) VALUES ('S55C05050101', '', 'REF_AREA', 'VSREF_AREA_C050501_01', 'V', '1', 'SDGS', GETDATE());
INSERT INTO "VALUESET" (VALUESET, PRESTEXT, DESCRIPTION, ELIMINATION, VALUEPOOL, METAID, FOOTNOTE, USERID, LOGDATE, VALUEPRES, SORTCODEEXISTS) VALUES ('VSSEX_C050501_01', 'Hmm', 'None', 'A', 'VPSEX', '0', 'N', 'SDGS', GETDATE(), 'T', 'N');
INSERT INTO "VALUESET_ENG" (VALUESET, PRESTEXT, DESCRIPTION, USERID, LOGDATE) VALUES ('VSSEX_C050501_01', 'Hmm', 'None', 'SDGS', GETDATE());
INSERT INTO "VSVALUE" (VALUESET, VALUEPOOL, VALUECODE, USERID, LOGDATE) VALUES ('VSSEX_C050501_01', 'VPSEX', 'M', 'SDGS', GETDATE());
INSERT INTO "VSVALUE_ENG" (VALUESET, VALUEPOOL, VALUECODE, USERID, LOGDATE) VALUES ('VSSEX_C050501_01', 'VPSEX', 'M', 'SDGS', GETDATE());
INSERT INTO "VSVALUE" (VALUESET, VALUEPOOL, VALUECODE, USERID, LOGDATE) VALUES ('VSSEX_C050501_01', 'VPSEX', 'F', 'SDGS', GETDATE());
INSERT INTO "VSVALUE_ENG" (VALUESET, VALUEPOOL, VALUECODE, USERID, LOGDATE) VALUES ('VSSEX_C050501_01', 'VPSEX', 'F', 'SDGS', GETDATE());
INSERT INTO "VSVALUE" (VALUESET, VALUEPOOL, VALUECODE, USERID, LOGDATE) VALUES ('VSSEX_C050501_01', 'VPSEX', '_T', 'SDGS', GETDATE());
INSERT INTO "VSVALUE_ENG" (VALUESET, VALUEPOOL, VALUECODE, USERID, LOGDATE) VALUES ('VSSEX_C050501_01', 'VPSEX', '_T', 'SDGS', GETDATE());
INSERT INTO "SUBTABLEVARIABLE" (MAINTABLE, SUBTABLE, VARIABLE, VALUESET, VARIABLETYPE, STORECOLUMNNO, USERID, LOGDATE) VALUES ('S55C05050101', '', 'SEX', 'VSSEX_C050501_01', 'V', '1', 'SDGS', GETDATE());
IF EXISTS (SELECT 1 FROM SYS.VIEWS WHERE NAME = 'S55C05050101' AND TYPE  = 'v') DROP VIEW S55C05050101;
GO
CREATE VIEW S55C05050101 AS SELECT * FROM INDICATORDATA WHERE SUBINDICATOR_CODE = 'C050501_01';
GO
INSERT INTO "MAINTABLE" (MAINTABLE, PRESTEXT, PRESTEXTS, PRESCATEGORY, TIMESCALE, USERID, LOGDATE, FIRSTPUBLISHED, TABLESTATUS, TABLEID, PRODUCTCODE, SPECCHAREXISTS, METAID, SUBJECTCODE, CONTENTSVARIABLE) VALUES  ('S5bC050b0101', 'code 5.b/C050b01_01/C050b01_01 - ???? ??????? ???????? ??? ????? ?????/?????? ???? ?????', 'SDGs Indicators', 'O', 'year', 'SDGS', GETDATE(), GETDATE(), 'A', 'S5bC050b0101', '001', 'N', '01', '01', 'ar: Sub Indicator');
INSERT INTO "MAINTABLE_ENG" (MAINTABLE, STATUS, PUBLISHED, PRESTEXT, PRESTEXTS, CONTENTSVARIABLE, USERID, LOGDATE) VALUES  ('S5bC050b0101', 'A', GETDATE(), 'code 5.b/C050b01_01/C050b01_01 - Proportion of individuals who own a mobile telephone, by sex', 'SDGs Indicators', 'Sub Indicator', 'SDGS', GETDATE());
INSERT INTO "SECONDARYLANGUAGE" (MAINTABLE, LANGUAGE, COMPLETELYTRANSLATED,PUBLISHED, USERID, LOGDATE) VALUES  ('S5bC050b0101', 'en','Y', 'Y', 'SDGS', GETDATE());
INSERT INTO "CONTENTS" (MAINTABLE, CONTENTS, PRESTEXT, PRESCODE, COPYRIGHT, PRODUCER, LASTUPDATED, UNIT, PRESDECIMALS, PRESCELLSZERO, STOCKFA, DAYADJ, SEASADJ, FOOTNOTECONTENTS, FOOTNOTEVARIABLE, FOOTNOTEVALUE, STORECOLUMNNO, STOREFORMAT, STORENOCHAR, STOREDECIMALS, USERID, LOGDATE, PUBLISHED, PRESTEXTS, STATAUTHORITY, AGGREGPOSSIBLE, FOOTNOTETIME, METAID) VALUES  ('S5bC050b0101', 'OBS_VALUE', 'ar: Sustainable Development Goals - SDGs', 'DATA', '1', 'PCBS', GETDATE(), 'OBS_VALUE', '2', 'Y', 'F', 'N', 'N', 'N', 'N', 'N', '3', 'N', '17', '2', 'SDGS', GETDATE(), GETDATE(), 'C050b01_01', 'PCBS', 'N', 'N', '01');
INSERT INTO "CONTENTS_ENG" (MAINTABLE, CONTENTS, PRESTEXT, UNIT, USERID, LOGDATE, PRESTEXTS, REFPERIOD, BASEPERIOD)  VALUES  ('S5bC050b0101', 'OBS_VALUE', 'Sustainable Development Goals - SDGs',  'OBS_VALUE', 'SDGS', GETDATE(), 'C050b01_01', NULL,NULL);
INSERT INTO "SUBTABLE" (MAINTABLE, SUBTABLE, PRESTEXT, CLEANTABLE, USERID, LOGDATE) VALUES  ('S5bC050b0101', '', 'code 5.b/C050b01_01/C050b01_01 - ???? ??????? ???????? ??? ????? ?????/?????? ???? ?????', 'Y', 'SDGS', GETDATE());
INSERT INTO "SUBTABLE_ENG" (MAINTABLE, SUBTABLE, PRESTEXT, USERID, LOGDATE) VALUES  ('S5bC050b0101', '', 'code 5.b/C050b01_01/C050b01_01 - Proportion of individuals who own a mobile telephone, by sex', 'SDGS', GETDATE());
INSERT INTO "SUBTABLEVARIABLE" (MAINTABLE, SUBTABLE, VARIABLE, VARIABLETYPE, STORECOLUMNNO, USERID, LOGDATE) VALUES ('S5bC050b0101', '', 'TIME_PERIOD', 'T', '1', 'SDGS', GETDATE());
INSERT INTO "CONTENTSTIME" (MAINTABLE, CONTENTS, TIMEPERIOD, USERID, LOGDATE) VALUES ('S5bC050b0101', 'OBS_VALUE', 2000, 'SDGS', GETDATE());
INSERT INTO "CONTENTSTIME" (MAINTABLE, CONTENTS, TIMEPERIOD, USERID, LOGDATE) VALUES ('S5bC050b0101', 'OBS_VALUE', 2004, 'SDGS', GETDATE());
INSERT INTO "CONTENTSTIME" (MAINTABLE, CONTENTS, TIMEPERIOD, USERID, LOGDATE) VALUES ('S5bC050b0101', 'OBS_VALUE', 2006, 'SDGS', GETDATE());
INSERT INTO "CONTENTSTIME" (MAINTABLE, CONTENTS, TIMEPERIOD, USERID, LOGDATE) VALUES ('S5bC050b0101', 'OBS_VALUE', 2009, 'SDGS', GETDATE());
INSERT INTO "CONTENTSTIME" (MAINTABLE, CONTENTS, TIMEPERIOD, USERID, LOGDATE) VALUES ('S5bC050b0101', 'OBS_VALUE', 2011, 'SDGS', GETDATE());
INSERT INTO "CONTENTSTIME" (MAINTABLE, CONTENTS, TIMEPERIOD, USERID, LOGDATE) VALUES ('S5bC050b0101', 'OBS_VALUE', 2014, 'SDGS', GETDATE());
INSERT INTO "CONTENTSTIME" (MAINTABLE, CONTENTS, TIMEPERIOD, USERID, LOGDATE) VALUES ('S5bC050b0101', 'OBS_VALUE', 2018, 'SDGS', GETDATE());
INSERT INTO "CONTENTSTIME" (MAINTABLE, CONTENTS, TIMEPERIOD, USERID, LOGDATE) VALUES ('S5bC050b0101', 'OBS_VALUE', 2019, 'SDGS', GETDATE());
INSERT INTO "VALUESET" (VALUESET, PRESTEXT, DESCRIPTION, ELIMINATION, VALUEPOOL, METAID, FOOTNOTE, USERID, LOGDATE, VALUEPRES, SORTCODEEXISTS) VALUES ('VSREF_AREA_C050b01_01', 'Hmm', 'None', 'A', 'VPREF_AREA', '0', 'N', 'SDGS', GETDATE(), 'T', 'N');
INSERT INTO "VALUESET_ENG" (VALUESET, PRESTEXT, DESCRIPTION, USERID, LOGDATE) VALUES ('VSREF_AREA_C050b01_01', 'Hmm', 'None', 'SDGS', GETDATE());
INSERT INTO "VSVALUE" (VALUESET, VALUEPOOL, VALUECODE, USERID, LOGDATE) VALUES ('VSREF_AREA_C050b01_01', 'VPREF_AREA', '1', 'SDGS', GETDATE());
INSERT INTO "VSVALUE_ENG" (VALUESET, VALUEPOOL, VALUECODE, USERID, LOGDATE) VALUES ('VSREF_AREA_C050b01_01', 'VPREF_AREA', '1', 'SDGS', GETDATE());
INSERT INTO "VSVALUE" (VALUESET, VALUEPOOL, VALUECODE, USERID, LOGDATE) VALUES ('VSREF_AREA_C050b01_01', 'VPREF_AREA', '2', 'SDGS', GETDATE());
INSERT INTO "VSVALUE_ENG" (VALUESET, VALUEPOOL, VALUECODE, USERID, LOGDATE) VALUES ('VSREF_AREA_C050b01_01', 'VPREF_AREA', '2', 'SDGS', GETDATE());
INSERT INTO "VSVALUE" (VALUESET, VALUEPOOL, VALUECODE, USERID, LOGDATE) VALUES ('VSREF_AREA_C050b01_01', 'VPREF_AREA', '3', 'SDGS', GETDATE());
INSERT INTO "VSVALUE_ENG" (VALUESET, VALUEPOOL, VALUECODE, USERID, LOGDATE) VALUES ('VSREF_AREA_C050b01_01', 'VPREF_AREA', '3', 'SDGS', GETDATE());
INSERT INTO "SUBTABLEVARIABLE" (MAINTABLE, SUBTABLE, VARIABLE, VALUESET, VARIABLETYPE, STORECOLUMNNO, USERID, LOGDATE) VALUES ('S5bC050b0101', '', 'REF_AREA', 'VSREF_AREA_C050b01_01', 'V', '1', 'SDGS', GETDATE());
INSERT INTO "VALUESET" (VALUESET, PRESTEXT, DESCRIPTION, ELIMINATION, VALUEPOOL, METAID, FOOTNOTE, USERID, LOGDATE, VALUEPRES, SORTCODEEXISTS) VALUES ('VSSEX_C050b01_01', 'Hmm', 'None', 'A', 'VPSEX', '0', 'N', 'SDGS', GETDATE(), 'T', 'N');
INSERT INTO "VALUESET_ENG" (VALUESET, PRESTEXT, DESCRIPTION, USERID, LOGDATE) VALUES ('VSSEX_C050b01_01', 'Hmm', 'None', 'SDGS', GETDATE());
INSERT INTO "VSVALUE" (VALUESET, VALUEPOOL, VALUECODE, USERID, LOGDATE) VALUES ('VSSEX_C050b01_01', 'VPSEX', 'M', 'SDGS', GETDATE());
INSERT INTO "VSVALUE_ENG" (VALUESET, VALUEPOOL, VALUECODE, USERID, LOGDATE) VALUES ('VSSEX_C050b01_01', 'VPSEX', 'M', 'SDGS', GETDATE());
INSERT INTO "VSVALUE" (VALUESET, VALUEPOOL, VALUECODE, USERID, LOGDATE) VALUES ('VSSEX_C050b01_01', 'VPSEX', 'F', 'SDGS', GETDATE());
INSERT INTO "VSVALUE_ENG" (VALUESET, VALUEPOOL, VALUECODE, USERID, LOGDATE) VALUES ('VSSEX_C050b01_01', 'VPSEX', 'F', 'SDGS', GETDATE());
INSERT INTO "VSVALUE" (VALUESET, VALUEPOOL, VALUECODE, USERID, LOGDATE) VALUES ('VSSEX_C050b01_01', 'VPSEX', '_T', 'SDGS', GETDATE());
INSERT INTO "VSVALUE_ENG" (VALUESET, VALUEPOOL, VALUECODE, USERID, LOGDATE) VALUES ('VSSEX_C050b01_01', 'VPSEX', '_T', 'SDGS', GETDATE());
INSERT INTO "SUBTABLEVARIABLE" (MAINTABLE, SUBTABLE, VARIABLE, VALUESET, VARIABLETYPE, STORECOLUMNNO, USERID, LOGDATE) VALUES ('S5bC050b0101', '', 'SEX', 'VSSEX_C050b01_01', 'V', '1', 'SDGS', GETDATE());
IF EXISTS (SELECT 1 FROM SYS.VIEWS WHERE NAME = 'S5bC050b0101' AND TYPE  = 'v') DROP VIEW S5bC050b0101;
GO
CREATE VIEW S5bC050b0101 AS SELECT * FROM INDICATORDATA WHERE SUBINDICATOR_CODE = 'C050b01_01';
GO
INSERT INTO "MAINTABLE" (MAINTABLE, PRESTEXT, PRESTEXTS, PRESCATEGORY, TIMESCALE, USERID, LOGDATE, FIRSTPUBLISHED, TABLESTATUS, TABLEID, PRODUCTCODE, SPECCHAREXISTS, METAID, SUBJECTCODE, CONTENTSVARIABLE) VALUES  ('S61C06010101', 'code 6.1/C060101_01/C060101_01 - ???? ?????? ????? ???????? ?? ????? ???? ????? ?????? ??????', 'SDGs Indicators', 'O', 'year', 'SDGS', GETDATE(), GETDATE(), 'A', 'S61C06010101', '001', 'N', '01', '01', 'ar: Sub Indicator');
INSERT INTO "MAINTABLE_ENG" (MAINTABLE, STATUS, PUBLISHED, PRESTEXT, PRESTEXTS, CONTENTSVARIABLE, USERID, LOGDATE) VALUES  ('S61C06010101', 'A', GETDATE(), 'code 6.1/C060101_01/C060101_01 - Proportion of population using safely managed drinking water services, by urban/rural (%)', 'SDGs Indicators', 'Sub Indicator', 'SDGS', GETDATE());
INSERT INTO "SECONDARYLANGUAGE" (MAINTABLE, LANGUAGE, COMPLETELYTRANSLATED,PUBLISHED, USERID, LOGDATE) VALUES  ('S61C06010101', 'en','Y', 'Y', 'SDGS', GETDATE());
INSERT INTO "CONTENTS" (MAINTABLE, CONTENTS, PRESTEXT, PRESCODE, COPYRIGHT, PRODUCER, LASTUPDATED, UNIT, PRESDECIMALS, PRESCELLSZERO, STOCKFA, DAYADJ, SEASADJ, FOOTNOTECONTENTS, FOOTNOTEVARIABLE, FOOTNOTEVALUE, STORECOLUMNNO, STOREFORMAT, STORENOCHAR, STOREDECIMALS, USERID, LOGDATE, PUBLISHED, PRESTEXTS, STATAUTHORITY, AGGREGPOSSIBLE, FOOTNOTETIME, METAID) VALUES  ('S61C06010101', 'OBS_VALUE', 'ar: Sustainable Development Goals - SDGs', 'DATA', '1', 'PCBS', GETDATE(), 'OBS_VALUE', '2', 'Y', 'F', 'N', 'N', 'N', 'N', 'N', '3', 'N', '17', '2', 'SDGS', GETDATE(), GETDATE(), 'C060101_01', 'PCBS', 'N', 'N', '01');
INSERT INTO "CONTENTS_ENG" (MAINTABLE, CONTENTS, PRESTEXT, UNIT, USERID, LOGDATE, PRESTEXTS, REFPERIOD, BASEPERIOD)  VALUES  ('S61C06010101', 'OBS_VALUE', 'Sustainable Development Goals - SDGs',  'OBS_VALUE', 'SDGS', GETDATE(), 'C060101_01', NULL,NULL);
INSERT INTO "SUBTABLE" (MAINTABLE, SUBTABLE, PRESTEXT, CLEANTABLE, USERID, LOGDATE) VALUES  ('S61C06010101', '', 'code 6.1/C060101_01/C060101_01 - ???? ?????? ????? ???????? ?? ????? ???? ????? ?????? ??????', 'Y', 'SDGS', GETDATE());
INSERT INTO "SUBTABLE_ENG" (MAINTABLE, SUBTABLE, PRESTEXT, USERID, LOGDATE) VALUES  ('S61C06010101', '', 'code 6.1/C060101_01/C060101_01 - Proportion of population using safely managed drinking water services, by urban/rural (%)', 'SDGS', GETDATE());
INSERT INTO "SUBTABLEVARIABLE" (MAINTABLE, SUBTABLE, VARIABLE, VARIABLETYPE, STORECOLUMNNO, USERID, LOGDATE) VALUES ('S61C06010101', '', 'TIME_PERIOD', 'T', '1', 'SDGS', GETDATE());
INSERT INTO "CONTENTSTIME" (MAINTABLE, CONTENTS, TIMEPERIOD, USERID, LOGDATE) VALUES ('S61C06010101', 'OBS_VALUE', 2010, 'SDGS', GETDATE());
INSERT INTO "CONTENTSTIME" (MAINTABLE, CONTENTS, TIMEPERIOD, USERID, LOGDATE) VALUES ('S61C06010101', 'OBS_VALUE', 2014, 'SDGS', GETDATE());
INSERT INTO "CONTENTSTIME" (MAINTABLE, CONTENTS, TIMEPERIOD, USERID, LOGDATE) VALUES ('S61C06010101', 'OBS_VALUE', 2017, 'SDGS', GETDATE());
INSERT INTO "VALUESET" (VALUESET, PRESTEXT, DESCRIPTION, ELIMINATION, VALUEPOOL, METAID, FOOTNOTE, USERID, LOGDATE, VALUEPRES, SORTCODEEXISTS) VALUES ('VSREF_AREA_C060101_01', 'Hmm', 'None', 'A', 'VPREF_AREA', '0', 'N', 'SDGS', GETDATE(), 'T', 'N');
INSERT INTO "VALUESET_ENG" (VALUESET, PRESTEXT, DESCRIPTION, USERID, LOGDATE) VALUES ('VSREF_AREA_C060101_01', 'Hmm', 'None', 'SDGS', GETDATE());
INSERT INTO "VSVALUE" (VALUESET, VALUEPOOL, VALUECODE, USERID, LOGDATE) VALUES ('VSREF_AREA_C060101_01', 'VPREF_AREA', '1', 'SDGS', GETDATE());
INSERT INTO "VSVALUE_ENG" (VALUESET, VALUEPOOL, VALUECODE, USERID, LOGDATE) VALUES ('VSREF_AREA_C060101_01', 'VPREF_AREA', '1', 'SDGS', GETDATE());
INSERT INTO "VSVALUE" (VALUESET, VALUEPOOL, VALUECODE, USERID, LOGDATE) VALUES ('VSREF_AREA_C060101_01', 'VPREF_AREA', '2', 'SDGS', GETDATE());
INSERT INTO "VSVALUE_ENG" (VALUESET, VALUEPOOL, VALUECODE, USERID, LOGDATE) VALUES ('VSREF_AREA_C060101_01', 'VPREF_AREA', '2', 'SDGS', GETDATE());
INSERT INTO "VSVALUE" (VALUESET, VALUEPOOL, VALUECODE, USERID, LOGDATE) VALUES ('VSREF_AREA_C060101_01', 'VPREF_AREA', '3', 'SDGS', GETDATE());
INSERT INTO "VSVALUE_ENG" (VALUESET, VALUEPOOL, VALUECODE, USERID, LOGDATE) VALUES ('VSREF_AREA_C060101_01', 'VPREF_AREA', '3', 'SDGS', GETDATE());
INSERT INTO "VSVALUE" (VALUESET, VALUEPOOL, VALUECODE, USERID, LOGDATE) VALUES ('VSREF_AREA_C060101_01', 'VPREF_AREA', '1101', 'SDGS', GETDATE());
INSERT INTO "VSVALUE_ENG" (VALUESET, VALUEPOOL, VALUECODE, USERID, LOGDATE) VALUES ('VSREF_AREA_C060101_01', 'VPREF_AREA', '1101', 'SDGS', GETDATE());
INSERT INTO "VSVALUE" (VALUESET, VALUEPOOL, VALUECODE, USERID, LOGDATE) VALUES ('VSREF_AREA_C060101_01', 'VPREF_AREA', '1105', 'SDGS', GETDATE());
INSERT INTO "VSVALUE_ENG" (VALUESET, VALUEPOOL, VALUECODE, USERID, LOGDATE) VALUES ('VSREF_AREA_C060101_01', 'VPREF_AREA', '1105', 'SDGS', GETDATE());
INSERT INTO "VSVALUE" (VALUESET, VALUEPOOL, VALUECODE, USERID, LOGDATE) VALUES ('VSREF_AREA_C060101_01', 'VPREF_AREA', '1110', 'SDGS', GETDATE());
INSERT INTO "VSVALUE_ENG" (VALUESET, VALUEPOOL, VALUECODE, USERID, LOGDATE) VALUES ('VSREF_AREA_C060101_01', 'VPREF_AREA', '1110', 'SDGS', GETDATE());
INSERT INTO "VSVALUE" (VALUESET, VALUEPOOL, VALUECODE, USERID, LOGDATE) VALUES ('VSREF_AREA_C060101_01', 'VPREF_AREA', '1115', 'SDGS', GETDATE());
INSERT INTO "VSVALUE_ENG" (VALUESET, VALUEPOOL, VALUECODE, USERID, LOGDATE) VALUES ('VSREF_AREA_C060101_01', 'VPREF_AREA', '1115', 'SDGS', GETDATE());
INSERT INTO "VSVALUE" (VALUESET, VALUEPOOL, VALUECODE, USERID, LOGDATE) VALUES ('VSREF_AREA_C060101_01', 'VPREF_AREA', '1120', 'SDGS', GETDATE());
INSERT INTO "VSVALUE_ENG" (VALUESET, VALUEPOOL, VALUECODE, USERID, LOGDATE) VALUES ('VSREF_AREA_C060101_01', 'VPREF_AREA', '1120', 'SDGS', GETDATE());
INSERT INTO "VSVALUE" (VALUESET, VALUEPOOL, VALUECODE, USERID, LOGDATE) VALUES ('VSREF_AREA_C060101_01', 'VPREF_AREA', '1125', 'SDGS', GETDATE());
INSERT INTO "VSVALUE_ENG" (VALUESET, VALUEPOOL, VALUECODE, USERID, LOGDATE) VALUES ('VSREF_AREA_C060101_01', 'VPREF_AREA', '1125', 'SDGS', GETDATE());
INSERT INTO "VSVALUE" (VALUESET, VALUEPOOL, VALUECODE, USERID, LOGDATE) VALUES ('VSREF_AREA_C060101_01', 'VPREF_AREA', '1230', 'SDGS', GETDATE());
INSERT INTO "VSVALUE_ENG" (VALUESET, VALUEPOOL, VALUECODE, USERID, LOGDATE) VALUES ('VSREF_AREA_C060101_01', 'VPREF_AREA', '1230', 'SDGS', GETDATE());
INSERT INTO "VSVALUE" (VALUESET, VALUEPOOL, VALUECODE, USERID, LOGDATE) VALUES ('VSREF_AREA_C060101_01', 'VPREF_AREA', '1235', 'SDGS', GETDATE());
INSERT INTO "VSVALUE_ENG" (VALUESET, VALUEPOOL, VALUECODE, USERID, LOGDATE) VALUES ('VSREF_AREA_C060101_01', 'VPREF_AREA', '1235', 'SDGS', GETDATE());
INSERT INTO "VSVALUE" (VALUESET, VALUEPOOL, VALUECODE, USERID, LOGDATE) VALUES ('VSREF_AREA_C060101_01', 'VPREF_AREA', '1240', 'SDGS', GETDATE());
INSERT INTO "VSVALUE_ENG" (VALUESET, VALUEPOOL, VALUECODE, USERID, LOGDATE) VALUES ('VSREF_AREA_C060101_01', 'VPREF_AREA', '1240', 'SDGS', GETDATE());
INSERT INTO "VSVALUE" (VALUESET, VALUEPOOL, VALUECODE, USERID, LOGDATE) VALUES ('VSREF_AREA_C060101_01', 'VPREF_AREA', '1345', 'SDGS', GETDATE());
INSERT INTO "VSVALUE_ENG" (VALUESET, VALUEPOOL, VALUECODE, USERID, LOGDATE) VALUES ('VSREF_AREA_C060101_01', 'VPREF_AREA', '1345', 'SDGS', GETDATE());
INSERT INTO "VSVALUE" (VALUESET, VALUEPOOL, VALUECODE, USERID, LOGDATE) VALUES ('VSREF_AREA_C060101_01', 'VPREF_AREA', '1350', 'SDGS', GETDATE());
INSERT INTO "VSVALUE_ENG" (VALUESET, VALUEPOOL, VALUECODE, USERID, LOGDATE) VALUES ('VSREF_AREA_C060101_01', 'VPREF_AREA', '1350', 'SDGS', GETDATE());
INSERT INTO "VSVALUE" (VALUESET, VALUEPOOL, VALUECODE, USERID, LOGDATE) VALUES ('VSREF_AREA_C060101_01', 'VPREF_AREA', '2455', 'SDGS', GETDATE());
INSERT INTO "VSVALUE_ENG" (VALUESET, VALUEPOOL, VALUECODE, USERID, LOGDATE) VALUES ('VSREF_AREA_C060101_01', 'VPREF_AREA', '2455', 'SDGS', GETDATE());
INSERT INTO "VSVALUE" (VALUESET, VALUEPOOL, VALUECODE, USERID, LOGDATE) VALUES ('VSREF_AREA_C060101_01', 'VPREF_AREA', '2460', 'SDGS', GETDATE());
INSERT INTO "VSVALUE_ENG" (VALUESET, VALUEPOOL, VALUECODE, USERID, LOGDATE) VALUES ('VSREF_AREA_C060101_01', 'VPREF_AREA', '2460', 'SDGS', GETDATE());
INSERT INTO "VSVALUE" (VALUESET, VALUEPOOL, VALUECODE, USERID, LOGDATE) VALUES ('VSREF_AREA_C060101_01', 'VPREF_AREA', '2465', 'SDGS', GETDATE());
INSERT INTO "VSVALUE_ENG" (VALUESET, VALUEPOOL, VALUECODE, USERID, LOGDATE) VALUES ('VSREF_AREA_C060101_01', 'VPREF_AREA', '2465', 'SDGS', GETDATE());
INSERT INTO "VSVALUE" (VALUESET, VALUEPOOL, VALUECODE, USERID, LOGDATE) VALUES ('VSREF_AREA_C060101_01', 'VPREF_AREA', '2470', 'SDGS', GETDATE());
INSERT INTO "VSVALUE_ENG" (VALUESET, VALUEPOOL, VALUECODE, USERID, LOGDATE) VALUES ('VSREF_AREA_C060101_01', 'VPREF_AREA', '2470', 'SDGS', GETDATE());
INSERT INTO "VSVALUE" (VALUESET, VALUEPOOL, VALUECODE, USERID, LOGDATE) VALUES ('VSREF_AREA_C060101_01', 'VPREF_AREA', '2475', 'SDGS', GETDATE());
INSERT INTO "VSVALUE_ENG" (VALUESET, VALUEPOOL, VALUECODE, USERID, LOGDATE) VALUES ('VSREF_AREA_C060101_01', 'VPREF_AREA', '2475', 'SDGS', GETDATE());
INSERT INTO "SUBTABLEVARIABLE" (MAINTABLE, SUBTABLE, VARIABLE, VALUESET, VARIABLETYPE, STORECOLUMNNO, USERID, LOGDATE) VALUES ('S61C06010101', '', 'REF_AREA', 'VSREF_AREA_C060101_01', 'V', '1', 'SDGS', GETDATE());
INSERT INTO "VALUESET" (VALUESET, PRESTEXT, DESCRIPTION, ELIMINATION, VALUEPOOL, METAID, FOOTNOTE, USERID, LOGDATE, VALUEPRES, SORTCODEEXISTS) VALUES ('VSURBANISATION_C060101_01', 'Hmm', 'None', 'A', 'VPURBANISATION', '0', 'N', 'SDGS', GETDATE(), 'T', 'N');
INSERT INTO "VALUESET_ENG" (VALUESET, PRESTEXT, DESCRIPTION, USERID, LOGDATE) VALUES ('VSURBANISATION_C060101_01', 'Hmm', 'None', 'SDGS', GETDATE());
INSERT INTO "VSVALUE" (VALUESET, VALUEPOOL, VALUECODE, USERID, LOGDATE) VALUES ('VSURBANISATION_C060101_01', 'VPURBANISATION', '_T', 'SDGS', GETDATE());
INSERT INTO "VSVALUE_ENG" (VALUESET, VALUEPOOL, VALUECODE, USERID, LOGDATE) VALUES ('VSURBANISATION_C060101_01', 'VPURBANISATION', '_T', 'SDGS', GETDATE());
INSERT INTO "VSVALUE" (VALUESET, VALUEPOOL, VALUECODE, USERID, LOGDATE) VALUES ('VSURBANISATION_C060101_01', 'VPURBANISATION', 'U', 'SDGS', GETDATE());
INSERT INTO "VSVALUE_ENG" (VALUESET, VALUEPOOL, VALUECODE, USERID, LOGDATE) VALUES ('VSURBANISATION_C060101_01', 'VPURBANISATION', 'U', 'SDGS', GETDATE());
INSERT INTO "VSVALUE" (VALUESET, VALUEPOOL, VALUECODE, USERID, LOGDATE) VALUES ('VSURBANISATION_C060101_01', 'VPURBANISATION', 'R', 'SDGS', GETDATE());
INSERT INTO "VSVALUE_ENG" (VALUESET, VALUEPOOL, VALUECODE, USERID, LOGDATE) VALUES ('VSURBANISATION_C060101_01', 'VPURBANISATION', 'R', 'SDGS', GETDATE());
INSERT INTO "VSVALUE" (VALUESET, VALUEPOOL, VALUECODE, USERID, LOGDATE) VALUES ('VSURBANISATION_C060101_01', 'VPURBANISATION', 'C', 'SDGS', GETDATE());
INSERT INTO "VSVALUE_ENG" (VALUESET, VALUEPOOL, VALUECODE, USERID, LOGDATE) VALUES ('VSURBANISATION_C060101_01', 'VPURBANISATION', 'C', 'SDGS', GETDATE());
INSERT INTO "SUBTABLEVARIABLE" (MAINTABLE, SUBTABLE, VARIABLE, VALUESET, VARIABLETYPE, STORECOLUMNNO, USERID, LOGDATE) VALUES ('S61C06010101', '', 'URBANISATION', 'VSURBANISATION_C060101_01', 'V', '1', 'SDGS', GETDATE());
IF EXISTS (SELECT 1 FROM SYS.VIEWS WHERE NAME = 'S61C06010101' AND TYPE  = 'v') DROP VIEW S61C06010101;
GO
CREATE VIEW S61C06010101 AS SELECT * FROM INDICATORDATA WHERE SUBINDICATOR_CODE = 'C060101_01';
GO
INSERT INTO "MAINTABLE" (MAINTABLE, PRESTEXT, PRESTEXTS, PRESCATEGORY, TIMESCALE, USERID, LOGDATE, FIRSTPUBLISHED, TABLESTATUS, TABLEID, PRODUCTCODE, SPECCHAREXISTS, METAID, SUBJECTCODE, CONTENTSVARIABLE) VALUES  ('S62C06020101', 'code 6.2/C060201_01/C060201_01 - ??? ?????? ????? ???????? ?? ??????? ??????? ??????  ????? ?????? ??? ???? ?? ??? ??? ?????? ???????? ???????', 'SDGs Indicators', 'O', 'year', 'SDGS', GETDATE(), GETDATE(), 'A', 'S62C06020101', '001', 'N', '01', '01', 'ar: Sub Indicator');
INSERT INTO "MAINTABLE_ENG" (MAINTABLE, STATUS, PUBLISHED, PRESTEXT, PRESTEXTS, CONTENTSVARIABLE, USERID, LOGDATE) VALUES  ('S62C06020101', 'A', GETDATE(), 'code 6.2/C060201_01/C060201_01 - Proportion of population using safely managed sanitation services, by urban/rural (%)', 'SDGs Indicators', 'Sub Indicator', 'SDGS', GETDATE());
INSERT INTO "SECONDARYLANGUAGE" (MAINTABLE, LANGUAGE, COMPLETELYTRANSLATED,PUBLISHED, USERID, LOGDATE) VALUES  ('S62C06020101', 'en','Y', 'Y', 'SDGS', GETDATE());
INSERT INTO "CONTENTS" (MAINTABLE, CONTENTS, PRESTEXT, PRESCODE, COPYRIGHT, PRODUCER, LASTUPDATED, UNIT, PRESDECIMALS, PRESCELLSZERO, STOCKFA, DAYADJ, SEASADJ, FOOTNOTECONTENTS, FOOTNOTEVARIABLE, FOOTNOTEVALUE, STORECOLUMNNO, STOREFORMAT, STORENOCHAR, STOREDECIMALS, USERID, LOGDATE, PUBLISHED, PRESTEXTS, STATAUTHORITY, AGGREGPOSSIBLE, FOOTNOTETIME, METAID) VALUES  ('S62C06020101', 'OBS_VALUE', 'ar: Sustainable Development Goals - SDGs', 'DATA', '1', 'PCBS', GETDATE(), 'OBS_VALUE', '2', 'Y', 'F', 'N', 'N', 'N', 'N', 'N', '3', 'N', '17', '2', 'SDGS', GETDATE(), GETDATE(), 'C060201_01', 'PCBS', 'N', 'N', '01');
INSERT INTO "CONTENTS_ENG" (MAINTABLE, CONTENTS, PRESTEXT, UNIT, USERID, LOGDATE, PRESTEXTS, REFPERIOD, BASEPERIOD)  VALUES  ('S62C06020101', 'OBS_VALUE', 'Sustainable Development Goals - SDGs',  'OBS_VALUE', 'SDGS', GETDATE(), 'C060201_01', NULL,NULL);
INSERT INTO "SUBTABLE" (MAINTABLE, SUBTABLE, PRESTEXT, CLEANTABLE, USERID, LOGDATE) VALUES  ('S62C06020101', '', 'code 6.2/C060201_01/C060201_01 - ??? ?????? ????? ???????? ?? ??????? ??????? ??????  ????? ?????? ??? ???? ?? ??? ??? ?????? ???????? ???????', 'Y', 'SDGS', GETDATE());
INSERT INTO "SUBTABLE_ENG" (MAINTABLE, SUBTABLE, PRESTEXT, USERID, LOGDATE) VALUES  ('S62C06020101', '', 'code 6.2/C060201_01/C060201_01 - Proportion of population using safely managed sanitation services, by urban/rural (%)', 'SDGS', GETDATE());
INSERT INTO "SUBTABLEVARIABLE" (MAINTABLE, SUBTABLE, VARIABLE, VARIABLETYPE, STORECOLUMNNO, USERID, LOGDATE) VALUES ('S62C06020101', '', 'TIME_PERIOD', 'T', '1', 'SDGS', GETDATE());
INSERT INTO "CONTENTSTIME" (MAINTABLE, CONTENTS, TIMEPERIOD, USERID, LOGDATE) VALUES ('S62C06020101', 'OBS_VALUE', 0, 'SDGS', GETDATE());
INSERT INTO "CONTENTSTIME" (MAINTABLE, CONTENTS, TIMEPERIOD, USERID, LOGDATE) VALUES ('S62C06020101', 'OBS_VALUE', 2000, 'SDGS', GETDATE());
INSERT INTO "CONTENTSTIME" (MAINTABLE, CONTENTS, TIMEPERIOD, USERID, LOGDATE) VALUES ('S62C06020101', 'OBS_VALUE', 2002, 'SDGS', GETDATE());
INSERT INTO "CONTENTSTIME" (MAINTABLE, CONTENTS, TIMEPERIOD, USERID, LOGDATE) VALUES ('S62C06020101', 'OBS_VALUE', 2003, 'SDGS', GETDATE());
INSERT INTO "CONTENTSTIME" (MAINTABLE, CONTENTS, TIMEPERIOD, USERID, LOGDATE) VALUES ('S62C06020101', 'OBS_VALUE', 2004, 'SDGS', GETDATE());
INSERT INTO "CONTENTSTIME" (MAINTABLE, CONTENTS, TIMEPERIOD, USERID, LOGDATE) VALUES ('S62C06020101', 'OBS_VALUE', 2005, 'SDGS', GETDATE());
INSERT INTO "CONTENTSTIME" (MAINTABLE, CONTENTS, TIMEPERIOD, USERID, LOGDATE) VALUES ('S62C06020101', 'OBS_VALUE', 2006, 'SDGS', GETDATE());
INSERT INTO "CONTENTSTIME" (MAINTABLE, CONTENTS, TIMEPERIOD, USERID, LOGDATE) VALUES ('S62C06020101', 'OBS_VALUE', 2007, 'SDGS', GETDATE());
INSERT INTO "CONTENTSTIME" (MAINTABLE, CONTENTS, TIMEPERIOD, USERID, LOGDATE) VALUES ('S62C06020101', 'OBS_VALUE', 2008, 'SDGS', GETDATE());
INSERT INTO "CONTENTSTIME" (MAINTABLE, CONTENTS, TIMEPERIOD, USERID, LOGDATE) VALUES ('S62C06020101', 'OBS_VALUE', 2009, 'SDGS', GETDATE());
INSERT INTO "CONTENTSTIME" (MAINTABLE, CONTENTS, TIMEPERIOD, USERID, LOGDATE) VALUES ('S62C06020101', 'OBS_VALUE', 2010, 'SDGS', GETDATE());
INSERT INTO "CONTENTSTIME" (MAINTABLE, CONTENTS, TIMEPERIOD, USERID, LOGDATE) VALUES ('S62C06020101', 'OBS_VALUE', 2011, 'SDGS', GETDATE());
INSERT INTO "CONTENTSTIME" (MAINTABLE, CONTENTS, TIMEPERIOD, USERID, LOGDATE) VALUES ('S62C06020101', 'OBS_VALUE', 2012, 'SDGS', GETDATE());
INSERT INTO "CONTENTSTIME" (MAINTABLE, CONTENTS, TIMEPERIOD, USERID, LOGDATE) VALUES ('S62C06020101', 'OBS_VALUE', 2013, 'SDGS', GETDATE());
INSERT INTO "CONTENTSTIME" (MAINTABLE, CONTENTS, TIMEPERIOD, USERID, LOGDATE) VALUES ('S62C06020101', 'OBS_VALUE', 2014, 'SDGS', GETDATE());
INSERT INTO "CONTENTSTIME" (MAINTABLE, CONTENTS, TIMEPERIOD, USERID, LOGDATE) VALUES ('S62C06020101', 'OBS_VALUE', 2015, 'SDGS', GETDATE());
INSERT INTO "CONTENTSTIME" (MAINTABLE, CONTENTS, TIMEPERIOD, USERID, LOGDATE) VALUES ('S62C06020101', 'OBS_VALUE', 2017, 'SDGS', GETDATE());
INSERT INTO "VALUESET" (VALUESET, PRESTEXT, DESCRIPTION, ELIMINATION, VALUEPOOL, METAID, FOOTNOTE, USERID, LOGDATE, VALUEPRES, SORTCODEEXISTS) VALUES ('VSREF_AREA_C060201_01', 'Hmm', 'None', 'A', 'VPREF_AREA', '0', 'N', 'SDGS', GETDATE(), 'T', 'N');
INSERT INTO "VALUESET_ENG" (VALUESET, PRESTEXT, DESCRIPTION, USERID, LOGDATE) VALUES ('VSREF_AREA_C060201_01', 'Hmm', 'None', 'SDGS', GETDATE());
INSERT INTO "VSVALUE" (VALUESET, VALUEPOOL, VALUECODE, USERID, LOGDATE) VALUES ('VSREF_AREA_C060201_01', 'VPREF_AREA', '1', 'SDGS', GETDATE());
INSERT INTO "VSVALUE_ENG" (VALUESET, VALUEPOOL, VALUECODE, USERID, LOGDATE) VALUES ('VSREF_AREA_C060201_01', 'VPREF_AREA', '1', 'SDGS', GETDATE());
INSERT INTO "VSVALUE" (VALUESET, VALUEPOOL, VALUECODE, USERID, LOGDATE) VALUES ('VSREF_AREA_C060201_01', 'VPREF_AREA', '2', 'SDGS', GETDATE());
INSERT INTO "VSVALUE_ENG" (VALUESET, VALUEPOOL, VALUECODE, USERID, LOGDATE) VALUES ('VSREF_AREA_C060201_01', 'VPREF_AREA', '2', 'SDGS', GETDATE());
INSERT INTO "VSVALUE" (VALUESET, VALUEPOOL, VALUECODE, USERID, LOGDATE) VALUES ('VSREF_AREA_C060201_01', 'VPREF_AREA', '3', 'SDGS', GETDATE());
INSERT INTO "VSVALUE_ENG" (VALUESET, VALUEPOOL, VALUECODE, USERID, LOGDATE) VALUES ('VSREF_AREA_C060201_01', 'VPREF_AREA', '3', 'SDGS', GETDATE());
INSERT INTO "VSVALUE" (VALUESET, VALUEPOOL, VALUECODE, USERID, LOGDATE) VALUES ('VSREF_AREA_C060201_01', 'VPREF_AREA', '1101', 'SDGS', GETDATE());
INSERT INTO "VSVALUE_ENG" (VALUESET, VALUEPOOL, VALUECODE, USERID, LOGDATE) VALUES ('VSREF_AREA_C060201_01', 'VPREF_AREA', '1101', 'SDGS', GETDATE());
INSERT INTO "VSVALUE" (VALUESET, VALUEPOOL, VALUECODE, USERID, LOGDATE) VALUES ('VSREF_AREA_C060201_01', 'VPREF_AREA', '1105', 'SDGS', GETDATE());
INSERT INTO "VSVALUE_ENG" (VALUESET, VALUEPOOL, VALUECODE, USERID, LOGDATE) VALUES ('VSREF_AREA_C060201_01', 'VPREF_AREA', '1105', 'SDGS', GETDATE());
INSERT INTO "VSVALUE" (VALUESET, VALUEPOOL, VALUECODE, USERID, LOGDATE) VALUES ('VSREF_AREA_C060201_01', 'VPREF_AREA', '1110', 'SDGS', GETDATE());
INSERT INTO "VSVALUE_ENG" (VALUESET, VALUEPOOL, VALUECODE, USERID, LOGDATE) VALUES ('VSREF_AREA_C060201_01', 'VPREF_AREA', '1110', 'SDGS', GETDATE());
INSERT INTO "VSVALUE" (VALUESET, VALUEPOOL, VALUECODE, USERID, LOGDATE) VALUES ('VSREF_AREA_C060201_01', 'VPREF_AREA', '1115', 'SDGS', GETDATE());
INSERT INTO "VSVALUE_ENG" (VALUESET, VALUEPOOL, VALUECODE, USERID, LOGDATE) VALUES ('VSREF_AREA_C060201_01', 'VPREF_AREA', '1115', 'SDGS', GETDATE());
INSERT INTO "VSVALUE" (VALUESET, VALUEPOOL, VALUECODE, USERID, LOGDATE) VALUES ('VSREF_AREA_C060201_01', 'VPREF_AREA', '1120', 'SDGS', GETDATE());
INSERT INTO "VSVALUE_ENG" (VALUESET, VALUEPOOL, VALUECODE, USERID, LOGDATE) VALUES ('VSREF_AREA_C060201_01', 'VPREF_AREA', '1120', 'SDGS', GETDATE());
INSERT INTO "VSVALUE" (VALUESET, VALUEPOOL, VALUECODE, USERID, LOGDATE) VALUES ('VSREF_AREA_C060201_01', 'VPREF_AREA', '1125', 'SDGS', GETDATE());
INSERT INTO "VSVALUE_ENG" (VALUESET, VALUEPOOL, VALUECODE, USERID, LOGDATE) VALUES ('VSREF_AREA_C060201_01', 'VPREF_AREA', '1125', 'SDGS', GETDATE());
INSERT INTO "VSVALUE" (VALUESET, VALUEPOOL, VALUECODE, USERID, LOGDATE) VALUES ('VSREF_AREA_C060201_01', 'VPREF_AREA', '1230', 'SDGS', GETDATE());
INSERT INTO "VSVALUE_ENG" (VALUESET, VALUEPOOL, VALUECODE, USERID, LOGDATE) VALUES ('VSREF_AREA_C060201_01', 'VPREF_AREA', '1230', 'SDGS', GETDATE());
INSERT INTO "VSVALUE" (VALUESET, VALUEPOOL, VALUECODE, USERID, LOGDATE) VALUES ('VSREF_AREA_C060201_01', 'VPREF_AREA', '1235', 'SDGS', GETDATE());
INSERT INTO "VSVALUE_ENG" (VALUESET, VALUEPOOL, VALUECODE, USERID, LOGDATE) VALUES ('VSREF_AREA_C060201_01', 'VPREF_AREA', '1235', 'SDGS', GETDATE());
INSERT INTO "VSVALUE" (VALUESET, VALUEPOOL, VALUECODE, USERID, LOGDATE) VALUES ('VSREF_AREA_C060201_01', 'VPREF_AREA', '1240', 'SDGS', GETDATE());
INSERT INTO "VSVALUE_ENG" (VALUESET, VALUEPOOL, VALUECODE, USERID, LOGDATE) VALUES ('VSREF_AREA_C060201_01', 'VPREF_AREA', '1240', 'SDGS', GETDATE());
INSERT INTO "VSVALUE" (VALUESET, VALUEPOOL, VALUECODE, USERID, LOGDATE) VALUES ('VSREF_AREA_C060201_01', 'VPREF_AREA', '1345', 'SDGS', GETDATE());
INSERT INTO "VSVALUE_ENG" (VALUESET, VALUEPOOL, VALUECODE, USERID, LOGDATE) VALUES ('VSREF_AREA_C060201_01', 'VPREF_AREA', '1345', 'SDGS', GETDATE());
INSERT INTO "VSVALUE" (VALUESET, VALUEPOOL, VALUECODE, USERID, LOGDATE) VALUES ('VSREF_AREA_C060201_01', 'VPREF_AREA', '1350', 'SDGS', GETDATE());
INSERT INTO "VSVALUE_ENG" (VALUESET, VALUEPOOL, VALUECODE, USERID, LOGDATE) VALUES ('VSREF_AREA_C060201_01', 'VPREF_AREA', '1350', 'SDGS', GETDATE());
INSERT INTO "VSVALUE" (VALUESET, VALUEPOOL, VALUECODE, USERID, LOGDATE) VALUES ('VSREF_AREA_C060201_01', 'VPREF_AREA', '2455', 'SDGS', GETDATE());
INSERT INTO "VSVALUE_ENG" (VALUESET, VALUEPOOL, VALUECODE, USERID, LOGDATE) VALUES ('VSREF_AREA_C060201_01', 'VPREF_AREA', '2455', 'SDGS', GETDATE());
INSERT INTO "VSVALUE" (VALUESET, VALUEPOOL, VALUECODE, USERID, LOGDATE) VALUES ('VSREF_AREA_C060201_01', 'VPREF_AREA', '2460', 'SDGS', GETDATE());
INSERT INTO "VSVALUE_ENG" (VALUESET, VALUEPOOL, VALUECODE, USERID, LOGDATE) VALUES ('VSREF_AREA_C060201_01', 'VPREF_AREA', '2460', 'SDGS', GETDATE());
INSERT INTO "VSVALUE" (VALUESET, VALUEPOOL, VALUECODE, USERID, LOGDATE) VALUES ('VSREF_AREA_C060201_01', 'VPREF_AREA', '2465', 'SDGS', GETDATE());
INSERT INTO "VSVALUE_ENG" (VALUESET, VALUEPOOL, VALUECODE, USERID, LOGDATE) VALUES ('VSREF_AREA_C060201_01', 'VPREF_AREA', '2465', 'SDGS', GETDATE());
INSERT INTO "VSVALUE" (VALUESET, VALUEPOOL, VALUECODE, USERID, LOGDATE) VALUES ('VSREF_AREA_C060201_01', 'VPREF_AREA', '2470', 'SDGS', GETDATE());
INSERT INTO "VSVALUE_ENG" (VALUESET, VALUEPOOL, VALUECODE, USERID, LOGDATE) VALUES ('VSREF_AREA_C060201_01', 'VPREF_AREA', '2470', 'SDGS', GETDATE());
INSERT INTO "VSVALUE" (VALUESET, VALUEPOOL, VALUECODE, USERID, LOGDATE) VALUES ('VSREF_AREA_C060201_01', 'VPREF_AREA', '2475', 'SDGS', GETDATE());
INSERT INTO "VSVALUE_ENG" (VALUESET, VALUEPOOL, VALUECODE, USERID, LOGDATE) VALUES ('VSREF_AREA_C060201_01', 'VPREF_AREA', '2475', 'SDGS', GETDATE());
INSERT INTO "SUBTABLEVARIABLE" (MAINTABLE, SUBTABLE, VARIABLE, VALUESET, VARIABLETYPE, STORECOLUMNNO, USERID, LOGDATE) VALUES ('S62C06020101', '', 'REF_AREA', 'VSREF_AREA_C060201_01', 'V', '1', 'SDGS', GETDATE());
INSERT INTO "VALUESET" (VALUESET, PRESTEXT, DESCRIPTION, ELIMINATION, VALUEPOOL, METAID, FOOTNOTE, USERID, LOGDATE, VALUEPRES, SORTCODEEXISTS) VALUES ('VSURBANISATION_C060201_01', 'Hmm', 'None', 'A', 'VPURBANISATION', '0', 'N', 'SDGS', GETDATE(), 'T', 'N');
INSERT INTO "VALUESET_ENG" (VALUESET, PRESTEXT, DESCRIPTION, USERID, LOGDATE) VALUES ('VSURBANISATION_C060201_01', 'Hmm', 'None', 'SDGS', GETDATE());
INSERT INTO "VSVALUE" (VALUESET, VALUEPOOL, VALUECODE, USERID, LOGDATE) VALUES ('VSURBANISATION_C060201_01', 'VPURBANISATION', '_T', 'SDGS', GETDATE());
INSERT INTO "VSVALUE_ENG" (VALUESET, VALUEPOOL, VALUECODE, USERID, LOGDATE) VALUES ('VSURBANISATION_C060201_01', 'VPURBANISATION', '_T', 'SDGS', GETDATE());
INSERT INTO "VSVALUE" (VALUESET, VALUEPOOL, VALUECODE, USERID, LOGDATE) VALUES ('VSURBANISATION_C060201_01', 'VPURBANISATION', 'U', 'SDGS', GETDATE());
INSERT INTO "VSVALUE_ENG" (VALUESET, VALUEPOOL, VALUECODE, USERID, LOGDATE) VALUES ('VSURBANISATION_C060201_01', 'VPURBANISATION', 'U', 'SDGS', GETDATE());
INSERT INTO "VSVALUE" (VALUESET, VALUEPOOL, VALUECODE, USERID, LOGDATE) VALUES ('VSURBANISATION_C060201_01', 'VPURBANISATION', 'R', 'SDGS', GETDATE());
INSERT INTO "VSVALUE_ENG" (VALUESET, VALUEPOOL, VALUECODE, USERID, LOGDATE) VALUES ('VSURBANISATION_C060201_01', 'VPURBANISATION', 'R', 'SDGS', GETDATE());
INSERT INTO "VSVALUE" (VALUESET, VALUEPOOL, VALUECODE, USERID, LOGDATE) VALUES ('VSURBANISATION_C060201_01', 'VPURBANISATION', 'C', 'SDGS', GETDATE());
INSERT INTO "VSVALUE_ENG" (VALUESET, VALUEPOOL, VALUECODE, USERID, LOGDATE) VALUES ('VSURBANISATION_C060201_01', 'VPURBANISATION', 'C', 'SDGS', GETDATE());
INSERT INTO "SUBTABLEVARIABLE" (MAINTABLE, SUBTABLE, VARIABLE, VALUESET, VARIABLETYPE, STORECOLUMNNO, USERID, LOGDATE) VALUES ('S62C06020101', '', 'URBANISATION', 'VSURBANISATION_C060201_01', 'V', '1', 'SDGS', GETDATE());
IF EXISTS (SELECT 1 FROM SYS.VIEWS WHERE NAME = 'S62C06020101' AND TYPE  = 'v') DROP VIEW S62C06020101;
GO
CREATE VIEW S62C06020101 AS SELECT * FROM INDICATORDATA WHERE SUBINDICATOR_CODE = 'C060201_01';
GO
INSERT INTO "MAINTABLE" (MAINTABLE, PRESTEXT, PRESTEXTS, PRESCATEGORY, TIMESCALE, USERID, LOGDATE, FIRSTPUBLISHED, TABLESTATUS, TABLEID, PRODUCTCODE, SPECCHAREXISTS, METAID, SUBJECTCODE, CONTENTSVARIABLE) VALUES  ('S6aC060a0101', 'code 6.a/C060a01_01/C060a01_01 - ????? ???????? ????????? ??????? ??? ????? ??????? ?????? ????? ???? ??? ???? ?? ??? ?????? ????? ???????', 'SDGs Indicators', 'O', 'year', 'SDGS', GETDATE(), GETDATE(), 'A', 'S6aC060a0101', '001', 'N', '01', '01', 'ar: Sub Indicator');
INSERT INTO "MAINTABLE_ENG" (MAINTABLE, STATUS, PUBLISHED, PRESTEXT, PRESTEXTS, CONTENTSVARIABLE, USERID, LOGDATE) VALUES  ('S6aC060a0101', 'A', GETDATE(), 'code 6.a/C060a01_01/C060a01_01 - Amount of water- and sanitation-related official development assistance that is part of a government-coordinated spending plan', 'SDGs Indicators', 'Sub Indicator', 'SDGS', GETDATE());
INSERT INTO "SECONDARYLANGUAGE" (MAINTABLE, LANGUAGE, COMPLETELYTRANSLATED,PUBLISHED, USERID, LOGDATE) VALUES  ('S6aC060a0101', 'en','Y', 'Y', 'SDGS', GETDATE());
INSERT INTO "CONTENTS" (MAINTABLE, CONTENTS, PRESTEXT, PRESCODE, COPYRIGHT, PRODUCER, LASTUPDATED, UNIT, PRESDECIMALS, PRESCELLSZERO, STOCKFA, DAYADJ, SEASADJ, FOOTNOTECONTENTS, FOOTNOTEVARIABLE, FOOTNOTEVALUE, STORECOLUMNNO, STOREFORMAT, STORENOCHAR, STOREDECIMALS, USERID, LOGDATE, PUBLISHED, PRESTEXTS, STATAUTHORITY, AGGREGPOSSIBLE, FOOTNOTETIME, METAID) VALUES  ('S6aC060a0101', 'OBS_VALUE', 'ar: Sustainable Development Goals - SDGs', 'DATA', '1', 'PCBS', GETDATE(), 'OBS_VALUE', '2', 'Y', 'F', 'N', 'N', 'N', 'N', 'N', '3', 'N', '17', '2', 'SDGS', GETDATE(), GETDATE(), 'C060a01_01', 'PCBS', 'N', 'N', '01');
INSERT INTO "CONTENTS_ENG" (MAINTABLE, CONTENTS, PRESTEXT, UNIT, USERID, LOGDATE, PRESTEXTS, REFPERIOD, BASEPERIOD)  VALUES  ('S6aC060a0101', 'OBS_VALUE', 'Sustainable Development Goals - SDGs',  'OBS_VALUE', 'SDGS', GETDATE(), 'C060a01_01', NULL,NULL);
INSERT INTO "SUBTABLE" (MAINTABLE, SUBTABLE, PRESTEXT, CLEANTABLE, USERID, LOGDATE) VALUES  ('S6aC060a0101', '', 'code 6.a/C060a01_01/C060a01_01 - ????? ???????? ????????? ??????? ??? ????? ??????? ?????? ????? ???? ??? ???? ?? ??? ?????? ????? ???????', 'Y', 'SDGS', GETDATE());
INSERT INTO "SUBTABLE_ENG" (MAINTABLE, SUBTABLE, PRESTEXT, USERID, LOGDATE) VALUES  ('S6aC060a0101', '', 'code 6.a/C060a01_01/C060a01_01 - Amount of water- and sanitation-related official development assistance that is part of a government-coordinated spending plan', 'SDGS', GETDATE());
INSERT INTO "SUBTABLEVARIABLE" (MAINTABLE, SUBTABLE, VARIABLE, VARIABLETYPE, STORECOLUMNNO, USERID, LOGDATE) VALUES ('S6aC060a0101', '', 'TIME_PERIOD', 'T', '1', 'SDGS', GETDATE());
INSERT INTO "CONTENTSTIME" (MAINTABLE, CONTENTS, TIMEPERIOD, USERID, LOGDATE) VALUES ('S6aC060a0101', 'OBS_VALUE', 2000, 'SDGS', GETDATE());
INSERT INTO "CONTENTSTIME" (MAINTABLE, CONTENTS, TIMEPERIOD, USERID, LOGDATE) VALUES ('S6aC060a0101', 'OBS_VALUE', 2001, 'SDGS', GETDATE());
INSERT INTO "CONTENTSTIME" (MAINTABLE, CONTENTS, TIMEPERIOD, USERID, LOGDATE) VALUES ('S6aC060a0101', 'OBS_VALUE', 2002, 'SDGS', GETDATE());
INSERT INTO "CONTENTSTIME" (MAINTABLE, CONTENTS, TIMEPERIOD, USERID, LOGDATE) VALUES ('S6aC060a0101', 'OBS_VALUE', 2003, 'SDGS', GETDATE());
INSERT INTO "CONTENTSTIME" (MAINTABLE, CONTENTS, TIMEPERIOD, USERID, LOGDATE) VALUES ('S6aC060a0101', 'OBS_VALUE', 2004, 'SDGS', GETDATE());
INSERT INTO "CONTENTSTIME" (MAINTABLE, CONTENTS, TIMEPERIOD, USERID, LOGDATE) VALUES ('S6aC060a0101', 'OBS_VALUE', 2005, 'SDGS', GETDATE());
INSERT INTO "CONTENTSTIME" (MAINTABLE, CONTENTS, TIMEPERIOD, USERID, LOGDATE) VALUES ('S6aC060a0101', 'OBS_VALUE', 2006, 'SDGS', GETDATE());
INSERT INTO "CONTENTSTIME" (MAINTABLE, CONTENTS, TIMEPERIOD, USERID, LOGDATE) VALUES ('S6aC060a0101', 'OBS_VALUE', 2007, 'SDGS', GETDATE());
INSERT INTO "CONTENTSTIME" (MAINTABLE, CONTENTS, TIMEPERIOD, USERID, LOGDATE) VALUES ('S6aC060a0101', 'OBS_VALUE', 2008, 'SDGS', GETDATE());
INSERT INTO "CONTENTSTIME" (MAINTABLE, CONTENTS, TIMEPERIOD, USERID, LOGDATE) VALUES ('S6aC060a0101', 'OBS_VALUE', 2009, 'SDGS', GETDATE());
INSERT INTO "CONTENTSTIME" (MAINTABLE, CONTENTS, TIMEPERIOD, USERID, LOGDATE) VALUES ('S6aC060a0101', 'OBS_VALUE', 2010, 'SDGS', GETDATE());
INSERT INTO "CONTENTSTIME" (MAINTABLE, CONTENTS, TIMEPERIOD, USERID, LOGDATE) VALUES ('S6aC060a0101', 'OBS_VALUE', 2011, 'SDGS', GETDATE());
INSERT INTO "CONTENTSTIME" (MAINTABLE, CONTENTS, TIMEPERIOD, USERID, LOGDATE) VALUES ('S6aC060a0101', 'OBS_VALUE', 2012, 'SDGS', GETDATE());
INSERT INTO "CONTENTSTIME" (MAINTABLE, CONTENTS, TIMEPERIOD, USERID, LOGDATE) VALUES ('S6aC060a0101', 'OBS_VALUE', 2013, 'SDGS', GETDATE());
INSERT INTO "CONTENTSTIME" (MAINTABLE, CONTENTS, TIMEPERIOD, USERID, LOGDATE) VALUES ('S6aC060a0101', 'OBS_VALUE', 2014, 'SDGS', GETDATE());
INSERT INTO "CONTENTSTIME" (MAINTABLE, CONTENTS, TIMEPERIOD, USERID, LOGDATE) VALUES ('S6aC060a0101', 'OBS_VALUE', 2015, 'SDGS', GETDATE());
INSERT INTO "CONTENTSTIME" (MAINTABLE, CONTENTS, TIMEPERIOD, USERID, LOGDATE) VALUES ('S6aC060a0101', 'OBS_VALUE', 2016, 'SDGS', GETDATE());
INSERT INTO "CONTENTSTIME" (MAINTABLE, CONTENTS, TIMEPERIOD, USERID, LOGDATE) VALUES ('S6aC060a0101', 'OBS_VALUE', 2017, 'SDGS', GETDATE());
IF EXISTS (SELECT 1 FROM SYS.VIEWS WHERE NAME = 'S6aC060a0101' AND TYPE  = 'v') DROP VIEW S6aC060a0101;
GO
CREATE VIEW S6aC060a0101 AS SELECT * FROM INDICATORDATA WHERE SUBINDICATOR_CODE = 'C060a01_01';
GO
INSERT INTO "MAINTABLE" (MAINTABLE, PRESTEXT, PRESTEXTS, PRESCATEGORY, TIMESCALE, USERID, LOGDATE, FIRSTPUBLISHED, TABLESTATUS, TABLEID, PRODUCTCODE, SPECCHAREXISTS, METAID, SUBJECTCODE, CONTENTSVARIABLE) VALUES  ('S71C07010101', 'code 7.1/C070101_01/C070101_01 - ??? ?????? ?????????? ?? ????? ????????', 'SDGs Indicators', 'O', 'year', 'SDGS', GETDATE(), GETDATE(), 'A', 'S71C07010101', '001', 'N', '01', '01', 'ar: Sub Indicator');
INSERT INTO "MAINTABLE_ENG" (MAINTABLE, STATUS, PUBLISHED, PRESTEXT, PRESTEXTS, CONTENTSVARIABLE, USERID, LOGDATE) VALUES  ('S71C07010101', 'A', GETDATE(), 'code 7.1/C070101_01/C070101_01 - Proportion of population with access to electricity, by urban/rural (%)', 'SDGs Indicators', 'Sub Indicator', 'SDGS', GETDATE());
INSERT INTO "SECONDARYLANGUAGE" (MAINTABLE, LANGUAGE, COMPLETELYTRANSLATED,PUBLISHED, USERID, LOGDATE) VALUES  ('S71C07010101', 'en','Y', 'Y', 'SDGS', GETDATE());
INSERT INTO "CONTENTS" (MAINTABLE, CONTENTS, PRESTEXT, PRESCODE, COPYRIGHT, PRODUCER, LASTUPDATED, UNIT, PRESDECIMALS, PRESCELLSZERO, STOCKFA, DAYADJ, SEASADJ, FOOTNOTECONTENTS, FOOTNOTEVARIABLE, FOOTNOTEVALUE, STORECOLUMNNO, STOREFORMAT, STORENOCHAR, STOREDECIMALS, USERID, LOGDATE, PUBLISHED, PRESTEXTS, STATAUTHORITY, AGGREGPOSSIBLE, FOOTNOTETIME, METAID) VALUES  ('S71C07010101', 'OBS_VALUE', 'ar: Sustainable Development Goals - SDGs', 'DATA', '1', 'PCBS', GETDATE(), 'OBS_VALUE', '2', 'Y', 'F', 'N', 'N', 'N', 'N', 'N', '3', 'N', '17', '2', 'SDGS', GETDATE(), GETDATE(), 'C070101_01', 'PCBS', 'N', 'N', '01');
INSERT INTO "CONTENTS_ENG" (MAINTABLE, CONTENTS, PRESTEXT, UNIT, USERID, LOGDATE, PRESTEXTS, REFPERIOD, BASEPERIOD)  VALUES  ('S71C07010101', 'OBS_VALUE', 'Sustainable Development Goals - SDGs',  'OBS_VALUE', 'SDGS', GETDATE(), 'C070101_01', NULL,NULL);
INSERT INTO "SUBTABLE" (MAINTABLE, SUBTABLE, PRESTEXT, CLEANTABLE, USERID, LOGDATE) VALUES  ('S71C07010101', '', 'code 7.1/C070101_01/C070101_01 - ??? ?????? ?????????? ?? ????? ????????', 'Y', 'SDGS', GETDATE());
INSERT INTO "SUBTABLE_ENG" (MAINTABLE, SUBTABLE, PRESTEXT, USERID, LOGDATE) VALUES  ('S71C07010101', '', 'code 7.1/C070101_01/C070101_01 - Proportion of population with access to electricity, by urban/rural (%)', 'SDGS', GETDATE());
INSERT INTO "SUBTABLEVARIABLE" (MAINTABLE, SUBTABLE, VARIABLE, VARIABLETYPE, STORECOLUMNNO, USERID, LOGDATE) VALUES ('S71C07010101', '', 'TIME_PERIOD', 'T', '1', 'SDGS', GETDATE());
INSERT INTO "CONTENTSTIME" (MAINTABLE, CONTENTS, TIMEPERIOD, USERID, LOGDATE) VALUES ('S71C07010101', 'OBS_VALUE', 2001, 'SDGS', GETDATE());
INSERT INTO "CONTENTSTIME" (MAINTABLE, CONTENTS, TIMEPERIOD, USERID, LOGDATE) VALUES ('S71C07010101', 'OBS_VALUE', 2003, 'SDGS', GETDATE());
INSERT INTO "CONTENTSTIME" (MAINTABLE, CONTENTS, TIMEPERIOD, USERID, LOGDATE) VALUES ('S71C07010101', 'OBS_VALUE', 2004, 'SDGS', GETDATE());
INSERT INTO "CONTENTSTIME" (MAINTABLE, CONTENTS, TIMEPERIOD, USERID, LOGDATE) VALUES ('S71C07010101', 'OBS_VALUE', 2005, 'SDGS', GETDATE());
INSERT INTO "CONTENTSTIME" (MAINTABLE, CONTENTS, TIMEPERIOD, USERID, LOGDATE) VALUES ('S71C07010101', 'OBS_VALUE', 2006, 'SDGS', GETDATE());
INSERT INTO "CONTENTSTIME" (MAINTABLE, CONTENTS, TIMEPERIOD, USERID, LOGDATE) VALUES ('S71C07010101', 'OBS_VALUE', 2007, 'SDGS', GETDATE());
INSERT INTO "CONTENTSTIME" (MAINTABLE, CONTENTS, TIMEPERIOD, USERID, LOGDATE) VALUES ('S71C07010101', 'OBS_VALUE', 2008, 'SDGS', GETDATE());
INSERT INTO "CONTENTSTIME" (MAINTABLE, CONTENTS, TIMEPERIOD, USERID, LOGDATE) VALUES ('S71C07010101', 'OBS_VALUE', 2009, 'SDGS', GETDATE());
INSERT INTO "CONTENTSTIME" (MAINTABLE, CONTENTS, TIMEPERIOD, USERID, LOGDATE) VALUES ('S71C07010101', 'OBS_VALUE', 2010, 'SDGS', GETDATE());
INSERT INTO "CONTENTSTIME" (MAINTABLE, CONTENTS, TIMEPERIOD, USERID, LOGDATE) VALUES ('S71C07010101', 'OBS_VALUE', 2011, 'SDGS', GETDATE());
INSERT INTO "CONTENTSTIME" (MAINTABLE, CONTENTS, TIMEPERIOD, USERID, LOGDATE) VALUES ('S71C07010101', 'OBS_VALUE', 2012, 'SDGS', GETDATE());
INSERT INTO "CONTENTSTIME" (MAINTABLE, CONTENTS, TIMEPERIOD, USERID, LOGDATE) VALUES ('S71C07010101', 'OBS_VALUE', 2013, 'SDGS', GETDATE());
INSERT INTO "CONTENTSTIME" (MAINTABLE, CONTENTS, TIMEPERIOD, USERID, LOGDATE) VALUES ('S71C07010101', 'OBS_VALUE', 2015, 'SDGS', GETDATE());
INSERT INTO "CONTENTSTIME" (MAINTABLE, CONTENTS, TIMEPERIOD, USERID, LOGDATE) VALUES ('S71C07010101', 'OBS_VALUE', 2017, 'SDGS', GETDATE());
INSERT INTO "VALUESET" (VALUESET, PRESTEXT, DESCRIPTION, ELIMINATION, VALUEPOOL, METAID, FOOTNOTE, USERID, LOGDATE, VALUEPRES, SORTCODEEXISTS) VALUES ('VSREF_AREA_C070101_01', 'Hmm', 'None', 'A', 'VPREF_AREA', '0', 'N', 'SDGS', GETDATE(), 'T', 'N');
INSERT INTO "VALUESET_ENG" (VALUESET, PRESTEXT, DESCRIPTION, USERID, LOGDATE) VALUES ('VSREF_AREA_C070101_01', 'Hmm', 'None', 'SDGS', GETDATE());
INSERT INTO "VSVALUE" (VALUESET, VALUEPOOL, VALUECODE, USERID, LOGDATE) VALUES ('VSREF_AREA_C070101_01', 'VPREF_AREA', '1', 'SDGS', GETDATE());
INSERT INTO "VSVALUE_ENG" (VALUESET, VALUEPOOL, VALUECODE, USERID, LOGDATE) VALUES ('VSREF_AREA_C070101_01', 'VPREF_AREA', '1', 'SDGS', GETDATE());
INSERT INTO "VSVALUE" (VALUESET, VALUEPOOL, VALUECODE, USERID, LOGDATE) VALUES ('VSREF_AREA_C070101_01', 'VPREF_AREA', '2', 'SDGS', GETDATE());
INSERT INTO "VSVALUE_ENG" (VALUESET, VALUEPOOL, VALUECODE, USERID, LOGDATE) VALUES ('VSREF_AREA_C070101_01', 'VPREF_AREA', '2', 'SDGS', GETDATE());
INSERT INTO "VSVALUE" (VALUESET, VALUEPOOL, VALUECODE, USERID, LOGDATE) VALUES ('VSREF_AREA_C070101_01', 'VPREF_AREA', '3', 'SDGS', GETDATE());
INSERT INTO "VSVALUE_ENG" (VALUESET, VALUEPOOL, VALUECODE, USERID, LOGDATE) VALUES ('VSREF_AREA_C070101_01', 'VPREF_AREA', '3', 'SDGS', GETDATE());
INSERT INTO "SUBTABLEVARIABLE" (MAINTABLE, SUBTABLE, VARIABLE, VALUESET, VARIABLETYPE, STORECOLUMNNO, USERID, LOGDATE) VALUES ('S71C07010101', '', 'REF_AREA', 'VSREF_AREA_C070101_01', 'V', '1', 'SDGS', GETDATE());
INSERT INTO "VALUESET" (VALUESET, PRESTEXT, DESCRIPTION, ELIMINATION, VALUEPOOL, METAID, FOOTNOTE, USERID, LOGDATE, VALUEPRES, SORTCODEEXISTS) VALUES ('VSURBANISATION_C070101_01', 'Hmm', 'None', 'A', 'VPURBANISATION', '0', 'N', 'SDGS', GETDATE(), 'T', 'N');
INSERT INTO "VALUESET_ENG" (VALUESET, PRESTEXT, DESCRIPTION, USERID, LOGDATE) VALUES ('VSURBANISATION_C070101_01', 'Hmm', 'None', 'SDGS', GETDATE());
INSERT INTO "VSVALUE" (VALUESET, VALUEPOOL, VALUECODE, USERID, LOGDATE) VALUES ('VSURBANISATION_C070101_01', 'VPURBANISATION', '_T', 'SDGS', GETDATE());
INSERT INTO "VSVALUE_ENG" (VALUESET, VALUEPOOL, VALUECODE, USERID, LOGDATE) VALUES ('VSURBANISATION_C070101_01', 'VPURBANISATION', '_T', 'SDGS', GETDATE());
INSERT INTO "VSVALUE" (VALUESET, VALUEPOOL, VALUECODE, USERID, LOGDATE) VALUES ('VSURBANISATION_C070101_01', 'VPURBANISATION', 'U', 'SDGS', GETDATE());
INSERT INTO "VSVALUE_ENG" (VALUESET, VALUEPOOL, VALUECODE, USERID, LOGDATE) VALUES ('VSURBANISATION_C070101_01', 'VPURBANISATION', 'U', 'SDGS', GETDATE());
INSERT INTO "VSVALUE" (VALUESET, VALUEPOOL, VALUECODE, USERID, LOGDATE) VALUES ('VSURBANISATION_C070101_01', 'VPURBANISATION', 'R', 'SDGS', GETDATE());
INSERT INTO "VSVALUE_ENG" (VALUESET, VALUEPOOL, VALUECODE, USERID, LOGDATE) VALUES ('VSURBANISATION_C070101_01', 'VPURBANISATION', 'R', 'SDGS', GETDATE());
INSERT INTO "VSVALUE" (VALUESET, VALUEPOOL, VALUECODE, USERID, LOGDATE) VALUES ('VSURBANISATION_C070101_01', 'VPURBANISATION', 'C', 'SDGS', GETDATE());
INSERT INTO "VSVALUE_ENG" (VALUESET, VALUEPOOL, VALUECODE, USERID, LOGDATE) VALUES ('VSURBANISATION_C070101_01', 'VPURBANISATION', 'C', 'SDGS', GETDATE());
INSERT INTO "SUBTABLEVARIABLE" (MAINTABLE, SUBTABLE, VARIABLE, VALUESET, VARIABLETYPE, STORECOLUMNNO, USERID, LOGDATE) VALUES ('S71C07010101', '', 'URBANISATION', 'VSURBANISATION_C070101_01', 'V', '1', 'SDGS', GETDATE());
IF EXISTS (SELECT 1 FROM SYS.VIEWS WHERE NAME = 'S71C07010101' AND TYPE  = 'v') DROP VIEW S71C07010101;
GO
CREATE VIEW S71C07010101 AS SELECT * FROM INDICATORDATA WHERE SUBINDICATOR_CODE = 'C070101_01';
GO
INSERT INTO "MAINTABLE" (MAINTABLE, PRESTEXT, PRESTEXTS, PRESCATEGORY, TIMESCALE, USERID, LOGDATE, FIRSTPUBLISHED, TABLESTATUS, TABLEID, PRODUCTCODE, SPECCHAREXISTS, METAID, SUBJECTCODE, CONTENTSVARIABLE) VALUES  ('S71C07010201', 'code 7.1/C070102_01/C070102_01 - ???? ?????? ???? ??????? ?????? ??? ?????? ???????????? ????????', 'SDGs Indicators', 'O', 'year', 'SDGS', GETDATE(), GETDATE(), 'A', 'S71C07010201', '001', 'N', '01', '01', 'ar: Sub Indicator');
INSERT INTO "MAINTABLE_ENG" (MAINTABLE, STATUS, PUBLISHED, PRESTEXT, PRESTEXTS, CONTENTSVARIABLE, USERID, LOGDATE) VALUES  ('S71C07010201', 'A', GETDATE(), 'code 7.1/C070102_01/C070102_01 - Proportion of population with primary reliance on clean fuels and technology (%)', 'SDGs Indicators', 'Sub Indicator', 'SDGS', GETDATE());
INSERT INTO "SECONDARYLANGUAGE" (MAINTABLE, LANGUAGE, COMPLETELYTRANSLATED,PUBLISHED, USERID, LOGDATE) VALUES  ('S71C07010201', 'en','Y', 'Y', 'SDGS', GETDATE());
INSERT INTO "CONTENTS" (MAINTABLE, CONTENTS, PRESTEXT, PRESCODE, COPYRIGHT, PRODUCER, LASTUPDATED, UNIT, PRESDECIMALS, PRESCELLSZERO, STOCKFA, DAYADJ, SEASADJ, FOOTNOTECONTENTS, FOOTNOTEVARIABLE, FOOTNOTEVALUE, STORECOLUMNNO, STOREFORMAT, STORENOCHAR, STOREDECIMALS, USERID, LOGDATE, PUBLISHED, PRESTEXTS, STATAUTHORITY, AGGREGPOSSIBLE, FOOTNOTETIME, METAID) VALUES  ('S71C07010201', 'OBS_VALUE', 'ar: Sustainable Development Goals - SDGs', 'DATA', '1', 'PCBS', GETDATE(), 'OBS_VALUE', '2', 'Y', 'F', 'N', 'N', 'N', 'N', 'N', '3', 'N', '17', '2', 'SDGS', GETDATE(), GETDATE(), 'C070102_01', 'PCBS', 'N', 'N', '01');
INSERT INTO "CONTENTS_ENG" (MAINTABLE, CONTENTS, PRESTEXT, UNIT, USERID, LOGDATE, PRESTEXTS, REFPERIOD, BASEPERIOD)  VALUES  ('S71C07010201', 'OBS_VALUE', 'Sustainable Development Goals - SDGs',  'OBS_VALUE', 'SDGS', GETDATE(), 'C070102_01', NULL,NULL);
INSERT INTO "SUBTABLE" (MAINTABLE, SUBTABLE, PRESTEXT, CLEANTABLE, USERID, LOGDATE) VALUES  ('S71C07010201', '', 'code 7.1/C070102_01/C070102_01 - ???? ?????? ???? ??????? ?????? ??? ?????? ???????????? ????????', 'Y', 'SDGS', GETDATE());
INSERT INTO "SUBTABLE_ENG" (MAINTABLE, SUBTABLE, PRESTEXT, USERID, LOGDATE) VALUES  ('S71C07010201', '', 'code 7.1/C070102_01/C070102_01 - Proportion of population with primary reliance on clean fuels and technology (%)', 'SDGS', GETDATE());
INSERT INTO "SUBTABLEVARIABLE" (MAINTABLE, SUBTABLE, VARIABLE, VARIABLETYPE, STORECOLUMNNO, USERID, LOGDATE) VALUES ('S71C07010201', '', 'TIME_PERIOD', 'T', '1', 'SDGS', GETDATE());
INSERT INTO "CONTENTSTIME" (MAINTABLE, CONTENTS, TIMEPERIOD, USERID, LOGDATE) VALUES ('S71C07010201', 'OBS_VALUE', 2001, 'SDGS', GETDATE());
INSERT INTO "CONTENTSTIME" (MAINTABLE, CONTENTS, TIMEPERIOD, USERID, LOGDATE) VALUES ('S71C07010201', 'OBS_VALUE', 2003, 'SDGS', GETDATE());
INSERT INTO "CONTENTSTIME" (MAINTABLE, CONTENTS, TIMEPERIOD, USERID, LOGDATE) VALUES ('S71C07010201', 'OBS_VALUE', 2004, 'SDGS', GETDATE());
INSERT INTO "CONTENTSTIME" (MAINTABLE, CONTENTS, TIMEPERIOD, USERID, LOGDATE) VALUES ('S71C07010201', 'OBS_VALUE', 2005, 'SDGS', GETDATE());
INSERT INTO "CONTENTSTIME" (MAINTABLE, CONTENTS, TIMEPERIOD, USERID, LOGDATE) VALUES ('S71C07010201', 'OBS_VALUE', 2006, 'SDGS', GETDATE());
INSERT INTO "CONTENTSTIME" (MAINTABLE, CONTENTS, TIMEPERIOD, USERID, LOGDATE) VALUES ('S71C07010201', 'OBS_VALUE', 2007, 'SDGS', GETDATE());
INSERT INTO "CONTENTSTIME" (MAINTABLE, CONTENTS, TIMEPERIOD, USERID, LOGDATE) VALUES ('S71C07010201', 'OBS_VALUE', 2008, 'SDGS', GETDATE());
INSERT INTO "CONTENTSTIME" (MAINTABLE, CONTENTS, TIMEPERIOD, USERID, LOGDATE) VALUES ('S71C07010201', 'OBS_VALUE', 2009, 'SDGS', GETDATE());
INSERT INTO "CONTENTSTIME" (MAINTABLE, CONTENTS, TIMEPERIOD, USERID, LOGDATE) VALUES ('S71C07010201', 'OBS_VALUE', 2010, 'SDGS', GETDATE());
INSERT INTO "CONTENTSTIME" (MAINTABLE, CONTENTS, TIMEPERIOD, USERID, LOGDATE) VALUES ('S71C07010201', 'OBS_VALUE', 2011, 'SDGS', GETDATE());
INSERT INTO "CONTENTSTIME" (MAINTABLE, CONTENTS, TIMEPERIOD, USERID, LOGDATE) VALUES ('S71C07010201', 'OBS_VALUE', 2013, 'SDGS', GETDATE());
INSERT INTO "CONTENTSTIME" (MAINTABLE, CONTENTS, TIMEPERIOD, USERID, LOGDATE) VALUES ('S71C07010201', 'OBS_VALUE', 2014, 'SDGS', GETDATE());
INSERT INTO "CONTENTSTIME" (MAINTABLE, CONTENTS, TIMEPERIOD, USERID, LOGDATE) VALUES ('S71C07010201', 'OBS_VALUE', 2015, 'SDGS', GETDATE());
INSERT INTO "CONTENTSTIME" (MAINTABLE, CONTENTS, TIMEPERIOD, USERID, LOGDATE) VALUES ('S71C07010201', 'OBS_VALUE', 2017, 'SDGS', GETDATE());
INSERT INTO "VALUESET" (VALUESET, PRESTEXT, DESCRIPTION, ELIMINATION, VALUEPOOL, METAID, FOOTNOTE, USERID, LOGDATE, VALUEPRES, SORTCODEEXISTS) VALUES ('VSREF_AREA_C070102_01', 'Hmm', 'None', 'A', 'VPREF_AREA', '0', 'N', 'SDGS', GETDATE(), 'T', 'N');
INSERT INTO "VALUESET_ENG" (VALUESET, PRESTEXT, DESCRIPTION, USERID, LOGDATE) VALUES ('VSREF_AREA_C070102_01', 'Hmm', 'None', 'SDGS', GETDATE());
INSERT INTO "VSVALUE" (VALUESET, VALUEPOOL, VALUECODE, USERID, LOGDATE) VALUES ('VSREF_AREA_C070102_01', 'VPREF_AREA', '1', 'SDGS', GETDATE());
INSERT INTO "VSVALUE_ENG" (VALUESET, VALUEPOOL, VALUECODE, USERID, LOGDATE) VALUES ('VSREF_AREA_C070102_01', 'VPREF_AREA', '1', 'SDGS', GETDATE());
INSERT INTO "VSVALUE" (VALUESET, VALUEPOOL, VALUECODE, USERID, LOGDATE) VALUES ('VSREF_AREA_C070102_01', 'VPREF_AREA', '2', 'SDGS', GETDATE());
INSERT INTO "VSVALUE_ENG" (VALUESET, VALUEPOOL, VALUECODE, USERID, LOGDATE) VALUES ('VSREF_AREA_C070102_01', 'VPREF_AREA', '2', 'SDGS', GETDATE());
INSERT INTO "VSVALUE" (VALUESET, VALUEPOOL, VALUECODE, USERID, LOGDATE) VALUES ('VSREF_AREA_C070102_01', 'VPREF_AREA', '3', 'SDGS', GETDATE());
INSERT INTO "VSVALUE_ENG" (VALUESET, VALUEPOOL, VALUECODE, USERID, LOGDATE) VALUES ('VSREF_AREA_C070102_01', 'VPREF_AREA', '3', 'SDGS', GETDATE());
INSERT INTO "VSVALUE" (VALUESET, VALUEPOOL, VALUECODE, USERID, LOGDATE) VALUES ('VSREF_AREA_C070102_01', 'VPREF_AREA', '1101', 'SDGS', GETDATE());
INSERT INTO "VSVALUE_ENG" (VALUESET, VALUEPOOL, VALUECODE, USERID, LOGDATE) VALUES ('VSREF_AREA_C070102_01', 'VPREF_AREA', '1101', 'SDGS', GETDATE());
INSERT INTO "VSVALUE" (VALUESET, VALUEPOOL, VALUECODE, USERID, LOGDATE) VALUES ('VSREF_AREA_C070102_01', 'VPREF_AREA', '1105', 'SDGS', GETDATE());
INSERT INTO "VSVALUE_ENG" (VALUESET, VALUEPOOL, VALUECODE, USERID, LOGDATE) VALUES ('VSREF_AREA_C070102_01', 'VPREF_AREA', '1105', 'SDGS', GETDATE());
INSERT INTO "VSVALUE" (VALUESET, VALUEPOOL, VALUECODE, USERID, LOGDATE) VALUES ('VSREF_AREA_C070102_01', 'VPREF_AREA', '1110', 'SDGS', GETDATE());
INSERT INTO "VSVALUE_ENG" (VALUESET, VALUEPOOL, VALUECODE, USERID, LOGDATE) VALUES ('VSREF_AREA_C070102_01', 'VPREF_AREA', '1110', 'SDGS', GETDATE());
INSERT INTO "VSVALUE" (VALUESET, VALUEPOOL, VALUECODE, USERID, LOGDATE) VALUES ('VSREF_AREA_C070102_01', 'VPREF_AREA', '1115', 'SDGS', GETDATE());
INSERT INTO "VSVALUE_ENG" (VALUESET, VALUEPOOL, VALUECODE, USERID, LOGDATE) VALUES ('VSREF_AREA_C070102_01', 'VPREF_AREA', '1115', 'SDGS', GETDATE());
INSERT INTO "VSVALUE" (VALUESET, VALUEPOOL, VALUECODE, USERID, LOGDATE) VALUES ('VSREF_AREA_C070102_01', 'VPREF_AREA', '1120', 'SDGS', GETDATE());
INSERT INTO "VSVALUE_ENG" (VALUESET, VALUEPOOL, VALUECODE, USERID, LOGDATE) VALUES ('VSREF_AREA_C070102_01', 'VPREF_AREA', '1120', 'SDGS', GETDATE());
INSERT INTO "VSVALUE" (VALUESET, VALUEPOOL, VALUECODE, USERID, LOGDATE) VALUES ('VSREF_AREA_C070102_01', 'VPREF_AREA', '1125', 'SDGS', GETDATE());
INSERT INTO "VSVALUE_ENG" (VALUESET, VALUEPOOL, VALUECODE, USERID, LOGDATE) VALUES ('VSREF_AREA_C070102_01', 'VPREF_AREA', '1125', 'SDGS', GETDATE());
INSERT INTO "VSVALUE" (VALUESET, VALUEPOOL, VALUECODE, USERID, LOGDATE) VALUES ('VSREF_AREA_C070102_01', 'VPREF_AREA', '1230', 'SDGS', GETDATE());
INSERT INTO "VSVALUE_ENG" (VALUESET, VALUEPOOL, VALUECODE, USERID, LOGDATE) VALUES ('VSREF_AREA_C070102_01', 'VPREF_AREA', '1230', 'SDGS', GETDATE());
INSERT INTO "VSVALUE" (VALUESET, VALUEPOOL, VALUECODE, USERID, LOGDATE) VALUES ('VSREF_AREA_C070102_01', 'VPREF_AREA', '1235', 'SDGS', GETDATE());
INSERT INTO "VSVALUE_ENG" (VALUESET, VALUEPOOL, VALUECODE, USERID, LOGDATE) VALUES ('VSREF_AREA_C070102_01', 'VPREF_AREA', '1235', 'SDGS', GETDATE());
INSERT INTO "VSVALUE" (VALUESET, VALUEPOOL, VALUECODE, USERID, LOGDATE) VALUES ('VSREF_AREA_C070102_01', 'VPREF_AREA', '1240', 'SDGS', GETDATE());
INSERT INTO "VSVALUE_ENG" (VALUESET, VALUEPOOL, VALUECODE, USERID, LOGDATE) VALUES ('VSREF_AREA_C070102_01', 'VPREF_AREA', '1240', 'SDGS', GETDATE());
INSERT INTO "VSVALUE" (VALUESET, VALUEPOOL, VALUECODE, USERID, LOGDATE) VALUES ('VSREF_AREA_C070102_01', 'VPREF_AREA', '1345', 'SDGS', GETDATE());
INSERT INTO "VSVALUE_ENG" (VALUESET, VALUEPOOL, VALUECODE, USERID, LOGDATE) VALUES ('VSREF_AREA_C070102_01', 'VPREF_AREA', '1345', 'SDGS', GETDATE());
INSERT INTO "VSVALUE" (VALUESET, VALUEPOOL, VALUECODE, USERID, LOGDATE) VALUES ('VSREF_AREA_C070102_01', 'VPREF_AREA', '1350', 'SDGS', GETDATE());
INSERT INTO "VSVALUE_ENG" (VALUESET, VALUEPOOL, VALUECODE, USERID, LOGDATE) VALUES ('VSREF_AREA_C070102_01', 'VPREF_AREA', '1350', 'SDGS', GETDATE());
INSERT INTO "VSVALUE" (VALUESET, VALUEPOOL, VALUECODE, USERID, LOGDATE) VALUES ('VSREF_AREA_C070102_01', 'VPREF_AREA', '2455', 'SDGS', GETDATE());
INSERT INTO "VSVALUE_ENG" (VALUESET, VALUEPOOL, VALUECODE, USERID, LOGDATE) VALUES ('VSREF_AREA_C070102_01', 'VPREF_AREA', '2455', 'SDGS', GETDATE());
INSERT INTO "VSVALUE" (VALUESET, VALUEPOOL, VALUECODE, USERID, LOGDATE) VALUES ('VSREF_AREA_C070102_01', 'VPREF_AREA', '2460', 'SDGS', GETDATE());
INSERT INTO "VSVALUE_ENG" (VALUESET, VALUEPOOL, VALUECODE, USERID, LOGDATE) VALUES ('VSREF_AREA_C070102_01', 'VPREF_AREA', '2460', 'SDGS', GETDATE());
INSERT INTO "VSVALUE" (VALUESET, VALUEPOOL, VALUECODE, USERID, LOGDATE) VALUES ('VSREF_AREA_C070102_01', 'VPREF_AREA', '2465', 'SDGS', GETDATE());
INSERT INTO "VSVALUE_ENG" (VALUESET, VALUEPOOL, VALUECODE, USERID, LOGDATE) VALUES ('VSREF_AREA_C070102_01', 'VPREF_AREA', '2465', 'SDGS', GETDATE());
INSERT INTO "VSVALUE" (VALUESET, VALUEPOOL, VALUECODE, USERID, LOGDATE) VALUES ('VSREF_AREA_C070102_01', 'VPREF_AREA', '2470', 'SDGS', GETDATE());
INSERT INTO "VSVALUE_ENG" (VALUESET, VALUEPOOL, VALUECODE, USERID, LOGDATE) VALUES ('VSREF_AREA_C070102_01', 'VPREF_AREA', '2470', 'SDGS', GETDATE());
INSERT INTO "VSVALUE" (VALUESET, VALUEPOOL, VALUECODE, USERID, LOGDATE) VALUES ('VSREF_AREA_C070102_01', 'VPREF_AREA', '2475', 'SDGS', GETDATE());
INSERT INTO "VSVALUE_ENG" (VALUESET, VALUEPOOL, VALUECODE, USERID, LOGDATE) VALUES ('VSREF_AREA_C070102_01', 'VPREF_AREA', '2475', 'SDGS', GETDATE());
INSERT INTO "SUBTABLEVARIABLE" (MAINTABLE, SUBTABLE, VARIABLE, VALUESET, VARIABLETYPE, STORECOLUMNNO, USERID, LOGDATE) VALUES ('S71C07010201', '', 'REF_AREA', 'VSREF_AREA_C070102_01', 'V', '1', 'SDGS', GETDATE());
IF EXISTS (SELECT 1 FROM SYS.VIEWS WHERE NAME = 'S71C07010201' AND TYPE  = 'v') DROP VIEW S71C07010201;
GO
CREATE VIEW S71C07010201 AS SELECT * FROM INDICATORDATA WHERE SUBINDICATOR_CODE = 'C070102_01';
GO
INSERT INTO "MAINTABLE" (MAINTABLE, PRESTEXT, PRESTEXTS, PRESCATEGORY, TIMESCALE, USERID, LOGDATE, FIRSTPUBLISHED, TABLESTATUS, TABLEID, PRODUCTCODE, SPECCHAREXISTS, METAID, SUBJECTCODE, CONTENTSVARIABLE) VALUES  ('S72C07020101', 'code 7.2/C070201_01/C070201_01 - ??? ?????? ???????? ?? ????? ????????? ??????? ??????', 'SDGs Indicators', 'O', 'year', 'SDGS', GETDATE(), GETDATE(), 'A', 'S72C07020101', '001', 'N', '01', '01', 'ar: Sub Indicator');
INSERT INTO "MAINTABLE_ENG" (MAINTABLE, STATUS, PUBLISHED, PRESTEXT, PRESTEXTS, CONTENTSVARIABLE, USERID, LOGDATE) VALUES  ('S72C07020101', 'A', GETDATE(), 'code 7.2/C070201_01/C070201_01 - Renewable energy share in the total final energy consumption (%)', 'SDGs Indicators', 'Sub Indicator', 'SDGS', GETDATE());
INSERT INTO "SECONDARYLANGUAGE" (MAINTABLE, LANGUAGE, COMPLETELYTRANSLATED,PUBLISHED, USERID, LOGDATE) VALUES  ('S72C07020101', 'en','Y', 'Y', 'SDGS', GETDATE());
INSERT INTO "CONTENTS" (MAINTABLE, CONTENTS, PRESTEXT, PRESCODE, COPYRIGHT, PRODUCER, LASTUPDATED, UNIT, PRESDECIMALS, PRESCELLSZERO, STOCKFA, DAYADJ, SEASADJ, FOOTNOTECONTENTS, FOOTNOTEVARIABLE, FOOTNOTEVALUE, STORECOLUMNNO, STOREFORMAT, STORENOCHAR, STOREDECIMALS, USERID, LOGDATE, PUBLISHED, PRESTEXTS, STATAUTHORITY, AGGREGPOSSIBLE, FOOTNOTETIME, METAID) VALUES  ('S72C07020101', 'OBS_VALUE', 'ar: Sustainable Development Goals - SDGs', 'DATA', '1', 'PCBS', GETDATE(), 'OBS_VALUE', '2', 'Y', 'F', 'N', 'N', 'N', 'N', 'N', '3', 'N', '17', '2', 'SDGS', GETDATE(), GETDATE(), 'C070201_01', 'PCBS', 'N', 'N', '01');
INSERT INTO "CONTENTS_ENG" (MAINTABLE, CONTENTS, PRESTEXT, UNIT, USERID, LOGDATE, PRESTEXTS, REFPERIOD, BASEPERIOD)  VALUES  ('S72C07020101', 'OBS_VALUE', 'Sustainable Development Goals - SDGs',  'OBS_VALUE', 'SDGS', GETDATE(), 'C070201_01', NULL,NULL);
INSERT INTO "SUBTABLE" (MAINTABLE, SUBTABLE, PRESTEXT, CLEANTABLE, USERID, LOGDATE) VALUES  ('S72C07020101', '', 'code 7.2/C070201_01/C070201_01 - ??? ?????? ???????? ?? ????? ????????? ??????? ??????', 'Y', 'SDGS', GETDATE());
INSERT INTO "SUBTABLE_ENG" (MAINTABLE, SUBTABLE, PRESTEXT, USERID, LOGDATE) VALUES  ('S72C07020101', '', 'code 7.2/C070201_01/C070201_01 - Renewable energy share in the total final energy consumption (%)', 'SDGS', GETDATE());
INSERT INTO "SUBTABLEVARIABLE" (MAINTABLE, SUBTABLE, VARIABLE, VARIABLETYPE, STORECOLUMNNO, USERID, LOGDATE) VALUES ('S72C07020101', '', 'TIME_PERIOD', 'T', '1', 'SDGS', GETDATE());
INSERT INTO "CONTENTSTIME" (MAINTABLE, CONTENTS, TIMEPERIOD, USERID, LOGDATE) VALUES ('S72C07020101', 'OBS_VALUE', 2001, 'SDGS', GETDATE());
INSERT INTO "CONTENTSTIME" (MAINTABLE, CONTENTS, TIMEPERIOD, USERID, LOGDATE) VALUES ('S72C07020101', 'OBS_VALUE', 2002, 'SDGS', GETDATE());
INSERT INTO "CONTENTSTIME" (MAINTABLE, CONTENTS, TIMEPERIOD, USERID, LOGDATE) VALUES ('S72C07020101', 'OBS_VALUE', 2003, 'SDGS', GETDATE());
INSERT INTO "CONTENTSTIME" (MAINTABLE, CONTENTS, TIMEPERIOD, USERID, LOGDATE) VALUES ('S72C07020101', 'OBS_VALUE', 2004, 'SDGS', GETDATE());
INSERT INTO "CONTENTSTIME" (MAINTABLE, CONTENTS, TIMEPERIOD, USERID, LOGDATE) VALUES ('S72C07020101', 'OBS_VALUE', 2005, 'SDGS', GETDATE());
INSERT INTO "CONTENTSTIME" (MAINTABLE, CONTENTS, TIMEPERIOD, USERID, LOGDATE) VALUES ('S72C07020101', 'OBS_VALUE', 2006, 'SDGS', GETDATE());
INSERT INTO "CONTENTSTIME" (MAINTABLE, CONTENTS, TIMEPERIOD, USERID, LOGDATE) VALUES ('S72C07020101', 'OBS_VALUE', 2007, 'SDGS', GETDATE());
INSERT INTO "CONTENTSTIME" (MAINTABLE, CONTENTS, TIMEPERIOD, USERID, LOGDATE) VALUES ('S72C07020101', 'OBS_VALUE', 2008, 'SDGS', GETDATE());
INSERT INTO "CONTENTSTIME" (MAINTABLE, CONTENTS, TIMEPERIOD, USERID, LOGDATE) VALUES ('S72C07020101', 'OBS_VALUE', 2009, 'SDGS', GETDATE());
INSERT INTO "CONTENTSTIME" (MAINTABLE, CONTENTS, TIMEPERIOD, USERID, LOGDATE) VALUES ('S72C07020101', 'OBS_VALUE', 2010, 'SDGS', GETDATE());
INSERT INTO "CONTENTSTIME" (MAINTABLE, CONTENTS, TIMEPERIOD, USERID, LOGDATE) VALUES ('S72C07020101', 'OBS_VALUE', 2011, 'SDGS', GETDATE());
INSERT INTO "CONTENTSTIME" (MAINTABLE, CONTENTS, TIMEPERIOD, USERID, LOGDATE) VALUES ('S72C07020101', 'OBS_VALUE', 2012, 'SDGS', GETDATE());
INSERT INTO "CONTENTSTIME" (MAINTABLE, CONTENTS, TIMEPERIOD, USERID, LOGDATE) VALUES ('S72C07020101', 'OBS_VALUE', 2013, 'SDGS', GETDATE());
INSERT INTO "CONTENTSTIME" (MAINTABLE, CONTENTS, TIMEPERIOD, USERID, LOGDATE) VALUES ('S72C07020101', 'OBS_VALUE', 2014, 'SDGS', GETDATE());
INSERT INTO "CONTENTSTIME" (MAINTABLE, CONTENTS, TIMEPERIOD, USERID, LOGDATE) VALUES ('S72C07020101', 'OBS_VALUE', 2015, 'SDGS', GETDATE());
INSERT INTO "CONTENTSTIME" (MAINTABLE, CONTENTS, TIMEPERIOD, USERID, LOGDATE) VALUES ('S72C07020101', 'OBS_VALUE', 2016, 'SDGS', GETDATE());
INSERT INTO "CONTENTSTIME" (MAINTABLE, CONTENTS, TIMEPERIOD, USERID, LOGDATE) VALUES ('S72C07020101', 'OBS_VALUE', 2017, 'SDGS', GETDATE());
IF EXISTS (SELECT 1 FROM SYS.VIEWS WHERE NAME = 'S72C07020101' AND TYPE  = 'v') DROP VIEW S72C07020101;
GO
CREATE VIEW S72C07020101 AS SELECT * FROM INDICATORDATA WHERE SUBINDICATOR_CODE = 'C070201_01';
GO
INSERT INTO "MAINTABLE" (MAINTABLE, PRESTEXT, PRESTEXTS, PRESCATEGORY, TIMESCALE, USERID, LOGDATE, FIRSTPUBLISHED, TABLESTATUS, TABLEID, PRODUCTCODE, SPECCHAREXISTS, METAID, SUBJECTCODE, CONTENTSVARIABLE) VALUES  ('S73C07030101', 'code 7.3/C070301_01/C070301_01 - ????? ?????? ???? ???? ?? ??? ?????? ??????? ??????? ?????? ????????', 'SDGs Indicators', 'O', 'year', 'SDGS', GETDATE(), GETDATE(), 'A', 'S73C07030101', '001', 'N', '01', '01', 'ar: Sub Indicator');
INSERT INTO "MAINTABLE_ENG" (MAINTABLE, STATUS, PUBLISHED, PRESTEXT, PRESTEXTS, CONTENTSVARIABLE, USERID, LOGDATE) VALUES  ('S73C07030101', 'A', GETDATE(), 'code 7.3/C070301_01/C070301_01 - Energy intensity level of primary energy (megajoules per constant 2011 purchasing power parity GDP)', 'SDGs Indicators', 'Sub Indicator', 'SDGS', GETDATE());
INSERT INTO "SECONDARYLANGUAGE" (MAINTABLE, LANGUAGE, COMPLETELYTRANSLATED,PUBLISHED, USERID, LOGDATE) VALUES  ('S73C07030101', 'en','Y', 'Y', 'SDGS', GETDATE());
INSERT INTO "CONTENTS" (MAINTABLE, CONTENTS, PRESTEXT, PRESCODE, COPYRIGHT, PRODUCER, LASTUPDATED, UNIT, PRESDECIMALS, PRESCELLSZERO, STOCKFA, DAYADJ, SEASADJ, FOOTNOTECONTENTS, FOOTNOTEVARIABLE, FOOTNOTEVALUE, STORECOLUMNNO, STOREFORMAT, STORENOCHAR, STOREDECIMALS, USERID, LOGDATE, PUBLISHED, PRESTEXTS, STATAUTHORITY, AGGREGPOSSIBLE, FOOTNOTETIME, METAID) VALUES  ('S73C07030101', 'OBS_VALUE', 'ar: Sustainable Development Goals - SDGs', 'DATA', '1', 'PCBS', GETDATE(), 'OBS_VALUE', '2', 'Y', 'F', 'N', 'N', 'N', 'N', 'N', '3', 'N', '17', '2', 'SDGS', GETDATE(), GETDATE(), 'C070301_01', 'PCBS', 'N', 'N', '01');
INSERT INTO "CONTENTS_ENG" (MAINTABLE, CONTENTS, PRESTEXT, UNIT, USERID, LOGDATE, PRESTEXTS, REFPERIOD, BASEPERIOD)  VALUES  ('S73C07030101', 'OBS_VALUE', 'Sustainable Development Goals - SDGs',  'OBS_VALUE', 'SDGS', GETDATE(), 'C070301_01', NULL,NULL);
INSERT INTO "SUBTABLE" (MAINTABLE, SUBTABLE, PRESTEXT, CLEANTABLE, USERID, LOGDATE) VALUES  ('S73C07030101', '', 'code 7.3/C070301_01/C070301_01 - ????? ?????? ???? ???? ?? ??? ?????? ??????? ??????? ?????? ????????', 'Y', 'SDGS', GETDATE());
INSERT INTO "SUBTABLE_ENG" (MAINTABLE, SUBTABLE, PRESTEXT, USERID, LOGDATE) VALUES  ('S73C07030101', '', 'code 7.3/C070301_01/C070301_01 - Energy intensity level of primary energy (megajoules per constant 2011 purchasing power parity GDP)', 'SDGS', GETDATE());
INSERT INTO "SUBTABLEVARIABLE" (MAINTABLE, SUBTABLE, VARIABLE, VARIABLETYPE, STORECOLUMNNO, USERID, LOGDATE) VALUES ('S73C07030101', '', 'TIME_PERIOD', 'T', '1', 'SDGS', GETDATE());
INSERT INTO "CONTENTSTIME" (MAINTABLE, CONTENTS, TIMEPERIOD, USERID, LOGDATE) VALUES ('S73C07030101', 'OBS_VALUE', 2001, 'SDGS', GETDATE());
INSERT INTO "CONTENTSTIME" (MAINTABLE, CONTENTS, TIMEPERIOD, USERID, LOGDATE) VALUES ('S73C07030101', 'OBS_VALUE', 2002, 'SDGS', GETDATE());
INSERT INTO "CONTENTSTIME" (MAINTABLE, CONTENTS, TIMEPERIOD, USERID, LOGDATE) VALUES ('S73C07030101', 'OBS_VALUE', 2003, 'SDGS', GETDATE());
INSERT INTO "CONTENTSTIME" (MAINTABLE, CONTENTS, TIMEPERIOD, USERID, LOGDATE) VALUES ('S73C07030101', 'OBS_VALUE', 2004, 'SDGS', GETDATE());
INSERT INTO "CONTENTSTIME" (MAINTABLE, CONTENTS, TIMEPERIOD, USERID, LOGDATE) VALUES ('S73C07030101', 'OBS_VALUE', 2005, 'SDGS', GETDATE());
INSERT INTO "CONTENTSTIME" (MAINTABLE, CONTENTS, TIMEPERIOD, USERID, LOGDATE) VALUES ('S73C07030101', 'OBS_VALUE', 2006, 'SDGS', GETDATE());
INSERT INTO "CONTENTSTIME" (MAINTABLE, CONTENTS, TIMEPERIOD, USERID, LOGDATE) VALUES ('S73C07030101', 'OBS_VALUE', 2007, 'SDGS', GETDATE());
INSERT INTO "CONTENTSTIME" (MAINTABLE, CONTENTS, TIMEPERIOD, USERID, LOGDATE) VALUES ('S73C07030101', 'OBS_VALUE', 2008, 'SDGS', GETDATE());
INSERT INTO "CONTENTSTIME" (MAINTABLE, CONTENTS, TIMEPERIOD, USERID, LOGDATE) VALUES ('S73C07030101', 'OBS_VALUE', 2009, 'SDGS', GETDATE());
INSERT INTO "CONTENTSTIME" (MAINTABLE, CONTENTS, TIMEPERIOD, USERID, LOGDATE) VALUES ('S73C07030101', 'OBS_VALUE', 2010, 'SDGS', GETDATE());
INSERT INTO "CONTENTSTIME" (MAINTABLE, CONTENTS, TIMEPERIOD, USERID, LOGDATE) VALUES ('S73C07030101', 'OBS_VALUE', 2011, 'SDGS', GETDATE());
INSERT INTO "CONTENTSTIME" (MAINTABLE, CONTENTS, TIMEPERIOD, USERID, LOGDATE) VALUES ('S73C07030101', 'OBS_VALUE', 2012, 'SDGS', GETDATE());
INSERT INTO "CONTENTSTIME" (MAINTABLE, CONTENTS, TIMEPERIOD, USERID, LOGDATE) VALUES ('S73C07030101', 'OBS_VALUE', 2013, 'SDGS', GETDATE());
INSERT INTO "CONTENTSTIME" (MAINTABLE, CONTENTS, TIMEPERIOD, USERID, LOGDATE) VALUES ('S73C07030101', 'OBS_VALUE', 2014, 'SDGS', GETDATE());
INSERT INTO "CONTENTSTIME" (MAINTABLE, CONTENTS, TIMEPERIOD, USERID, LOGDATE) VALUES ('S73C07030101', 'OBS_VALUE', 2015, 'SDGS', GETDATE());
INSERT INTO "CONTENTSTIME" (MAINTABLE, CONTENTS, TIMEPERIOD, USERID, LOGDATE) VALUES ('S73C07030101', 'OBS_VALUE', 2016, 'SDGS', GETDATE());
INSERT INTO "CONTENTSTIME" (MAINTABLE, CONTENTS, TIMEPERIOD, USERID, LOGDATE) VALUES ('S73C07030101', 'OBS_VALUE', 2017, 'SDGS', GETDATE());
INSERT INTO "CONTENTSTIME" (MAINTABLE, CONTENTS, TIMEPERIOD, USERID, LOGDATE) VALUES ('S73C07030101', 'OBS_VALUE', 2018, 'SDGS', GETDATE());
IF EXISTS (SELECT 1 FROM SYS.VIEWS WHERE NAME = 'S73C07030101' AND TYPE  = 'v') DROP VIEW S73C07030101;
GO
CREATE VIEW S73C07030101 AS SELECT * FROM INDICATORDATA WHERE SUBINDICATOR_CODE = 'C070301_01';
GO
INSERT INTO "MAINTABLE" (MAINTABLE, PRESTEXT, PRESTEXTS, PRESCATEGORY, TIMESCALE, USERID, LOGDATE, FIRSTPUBLISHED, TABLESTATUS, TABLEID, PRODUCTCODE, SPECCHAREXISTS, METAID, SUBJECTCODE, CONTENTSVARIABLE) VALUES  ('S81C08010101', 'code 8.1/C080101_01/C080101_01 - (%) ???? ????? ?????? ????? ????? ?? ?????? ?????? ???????? ???????', 'SDGs Indicators', 'O', 'year', 'SDGS', GETDATE(), GETDATE(), 'A', 'S81C08010101', '001', 'N', '01', '01', 'ar: Sub Indicator');
INSERT INTO "MAINTABLE_ENG" (MAINTABLE, STATUS, PUBLISHED, PRESTEXT, PRESTEXTS, CONTENTSVARIABLE, USERID, LOGDATE) VALUES  ('S81C08010101', 'A', GETDATE(), 'code 8.1/C080101_01/C080101_01 - Annual growth rate of real GDP per capita (%)', 'SDGs Indicators', 'Sub Indicator', 'SDGS', GETDATE());
INSERT INTO "SECONDARYLANGUAGE" (MAINTABLE, LANGUAGE, COMPLETELYTRANSLATED,PUBLISHED, USERID, LOGDATE) VALUES  ('S81C08010101', 'en','Y', 'Y', 'SDGS', GETDATE());
INSERT INTO "CONTENTS" (MAINTABLE, CONTENTS, PRESTEXT, PRESCODE, COPYRIGHT, PRODUCER, LASTUPDATED, UNIT, PRESDECIMALS, PRESCELLSZERO, STOCKFA, DAYADJ, SEASADJ, FOOTNOTECONTENTS, FOOTNOTEVARIABLE, FOOTNOTEVALUE, STORECOLUMNNO, STOREFORMAT, STORENOCHAR, STOREDECIMALS, USERID, LOGDATE, PUBLISHED, PRESTEXTS, STATAUTHORITY, AGGREGPOSSIBLE, FOOTNOTETIME, METAID) VALUES  ('S81C08010101', 'OBS_VALUE', 'ar: Sustainable Development Goals - SDGs', 'DATA', '1', 'PCBS', GETDATE(), 'OBS_VALUE', '2', 'Y', 'F', 'N', 'N', 'N', 'N', 'N', '3', 'N', '17', '2', 'SDGS', GETDATE(), GETDATE(), 'C080101_01', 'PCBS', 'N', 'N', '01');
INSERT INTO "CONTENTS_ENG" (MAINTABLE, CONTENTS, PRESTEXT, UNIT, USERID, LOGDATE, PRESTEXTS, REFPERIOD, BASEPERIOD)  VALUES  ('S81C08010101', 'OBS_VALUE', 'Sustainable Development Goals - SDGs',  'OBS_VALUE', 'SDGS', GETDATE(), 'C080101_01', NULL,NULL);
INSERT INTO "SUBTABLE" (MAINTABLE, SUBTABLE, PRESTEXT, CLEANTABLE, USERID, LOGDATE) VALUES  ('S81C08010101', '', 'code 8.1/C080101_01/C080101_01 - (%) ???? ????? ?????? ????? ????? ?? ?????? ?????? ???????? ???????', 'Y', 'SDGS', GETDATE());
INSERT INTO "SUBTABLE_ENG" (MAINTABLE, SUBTABLE, PRESTEXT, USERID, LOGDATE) VALUES  ('S81C08010101', '', 'code 8.1/C080101_01/C080101_01 - Annual growth rate of real GDP per capita (%)', 'SDGS', GETDATE());
INSERT INTO "SUBTABLEVARIABLE" (MAINTABLE, SUBTABLE, VARIABLE, VARIABLETYPE, STORECOLUMNNO, USERID, LOGDATE) VALUES ('S81C08010101', '', 'TIME_PERIOD', 'T', '1', 'SDGS', GETDATE());
INSERT INTO "CONTENTSTIME" (MAINTABLE, CONTENTS, TIMEPERIOD, USERID, LOGDATE) VALUES ('S81C08010101', 'OBS_VALUE', 2000, 'SDGS', GETDATE());
INSERT INTO "CONTENTSTIME" (MAINTABLE, CONTENTS, TIMEPERIOD, USERID, LOGDATE) VALUES ('S81C08010101', 'OBS_VALUE', 2001, 'SDGS', GETDATE());
INSERT INTO "CONTENTSTIME" (MAINTABLE, CONTENTS, TIMEPERIOD, USERID, LOGDATE) VALUES ('S81C08010101', 'OBS_VALUE', 2002, 'SDGS', GETDATE());
INSERT INTO "CONTENTSTIME" (MAINTABLE, CONTENTS, TIMEPERIOD, USERID, LOGDATE) VALUES ('S81C08010101', 'OBS_VALUE', 2003, 'SDGS', GETDATE());
INSERT INTO "CONTENTSTIME" (MAINTABLE, CONTENTS, TIMEPERIOD, USERID, LOGDATE) VALUES ('S81C08010101', 'OBS_VALUE', 2004, 'SDGS', GETDATE());
INSERT INTO "CONTENTSTIME" (MAINTABLE, CONTENTS, TIMEPERIOD, USERID, LOGDATE) VALUES ('S81C08010101', 'OBS_VALUE', 2005, 'SDGS', GETDATE());
INSERT INTO "CONTENTSTIME" (MAINTABLE, CONTENTS, TIMEPERIOD, USERID, LOGDATE) VALUES ('S81C08010101', 'OBS_VALUE', 2006, 'SDGS', GETDATE());
INSERT INTO "CONTENTSTIME" (MAINTABLE, CONTENTS, TIMEPERIOD, USERID, LOGDATE) VALUES ('S81C08010101', 'OBS_VALUE', 2007, 'SDGS', GETDATE());
INSERT INTO "CONTENTSTIME" (MAINTABLE, CONTENTS, TIMEPERIOD, USERID, LOGDATE) VALUES ('S81C08010101', 'OBS_VALUE', 2008, 'SDGS', GETDATE());
INSERT INTO "CONTENTSTIME" (MAINTABLE, CONTENTS, TIMEPERIOD, USERID, LOGDATE) VALUES ('S81C08010101', 'OBS_VALUE', 2009, 'SDGS', GETDATE());
INSERT INTO "CONTENTSTIME" (MAINTABLE, CONTENTS, TIMEPERIOD, USERID, LOGDATE) VALUES ('S81C08010101', 'OBS_VALUE', 2010, 'SDGS', GETDATE());
INSERT INTO "CONTENTSTIME" (MAINTABLE, CONTENTS, TIMEPERIOD, USERID, LOGDATE) VALUES ('S81C08010101', 'OBS_VALUE', 2011, 'SDGS', GETDATE());
INSERT INTO "CONTENTSTIME" (MAINTABLE, CONTENTS, TIMEPERIOD, USERID, LOGDATE) VALUES ('S81C08010101', 'OBS_VALUE', 2012, 'SDGS', GETDATE());
INSERT INTO "CONTENTSTIME" (MAINTABLE, CONTENTS, TIMEPERIOD, USERID, LOGDATE) VALUES ('S81C08010101', 'OBS_VALUE', 2013, 'SDGS', GETDATE());
INSERT INTO "CONTENTSTIME" (MAINTABLE, CONTENTS, TIMEPERIOD, USERID, LOGDATE) VALUES ('S81C08010101', 'OBS_VALUE', 2014, 'SDGS', GETDATE());
INSERT INTO "CONTENTSTIME" (MAINTABLE, CONTENTS, TIMEPERIOD, USERID, LOGDATE) VALUES ('S81C08010101', 'OBS_VALUE', 2015, 'SDGS', GETDATE());
INSERT INTO "CONTENTSTIME" (MAINTABLE, CONTENTS, TIMEPERIOD, USERID, LOGDATE) VALUES ('S81C08010101', 'OBS_VALUE', 2016, 'SDGS', GETDATE());
INSERT INTO "CONTENTSTIME" (MAINTABLE, CONTENTS, TIMEPERIOD, USERID, LOGDATE) VALUES ('S81C08010101', 'OBS_VALUE', 2017, 'SDGS', GETDATE());
INSERT INTO "CONTENTSTIME" (MAINTABLE, CONTENTS, TIMEPERIOD, USERID, LOGDATE) VALUES ('S81C08010101', 'OBS_VALUE', 2018, 'SDGS', GETDATE());
INSERT INTO "CONTENTSTIME" (MAINTABLE, CONTENTS, TIMEPERIOD, USERID, LOGDATE) VALUES ('S81C08010101', 'OBS_VALUE', 2019, 'SDGS', GETDATE());
INSERT INTO "VALUESET" (VALUESET, PRESTEXT, DESCRIPTION, ELIMINATION, VALUEPOOL, METAID, FOOTNOTE, USERID, LOGDATE, VALUEPRES, SORTCODEEXISTS) VALUES ('VSREF_AREA_C080101_01', 'Hmm', 'None', 'A', 'VPREF_AREA', '0', 'N', 'SDGS', GETDATE(), 'T', 'N');
INSERT INTO "VALUESET_ENG" (VALUESET, PRESTEXT, DESCRIPTION, USERID, LOGDATE) VALUES ('VSREF_AREA_C080101_01', 'Hmm', 'None', 'SDGS', GETDATE());
INSERT INTO "VSVALUE" (VALUESET, VALUEPOOL, VALUECODE, USERID, LOGDATE) VALUES ('VSREF_AREA_C080101_01', 'VPREF_AREA', '1', 'SDGS', GETDATE());
INSERT INTO "VSVALUE_ENG" (VALUESET, VALUEPOOL, VALUECODE, USERID, LOGDATE) VALUES ('VSREF_AREA_C080101_01', 'VPREF_AREA', '1', 'SDGS', GETDATE());
INSERT INTO "VSVALUE" (VALUESET, VALUEPOOL, VALUECODE, USERID, LOGDATE) VALUES ('VSREF_AREA_C080101_01', 'VPREF_AREA', '2', 'SDGS', GETDATE());
INSERT INTO "VSVALUE_ENG" (VALUESET, VALUEPOOL, VALUECODE, USERID, LOGDATE) VALUES ('VSREF_AREA_C080101_01', 'VPREF_AREA', '2', 'SDGS', GETDATE());
INSERT INTO "VSVALUE" (VALUESET, VALUEPOOL, VALUECODE, USERID, LOGDATE) VALUES ('VSREF_AREA_C080101_01', 'VPREF_AREA', '3', 'SDGS', GETDATE());
INSERT INTO "VSVALUE_ENG" (VALUESET, VALUEPOOL, VALUECODE, USERID, LOGDATE) VALUES ('VSREF_AREA_C080101_01', 'VPREF_AREA', '3', 'SDGS', GETDATE());
INSERT INTO "SUBTABLEVARIABLE" (MAINTABLE, SUBTABLE, VARIABLE, VALUESET, VARIABLETYPE, STORECOLUMNNO, USERID, LOGDATE) VALUES ('S81C08010101', '', 'REF_AREA', 'VSREF_AREA_C080101_01', 'V', '1', 'SDGS', GETDATE());
IF EXISTS (SELECT 1 FROM SYS.VIEWS WHERE NAME = 'S81C08010101' AND TYPE  = 'v') DROP VIEW S81C08010101;
GO
CREATE VIEW S81C08010101 AS SELECT * FROM INDICATORDATA WHERE SUBINDICATOR_CODE = 'C080101_01';
GO
INSERT INTO "MAINTABLE" (MAINTABLE, PRESTEXT, PRESTEXTS, PRESCATEGORY, TIMESCALE, USERID, LOGDATE, FIRSTPUBLISHED, TABLESTATUS, TABLEID, PRODUCTCODE, SPECCHAREXISTS, METAID, SUBJECTCODE, CONTENTSVARIABLE) VALUES  ('S810C08100101', 'code 8.10/C081001_01/C081001_01 - ??? ???? ??????? ??? 000 100 ???? ?? ????????', 'SDGs Indicators', 'O', 'year', 'SDGS', GETDATE(), GETDATE(), 'A', 'S810C08100101', '001', 'N', '01', '01', 'ar: Sub Indicator');
INSERT INTO "MAINTABLE_ENG" (MAINTABLE, STATUS, PUBLISHED, PRESTEXT, PRESTEXTS, CONTENTSVARIABLE, USERID, LOGDATE) VALUES  ('S810C08100101', 'A', GETDATE(), 'code 8.10/C081001_01/C081001_01 - Number of commercial bank branches per 100,000 adults', 'SDGs Indicators', 'Sub Indicator', 'SDGS', GETDATE());
INSERT INTO "SECONDARYLANGUAGE" (MAINTABLE, LANGUAGE, COMPLETELYTRANSLATED,PUBLISHED, USERID, LOGDATE) VALUES  ('S810C08100101', 'en','Y', 'Y', 'SDGS', GETDATE());
INSERT INTO "CONTENTS" (MAINTABLE, CONTENTS, PRESTEXT, PRESCODE, COPYRIGHT, PRODUCER, LASTUPDATED, UNIT, PRESDECIMALS, PRESCELLSZERO, STOCKFA, DAYADJ, SEASADJ, FOOTNOTECONTENTS, FOOTNOTEVARIABLE, FOOTNOTEVALUE, STORECOLUMNNO, STOREFORMAT, STORENOCHAR, STOREDECIMALS, USERID, LOGDATE, PUBLISHED, PRESTEXTS, STATAUTHORITY, AGGREGPOSSIBLE, FOOTNOTETIME, METAID) VALUES  ('S810C08100101', 'OBS_VALUE', 'ar: Sustainable Development Goals - SDGs', 'DATA', '1', 'PCBS', GETDATE(), 'OBS_VALUE', '2', 'Y', 'F', 'N', 'N', 'N', 'N', 'N', '3', 'N', '17', '2', 'SDGS', GETDATE(), GETDATE(), 'C081001_01', 'PCBS', 'N', 'N', '01');
INSERT INTO "CONTENTS_ENG" (MAINTABLE, CONTENTS, PRESTEXT, UNIT, USERID, LOGDATE, PRESTEXTS, REFPERIOD, BASEPERIOD)  VALUES  ('S810C08100101', 'OBS_VALUE', 'Sustainable Development Goals - SDGs',  'OBS_VALUE', 'SDGS', GETDATE(), 'C081001_01', NULL,NULL);
INSERT INTO "SUBTABLE" (MAINTABLE, SUBTABLE, PRESTEXT, CLEANTABLE, USERID, LOGDATE) VALUES  ('S810C08100101', '', 'code 8.10/C081001_01/C081001_01 - ??? ???? ??????? ??? 000 100 ???? ?? ????????', 'Y', 'SDGS', GETDATE());
INSERT INTO "SUBTABLE_ENG" (MAINTABLE, SUBTABLE, PRESTEXT, USERID, LOGDATE) VALUES  ('S810C08100101', '', 'code 8.10/C081001_01/C081001_01 - Number of commercial bank branches per 100,000 adults', 'SDGS', GETDATE());
INSERT INTO "SUBTABLEVARIABLE" (MAINTABLE, SUBTABLE, VARIABLE, VARIABLETYPE, STORECOLUMNNO, USERID, LOGDATE) VALUES ('S810C08100101', '', 'TIME_PERIOD', 'T', '1', 'SDGS', GETDATE());
INSERT INTO "CONTENTSTIME" (MAINTABLE, CONTENTS, TIMEPERIOD, USERID, LOGDATE) VALUES ('S810C08100101', 'OBS_VALUE', 2004, 'SDGS', GETDATE());
INSERT INTO "CONTENTSTIME" (MAINTABLE, CONTENTS, TIMEPERIOD, USERID, LOGDATE) VALUES ('S810C08100101', 'OBS_VALUE', 2005, 'SDGS', GETDATE());
INSERT INTO "CONTENTSTIME" (MAINTABLE, CONTENTS, TIMEPERIOD, USERID, LOGDATE) VALUES ('S810C08100101', 'OBS_VALUE', 2006, 'SDGS', GETDATE());
INSERT INTO "CONTENTSTIME" (MAINTABLE, CONTENTS, TIMEPERIOD, USERID, LOGDATE) VALUES ('S810C08100101', 'OBS_VALUE', 2007, 'SDGS', GETDATE());
INSERT INTO "CONTENTSTIME" (MAINTABLE, CONTENTS, TIMEPERIOD, USERID, LOGDATE) VALUES ('S810C08100101', 'OBS_VALUE', 2008, 'SDGS', GETDATE());
INSERT INTO "CONTENTSTIME" (MAINTABLE, CONTENTS, TIMEPERIOD, USERID, LOGDATE) VALUES ('S810C08100101', 'OBS_VALUE', 2009, 'SDGS', GETDATE());
INSERT INTO "CONTENTSTIME" (MAINTABLE, CONTENTS, TIMEPERIOD, USERID, LOGDATE) VALUES ('S810C08100101', 'OBS_VALUE', 2010, 'SDGS', GETDATE());
INSERT INTO "CONTENTSTIME" (MAINTABLE, CONTENTS, TIMEPERIOD, USERID, LOGDATE) VALUES ('S810C08100101', 'OBS_VALUE', 2011, 'SDGS', GETDATE());
INSERT INTO "CONTENTSTIME" (MAINTABLE, CONTENTS, TIMEPERIOD, USERID, LOGDATE) VALUES ('S810C08100101', 'OBS_VALUE', 2012, 'SDGS', GETDATE());
INSERT INTO "CONTENTSTIME" (MAINTABLE, CONTENTS, TIMEPERIOD, USERID, LOGDATE) VALUES ('S810C08100101', 'OBS_VALUE', 2013, 'SDGS', GETDATE());
INSERT INTO "CONTENTSTIME" (MAINTABLE, CONTENTS, TIMEPERIOD, USERID, LOGDATE) VALUES ('S810C08100101', 'OBS_VALUE', 2014, 'SDGS', GETDATE());
INSERT INTO "CONTENTSTIME" (MAINTABLE, CONTENTS, TIMEPERIOD, USERID, LOGDATE) VALUES ('S810C08100101', 'OBS_VALUE', 2015, 'SDGS', GETDATE());
INSERT INTO "CONTENTSTIME" (MAINTABLE, CONTENTS, TIMEPERIOD, USERID, LOGDATE) VALUES ('S810C08100101', 'OBS_VALUE', 2016, 'SDGS', GETDATE());
INSERT INTO "CONTENTSTIME" (MAINTABLE, CONTENTS, TIMEPERIOD, USERID, LOGDATE) VALUES ('S810C08100101', 'OBS_VALUE', 2017, 'SDGS', GETDATE());
INSERT INTO "CONTENTSTIME" (MAINTABLE, CONTENTS, TIMEPERIOD, USERID, LOGDATE) VALUES ('S810C08100101', 'OBS_VALUE', 2018, 'SDGS', GETDATE());
INSERT INTO "CONTENTSTIME" (MAINTABLE, CONTENTS, TIMEPERIOD, USERID, LOGDATE) VALUES ('S810C08100101', 'OBS_VALUE', 2019, 'SDGS', GETDATE());
IF EXISTS (SELECT 1 FROM SYS.VIEWS WHERE NAME = 'S810C08100101' AND TYPE  = 'v') DROP VIEW S810C08100101;
GO
CREATE VIEW S810C08100101 AS SELECT * FROM INDICATORDATA WHERE SUBINDICATOR_CODE = 'C081001_01';
GO
INSERT INTO "MAINTABLE" (MAINTABLE, PRESTEXT, PRESTEXTS, PRESCATEGORY, TIMESCALE, USERID, LOGDATE, FIRSTPUBLISHED, TABLESTATUS, TABLEID, PRODUCTCODE, SPECCHAREXISTS, METAID, SUBJECTCODE, CONTENTSVARIABLE) VALUES  ('S810C08100102', 'code 8.10/C081001_02/C081001_02 - ????? ????? ????? ??? 000 100 ???? ?? ????????', 'SDGs Indicators', 'O', 'year', 'SDGS', GETDATE(), GETDATE(), 'A', 'S810C08100102', '001', 'N', '01', '01', 'ar: Sub Indicator');
INSERT INTO "MAINTABLE_ENG" (MAINTABLE, STATUS, PUBLISHED, PRESTEXT, PRESTEXTS, CONTENTSVARIABLE, USERID, LOGDATE) VALUES  ('S810C08100102', 'A', GETDATE(), 'code 8.10/C081001_02/C081001_02 - Number of automated teller machines (ATMs) per 100,000 adults', 'SDGs Indicators', 'Sub Indicator', 'SDGS', GETDATE());
INSERT INTO "SECONDARYLANGUAGE" (MAINTABLE, LANGUAGE, COMPLETELYTRANSLATED,PUBLISHED, USERID, LOGDATE) VALUES  ('S810C08100102', 'en','Y', 'Y', 'SDGS', GETDATE());
INSERT INTO "CONTENTS" (MAINTABLE, CONTENTS, PRESTEXT, PRESCODE, COPYRIGHT, PRODUCER, LASTUPDATED, UNIT, PRESDECIMALS, PRESCELLSZERO, STOCKFA, DAYADJ, SEASADJ, FOOTNOTECONTENTS, FOOTNOTEVARIABLE, FOOTNOTEVALUE, STORECOLUMNNO, STOREFORMAT, STORENOCHAR, STOREDECIMALS, USERID, LOGDATE, PUBLISHED, PRESTEXTS, STATAUTHORITY, AGGREGPOSSIBLE, FOOTNOTETIME, METAID) VALUES  ('S810C08100102', 'OBS_VALUE', 'ar: Sustainable Development Goals - SDGs', 'DATA', '1', 'PCBS', GETDATE(), 'OBS_VALUE', '2', 'Y', 'F', 'N', 'N', 'N', 'N', 'N', '3', 'N', '17', '2', 'SDGS', GETDATE(), GETDATE(), 'C081001_02', 'PCBS', 'N', 'N', '01');
INSERT INTO "CONTENTS_ENG" (MAINTABLE, CONTENTS, PRESTEXT, UNIT, USERID, LOGDATE, PRESTEXTS, REFPERIOD, BASEPERIOD)  VALUES  ('S810C08100102', 'OBS_VALUE', 'Sustainable Development Goals - SDGs',  'OBS_VALUE', 'SDGS', GETDATE(), 'C081001_02', NULL,NULL);
INSERT INTO "SUBTABLE" (MAINTABLE, SUBTABLE, PRESTEXT, CLEANTABLE, USERID, LOGDATE) VALUES  ('S810C08100102', '', 'code 8.10/C081001_02/C081001_02 - ????? ????? ????? ??? 000 100 ???? ?? ????????', 'Y', 'SDGS', GETDATE());
INSERT INTO "SUBTABLE_ENG" (MAINTABLE, SUBTABLE, PRESTEXT, USERID, LOGDATE) VALUES  ('S810C08100102', '', 'code 8.10/C081001_02/C081001_02 - Number of automated teller machines (ATMs) per 100,000 adults', 'SDGS', GETDATE());
INSERT INTO "SUBTABLEVARIABLE" (MAINTABLE, SUBTABLE, VARIABLE, VARIABLETYPE, STORECOLUMNNO, USERID, LOGDATE) VALUES ('S810C08100102', '', 'TIME_PERIOD', 'T', '1', 'SDGS', GETDATE());
INSERT INTO "CONTENTSTIME" (MAINTABLE, CONTENTS, TIMEPERIOD, USERID, LOGDATE) VALUES ('S810C08100102', 'OBS_VALUE', 2006, 'SDGS', GETDATE());
INSERT INTO "CONTENTSTIME" (MAINTABLE, CONTENTS, TIMEPERIOD, USERID, LOGDATE) VALUES ('S810C08100102', 'OBS_VALUE', 2007, 'SDGS', GETDATE());
INSERT INTO "CONTENTSTIME" (MAINTABLE, CONTENTS, TIMEPERIOD, USERID, LOGDATE) VALUES ('S810C08100102', 'OBS_VALUE', 2008, 'SDGS', GETDATE());
INSERT INTO "CONTENTSTIME" (MAINTABLE, CONTENTS, TIMEPERIOD, USERID, LOGDATE) VALUES ('S810C08100102', 'OBS_VALUE', 2009, 'SDGS', GETDATE());
INSERT INTO "CONTENTSTIME" (MAINTABLE, CONTENTS, TIMEPERIOD, USERID, LOGDATE) VALUES ('S810C08100102', 'OBS_VALUE', 2010, 'SDGS', GETDATE());
INSERT INTO "CONTENTSTIME" (MAINTABLE, CONTENTS, TIMEPERIOD, USERID, LOGDATE) VALUES ('S810C08100102', 'OBS_VALUE', 2011, 'SDGS', GETDATE());
INSERT INTO "CONTENTSTIME" (MAINTABLE, CONTENTS, TIMEPERIOD, USERID, LOGDATE) VALUES ('S810C08100102', 'OBS_VALUE', 2012, 'SDGS', GETDATE());
INSERT INTO "CONTENTSTIME" (MAINTABLE, CONTENTS, TIMEPERIOD, USERID, LOGDATE) VALUES ('S810C08100102', 'OBS_VALUE', 2013, 'SDGS', GETDATE());
INSERT INTO "CONTENTSTIME" (MAINTABLE, CONTENTS, TIMEPERIOD, USERID, LOGDATE) VALUES ('S810C08100102', 'OBS_VALUE', 2014, 'SDGS', GETDATE());
INSERT INTO "CONTENTSTIME" (MAINTABLE, CONTENTS, TIMEPERIOD, USERID, LOGDATE) VALUES ('S810C08100102', 'OBS_VALUE', 2015, 'SDGS', GETDATE());
INSERT INTO "CONTENTSTIME" (MAINTABLE, CONTENTS, TIMEPERIOD, USERID, LOGDATE) VALUES ('S810C08100102', 'OBS_VALUE', 2018, 'SDGS', GETDATE());
INSERT INTO "CONTENTSTIME" (MAINTABLE, CONTENTS, TIMEPERIOD, USERID, LOGDATE) VALUES ('S810C08100102', 'OBS_VALUE', 2019, 'SDGS', GETDATE());
IF EXISTS (SELECT 1 FROM SYS.VIEWS WHERE NAME = 'S810C08100102' AND TYPE  = 'v') DROP VIEW S810C08100102;
GO
CREATE VIEW S810C08100102 AS SELECT * FROM INDICATORDATA WHERE SUBINDICATOR_CODE = 'C081001_02';
GO
INSERT INTO "MAINTABLE" (MAINTABLE, PRESTEXT, PRESTEXTS, PRESCATEGORY, TIMESCALE, USERID, LOGDATE, FIRSTPUBLISHED, TABLESTATUS, TABLEID, PRODUCTCODE, SPECCHAREXISTS, METAID, SUBJECTCODE, CONTENTSVARIABLE) VALUES  ('S810C08100201', 'code 8.10/C081002_01/C081002_01 - ???? ???????? 15 ??? ????? ????? ??? ???? ????? ?? ???? ?? ????? ????? ???? ?? ??? ???? ????? ????? ??????', 'SDGs Indicators', 'O', 'year', 'SDGS', GETDATE(), GETDATE(), 'A', 'S810C08100201', '001', 'N', '01', '01', 'ar: Sub Indicator');
INSERT INTO "MAINTABLE_ENG" (MAINTABLE, STATUS, PUBLISHED, PRESTEXT, PRESTEXTS, CONTENTSVARIABLE, USERID, LOGDATE) VALUES  ('S810C08100201', 'A', GETDATE(), 'code 8.10/C081002_01/C081002_01 - Proportion of adults (15 years and older) with an account at a financial institution or mobile-money-service provider (% of adults aged 15 years and older)', 'SDGs Indicators', 'Sub Indicator', 'SDGS', GETDATE());
INSERT INTO "SECONDARYLANGUAGE" (MAINTABLE, LANGUAGE, COMPLETELYTRANSLATED,PUBLISHED, USERID, LOGDATE) VALUES  ('S810C08100201', 'en','Y', 'Y', 'SDGS', GETDATE());
INSERT INTO "CONTENTS" (MAINTABLE, CONTENTS, PRESTEXT, PRESCODE, COPYRIGHT, PRODUCER, LASTUPDATED, UNIT, PRESDECIMALS, PRESCELLSZERO, STOCKFA, DAYADJ, SEASADJ, FOOTNOTECONTENTS, FOOTNOTEVARIABLE, FOOTNOTEVALUE, STORECOLUMNNO, STOREFORMAT, STORENOCHAR, STOREDECIMALS, USERID, LOGDATE, PUBLISHED, PRESTEXTS, STATAUTHORITY, AGGREGPOSSIBLE, FOOTNOTETIME, METAID) VALUES  ('S810C08100201', 'OBS_VALUE', 'ar: Sustainable Development Goals - SDGs', 'DATA', '1', 'PCBS', GETDATE(), 'OBS_VALUE', '2', 'Y', 'F', 'N', 'N', 'N', 'N', 'N', '3', 'N', '17', '2', 'SDGS', GETDATE(), GETDATE(), 'C081002_01', 'PCBS', 'N', 'N', '01');
INSERT INTO "CONTENTS_ENG" (MAINTABLE, CONTENTS, PRESTEXT, UNIT, USERID, LOGDATE, PRESTEXTS, REFPERIOD, BASEPERIOD)  VALUES  ('S810C08100201', 'OBS_VALUE', 'Sustainable Development Goals - SDGs',  'OBS_VALUE', 'SDGS', GETDATE(), 'C081002_01', NULL,NULL);
INSERT INTO "SUBTABLE" (MAINTABLE, SUBTABLE, PRESTEXT, CLEANTABLE, USERID, LOGDATE) VALUES  ('S810C08100201', '', 'code 8.10/C081002_01/C081002_01 - ???? ???????? 15 ??? ????? ????? ??? ???? ????? ?? ???? ?? ????? ????? ???? ?? ??? ???? ????? ????? ??????', 'Y', 'SDGS', GETDATE());
INSERT INTO "SUBTABLE_ENG" (MAINTABLE, SUBTABLE, PRESTEXT, USERID, LOGDATE) VALUES  ('S810C08100201', '', 'code 8.10/C081002_01/C081002_01 - Proportion of adults (15 years and older) with an account at a financial institution or mobile-money-service provider (% of adults aged 15 years and older)', 'SDGS', GETDATE());
INSERT INTO "SUBTABLEVARIABLE" (MAINTABLE, SUBTABLE, VARIABLE, VARIABLETYPE, STORECOLUMNNO, USERID, LOGDATE) VALUES ('S810C08100201', '', 'TIME_PERIOD', 'T', '1', 'SDGS', GETDATE());
INSERT INTO "CONTENTSTIME" (MAINTABLE, CONTENTS, TIMEPERIOD, USERID, LOGDATE) VALUES ('S810C08100201', 'OBS_VALUE', 2011, 'SDGS', GETDATE());
INSERT INTO "CONTENTSTIME" (MAINTABLE, CONTENTS, TIMEPERIOD, USERID, LOGDATE) VALUES ('S810C08100201', 'OBS_VALUE', 2014, 'SDGS', GETDATE());
INSERT INTO "CONTENTSTIME" (MAINTABLE, CONTENTS, TIMEPERIOD, USERID, LOGDATE) VALUES ('S810C08100201', 'OBS_VALUE', 2017, 'SDGS', GETDATE());
INSERT INTO "CONTENTSTIME" (MAINTABLE, CONTENTS, TIMEPERIOD, USERID, LOGDATE) VALUES ('S810C08100201', 'OBS_VALUE', 2018, 'SDGS', GETDATE());
INSERT INTO "CONTENTSTIME" (MAINTABLE, CONTENTS, TIMEPERIOD, USERID, LOGDATE) VALUES ('S810C08100201', 'OBS_VALUE', 2019, 'SDGS', GETDATE());
INSERT INTO "VALUESET" (VALUESET, PRESTEXT, DESCRIPTION, ELIMINATION, VALUEPOOL, METAID, FOOTNOTE, USERID, LOGDATE, VALUEPRES, SORTCODEEXISTS) VALUES ('VSREF_AREA_C081002_01', 'Hmm', 'None', 'A', 'VPREF_AREA', '0', 'N', 'SDGS', GETDATE(), 'T', 'N');
INSERT INTO "VALUESET_ENG" (VALUESET, PRESTEXT, DESCRIPTION, USERID, LOGDATE) VALUES ('VSREF_AREA_C081002_01', 'Hmm', 'None', 'SDGS', GETDATE());
INSERT INTO "VSVALUE" (VALUESET, VALUEPOOL, VALUECODE, USERID, LOGDATE) VALUES ('VSREF_AREA_C081002_01', 'VPREF_AREA', '1', 'SDGS', GETDATE());
INSERT INTO "VSVALUE_ENG" (VALUESET, VALUEPOOL, VALUECODE, USERID, LOGDATE) VALUES ('VSREF_AREA_C081002_01', 'VPREF_AREA', '1', 'SDGS', GETDATE());
INSERT INTO "VSVALUE" (VALUESET, VALUEPOOL, VALUECODE, USERID, LOGDATE) VALUES ('VSREF_AREA_C081002_01', 'VPREF_AREA', '2', 'SDGS', GETDATE());
INSERT INTO "VSVALUE_ENG" (VALUESET, VALUEPOOL, VALUECODE, USERID, LOGDATE) VALUES ('VSREF_AREA_C081002_01', 'VPREF_AREA', '2', 'SDGS', GETDATE());
INSERT INTO "VSVALUE" (VALUESET, VALUEPOOL, VALUECODE, USERID, LOGDATE) VALUES ('VSREF_AREA_C081002_01', 'VPREF_AREA', '3', 'SDGS', GETDATE());
INSERT INTO "VSVALUE_ENG" (VALUESET, VALUEPOOL, VALUECODE, USERID, LOGDATE) VALUES ('VSREF_AREA_C081002_01', 'VPREF_AREA', '3', 'SDGS', GETDATE());
INSERT INTO "SUBTABLEVARIABLE" (MAINTABLE, SUBTABLE, VARIABLE, VALUESET, VARIABLETYPE, STORECOLUMNNO, USERID, LOGDATE) VALUES ('S810C08100201', '', 'REF_AREA', 'VSREF_AREA_C081002_01', 'V', '1', 'SDGS', GETDATE());
INSERT INTO "VALUESET" (VALUESET, PRESTEXT, DESCRIPTION, ELIMINATION, VALUEPOOL, METAID, FOOTNOTE, USERID, LOGDATE, VALUEPRES, SORTCODEEXISTS) VALUES ('VSSEX_C081002_01', 'Hmm', 'None', 'A', 'VPSEX', '0', 'N', 'SDGS', GETDATE(), 'T', 'N');
INSERT INTO "VALUESET_ENG" (VALUESET, PRESTEXT, DESCRIPTION, USERID, LOGDATE) VALUES ('VSSEX_C081002_01', 'Hmm', 'None', 'SDGS', GETDATE());
INSERT INTO "VSVALUE" (VALUESET, VALUEPOOL, VALUECODE, USERID, LOGDATE) VALUES ('VSSEX_C081002_01', 'VPSEX', 'M', 'SDGS', GETDATE());
INSERT INTO "VSVALUE_ENG" (VALUESET, VALUEPOOL, VALUECODE, USERID, LOGDATE) VALUES ('VSSEX_C081002_01', 'VPSEX', 'M', 'SDGS', GETDATE());
INSERT INTO "VSVALUE" (VALUESET, VALUEPOOL, VALUECODE, USERID, LOGDATE) VALUES ('VSSEX_C081002_01', 'VPSEX', 'F', 'SDGS', GETDATE());
INSERT INTO "VSVALUE_ENG" (VALUESET, VALUEPOOL, VALUECODE, USERID, LOGDATE) VALUES ('VSSEX_C081002_01', 'VPSEX', 'F', 'SDGS', GETDATE());
INSERT INTO "VSVALUE" (VALUESET, VALUEPOOL, VALUECODE, USERID, LOGDATE) VALUES ('VSSEX_C081002_01', 'VPSEX', '_T', 'SDGS', GETDATE());
INSERT INTO "VSVALUE_ENG" (VALUESET, VALUEPOOL, VALUECODE, USERID, LOGDATE) VALUES ('VSSEX_C081002_01', 'VPSEX', '_T', 'SDGS', GETDATE());
INSERT INTO "SUBTABLEVARIABLE" (MAINTABLE, SUBTABLE, VARIABLE, VALUESET, VARIABLETYPE, STORECOLUMNNO, USERID, LOGDATE) VALUES ('S810C08100201', '', 'SEX', 'VSSEX_C081002_01', 'V', '1', 'SDGS', GETDATE());
IF EXISTS (SELECT 1 FROM SYS.VIEWS WHERE NAME = 'S810C08100201' AND TYPE  = 'v') DROP VIEW S810C08100201;
GO
CREATE VIEW S810C08100201 AS SELECT * FROM INDICATORDATA WHERE SUBINDICATOR_CODE = 'C081002_01';
GO
INSERT INTO "MAINTABLE" (MAINTABLE, PRESTEXT, PRESTEXTS, PRESCATEGORY, TIMESCALE, USERID, LOGDATE, FIRSTPUBLISHED, TABLESTATUS, TABLEID, PRODUCTCODE, SPECCHAREXISTS, METAID, SUBJECTCODE, CONTENTSVARIABLE) VALUES  ('S82C08020101', 'code 8.2/C080201_01/C080201_01 - (%)???? ????? ?????? ????? ????? ?????? ?? ?????? ?????? ???????? ???????', 'SDGs Indicators', 'O', 'year', 'SDGS', GETDATE(), GETDATE(), 'A', 'S82C08020101', '001', 'N', '01', '01', 'ar: Sub Indicator');
INSERT INTO "MAINTABLE_ENG" (MAINTABLE, STATUS, PUBLISHED, PRESTEXT, PRESTEXTS, CONTENTSVARIABLE, USERID, LOGDATE) VALUES  ('S82C08020101', 'A', GETDATE(), 'code 8.2/C080201_01/C080201_01 - Annual growth rate of real GDP per employed person (%)', 'SDGs Indicators', 'Sub Indicator', 'SDGS', GETDATE());
INSERT INTO "SECONDARYLANGUAGE" (MAINTABLE, LANGUAGE, COMPLETELYTRANSLATED,PUBLISHED, USERID, LOGDATE) VALUES  ('S82C08020101', 'en','Y', 'Y', 'SDGS', GETDATE());
INSERT INTO "CONTENTS" (MAINTABLE, CONTENTS, PRESTEXT, PRESCODE, COPYRIGHT, PRODUCER, LASTUPDATED, UNIT, PRESDECIMALS, PRESCELLSZERO, STOCKFA, DAYADJ, SEASADJ, FOOTNOTECONTENTS, FOOTNOTEVARIABLE, FOOTNOTEVALUE, STORECOLUMNNO, STOREFORMAT, STORENOCHAR, STOREDECIMALS, USERID, LOGDATE, PUBLISHED, PRESTEXTS, STATAUTHORITY, AGGREGPOSSIBLE, FOOTNOTETIME, METAID) VALUES  ('S82C08020101', 'OBS_VALUE', 'ar: Sustainable Development Goals - SDGs', 'DATA', '1', 'PCBS', GETDATE(), 'OBS_VALUE', '2', 'Y', 'F', 'N', 'N', 'N', 'N', 'N', '3', 'N', '17', '2', 'SDGS', GETDATE(), GETDATE(), 'C080201_01', 'PCBS', 'N', 'N', '01');
INSERT INTO "CONTENTS_ENG" (MAINTABLE, CONTENTS, PRESTEXT, UNIT, USERID, LOGDATE, PRESTEXTS, REFPERIOD, BASEPERIOD)  VALUES  ('S82C08020101', 'OBS_VALUE', 'Sustainable Development Goals - SDGs',  'OBS_VALUE', 'SDGS', GETDATE(), 'C080201_01', NULL,NULL);
INSERT INTO "SUBTABLE" (MAINTABLE, SUBTABLE, PRESTEXT, CLEANTABLE, USERID, LOGDATE) VALUES  ('S82C08020101', '', 'code 8.2/C080201_01/C080201_01 - (%)???? ????? ?????? ????? ????? ?????? ?? ?????? ?????? ???????? ???????', 'Y', 'SDGS', GETDATE());
INSERT INTO "SUBTABLE_ENG" (MAINTABLE, SUBTABLE, PRESTEXT, USERID, LOGDATE) VALUES  ('S82C08020101', '', 'code 8.2/C080201_01/C080201_01 - Annual growth rate of real GDP per employed person (%)', 'SDGS', GETDATE());
INSERT INTO "SUBTABLEVARIABLE" (MAINTABLE, SUBTABLE, VARIABLE, VARIABLETYPE, STORECOLUMNNO, USERID, LOGDATE) VALUES ('S82C08020101', '', 'TIME_PERIOD', 'T', '1', 'SDGS', GETDATE());
INSERT INTO "CONTENTSTIME" (MAINTABLE, CONTENTS, TIMEPERIOD, USERID, LOGDATE) VALUES ('S82C08020101', 'OBS_VALUE', 2001, 'SDGS', GETDATE());
INSERT INTO "CONTENTSTIME" (MAINTABLE, CONTENTS, TIMEPERIOD, USERID, LOGDATE) VALUES ('S82C08020101', 'OBS_VALUE', 2002, 'SDGS', GETDATE());
INSERT INTO "CONTENTSTIME" (MAINTABLE, CONTENTS, TIMEPERIOD, USERID, LOGDATE) VALUES ('S82C08020101', 'OBS_VALUE', 2003, 'SDGS', GETDATE());
INSERT INTO "CONTENTSTIME" (MAINTABLE, CONTENTS, TIMEPERIOD, USERID, LOGDATE) VALUES ('S82C08020101', 'OBS_VALUE', 2004, 'SDGS', GETDATE());
INSERT INTO "CONTENTSTIME" (MAINTABLE, CONTENTS, TIMEPERIOD, USERID, LOGDATE) VALUES ('S82C08020101', 'OBS_VALUE', 2005, 'SDGS', GETDATE());
INSERT INTO "CONTENTSTIME" (MAINTABLE, CONTENTS, TIMEPERIOD, USERID, LOGDATE) VALUES ('S82C08020101', 'OBS_VALUE', 2006, 'SDGS', GETDATE());
INSERT INTO "CONTENTSTIME" (MAINTABLE, CONTENTS, TIMEPERIOD, USERID, LOGDATE) VALUES ('S82C08020101', 'OBS_VALUE', 2007, 'SDGS', GETDATE());
INSERT INTO "CONTENTSTIME" (MAINTABLE, CONTENTS, TIMEPERIOD, USERID, LOGDATE) VALUES ('S82C08020101', 'OBS_VALUE', 2008, 'SDGS', GETDATE());
INSERT INTO "CONTENTSTIME" (MAINTABLE, CONTENTS, TIMEPERIOD, USERID, LOGDATE) VALUES ('S82C08020101', 'OBS_VALUE', 2009, 'SDGS', GETDATE());
INSERT INTO "CONTENTSTIME" (MAINTABLE, CONTENTS, TIMEPERIOD, USERID, LOGDATE) VALUES ('S82C08020101', 'OBS_VALUE', 2010, 'SDGS', GETDATE());
INSERT INTO "CONTENTSTIME" (MAINTABLE, CONTENTS, TIMEPERIOD, USERID, LOGDATE) VALUES ('S82C08020101', 'OBS_VALUE', 2011, 'SDGS', GETDATE());
INSERT INTO "CONTENTSTIME" (MAINTABLE, CONTENTS, TIMEPERIOD, USERID, LOGDATE) VALUES ('S82C08020101', 'OBS_VALUE', 2012, 'SDGS', GETDATE());
INSERT INTO "CONTENTSTIME" (MAINTABLE, CONTENTS, TIMEPERIOD, USERID, LOGDATE) VALUES ('S82C08020101', 'OBS_VALUE', 2013, 'SDGS', GETDATE());
INSERT INTO "CONTENTSTIME" (MAINTABLE, CONTENTS, TIMEPERIOD, USERID, LOGDATE) VALUES ('S82C08020101', 'OBS_VALUE', 2014, 'SDGS', GETDATE());
INSERT INTO "CONTENTSTIME" (MAINTABLE, CONTENTS, TIMEPERIOD, USERID, LOGDATE) VALUES ('S82C08020101', 'OBS_VALUE', 2015, 'SDGS', GETDATE());
INSERT INTO "CONTENTSTIME" (MAINTABLE, CONTENTS, TIMEPERIOD, USERID, LOGDATE) VALUES ('S82C08020101', 'OBS_VALUE', 2016, 'SDGS', GETDATE());
INSERT INTO "CONTENTSTIME" (MAINTABLE, CONTENTS, TIMEPERIOD, USERID, LOGDATE) VALUES ('S82C08020101', 'OBS_VALUE', 2017, 'SDGS', GETDATE());
INSERT INTO "CONTENTSTIME" (MAINTABLE, CONTENTS, TIMEPERIOD, USERID, LOGDATE) VALUES ('S82C08020101', 'OBS_VALUE', 2018, 'SDGS', GETDATE());
INSERT INTO "VALUESET" (VALUESET, PRESTEXT, DESCRIPTION, ELIMINATION, VALUEPOOL, METAID, FOOTNOTE, USERID, LOGDATE, VALUEPRES, SORTCODEEXISTS) VALUES ('VSREF_AREA_C080201_01', 'Hmm', 'None', 'A', 'VPREF_AREA', '0', 'N', 'SDGS', GETDATE(), 'T', 'N');
INSERT INTO "VALUESET_ENG" (VALUESET, PRESTEXT, DESCRIPTION, USERID, LOGDATE) VALUES ('VSREF_AREA_C080201_01', 'Hmm', 'None', 'SDGS', GETDATE());
INSERT INTO "VSVALUE" (VALUESET, VALUEPOOL, VALUECODE, USERID, LOGDATE) VALUES ('VSREF_AREA_C080201_01', 'VPREF_AREA', '1', 'SDGS', GETDATE());
INSERT INTO "VSVALUE_ENG" (VALUESET, VALUEPOOL, VALUECODE, USERID, LOGDATE) VALUES ('VSREF_AREA_C080201_01', 'VPREF_AREA', '1', 'SDGS', GETDATE());
INSERT INTO "VSVALUE" (VALUESET, VALUEPOOL, VALUECODE, USERID, LOGDATE) VALUES ('VSREF_AREA_C080201_01', 'VPREF_AREA', '2', 'SDGS', GETDATE());
INSERT INTO "VSVALUE_ENG" (VALUESET, VALUEPOOL, VALUECODE, USERID, LOGDATE) VALUES ('VSREF_AREA_C080201_01', 'VPREF_AREA', '2', 'SDGS', GETDATE());
INSERT INTO "VSVALUE" (VALUESET, VALUEPOOL, VALUECODE, USERID, LOGDATE) VALUES ('VSREF_AREA_C080201_01', 'VPREF_AREA', '3', 'SDGS', GETDATE());
INSERT INTO "VSVALUE_ENG" (VALUESET, VALUEPOOL, VALUECODE, USERID, LOGDATE) VALUES ('VSREF_AREA_C080201_01', 'VPREF_AREA', '3', 'SDGS', GETDATE());
INSERT INTO "SUBTABLEVARIABLE" (MAINTABLE, SUBTABLE, VARIABLE, VALUESET, VARIABLETYPE, STORECOLUMNNO, USERID, LOGDATE) VALUES ('S82C08020101', '', 'REF_AREA', 'VSREF_AREA_C080201_01', 'V', '1', 'SDGS', GETDATE());
IF EXISTS (SELECT 1 FROM SYS.VIEWS WHERE NAME = 'S82C08020101' AND TYPE  = 'v') DROP VIEW S82C08020101;
GO
CREATE VIEW S82C08020101 AS SELECT * FROM INDICATORDATA WHERE SUBINDICATOR_CODE = 'C080201_01';
GO
INSERT INTO "MAINTABLE" (MAINTABLE, PRESTEXT, PRESTEXTS, PRESCATEGORY, TIMESCALE, USERID, LOGDATE, FIRSTPUBLISHED, TABLESTATUS, TABLEID, PRODUCTCODE, SPECCHAREXISTS, METAID, SUBJECTCODE, CONTENTSVARIABLE) VALUES  ('S83C08030101', 'code 8.3/C080301_01/C080301_01 - (%) ???? ??????? ??? ??????? ?? ??? ??????? ????????? ???? ?????', 'SDGs Indicators', 'O', 'year', 'SDGS', GETDATE(), GETDATE(), 'A', 'S83C08030101', '001', 'N', '01', '01', 'ar: Sub Indicator');
INSERT INTO "MAINTABLE_ENG" (MAINTABLE, STATUS, PUBLISHED, PRESTEXT, PRESTEXTS, CONTENTSVARIABLE, USERID, LOGDATE) VALUES  ('S83C08030101', 'A', GETDATE(), 'code 8.3/C080301_01/C080301_01 - Proportion of informal employment in non-agriculture employment, by sex (ILO harmonized estimates) (%)', 'SDGs Indicators', 'Sub Indicator', 'SDGS', GETDATE());
INSERT INTO "SECONDARYLANGUAGE" (MAINTABLE, LANGUAGE, COMPLETELYTRANSLATED,PUBLISHED, USERID, LOGDATE) VALUES  ('S83C08030101', 'en','Y', 'Y', 'SDGS', GETDATE());
INSERT INTO "CONTENTS" (MAINTABLE, CONTENTS, PRESTEXT, PRESCODE, COPYRIGHT, PRODUCER, LASTUPDATED, UNIT, PRESDECIMALS, PRESCELLSZERO, STOCKFA, DAYADJ, SEASADJ, FOOTNOTECONTENTS, FOOTNOTEVARIABLE, FOOTNOTEVALUE, STORECOLUMNNO, STOREFORMAT, STORENOCHAR, STOREDECIMALS, USERID, LOGDATE, PUBLISHED, PRESTEXTS, STATAUTHORITY, AGGREGPOSSIBLE, FOOTNOTETIME, METAID) VALUES  ('S83C08030101', 'OBS_VALUE', 'ar: Sustainable Development Goals - SDGs', 'DATA', '1', 'PCBS', GETDATE(), 'OBS_VALUE', '2', 'Y', 'F', 'N', 'N', 'N', 'N', 'N', '3', 'N', '17', '2', 'SDGS', GETDATE(), GETDATE(), 'C080301_01', 'PCBS', 'N', 'N', '01');
INSERT INTO "CONTENTS_ENG" (MAINTABLE, CONTENTS, PRESTEXT, UNIT, USERID, LOGDATE, PRESTEXTS, REFPERIOD, BASEPERIOD)  VALUES  ('S83C08030101', 'OBS_VALUE', 'Sustainable Development Goals - SDGs',  'OBS_VALUE', 'SDGS', GETDATE(), 'C080301_01', NULL,NULL);
INSERT INTO "SUBTABLE" (MAINTABLE, SUBTABLE, PRESTEXT, CLEANTABLE, USERID, LOGDATE) VALUES  ('S83C08030101', '', 'code 8.3/C080301_01/C080301_01 - (%) ???? ??????? ??? ??????? ?? ??? ??????? ????????? ???? ?????', 'Y', 'SDGS', GETDATE());
INSERT INTO "SUBTABLE_ENG" (MAINTABLE, SUBTABLE, PRESTEXT, USERID, LOGDATE) VALUES  ('S83C08030101', '', 'code 8.3/C080301_01/C080301_01 - Proportion of informal employment in non-agriculture employment, by sex (ILO harmonized estimates) (%)', 'SDGS', GETDATE());
INSERT INTO "SUBTABLEVARIABLE" (MAINTABLE, SUBTABLE, VARIABLE, VARIABLETYPE, STORECOLUMNNO, USERID, LOGDATE) VALUES ('S83C08030101', '', 'TIME_PERIOD', 'T', '1', 'SDGS', GETDATE());
INSERT INTO "CONTENTSTIME" (MAINTABLE, CONTENTS, TIMEPERIOD, USERID, LOGDATE) VALUES ('S83C08030101', 'OBS_VALUE', 2009, 'SDGS', GETDATE());
INSERT INTO "CONTENTSTIME" (MAINTABLE, CONTENTS, TIMEPERIOD, USERID, LOGDATE) VALUES ('S83C08030101', 'OBS_VALUE', 2010, 'SDGS', GETDATE());
INSERT INTO "CONTENTSTIME" (MAINTABLE, CONTENTS, TIMEPERIOD, USERID, LOGDATE) VALUES ('S83C08030101', 'OBS_VALUE', 2011, 'SDGS', GETDATE());
INSERT INTO "CONTENTSTIME" (MAINTABLE, CONTENTS, TIMEPERIOD, USERID, LOGDATE) VALUES ('S83C08030101', 'OBS_VALUE', 2012, 'SDGS', GETDATE());
INSERT INTO "CONTENTSTIME" (MAINTABLE, CONTENTS, TIMEPERIOD, USERID, LOGDATE) VALUES ('S83C08030101', 'OBS_VALUE', 2013, 'SDGS', GETDATE());
INSERT INTO "CONTENTSTIME" (MAINTABLE, CONTENTS, TIMEPERIOD, USERID, LOGDATE) VALUES ('S83C08030101', 'OBS_VALUE', 2014, 'SDGS', GETDATE());
INSERT INTO "CONTENTSTIME" (MAINTABLE, CONTENTS, TIMEPERIOD, USERID, LOGDATE) VALUES ('S83C08030101', 'OBS_VALUE', 2015, 'SDGS', GETDATE());
INSERT INTO "CONTENTSTIME" (MAINTABLE, CONTENTS, TIMEPERIOD, USERID, LOGDATE) VALUES ('S83C08030101', 'OBS_VALUE', 2016, 'SDGS', GETDATE());
INSERT INTO "CONTENTSTIME" (MAINTABLE, CONTENTS, TIMEPERIOD, USERID, LOGDATE) VALUES ('S83C08030101', 'OBS_VALUE', 2017, 'SDGS', GETDATE());
INSERT INTO "VALUESET" (VALUESET, PRESTEXT, DESCRIPTION, ELIMINATION, VALUEPOOL, METAID, FOOTNOTE, USERID, LOGDATE, VALUEPRES, SORTCODEEXISTS) VALUES ('VSREF_AREA_C080301_01', 'Hmm', 'None', 'A', 'VPREF_AREA', '0', 'N', 'SDGS', GETDATE(), 'T', 'N');
INSERT INTO "VALUESET_ENG" (VALUESET, PRESTEXT, DESCRIPTION, USERID, LOGDATE) VALUES ('VSREF_AREA_C080301_01', 'Hmm', 'None', 'SDGS', GETDATE());
INSERT INTO "VSVALUE" (VALUESET, VALUEPOOL, VALUECODE, USERID, LOGDATE) VALUES ('VSREF_AREA_C080301_01', 'VPREF_AREA', '1', 'SDGS', GETDATE());
INSERT INTO "VSVALUE_ENG" (VALUESET, VALUEPOOL, VALUECODE, USERID, LOGDATE) VALUES ('VSREF_AREA_C080301_01', 'VPREF_AREA', '1', 'SDGS', GETDATE());
INSERT INTO "VSVALUE" (VALUESET, VALUEPOOL, VALUECODE, USERID, LOGDATE) VALUES ('VSREF_AREA_C080301_01', 'VPREF_AREA', '2', 'SDGS', GETDATE());
INSERT INTO "VSVALUE_ENG" (VALUESET, VALUEPOOL, VALUECODE, USERID, LOGDATE) VALUES ('VSREF_AREA_C080301_01', 'VPREF_AREA', '2', 'SDGS', GETDATE());
INSERT INTO "VSVALUE" (VALUESET, VALUEPOOL, VALUECODE, USERID, LOGDATE) VALUES ('VSREF_AREA_C080301_01', 'VPREF_AREA', '3', 'SDGS', GETDATE());
INSERT INTO "VSVALUE_ENG" (VALUESET, VALUEPOOL, VALUECODE, USERID, LOGDATE) VALUES ('VSREF_AREA_C080301_01', 'VPREF_AREA', '3', 'SDGS', GETDATE());
INSERT INTO "SUBTABLEVARIABLE" (MAINTABLE, SUBTABLE, VARIABLE, VALUESET, VARIABLETYPE, STORECOLUMNNO, USERID, LOGDATE) VALUES ('S83C08030101', '', 'REF_AREA', 'VSREF_AREA_C080301_01', 'V', '1', 'SDGS', GETDATE());
INSERT INTO "VALUESET" (VALUESET, PRESTEXT, DESCRIPTION, ELIMINATION, VALUEPOOL, METAID, FOOTNOTE, USERID, LOGDATE, VALUEPRES, SORTCODEEXISTS) VALUES ('VSSEX_C080301_01', 'Hmm', 'None', 'A', 'VPSEX', '0', 'N', 'SDGS', GETDATE(), 'T', 'N');
INSERT INTO "VALUESET_ENG" (VALUESET, PRESTEXT, DESCRIPTION, USERID, LOGDATE) VALUES ('VSSEX_C080301_01', 'Hmm', 'None', 'SDGS', GETDATE());
INSERT INTO "VSVALUE" (VALUESET, VALUEPOOL, VALUECODE, USERID, LOGDATE) VALUES ('VSSEX_C080301_01', 'VPSEX', 'M', 'SDGS', GETDATE());
INSERT INTO "VSVALUE_ENG" (VALUESET, VALUEPOOL, VALUECODE, USERID, LOGDATE) VALUES ('VSSEX_C080301_01', 'VPSEX', 'M', 'SDGS', GETDATE());
INSERT INTO "VSVALUE" (VALUESET, VALUEPOOL, VALUECODE, USERID, LOGDATE) VALUES ('VSSEX_C080301_01', 'VPSEX', 'F', 'SDGS', GETDATE());
INSERT INTO "VSVALUE_ENG" (VALUESET, VALUEPOOL, VALUECODE, USERID, LOGDATE) VALUES ('VSSEX_C080301_01', 'VPSEX', 'F', 'SDGS', GETDATE());
INSERT INTO "VSVALUE" (VALUESET, VALUEPOOL, VALUECODE, USERID, LOGDATE) VALUES ('VSSEX_C080301_01', 'VPSEX', '_T', 'SDGS', GETDATE());
INSERT INTO "VSVALUE_ENG" (VALUESET, VALUEPOOL, VALUECODE, USERID, LOGDATE) VALUES ('VSSEX_C080301_01', 'VPSEX', '_T', 'SDGS', GETDATE());
INSERT INTO "SUBTABLEVARIABLE" (MAINTABLE, SUBTABLE, VARIABLE, VALUESET, VARIABLETYPE, STORECOLUMNNO, USERID, LOGDATE) VALUES ('S83C08030101', '', 'SEX', 'VSSEX_C080301_01', 'V', '1', 'SDGS', GETDATE());
IF EXISTS (SELECT 1 FROM SYS.VIEWS WHERE NAME = 'S83C08030101' AND TYPE  = 'v') DROP VIEW S83C08030101;
GO
CREATE VIEW S83C08030101 AS SELECT * FROM INDICATORDATA WHERE SUBINDICATOR_CODE = 'C080301_01';
GO
INSERT INTO "MAINTABLE" (MAINTABLE, PRESTEXT, PRESTEXTS, PRESCATEGORY, TIMESCALE, USERID, LOGDATE, FIRSTPUBLISHED, TABLESTATUS, TABLEID, PRODUCTCODE, SPECCHAREXISTS, METAID, SUBJECTCODE, CONTENTSVARIABLE) VALUES  ('S85C08050101', 'code 8.5/C080501_01/C080501_01 - (NIS) ????? ????? ?? ?????? ?????? ??????? ????????? ???? ??????? ?????? ???????? ??? ???????', 'SDGs Indicators', 'O', 'year', 'SDGS', GETDATE(), GETDATE(), 'A', 'S85C08050101', '001', 'N', '01', '01', 'ar: Sub Indicator');
INSERT INTO "MAINTABLE_ENG" (MAINTABLE, STATUS, PUBLISHED, PRESTEXT, PRESTEXTS, CONTENTSVARIABLE, USERID, LOGDATE) VALUES  ('S85C08050101', 'A', GETDATE(), 'code 8.5/C080501_01/C080501_01 - Average hourly earnings of female and male employees, by occupation, age and persons with disabilities (NIS)', 'SDGs Indicators', 'Sub Indicator', 'SDGS', GETDATE());
INSERT INTO "SECONDARYLANGUAGE" (MAINTABLE, LANGUAGE, COMPLETELYTRANSLATED,PUBLISHED, USERID, LOGDATE) VALUES  ('S85C08050101', 'en','Y', 'Y', 'SDGS', GETDATE());
INSERT INTO "CONTENTS" (MAINTABLE, CONTENTS, PRESTEXT, PRESCODE, COPYRIGHT, PRODUCER, LASTUPDATED, UNIT, PRESDECIMALS, PRESCELLSZERO, STOCKFA, DAYADJ, SEASADJ, FOOTNOTECONTENTS, FOOTNOTEVARIABLE, FOOTNOTEVALUE, STORECOLUMNNO, STOREFORMAT, STORENOCHAR, STOREDECIMALS, USERID, LOGDATE, PUBLISHED, PRESTEXTS, STATAUTHORITY, AGGREGPOSSIBLE, FOOTNOTETIME, METAID) VALUES  ('S85C08050101', 'OBS_VALUE', 'ar: Sustainable Development Goals - SDGs', 'DATA', '1', 'PCBS', GETDATE(), 'OBS_VALUE', '2', 'Y', 'F', 'N', 'N', 'N', 'N', 'N', '3', 'N', '17', '2', 'SDGS', GETDATE(), GETDATE(), 'C080501_01', 'PCBS', 'N', 'N', '01');
INSERT INTO "CONTENTS_ENG" (MAINTABLE, CONTENTS, PRESTEXT, UNIT, USERID, LOGDATE, PRESTEXTS, REFPERIOD, BASEPERIOD)  VALUES  ('S85C08050101', 'OBS_VALUE', 'Sustainable Development Goals - SDGs',  'OBS_VALUE', 'SDGS', GETDATE(), 'C080501_01', NULL,NULL);
INSERT INTO "SUBTABLE" (MAINTABLE, SUBTABLE, PRESTEXT, CLEANTABLE, USERID, LOGDATE) VALUES  ('S85C08050101', '', 'code 8.5/C080501_01/C080501_01 - (NIS) ????? ????? ?? ?????? ?????? ??????? ????????? ???? ??????? ?????? ???????? ??? ???????', 'Y', 'SDGS', GETDATE());
INSERT INTO "SUBTABLE_ENG" (MAINTABLE, SUBTABLE, PRESTEXT, USERID, LOGDATE) VALUES  ('S85C08050101', '', 'code 8.5/C080501_01/C080501_01 - Average hourly earnings of female and male employees, by occupation, age and persons with disabilities (NIS)', 'SDGS', GETDATE());
INSERT INTO "SUBTABLEVARIABLE" (MAINTABLE, SUBTABLE, VARIABLE, VARIABLETYPE, STORECOLUMNNO, USERID, LOGDATE) VALUES ('S85C08050101', '', 'TIME_PERIOD', 'T', '1', 'SDGS', GETDATE());
INSERT INTO "CONTENTSTIME" (MAINTABLE, CONTENTS, TIMEPERIOD, USERID, LOGDATE) VALUES ('S85C08050101', 'OBS_VALUE', 2000, 'SDGS', GETDATE());
INSERT INTO "CONTENTSTIME" (MAINTABLE, CONTENTS, TIMEPERIOD, USERID, LOGDATE) VALUES ('S85C08050101', 'OBS_VALUE', 2001, 'SDGS', GETDATE());
INSERT INTO "CONTENTSTIME" (MAINTABLE, CONTENTS, TIMEPERIOD, USERID, LOGDATE) VALUES ('S85C08050101', 'OBS_VALUE', 2002, 'SDGS', GETDATE());
INSERT INTO "CONTENTSTIME" (MAINTABLE, CONTENTS, TIMEPERIOD, USERID, LOGDATE) VALUES ('S85C08050101', 'OBS_VALUE', 2003, 'SDGS', GETDATE());
INSERT INTO "CONTENTSTIME" (MAINTABLE, CONTENTS, TIMEPERIOD, USERID, LOGDATE) VALUES ('S85C08050101', 'OBS_VALUE', 2004, 'SDGS', GETDATE());
INSERT INTO "CONTENTSTIME" (MAINTABLE, CONTENTS, TIMEPERIOD, USERID, LOGDATE) VALUES ('S85C08050101', 'OBS_VALUE', 2005, 'SDGS', GETDATE());
INSERT INTO "CONTENTSTIME" (MAINTABLE, CONTENTS, TIMEPERIOD, USERID, LOGDATE) VALUES ('S85C08050101', 'OBS_VALUE', 2006, 'SDGS', GETDATE());
INSERT INTO "CONTENTSTIME" (MAINTABLE, CONTENTS, TIMEPERIOD, USERID, LOGDATE) VALUES ('S85C08050101', 'OBS_VALUE', 2007, 'SDGS', GETDATE());
INSERT INTO "CONTENTSTIME" (MAINTABLE, CONTENTS, TIMEPERIOD, USERID, LOGDATE) VALUES ('S85C08050101', 'OBS_VALUE', 2008, 'SDGS', GETDATE());
INSERT INTO "CONTENTSTIME" (MAINTABLE, CONTENTS, TIMEPERIOD, USERID, LOGDATE) VALUES ('S85C08050101', 'OBS_VALUE', 2009, 'SDGS', GETDATE());
INSERT INTO "CONTENTSTIME" (MAINTABLE, CONTENTS, TIMEPERIOD, USERID, LOGDATE) VALUES ('S85C08050101', 'OBS_VALUE', 2010, 'SDGS', GETDATE());
INSERT INTO "CONTENTSTIME" (MAINTABLE, CONTENTS, TIMEPERIOD, USERID, LOGDATE) VALUES ('S85C08050101', 'OBS_VALUE', 2011, 'SDGS', GETDATE());
INSERT INTO "CONTENTSTIME" (MAINTABLE, CONTENTS, TIMEPERIOD, USERID, LOGDATE) VALUES ('S85C08050101', 'OBS_VALUE', 2012, 'SDGS', GETDATE());
INSERT INTO "CONTENTSTIME" (MAINTABLE, CONTENTS, TIMEPERIOD, USERID, LOGDATE) VALUES ('S85C08050101', 'OBS_VALUE', 2013, 'SDGS', GETDATE());
INSERT INTO "CONTENTSTIME" (MAINTABLE, CONTENTS, TIMEPERIOD, USERID, LOGDATE) VALUES ('S85C08050101', 'OBS_VALUE', 2014, 'SDGS', GETDATE());
INSERT INTO "CONTENTSTIME" (MAINTABLE, CONTENTS, TIMEPERIOD, USERID, LOGDATE) VALUES ('S85C08050101', 'OBS_VALUE', 2015, 'SDGS', GETDATE());
INSERT INTO "CONTENTSTIME" (MAINTABLE, CONTENTS, TIMEPERIOD, USERID, LOGDATE) VALUES ('S85C08050101', 'OBS_VALUE', 2016, 'SDGS', GETDATE());
INSERT INTO "CONTENTSTIME" (MAINTABLE, CONTENTS, TIMEPERIOD, USERID, LOGDATE) VALUES ('S85C08050101', 'OBS_VALUE', 2017, 'SDGS', GETDATE());
INSERT INTO "CONTENTSTIME" (MAINTABLE, CONTENTS, TIMEPERIOD, USERID, LOGDATE) VALUES ('S85C08050101', 'OBS_VALUE', 2018, 'SDGS', GETDATE());
INSERT INTO "VALUESET" (VALUESET, PRESTEXT, DESCRIPTION, ELIMINATION, VALUEPOOL, METAID, FOOTNOTE, USERID, LOGDATE, VALUEPRES, SORTCODEEXISTS) VALUES ('VSREF_AREA_C080501_01', 'Hmm', 'None', 'A', 'VPREF_AREA', '0', 'N', 'SDGS', GETDATE(), 'T', 'N');
INSERT INTO "VALUESET_ENG" (VALUESET, PRESTEXT, DESCRIPTION, USERID, LOGDATE) VALUES ('VSREF_AREA_C080501_01', 'Hmm', 'None', 'SDGS', GETDATE());
INSERT INTO "VSVALUE" (VALUESET, VALUEPOOL, VALUECODE, USERID, LOGDATE) VALUES ('VSREF_AREA_C080501_01', 'VPREF_AREA', '1', 'SDGS', GETDATE());
INSERT INTO "VSVALUE_ENG" (VALUESET, VALUEPOOL, VALUECODE, USERID, LOGDATE) VALUES ('VSREF_AREA_C080501_01', 'VPREF_AREA', '1', 'SDGS', GETDATE());
INSERT INTO "VSVALUE" (VALUESET, VALUEPOOL, VALUECODE, USERID, LOGDATE) VALUES ('VSREF_AREA_C080501_01', 'VPREF_AREA', '2', 'SDGS', GETDATE());
INSERT INTO "VSVALUE_ENG" (VALUESET, VALUEPOOL, VALUECODE, USERID, LOGDATE) VALUES ('VSREF_AREA_C080501_01', 'VPREF_AREA', '2', 'SDGS', GETDATE());
INSERT INTO "VSVALUE" (VALUESET, VALUEPOOL, VALUECODE, USERID, LOGDATE) VALUES ('VSREF_AREA_C080501_01', 'VPREF_AREA', '3', 'SDGS', GETDATE());
INSERT INTO "VSVALUE_ENG" (VALUESET, VALUEPOOL, VALUECODE, USERID, LOGDATE) VALUES ('VSREF_AREA_C080501_01', 'VPREF_AREA', '3', 'SDGS', GETDATE());
INSERT INTO "SUBTABLEVARIABLE" (MAINTABLE, SUBTABLE, VARIABLE, VALUESET, VARIABLETYPE, STORECOLUMNNO, USERID, LOGDATE) VALUES ('S85C08050101', '', 'REF_AREA', 'VSREF_AREA_C080501_01', 'V', '1', 'SDGS', GETDATE());
INSERT INTO "VALUESET" (VALUESET, PRESTEXT, DESCRIPTION, ELIMINATION, VALUEPOOL, METAID, FOOTNOTE, USERID, LOGDATE, VALUEPRES, SORTCODEEXISTS) VALUES ('VSSEX_C080501_01', 'Hmm', 'None', 'A', 'VPSEX', '0', 'N', 'SDGS', GETDATE(), 'T', 'N');
INSERT INTO "VALUESET_ENG" (VALUESET, PRESTEXT, DESCRIPTION, USERID, LOGDATE) VALUES ('VSSEX_C080501_01', 'Hmm', 'None', 'SDGS', GETDATE());
INSERT INTO "VSVALUE" (VALUESET, VALUEPOOL, VALUECODE, USERID, LOGDATE) VALUES ('VSSEX_C080501_01', 'VPSEX', 'M', 'SDGS', GETDATE());
INSERT INTO "VSVALUE_ENG" (VALUESET, VALUEPOOL, VALUECODE, USERID, LOGDATE) VALUES ('VSSEX_C080501_01', 'VPSEX', 'M', 'SDGS', GETDATE());
INSERT INTO "VSVALUE" (VALUESET, VALUEPOOL, VALUECODE, USERID, LOGDATE) VALUES ('VSSEX_C080501_01', 'VPSEX', 'F', 'SDGS', GETDATE());
INSERT INTO "VSVALUE_ENG" (VALUESET, VALUEPOOL, VALUECODE, USERID, LOGDATE) VALUES ('VSSEX_C080501_01', 'VPSEX', 'F', 'SDGS', GETDATE());
INSERT INTO "VSVALUE" (VALUESET, VALUEPOOL, VALUECODE, USERID, LOGDATE) VALUES ('VSSEX_C080501_01', 'VPSEX', '_T', 'SDGS', GETDATE());
INSERT INTO "VSVALUE_ENG" (VALUESET, VALUEPOOL, VALUECODE, USERID, LOGDATE) VALUES ('VSSEX_C080501_01', 'VPSEX', '_T', 'SDGS', GETDATE());
INSERT INTO "SUBTABLEVARIABLE" (MAINTABLE, SUBTABLE, VARIABLE, VALUESET, VARIABLETYPE, STORECOLUMNNO, USERID, LOGDATE) VALUES ('S85C08050101', '', 'SEX', 'VSSEX_C080501_01', 'V', '1', 'SDGS', GETDATE());
INSERT INTO "VALUESET" (VALUESET, PRESTEXT, DESCRIPTION, ELIMINATION, VALUEPOOL, METAID, FOOTNOTE, USERID, LOGDATE, VALUEPRES, SORTCODEEXISTS) VALUES ('VSOCCUPATION_C080501_01', 'Hmm', 'None', 'A', 'VPOCCUPATION', '0', 'N', 'SDGS', GETDATE(), 'T', 'N');
INSERT INTO "VALUESET_ENG" (VALUESET, PRESTEXT, DESCRIPTION, USERID, LOGDATE) VALUES ('VSOCCUPATION_C080501_01', 'Hmm', 'None', 'SDGS', GETDATE());
INSERT INTO "VSVALUE" (VALUESET, VALUEPOOL, VALUECODE, USERID, LOGDATE) VALUES ('VSOCCUPATION_C080501_01', 'VPOCCUPATION', '_T', 'SDGS', GETDATE());
INSERT INTO "VSVALUE_ENG" (VALUESET, VALUEPOOL, VALUECODE, USERID, LOGDATE) VALUES ('VSOCCUPATION_C080501_01', 'VPOCCUPATION', '_T', 'SDGS', GETDATE());
INSERT INTO "VSVALUE" (VALUESET, VALUEPOOL, VALUECODE, USERID, LOGDATE) VALUES ('VSOCCUPATION_C080501_01', 'VPOCCUPATION', 'ISCO08_3', 'SDGS', GETDATE());
INSERT INTO "VSVALUE_ENG" (VALUESET, VALUEPOOL, VALUECODE, USERID, LOGDATE) VALUES ('VSOCCUPATION_C080501_01', 'VPOCCUPATION', 'ISCO08_3', 'SDGS', GETDATE());
INSERT INTO "VSVALUE" (VALUESET, VALUEPOOL, VALUECODE, USERID, LOGDATE) VALUES ('VSOCCUPATION_C080501_01', 'VPOCCUPATION', 'ISCO08_5', 'SDGS', GETDATE());
INSERT INTO "VSVALUE_ENG" (VALUESET, VALUEPOOL, VALUECODE, USERID, LOGDATE) VALUES ('VSOCCUPATION_C080501_01', 'VPOCCUPATION', 'ISCO08_5', 'SDGS', GETDATE());
INSERT INTO "VSVALUE" (VALUESET, VALUEPOOL, VALUECODE, USERID, LOGDATE) VALUES ('VSOCCUPATION_C080501_01', 'VPOCCUPATION', 'ISCO08_6', 'SDGS', GETDATE());
INSERT INTO "VSVALUE_ENG" (VALUESET, VALUEPOOL, VALUECODE, USERID, LOGDATE) VALUES ('VSOCCUPATION_C080501_01', 'VPOCCUPATION', 'ISCO08_6', 'SDGS', GETDATE());
INSERT INTO "VSVALUE" (VALUESET, VALUEPOOL, VALUECODE, USERID, LOGDATE) VALUES ('VSOCCUPATION_C080501_01', 'VPOCCUPATION', 'ISCO08_7', 'SDGS', GETDATE());
INSERT INTO "VSVALUE_ENG" (VALUESET, VALUEPOOL, VALUECODE, USERID, LOGDATE) VALUES ('VSOCCUPATION_C080501_01', 'VPOCCUPATION', 'ISCO08_7', 'SDGS', GETDATE());
INSERT INTO "VSVALUE" (VALUESET, VALUEPOOL, VALUECODE, USERID, LOGDATE) VALUES ('VSOCCUPATION_C080501_01', 'VPOCCUPATION', 'ISCO08_8', 'SDGS', GETDATE());
INSERT INTO "VSVALUE_ENG" (VALUESET, VALUEPOOL, VALUECODE, USERID, LOGDATE) VALUES ('VSOCCUPATION_C080501_01', 'VPOCCUPATION', 'ISCO08_8', 'SDGS', GETDATE());
INSERT INTO "VSVALUE" (VALUESET, VALUEPOOL, VALUECODE, USERID, LOGDATE) VALUES ('VSOCCUPATION_C080501_01', 'VPOCCUPATION', 'ISCO08_9', 'SDGS', GETDATE());
INSERT INTO "VSVALUE_ENG" (VALUESET, VALUEPOOL, VALUECODE, USERID, LOGDATE) VALUES ('VSOCCUPATION_C080501_01', 'VPOCCUPATION', 'ISCO08_9', 'SDGS', GETDATE());
INSERT INTO "VSVALUE" (VALUESET, VALUEPOOL, VALUECODE, USERID, LOGDATE) VALUES ('VSOCCUPATION_C080501_01', 'VPOCCUPATION', 'ISCO88_1', 'SDGS', GETDATE());
INSERT INTO "VSVALUE_ENG" (VALUESET, VALUEPOOL, VALUECODE, USERID, LOGDATE) VALUES ('VSOCCUPATION_C080501_01', 'VPOCCUPATION', 'ISCO88_1', 'SDGS', GETDATE());
INSERT INTO "SUBTABLEVARIABLE" (MAINTABLE, SUBTABLE, VARIABLE, VALUESET, VARIABLETYPE, STORECOLUMNNO, USERID, LOGDATE) VALUES ('S85C08050101', '', 'OCCUPATION', 'VSOCCUPATION_C080501_01', 'V', '1', 'SDGS', GETDATE());
IF EXISTS (SELECT 1 FROM SYS.VIEWS WHERE NAME = 'S85C08050101' AND TYPE  = 'v') DROP VIEW S85C08050101;
GO
CREATE VIEW S85C08050101 AS SELECT * FROM INDICATORDATA WHERE SUBINDICATOR_CODE = 'C080501_01';
GO
INSERT INTO "MAINTABLE" (MAINTABLE, PRESTEXT, PRESTEXTS, PRESCATEGORY, TIMESCALE, USERID, LOGDATE, FIRSTPUBLISHED, TABLESTATUS, TABLEID, PRODUCTCODE, SPECCHAREXISTS, METAID, SUBJECTCODE, CONTENTSVARIABLE) VALUES  ('S85C08050201', 'code 8.5/C080502_01/C080502_01 - ???? ???????? ???? ????? ?????? ???????? ??? ???????', 'SDGs Indicators', 'O', 'year', 'SDGS', GETDATE(), GETDATE(), 'A', 'S85C08050201', '001', 'N', '01', '01', 'ar: Sub Indicator');
INSERT INTO "MAINTABLE_ENG" (MAINTABLE, STATUS, PUBLISHED, PRESTEXT, PRESTEXTS, CONTENTSVARIABLE, USERID, LOGDATE) VALUES  ('S85C08050201', 'A', GETDATE(), 'code 8.5/C080502_01/C080502_01 - Unemployment rate, by sex, age and persons with disabilities', 'SDGs Indicators', 'Sub Indicator', 'SDGS', GETDATE());
INSERT INTO "SECONDARYLANGUAGE" (MAINTABLE, LANGUAGE, COMPLETELYTRANSLATED,PUBLISHED, USERID, LOGDATE) VALUES  ('S85C08050201', 'en','Y', 'Y', 'SDGS', GETDATE());
INSERT INTO "CONTENTS" (MAINTABLE, CONTENTS, PRESTEXT, PRESCODE, COPYRIGHT, PRODUCER, LASTUPDATED, UNIT, PRESDECIMALS, PRESCELLSZERO, STOCKFA, DAYADJ, SEASADJ, FOOTNOTECONTENTS, FOOTNOTEVARIABLE, FOOTNOTEVALUE, STORECOLUMNNO, STOREFORMAT, STORENOCHAR, STOREDECIMALS, USERID, LOGDATE, PUBLISHED, PRESTEXTS, STATAUTHORITY, AGGREGPOSSIBLE, FOOTNOTETIME, METAID) VALUES  ('S85C08050201', 'OBS_VALUE', 'ar: Sustainable Development Goals - SDGs', 'DATA', '1', 'PCBS', GETDATE(), 'OBS_VALUE', '2', 'Y', 'F', 'N', 'N', 'N', 'N', 'N', '3', 'N', '17', '2', 'SDGS', GETDATE(), GETDATE(), 'C080502_01', 'PCBS', 'N', 'N', '01');
INSERT INTO "CONTENTS_ENG" (MAINTABLE, CONTENTS, PRESTEXT, UNIT, USERID, LOGDATE, PRESTEXTS, REFPERIOD, BASEPERIOD)  VALUES  ('S85C08050201', 'OBS_VALUE', 'Sustainable Development Goals - SDGs',  'OBS_VALUE', 'SDGS', GETDATE(), 'C080502_01', NULL,NULL);
INSERT INTO "SUBTABLE" (MAINTABLE, SUBTABLE, PRESTEXT, CLEANTABLE, USERID, LOGDATE) VALUES  ('S85C08050201', '', 'code 8.5/C080502_01/C080502_01 - ???? ???????? ???? ????? ?????? ???????? ??? ???????', 'Y', 'SDGS', GETDATE());
INSERT INTO "SUBTABLE_ENG" (MAINTABLE, SUBTABLE, PRESTEXT, USERID, LOGDATE) VALUES  ('S85C08050201', '', 'code 8.5/C080502_01/C080502_01 - Unemployment rate, by sex, age and persons with disabilities', 'SDGS', GETDATE());
INSERT INTO "SUBTABLEVARIABLE" (MAINTABLE, SUBTABLE, VARIABLE, VARIABLETYPE, STORECOLUMNNO, USERID, LOGDATE) VALUES ('S85C08050201', '', 'TIME_PERIOD', 'T', '1', 'SDGS', GETDATE());
INSERT INTO "CONTENTSTIME" (MAINTABLE, CONTENTS, TIMEPERIOD, USERID, LOGDATE) VALUES ('S85C08050201', 'OBS_VALUE', 2000, 'SDGS', GETDATE());
INSERT INTO "CONTENTSTIME" (MAINTABLE, CONTENTS, TIMEPERIOD, USERID, LOGDATE) VALUES ('S85C08050201', 'OBS_VALUE', 2001, 'SDGS', GETDATE());
INSERT INTO "CONTENTSTIME" (MAINTABLE, CONTENTS, TIMEPERIOD, USERID, LOGDATE) VALUES ('S85C08050201', 'OBS_VALUE', 2002, 'SDGS', GETDATE());
INSERT INTO "CONTENTSTIME" (MAINTABLE, CONTENTS, TIMEPERIOD, USERID, LOGDATE) VALUES ('S85C08050201', 'OBS_VALUE', 2003, 'SDGS', GETDATE());
INSERT INTO "CONTENTSTIME" (MAINTABLE, CONTENTS, TIMEPERIOD, USERID, LOGDATE) VALUES ('S85C08050201', 'OBS_VALUE', 2004, 'SDGS', GETDATE());
INSERT INTO "CONTENTSTIME" (MAINTABLE, CONTENTS, TIMEPERIOD, USERID, LOGDATE) VALUES ('S85C08050201', 'OBS_VALUE', 2005, 'SDGS', GETDATE());
INSERT INTO "CONTENTSTIME" (MAINTABLE, CONTENTS, TIMEPERIOD, USERID, LOGDATE) VALUES ('S85C08050201', 'OBS_VALUE', 2006, 'SDGS', GETDATE());
INSERT INTO "CONTENTSTIME" (MAINTABLE, CONTENTS, TIMEPERIOD, USERID, LOGDATE) VALUES ('S85C08050201', 'OBS_VALUE', 2007, 'SDGS', GETDATE());
INSERT INTO "CONTENTSTIME" (MAINTABLE, CONTENTS, TIMEPERIOD, USERID, LOGDATE) VALUES ('S85C08050201', 'OBS_VALUE', 2008, 'SDGS', GETDATE());
INSERT INTO "CONTENTSTIME" (MAINTABLE, CONTENTS, TIMEPERIOD, USERID, LOGDATE) VALUES ('S85C08050201', 'OBS_VALUE', 2009, 'SDGS', GETDATE());
INSERT INTO "CONTENTSTIME" (MAINTABLE, CONTENTS, TIMEPERIOD, USERID, LOGDATE) VALUES ('S85C08050201', 'OBS_VALUE', 2010, 'SDGS', GETDATE());
INSERT INTO "CONTENTSTIME" (MAINTABLE, CONTENTS, TIMEPERIOD, USERID, LOGDATE) VALUES ('S85C08050201', 'OBS_VALUE', 2011, 'SDGS', GETDATE());
INSERT INTO "CONTENTSTIME" (MAINTABLE, CONTENTS, TIMEPERIOD, USERID, LOGDATE) VALUES ('S85C08050201', 'OBS_VALUE', 2012, 'SDGS', GETDATE());
INSERT INTO "CONTENTSTIME" (MAINTABLE, CONTENTS, TIMEPERIOD, USERID, LOGDATE) VALUES ('S85C08050201', 'OBS_VALUE', 2013, 'SDGS', GETDATE());
INSERT INTO "CONTENTSTIME" (MAINTABLE, CONTENTS, TIMEPERIOD, USERID, LOGDATE) VALUES ('S85C08050201', 'OBS_VALUE', 2014, 'SDGS', GETDATE());
INSERT INTO "CONTENTSTIME" (MAINTABLE, CONTENTS, TIMEPERIOD, USERID, LOGDATE) VALUES ('S85C08050201', 'OBS_VALUE', 2015, 'SDGS', GETDATE());
INSERT INTO "CONTENTSTIME" (MAINTABLE, CONTENTS, TIMEPERIOD, USERID, LOGDATE) VALUES ('S85C08050201', 'OBS_VALUE', 2016, 'SDGS', GETDATE());
INSERT INTO "CONTENTSTIME" (MAINTABLE, CONTENTS, TIMEPERIOD, USERID, LOGDATE) VALUES ('S85C08050201', 'OBS_VALUE', 2017, 'SDGS', GETDATE());
INSERT INTO "CONTENTSTIME" (MAINTABLE, CONTENTS, TIMEPERIOD, USERID, LOGDATE) VALUES ('S85C08050201', 'OBS_VALUE', 2018, 'SDGS', GETDATE());
INSERT INTO "VALUESET" (VALUESET, PRESTEXT, DESCRIPTION, ELIMINATION, VALUEPOOL, METAID, FOOTNOTE, USERID, LOGDATE, VALUEPRES, SORTCODEEXISTS) VALUES ('VSREF_AREA_C080502_01', 'Hmm', 'None', 'A', 'VPREF_AREA', '0', 'N', 'SDGS', GETDATE(), 'T', 'N');
INSERT INTO "VALUESET_ENG" (VALUESET, PRESTEXT, DESCRIPTION, USERID, LOGDATE) VALUES ('VSREF_AREA_C080502_01', 'Hmm', 'None', 'SDGS', GETDATE());
INSERT INTO "VSVALUE" (VALUESET, VALUEPOOL, VALUECODE, USERID, LOGDATE) VALUES ('VSREF_AREA_C080502_01', 'VPREF_AREA', '1101', 'SDGS', GETDATE());
INSERT INTO "VSVALUE_ENG" (VALUESET, VALUEPOOL, VALUECODE, USERID, LOGDATE) VALUES ('VSREF_AREA_C080502_01', 'VPREF_AREA', '1101', 'SDGS', GETDATE());
INSERT INTO "VSVALUE" (VALUESET, VALUEPOOL, VALUECODE, USERID, LOGDATE) VALUES ('VSREF_AREA_C080502_01', 'VPREF_AREA', '1105', 'SDGS', GETDATE());
INSERT INTO "VSVALUE_ENG" (VALUESET, VALUEPOOL, VALUECODE, USERID, LOGDATE) VALUES ('VSREF_AREA_C080502_01', 'VPREF_AREA', '1105', 'SDGS', GETDATE());
INSERT INTO "VSVALUE" (VALUESET, VALUEPOOL, VALUECODE, USERID, LOGDATE) VALUES ('VSREF_AREA_C080502_01', 'VPREF_AREA', '1110', 'SDGS', GETDATE());
INSERT INTO "VSVALUE_ENG" (VALUESET, VALUEPOOL, VALUECODE, USERID, LOGDATE) VALUES ('VSREF_AREA_C080502_01', 'VPREF_AREA', '1110', 'SDGS', GETDATE());
INSERT INTO "VSVALUE" (VALUESET, VALUEPOOL, VALUECODE, USERID, LOGDATE) VALUES ('VSREF_AREA_C080502_01', 'VPREF_AREA', '1115', 'SDGS', GETDATE());
INSERT INTO "VSVALUE_ENG" (VALUESET, VALUEPOOL, VALUECODE, USERID, LOGDATE) VALUES ('VSREF_AREA_C080502_01', 'VPREF_AREA', '1115', 'SDGS', GETDATE());
INSERT INTO "VSVALUE" (VALUESET, VALUEPOOL, VALUECODE, USERID, LOGDATE) VALUES ('VSREF_AREA_C080502_01', 'VPREF_AREA', '1120', 'SDGS', GETDATE());
INSERT INTO "VSVALUE_ENG" (VALUESET, VALUEPOOL, VALUECODE, USERID, LOGDATE) VALUES ('VSREF_AREA_C080502_01', 'VPREF_AREA', '1120', 'SDGS', GETDATE());
INSERT INTO "VSVALUE" (VALUESET, VALUEPOOL, VALUECODE, USERID, LOGDATE) VALUES ('VSREF_AREA_C080502_01', 'VPREF_AREA', '1125', 'SDGS', GETDATE());
INSERT INTO "VSVALUE_ENG" (VALUESET, VALUEPOOL, VALUECODE, USERID, LOGDATE) VALUES ('VSREF_AREA_C080502_01', 'VPREF_AREA', '1125', 'SDGS', GETDATE());
INSERT INTO "VSVALUE" (VALUESET, VALUEPOOL, VALUECODE, USERID, LOGDATE) VALUES ('VSREF_AREA_C080502_01', 'VPREF_AREA', '1230', 'SDGS', GETDATE());
INSERT INTO "VSVALUE_ENG" (VALUESET, VALUEPOOL, VALUECODE, USERID, LOGDATE) VALUES ('VSREF_AREA_C080502_01', 'VPREF_AREA', '1230', 'SDGS', GETDATE());
INSERT INTO "VSVALUE" (VALUESET, VALUEPOOL, VALUECODE, USERID, LOGDATE) VALUES ('VSREF_AREA_C080502_01', 'VPREF_AREA', '1235', 'SDGS', GETDATE());
INSERT INTO "VSVALUE_ENG" (VALUESET, VALUEPOOL, VALUECODE, USERID, LOGDATE) VALUES ('VSREF_AREA_C080502_01', 'VPREF_AREA', '1235', 'SDGS', GETDATE());
INSERT INTO "VSVALUE" (VALUESET, VALUEPOOL, VALUECODE, USERID, LOGDATE) VALUES ('VSREF_AREA_C080502_01', 'VPREF_AREA', '1240', 'SDGS', GETDATE());
INSERT INTO "VSVALUE_ENG" (VALUESET, VALUEPOOL, VALUECODE, USERID, LOGDATE) VALUES ('VSREF_AREA_C080502_01', 'VPREF_AREA', '1240', 'SDGS', GETDATE());
INSERT INTO "VSVALUE" (VALUESET, VALUEPOOL, VALUECODE, USERID, LOGDATE) VALUES ('VSREF_AREA_C080502_01', 'VPREF_AREA', '1345', 'SDGS', GETDATE());
INSERT INTO "VSVALUE_ENG" (VALUESET, VALUEPOOL, VALUECODE, USERID, LOGDATE) VALUES ('VSREF_AREA_C080502_01', 'VPREF_AREA', '1345', 'SDGS', GETDATE());
INSERT INTO "VSVALUE" (VALUESET, VALUEPOOL, VALUECODE, USERID, LOGDATE) VALUES ('VSREF_AREA_C080502_01', 'VPREF_AREA', '1350', 'SDGS', GETDATE());
INSERT INTO "VSVALUE_ENG" (VALUESET, VALUEPOOL, VALUECODE, USERID, LOGDATE) VALUES ('VSREF_AREA_C080502_01', 'VPREF_AREA', '1350', 'SDGS', GETDATE());
INSERT INTO "VSVALUE" (VALUESET, VALUEPOOL, VALUECODE, USERID, LOGDATE) VALUES ('VSREF_AREA_C080502_01', 'VPREF_AREA', '2455', 'SDGS', GETDATE());
INSERT INTO "VSVALUE_ENG" (VALUESET, VALUEPOOL, VALUECODE, USERID, LOGDATE) VALUES ('VSREF_AREA_C080502_01', 'VPREF_AREA', '2455', 'SDGS', GETDATE());
INSERT INTO "VSVALUE" (VALUESET, VALUEPOOL, VALUECODE, USERID, LOGDATE) VALUES ('VSREF_AREA_C080502_01', 'VPREF_AREA', '2460', 'SDGS', GETDATE());
INSERT INTO "VSVALUE_ENG" (VALUESET, VALUEPOOL, VALUECODE, USERID, LOGDATE) VALUES ('VSREF_AREA_C080502_01', 'VPREF_AREA', '2460', 'SDGS', GETDATE());
INSERT INTO "VSVALUE" (VALUESET, VALUEPOOL, VALUECODE, USERID, LOGDATE) VALUES ('VSREF_AREA_C080502_01', 'VPREF_AREA', '2465', 'SDGS', GETDATE());
INSERT INTO "VSVALUE_ENG" (VALUESET, VALUEPOOL, VALUECODE, USERID, LOGDATE) VALUES ('VSREF_AREA_C080502_01', 'VPREF_AREA', '2465', 'SDGS', GETDATE());
INSERT INTO "VSVALUE" (VALUESET, VALUEPOOL, VALUECODE, USERID, LOGDATE) VALUES ('VSREF_AREA_C080502_01', 'VPREF_AREA', '2470', 'SDGS', GETDATE());
INSERT INTO "VSVALUE_ENG" (VALUESET, VALUEPOOL, VALUECODE, USERID, LOGDATE) VALUES ('VSREF_AREA_C080502_01', 'VPREF_AREA', '2470', 'SDGS', GETDATE());
INSERT INTO "VSVALUE" (VALUESET, VALUEPOOL, VALUECODE, USERID, LOGDATE) VALUES ('VSREF_AREA_C080502_01', 'VPREF_AREA', '2475', 'SDGS', GETDATE());
INSERT INTO "VSVALUE_ENG" (VALUESET, VALUEPOOL, VALUECODE, USERID, LOGDATE) VALUES ('VSREF_AREA_C080502_01', 'VPREF_AREA', '2475', 'SDGS', GETDATE());
INSERT INTO "SUBTABLEVARIABLE" (MAINTABLE, SUBTABLE, VARIABLE, VALUESET, VARIABLETYPE, STORECOLUMNNO, USERID, LOGDATE) VALUES ('S85C08050201', '', 'REF_AREA', 'VSREF_AREA_C080502_01', 'V', '1', 'SDGS', GETDATE());
INSERT INTO "VALUESET" (VALUESET, PRESTEXT, DESCRIPTION, ELIMINATION, VALUEPOOL, METAID, FOOTNOTE, USERID, LOGDATE, VALUEPRES, SORTCODEEXISTS) VALUES ('VSSEX_C080502_01', 'Hmm', 'None', 'A', 'VPSEX', '0', 'N', 'SDGS', GETDATE(), 'T', 'N');
INSERT INTO "VALUESET_ENG" (VALUESET, PRESTEXT, DESCRIPTION, USERID, LOGDATE) VALUES ('VSSEX_C080502_01', 'Hmm', 'None', 'SDGS', GETDATE());
INSERT INTO "VSVALUE" (VALUESET, VALUEPOOL, VALUECODE, USERID, LOGDATE) VALUES ('VSSEX_C080502_01', 'VPSEX', 'M', 'SDGS', GETDATE());
INSERT INTO "VSVALUE_ENG" (VALUESET, VALUEPOOL, VALUECODE, USERID, LOGDATE) VALUES ('VSSEX_C080502_01', 'VPSEX', 'M', 'SDGS', GETDATE());
INSERT INTO "VSVALUE" (VALUESET, VALUEPOOL, VALUECODE, USERID, LOGDATE) VALUES ('VSSEX_C080502_01', 'VPSEX', 'F', 'SDGS', GETDATE());
INSERT INTO "VSVALUE_ENG" (VALUESET, VALUEPOOL, VALUECODE, USERID, LOGDATE) VALUES ('VSSEX_C080502_01', 'VPSEX', 'F', 'SDGS', GETDATE());
INSERT INTO "VSVALUE" (VALUESET, VALUEPOOL, VALUECODE, USERID, LOGDATE) VALUES ('VSSEX_C080502_01', 'VPSEX', '_T', 'SDGS', GETDATE());
INSERT INTO "VSVALUE_ENG" (VALUESET, VALUEPOOL, VALUECODE, USERID, LOGDATE) VALUES ('VSSEX_C080502_01', 'VPSEX', '_T', 'SDGS', GETDATE());
INSERT INTO "SUBTABLEVARIABLE" (MAINTABLE, SUBTABLE, VARIABLE, VALUESET, VARIABLETYPE, STORECOLUMNNO, USERID, LOGDATE) VALUES ('S85C08050201', '', 'SEX', 'VSSEX_C080502_01', 'V', '1', 'SDGS', GETDATE());
IF EXISTS (SELECT 1 FROM SYS.VIEWS WHERE NAME = 'S85C08050201' AND TYPE  = 'v') DROP VIEW S85C08050201;
GO
CREATE VIEW S85C08050201 AS SELECT * FROM INDICATORDATA WHERE SUBINDICATOR_CODE = 'C080502_01';
GO
INSERT INTO "MAINTABLE" (MAINTABLE, PRESTEXT, PRESTEXTS, PRESCATEGORY, TIMESCALE, USERID, LOGDATE, FIRSTPUBLISHED, TABLESTATUS, TABLEID, PRODUCTCODE, SPECCHAREXISTS, METAID, SUBJECTCODE, CONTENTSVARIABLE) VALUES  ('S86C08060101', 'code 8.6/C080601_01/C080601_01 - (%) ???? ?????? (????? ?????? ??????? ??? 15 ? 24 ???) ???? ????? ??????? ???????? ????????', 'SDGs Indicators', 'O', 'year', 'SDGS', GETDATE(), GETDATE(), 'A', 'S86C08060101', '001', 'N', '01', '01', 'ar: Sub Indicator');
INSERT INTO "MAINTABLE_ENG" (MAINTABLE, STATUS, PUBLISHED, PRESTEXT, PRESTEXTS, CONTENTSVARIABLE, USERID, LOGDATE) VALUES  ('S86C08060101', 'A', GETDATE(), 'code 8.6/C080601_01/C080601_01 - Proportion of youth not in education, employment or training, by sex and age (%)', 'SDGs Indicators', 'Sub Indicator', 'SDGS', GETDATE());
INSERT INTO "SECONDARYLANGUAGE" (MAINTABLE, LANGUAGE, COMPLETELYTRANSLATED,PUBLISHED, USERID, LOGDATE) VALUES  ('S86C08060101', 'en','Y', 'Y', 'SDGS', GETDATE());
INSERT INTO "CONTENTS" (MAINTABLE, CONTENTS, PRESTEXT, PRESCODE, COPYRIGHT, PRODUCER, LASTUPDATED, UNIT, PRESDECIMALS, PRESCELLSZERO, STOCKFA, DAYADJ, SEASADJ, FOOTNOTECONTENTS, FOOTNOTEVARIABLE, FOOTNOTEVALUE, STORECOLUMNNO, STOREFORMAT, STORENOCHAR, STOREDECIMALS, USERID, LOGDATE, PUBLISHED, PRESTEXTS, STATAUTHORITY, AGGREGPOSSIBLE, FOOTNOTETIME, METAID) VALUES  ('S86C08060101', 'OBS_VALUE', 'ar: Sustainable Development Goals - SDGs', 'DATA', '1', 'PCBS', GETDATE(), 'OBS_VALUE', '2', 'Y', 'F', 'N', 'N', 'N', 'N', 'N', '3', 'N', '17', '2', 'SDGS', GETDATE(), GETDATE(), 'C080601_01', 'PCBS', 'N', 'N', '01');
INSERT INTO "CONTENTS_ENG" (MAINTABLE, CONTENTS, PRESTEXT, UNIT, USERID, LOGDATE, PRESTEXTS, REFPERIOD, BASEPERIOD)  VALUES  ('S86C08060101', 'OBS_VALUE', 'Sustainable Development Goals - SDGs',  'OBS_VALUE', 'SDGS', GETDATE(), 'C080601_01', NULL,NULL);
INSERT INTO "SUBTABLE" (MAINTABLE, SUBTABLE, PRESTEXT, CLEANTABLE, USERID, LOGDATE) VALUES  ('S86C08060101', '', 'code 8.6/C080601_01/C080601_01 - (%) ???? ?????? (????? ?????? ??????? ??? 15 ? 24 ???) ???? ????? ??????? ???????? ????????', 'Y', 'SDGS', GETDATE());
INSERT INTO "SUBTABLE_ENG" (MAINTABLE, SUBTABLE, PRESTEXT, USERID, LOGDATE) VALUES  ('S86C08060101', '', 'code 8.6/C080601_01/C080601_01 - Proportion of youth not in education, employment or training, by sex and age (%)', 'SDGS', GETDATE());
INSERT INTO "SUBTABLEVARIABLE" (MAINTABLE, SUBTABLE, VARIABLE, VARIABLETYPE, STORECOLUMNNO, USERID, LOGDATE) VALUES ('S86C08060101', '', 'TIME_PERIOD', 'T', '1', 'SDGS', GETDATE());
INSERT INTO "CONTENTSTIME" (MAINTABLE, CONTENTS, TIMEPERIOD, USERID, LOGDATE) VALUES ('S86C08060101', 'OBS_VALUE', 2000, 'SDGS', GETDATE());
INSERT INTO "CONTENTSTIME" (MAINTABLE, CONTENTS, TIMEPERIOD, USERID, LOGDATE) VALUES ('S86C08060101', 'OBS_VALUE', 2001, 'SDGS', GETDATE());
INSERT INTO "CONTENTSTIME" (MAINTABLE, CONTENTS, TIMEPERIOD, USERID, LOGDATE) VALUES ('S86C08060101', 'OBS_VALUE', 2002, 'SDGS', GETDATE());
INSERT INTO "CONTENTSTIME" (MAINTABLE, CONTENTS, TIMEPERIOD, USERID, LOGDATE) VALUES ('S86C08060101', 'OBS_VALUE', 2003, 'SDGS', GETDATE());
INSERT INTO "CONTENTSTIME" (MAINTABLE, CONTENTS, TIMEPERIOD, USERID, LOGDATE) VALUES ('S86C08060101', 'OBS_VALUE', 2004, 'SDGS', GETDATE());
INSERT INTO "CONTENTSTIME" (MAINTABLE, CONTENTS, TIMEPERIOD, USERID, LOGDATE) VALUES ('S86C08060101', 'OBS_VALUE', 2005, 'SDGS', GETDATE());
INSERT INTO "CONTENTSTIME" (MAINTABLE, CONTENTS, TIMEPERIOD, USERID, LOGDATE) VALUES ('S86C08060101', 'OBS_VALUE', 2006, 'SDGS', GETDATE());
INSERT INTO "CONTENTSTIME" (MAINTABLE, CONTENTS, TIMEPERIOD, USERID, LOGDATE) VALUES ('S86C08060101', 'OBS_VALUE', 2007, 'SDGS', GETDATE());
INSERT INTO "CONTENTSTIME" (MAINTABLE, CONTENTS, TIMEPERIOD, USERID, LOGDATE) VALUES ('S86C08060101', 'OBS_VALUE', 2008, 'SDGS', GETDATE());
INSERT INTO "CONTENTSTIME" (MAINTABLE, CONTENTS, TIMEPERIOD, USERID, LOGDATE) VALUES ('S86C08060101', 'OBS_VALUE', 2009, 'SDGS', GETDATE());
INSERT INTO "CONTENTSTIME" (MAINTABLE, CONTENTS, TIMEPERIOD, USERID, LOGDATE) VALUES ('S86C08060101', 'OBS_VALUE', 2010, 'SDGS', GETDATE());
INSERT INTO "CONTENTSTIME" (MAINTABLE, CONTENTS, TIMEPERIOD, USERID, LOGDATE) VALUES ('S86C08060101', 'OBS_VALUE', 2011, 'SDGS', GETDATE());
INSERT INTO "CONTENTSTIME" (MAINTABLE, CONTENTS, TIMEPERIOD, USERID, LOGDATE) VALUES ('S86C08060101', 'OBS_VALUE', 2012, 'SDGS', GETDATE());
INSERT INTO "CONTENTSTIME" (MAINTABLE, CONTENTS, TIMEPERIOD, USERID, LOGDATE) VALUES ('S86C08060101', 'OBS_VALUE', 2013, 'SDGS', GETDATE());
INSERT INTO "CONTENTSTIME" (MAINTABLE, CONTENTS, TIMEPERIOD, USERID, LOGDATE) VALUES ('S86C08060101', 'OBS_VALUE', 2014, 'SDGS', GETDATE());
INSERT INTO "CONTENTSTIME" (MAINTABLE, CONTENTS, TIMEPERIOD, USERID, LOGDATE) VALUES ('S86C08060101', 'OBS_VALUE', 2015, 'SDGS', GETDATE());
INSERT INTO "CONTENTSTIME" (MAINTABLE, CONTENTS, TIMEPERIOD, USERID, LOGDATE) VALUES ('S86C08060101', 'OBS_VALUE', 2016, 'SDGS', GETDATE());
INSERT INTO "CONTENTSTIME" (MAINTABLE, CONTENTS, TIMEPERIOD, USERID, LOGDATE) VALUES ('S86C08060101', 'OBS_VALUE', 2017, 'SDGS', GETDATE());
INSERT INTO "VALUESET" (VALUESET, PRESTEXT, DESCRIPTION, ELIMINATION, VALUEPOOL, METAID, FOOTNOTE, USERID, LOGDATE, VALUEPRES, SORTCODEEXISTS) VALUES ('VSREF_AREA_C080601_01', 'Hmm', 'None', 'A', 'VPREF_AREA', '0', 'N', 'SDGS', GETDATE(), 'T', 'N');
INSERT INTO "VALUESET_ENG" (VALUESET, PRESTEXT, DESCRIPTION, USERID, LOGDATE) VALUES ('VSREF_AREA_C080601_01', 'Hmm', 'None', 'SDGS', GETDATE());
INSERT INTO "VSVALUE" (VALUESET, VALUEPOOL, VALUECODE, USERID, LOGDATE) VALUES ('VSREF_AREA_C080601_01', 'VPREF_AREA', '1', 'SDGS', GETDATE());
INSERT INTO "VSVALUE_ENG" (VALUESET, VALUEPOOL, VALUECODE, USERID, LOGDATE) VALUES ('VSREF_AREA_C080601_01', 'VPREF_AREA', '1', 'SDGS', GETDATE());
INSERT INTO "VSVALUE" (VALUESET, VALUEPOOL, VALUECODE, USERID, LOGDATE) VALUES ('VSREF_AREA_C080601_01', 'VPREF_AREA', '2', 'SDGS', GETDATE());
INSERT INTO "VSVALUE_ENG" (VALUESET, VALUEPOOL, VALUECODE, USERID, LOGDATE) VALUES ('VSREF_AREA_C080601_01', 'VPREF_AREA', '2', 'SDGS', GETDATE());
INSERT INTO "VSVALUE" (VALUESET, VALUEPOOL, VALUECODE, USERID, LOGDATE) VALUES ('VSREF_AREA_C080601_01', 'VPREF_AREA', '3', 'SDGS', GETDATE());
INSERT INTO "VSVALUE_ENG" (VALUESET, VALUEPOOL, VALUECODE, USERID, LOGDATE) VALUES ('VSREF_AREA_C080601_01', 'VPREF_AREA', '3', 'SDGS', GETDATE());
INSERT INTO "SUBTABLEVARIABLE" (MAINTABLE, SUBTABLE, VARIABLE, VALUESET, VARIABLETYPE, STORECOLUMNNO, USERID, LOGDATE) VALUES ('S86C08060101', '', 'REF_AREA', 'VSREF_AREA_C080601_01', 'V', '1', 'SDGS', GETDATE());
INSERT INTO "VALUESET" (VALUESET, PRESTEXT, DESCRIPTION, ELIMINATION, VALUEPOOL, METAID, FOOTNOTE, USERID, LOGDATE, VALUEPRES, SORTCODEEXISTS) VALUES ('VSSEX_C080601_01', 'Hmm', 'None', 'A', 'VPSEX', '0', 'N', 'SDGS', GETDATE(), 'T', 'N');
INSERT INTO "VALUESET_ENG" (VALUESET, PRESTEXT, DESCRIPTION, USERID, LOGDATE) VALUES ('VSSEX_C080601_01', 'Hmm', 'None', 'SDGS', GETDATE());
INSERT INTO "VSVALUE" (VALUESET, VALUEPOOL, VALUECODE, USERID, LOGDATE) VALUES ('VSSEX_C080601_01', 'VPSEX', 'M', 'SDGS', GETDATE());
INSERT INTO "VSVALUE_ENG" (VALUESET, VALUEPOOL, VALUECODE, USERID, LOGDATE) VALUES ('VSSEX_C080601_01', 'VPSEX', 'M', 'SDGS', GETDATE());
INSERT INTO "VSVALUE" (VALUESET, VALUEPOOL, VALUECODE, USERID, LOGDATE) VALUES ('VSSEX_C080601_01', 'VPSEX', 'F', 'SDGS', GETDATE());
INSERT INTO "VSVALUE_ENG" (VALUESET, VALUEPOOL, VALUECODE, USERID, LOGDATE) VALUES ('VSSEX_C080601_01', 'VPSEX', 'F', 'SDGS', GETDATE());
INSERT INTO "VSVALUE" (VALUESET, VALUEPOOL, VALUECODE, USERID, LOGDATE) VALUES ('VSSEX_C080601_01', 'VPSEX', '_T', 'SDGS', GETDATE());
INSERT INTO "VSVALUE_ENG" (VALUESET, VALUEPOOL, VALUECODE, USERID, LOGDATE) VALUES ('VSSEX_C080601_01', 'VPSEX', '_T', 'SDGS', GETDATE());
INSERT INTO "SUBTABLEVARIABLE" (MAINTABLE, SUBTABLE, VARIABLE, VALUESET, VARIABLETYPE, STORECOLUMNNO, USERID, LOGDATE) VALUES ('S86C08060101', '', 'SEX', 'VSSEX_C080601_01', 'V', '1', 'SDGS', GETDATE());
IF EXISTS (SELECT 1 FROM SYS.VIEWS WHERE NAME = 'S86C08060101' AND TYPE  = 'v') DROP VIEW S86C08060101;
GO
CREATE VIEW S86C08060101 AS SELECT * FROM INDICATORDATA WHERE SUBINDICATOR_CODE = 'C080601_01';
GO
INSERT INTO "MAINTABLE" (MAINTABLE, PRESTEXT, PRESTEXTS, PRESCATEGORY, TIMESCALE, USERID, LOGDATE, FIRSTPUBLISHED, TABLESTATUS, TABLEID, PRODUCTCODE, SPECCHAREXISTS, METAID, SUBJECTCODE, CONTENTSVARIABLE) VALUES  ('S87C08070101', 'code 8.7/C080701_01/C080701_01 - (%) ?????? ??????? ??????? ????????? ?? ??? ?????? ???? ????? ??????', 'SDGs Indicators', 'O', 'year', 'SDGS', GETDATE(), GETDATE(), 'A', 'S87C08070101', '001', 'N', '01', '01', 'ar: Sub Indicator');
INSERT INTO "MAINTABLE_ENG" (MAINTABLE, STATUS, PUBLISHED, PRESTEXT, PRESTEXTS, CONTENTSVARIABLE, USERID, LOGDATE) VALUES  ('S87C08070101', 'A', GETDATE(), 'code 8.7/C080701_01/C080701_01 - Proportion of children engaged in economic activity, by sex and age  (%)', 'SDGs Indicators', 'Sub Indicator', 'SDGS', GETDATE());
INSERT INTO "SECONDARYLANGUAGE" (MAINTABLE, LANGUAGE, COMPLETELYTRANSLATED,PUBLISHED, USERID, LOGDATE) VALUES  ('S87C08070101', 'en','Y', 'Y', 'SDGS', GETDATE());
INSERT INTO "CONTENTS" (MAINTABLE, CONTENTS, PRESTEXT, PRESCODE, COPYRIGHT, PRODUCER, LASTUPDATED, UNIT, PRESDECIMALS, PRESCELLSZERO, STOCKFA, DAYADJ, SEASADJ, FOOTNOTECONTENTS, FOOTNOTEVARIABLE, FOOTNOTEVALUE, STORECOLUMNNO, STOREFORMAT, STORENOCHAR, STOREDECIMALS, USERID, LOGDATE, PUBLISHED, PRESTEXTS, STATAUTHORITY, AGGREGPOSSIBLE, FOOTNOTETIME, METAID) VALUES  ('S87C08070101', 'OBS_VALUE', 'ar: Sustainable Development Goals - SDGs', 'DATA', '1', 'PCBS', GETDATE(), 'OBS_VALUE', '2', 'Y', 'F', 'N', 'N', 'N', 'N', 'N', '3', 'N', '17', '2', 'SDGS', GETDATE(), GETDATE(), 'C080701_01', 'PCBS', 'N', 'N', '01');
INSERT INTO "CONTENTS_ENG" (MAINTABLE, CONTENTS, PRESTEXT, UNIT, USERID, LOGDATE, PRESTEXTS, REFPERIOD, BASEPERIOD)  VALUES  ('S87C08070101', 'OBS_VALUE', 'Sustainable Development Goals - SDGs',  'OBS_VALUE', 'SDGS', GETDATE(), 'C080701_01', NULL,NULL);
INSERT INTO "SUBTABLE" (MAINTABLE, SUBTABLE, PRESTEXT, CLEANTABLE, USERID, LOGDATE) VALUES  ('S87C08070101', '', 'code 8.7/C080701_01/C080701_01 - (%) ?????? ??????? ??????? ????????? ?? ??? ?????? ???? ????? ??????', 'Y', 'SDGS', GETDATE());
INSERT INTO "SUBTABLE_ENG" (MAINTABLE, SUBTABLE, PRESTEXT, USERID, LOGDATE) VALUES  ('S87C08070101', '', 'code 8.7/C080701_01/C080701_01 - Proportion of children engaged in economic activity, by sex and age  (%)', 'SDGS', GETDATE());
INSERT INTO "SUBTABLEVARIABLE" (MAINTABLE, SUBTABLE, VARIABLE, VARIABLETYPE, STORECOLUMNNO, USERID, LOGDATE) VALUES ('S87C08070101', '', 'TIME_PERIOD', 'T', '1', 'SDGS', GETDATE());
INSERT INTO "CONTENTSTIME" (MAINTABLE, CONTENTS, TIMEPERIOD, USERID, LOGDATE) VALUES ('S87C08070101', 'OBS_VALUE', 2000, 'SDGS', GETDATE());
INSERT INTO "CONTENTSTIME" (MAINTABLE, CONTENTS, TIMEPERIOD, USERID, LOGDATE) VALUES ('S87C08070101', 'OBS_VALUE', 2001, 'SDGS', GETDATE());
INSERT INTO "CONTENTSTIME" (MAINTABLE, CONTENTS, TIMEPERIOD, USERID, LOGDATE) VALUES ('S87C08070101', 'OBS_VALUE', 2002, 'SDGS', GETDATE());
INSERT INTO "CONTENTSTIME" (MAINTABLE, CONTENTS, TIMEPERIOD, USERID, LOGDATE) VALUES ('S87C08070101', 'OBS_VALUE', 2003, 'SDGS', GETDATE());
INSERT INTO "CONTENTSTIME" (MAINTABLE, CONTENTS, TIMEPERIOD, USERID, LOGDATE) VALUES ('S87C08070101', 'OBS_VALUE', 2004, 'SDGS', GETDATE());
INSERT INTO "CONTENTSTIME" (MAINTABLE, CONTENTS, TIMEPERIOD, USERID, LOGDATE) VALUES ('S87C08070101', 'OBS_VALUE', 2005, 'SDGS', GETDATE());
INSERT INTO "CONTENTSTIME" (MAINTABLE, CONTENTS, TIMEPERIOD, USERID, LOGDATE) VALUES ('S87C08070101', 'OBS_VALUE', 2006, 'SDGS', GETDATE());
INSERT INTO "CONTENTSTIME" (MAINTABLE, CONTENTS, TIMEPERIOD, USERID, LOGDATE) VALUES ('S87C08070101', 'OBS_VALUE', 2007, 'SDGS', GETDATE());
INSERT INTO "CONTENTSTIME" (MAINTABLE, CONTENTS, TIMEPERIOD, USERID, LOGDATE) VALUES ('S87C08070101', 'OBS_VALUE', 2008, 'SDGS', GETDATE());
INSERT INTO "CONTENTSTIME" (MAINTABLE, CONTENTS, TIMEPERIOD, USERID, LOGDATE) VALUES ('S87C08070101', 'OBS_VALUE', 2009, 'SDGS', GETDATE());
INSERT INTO "CONTENTSTIME" (MAINTABLE, CONTENTS, TIMEPERIOD, USERID, LOGDATE) VALUES ('S87C08070101', 'OBS_VALUE', 2010, 'SDGS', GETDATE());
INSERT INTO "CONTENTSTIME" (MAINTABLE, CONTENTS, TIMEPERIOD, USERID, LOGDATE) VALUES ('S87C08070101', 'OBS_VALUE', 2011, 'SDGS', GETDATE());
INSERT INTO "CONTENTSTIME" (MAINTABLE, CONTENTS, TIMEPERIOD, USERID, LOGDATE) VALUES ('S87C08070101', 'OBS_VALUE', 2012, 'SDGS', GETDATE());
INSERT INTO "CONTENTSTIME" (MAINTABLE, CONTENTS, TIMEPERIOD, USERID, LOGDATE) VALUES ('S87C08070101', 'OBS_VALUE', 2013, 'SDGS', GETDATE());
INSERT INTO "CONTENTSTIME" (MAINTABLE, CONTENTS, TIMEPERIOD, USERID, LOGDATE) VALUES ('S87C08070101', 'OBS_VALUE', 2014, 'SDGS', GETDATE());
INSERT INTO "CONTENTSTIME" (MAINTABLE, CONTENTS, TIMEPERIOD, USERID, LOGDATE) VALUES ('S87C08070101', 'OBS_VALUE', 2015, 'SDGS', GETDATE());
INSERT INTO "CONTENTSTIME" (MAINTABLE, CONTENTS, TIMEPERIOD, USERID, LOGDATE) VALUES ('S87C08070101', 'OBS_VALUE', 2016, 'SDGS', GETDATE());
INSERT INTO "CONTENTSTIME" (MAINTABLE, CONTENTS, TIMEPERIOD, USERID, LOGDATE) VALUES ('S87C08070101', 'OBS_VALUE', 2017, 'SDGS', GETDATE());
INSERT INTO "CONTENTSTIME" (MAINTABLE, CONTENTS, TIMEPERIOD, USERID, LOGDATE) VALUES ('S87C08070101', 'OBS_VALUE', 2018, 'SDGS', GETDATE());
INSERT INTO "VALUESET" (VALUESET, PRESTEXT, DESCRIPTION, ELIMINATION, VALUEPOOL, METAID, FOOTNOTE, USERID, LOGDATE, VALUEPRES, SORTCODEEXISTS) VALUES ('VSREF_AREA_C080701_01', 'Hmm', 'None', 'A', 'VPREF_AREA', '0', 'N', 'SDGS', GETDATE(), 'T', 'N');
INSERT INTO "VALUESET_ENG" (VALUESET, PRESTEXT, DESCRIPTION, USERID, LOGDATE) VALUES ('VSREF_AREA_C080701_01', 'Hmm', 'None', 'SDGS', GETDATE());
INSERT INTO "VSVALUE" (VALUESET, VALUEPOOL, VALUECODE, USERID, LOGDATE) VALUES ('VSREF_AREA_C080701_01', 'VPREF_AREA', '1', 'SDGS', GETDATE());
INSERT INTO "VSVALUE_ENG" (VALUESET, VALUEPOOL, VALUECODE, USERID, LOGDATE) VALUES ('VSREF_AREA_C080701_01', 'VPREF_AREA', '1', 'SDGS', GETDATE());
INSERT INTO "VSVALUE" (VALUESET, VALUEPOOL, VALUECODE, USERID, LOGDATE) VALUES ('VSREF_AREA_C080701_01', 'VPREF_AREA', '2', 'SDGS', GETDATE());
INSERT INTO "VSVALUE_ENG" (VALUESET, VALUEPOOL, VALUECODE, USERID, LOGDATE) VALUES ('VSREF_AREA_C080701_01', 'VPREF_AREA', '2', 'SDGS', GETDATE());
INSERT INTO "VSVALUE" (VALUESET, VALUEPOOL, VALUECODE, USERID, LOGDATE) VALUES ('VSREF_AREA_C080701_01', 'VPREF_AREA', '3', 'SDGS', GETDATE());
INSERT INTO "VSVALUE_ENG" (VALUESET, VALUEPOOL, VALUECODE, USERID, LOGDATE) VALUES ('VSREF_AREA_C080701_01', 'VPREF_AREA', '3', 'SDGS', GETDATE());
INSERT INTO "SUBTABLEVARIABLE" (MAINTABLE, SUBTABLE, VARIABLE, VALUESET, VARIABLETYPE, STORECOLUMNNO, USERID, LOGDATE) VALUES ('S87C08070101', '', 'REF_AREA', 'VSREF_AREA_C080701_01', 'V', '1', 'SDGS', GETDATE());
INSERT INTO "VALUESET" (VALUESET, PRESTEXT, DESCRIPTION, ELIMINATION, VALUEPOOL, METAID, FOOTNOTE, USERID, LOGDATE, VALUEPRES, SORTCODEEXISTS) VALUES ('VSSEX_C080701_01', 'Hmm', 'None', 'A', 'VPSEX', '0', 'N', 'SDGS', GETDATE(), 'T', 'N');
INSERT INTO "VALUESET_ENG" (VALUESET, PRESTEXT, DESCRIPTION, USERID, LOGDATE) VALUES ('VSSEX_C080701_01', 'Hmm', 'None', 'SDGS', GETDATE());
INSERT INTO "VSVALUE" (VALUESET, VALUEPOOL, VALUECODE, USERID, LOGDATE) VALUES ('VSSEX_C080701_01', 'VPSEX', 'M', 'SDGS', GETDATE());
INSERT INTO "VSVALUE_ENG" (VALUESET, VALUEPOOL, VALUECODE, USERID, LOGDATE) VALUES ('VSSEX_C080701_01', 'VPSEX', 'M', 'SDGS', GETDATE());
INSERT INTO "VSVALUE" (VALUESET, VALUEPOOL, VALUECODE, USERID, LOGDATE) VALUES ('VSSEX_C080701_01', 'VPSEX', 'F', 'SDGS', GETDATE());
INSERT INTO "VSVALUE_ENG" (VALUESET, VALUEPOOL, VALUECODE, USERID, LOGDATE) VALUES ('VSSEX_C080701_01', 'VPSEX', 'F', 'SDGS', GETDATE());
INSERT INTO "VSVALUE" (VALUESET, VALUEPOOL, VALUECODE, USERID, LOGDATE) VALUES ('VSSEX_C080701_01', 'VPSEX', '_T', 'SDGS', GETDATE());
INSERT INTO "VSVALUE_ENG" (VALUESET, VALUEPOOL, VALUECODE, USERID, LOGDATE) VALUES ('VSSEX_C080701_01', 'VPSEX', '_T', 'SDGS', GETDATE());
INSERT INTO "SUBTABLEVARIABLE" (MAINTABLE, SUBTABLE, VARIABLE, VALUESET, VARIABLETYPE, STORECOLUMNNO, USERID, LOGDATE) VALUES ('S87C08070101', '', 'SEX', 'VSSEX_C080701_01', 'V', '1', 'SDGS', GETDATE());
INSERT INTO "VALUESET" (VALUESET, PRESTEXT, DESCRIPTION, ELIMINATION, VALUEPOOL, METAID, FOOTNOTE, USERID, LOGDATE, VALUEPRES, SORTCODEEXISTS) VALUES ('VSAGE_C080701_01', 'Hmm', 'None', 'A', 'VPAGE', '0', 'N', 'SDGS', GETDATE(), 'T', 'N');
INSERT INTO "VALUESET_ENG" (VALUESET, PRESTEXT, DESCRIPTION, USERID, LOGDATE) VALUES ('VSAGE_C080701_01', 'Hmm', 'None', 'SDGS', GETDATE());
INSERT INTO "VSVALUE" (VALUESET, VALUEPOOL, VALUECODE, USERID, LOGDATE) VALUES ('VSAGE_C080701_01', 'VPAGE', '_T', 'SDGS', GETDATE());
INSERT INTO "VSVALUE_ENG" (VALUESET, VALUEPOOL, VALUECODE, USERID, LOGDATE) VALUES ('VSAGE_C080701_01', 'VPAGE', '_T', 'SDGS', GETDATE());
INSERT INTO "VSVALUE" (VALUESET, VALUEPOOL, VALUECODE, USERID, LOGDATE) VALUES ('VSAGE_C080701_01', 'VPAGE', 'Y10T14', 'SDGS', GETDATE());
INSERT INTO "VSVALUE_ENG" (VALUESET, VALUEPOOL, VALUECODE, USERID, LOGDATE) VALUES ('VSAGE_C080701_01', 'VPAGE', 'Y10T14', 'SDGS', GETDATE());
INSERT INTO "VSVALUE" (VALUESET, VALUEPOOL, VALUECODE, USERID, LOGDATE) VALUES ('VSAGE_C080701_01', 'VPAGE', 'Y10T17', 'SDGS', GETDATE());
INSERT INTO "VSVALUE_ENG" (VALUESET, VALUEPOOL, VALUECODE, USERID, LOGDATE) VALUES ('VSAGE_C080701_01', 'VPAGE', 'Y10T17', 'SDGS', GETDATE());
INSERT INTO "VSVALUE" (VALUESET, VALUEPOOL, VALUECODE, USERID, LOGDATE) VALUES ('VSAGE_C080701_01', 'VPAGE', 'Y15T17', 'SDGS', GETDATE());
INSERT INTO "VSVALUE_ENG" (VALUESET, VALUEPOOL, VALUECODE, USERID, LOGDATE) VALUES ('VSAGE_C080701_01', 'VPAGE', 'Y15T17', 'SDGS', GETDATE());
INSERT INTO "SUBTABLEVARIABLE" (MAINTABLE, SUBTABLE, VARIABLE, VALUESET, VARIABLETYPE, STORECOLUMNNO, USERID, LOGDATE) VALUES ('S87C08070101', '', 'AGE', 'VSAGE_C080701_01', 'V', '1', 'SDGS', GETDATE());
IF EXISTS (SELECT 1 FROM SYS.VIEWS WHERE NAME = 'S87C08070101' AND TYPE  = 'v') DROP VIEW S87C08070101;
GO
CREATE VIEW S87C08070101 AS SELECT * FROM INDICATORDATA WHERE SUBINDICATOR_CODE = 'C080701_01';
GO
INSERT INTO "MAINTABLE" (MAINTABLE, PRESTEXT, PRESTEXTS, PRESCATEGORY, TIMESCALE, USERID, LOGDATE, FIRSTPUBLISHED, TABLESTATUS, TABLEID, PRODUCTCODE, SPECCHAREXISTS, METAID, SUBJECTCODE, CONTENTSVARIABLE) VALUES  ('S89C08090101', 'code 8.9/C080901_01/C080901_01 - (%)?????? ?????? ???????? ??????? ???????? ????? ?? ????? ?????? ?????? ???????? ??? ???? ?????', 'SDGs Indicators', 'O', 'year', 'SDGS', GETDATE(), GETDATE(), 'A', 'S89C08090101', '001', 'N', '01', '01', 'ar: Sub Indicator');
INSERT INTO "MAINTABLE_ENG" (MAINTABLE, STATUS, PUBLISHED, PRESTEXT, PRESTEXTS, CONTENTSVARIABLE, USERID, LOGDATE) VALUES  ('S89C08090101', 'A', GETDATE(), 'code 8.9/C080901_01/C080901_01 - Tourism direct GDP as a proportion of total GDP and in growth rate (%)', 'SDGs Indicators', 'Sub Indicator', 'SDGS', GETDATE());
INSERT INTO "SECONDARYLANGUAGE" (MAINTABLE, LANGUAGE, COMPLETELYTRANSLATED,PUBLISHED, USERID, LOGDATE) VALUES  ('S89C08090101', 'en','Y', 'Y', 'SDGS', GETDATE());
INSERT INTO "CONTENTS" (MAINTABLE, CONTENTS, PRESTEXT, PRESCODE, COPYRIGHT, PRODUCER, LASTUPDATED, UNIT, PRESDECIMALS, PRESCELLSZERO, STOCKFA, DAYADJ, SEASADJ, FOOTNOTECONTENTS, FOOTNOTEVARIABLE, FOOTNOTEVALUE, STORECOLUMNNO, STOREFORMAT, STORENOCHAR, STOREDECIMALS, USERID, LOGDATE, PUBLISHED, PRESTEXTS, STATAUTHORITY, AGGREGPOSSIBLE, FOOTNOTETIME, METAID) VALUES  ('S89C08090101', 'OBS_VALUE', 'ar: Sustainable Development Goals - SDGs', 'DATA', '1', 'PCBS', GETDATE(), 'OBS_VALUE', '2', 'Y', 'F', 'N', 'N', 'N', 'N', 'N', '3', 'N', '17', '2', 'SDGS', GETDATE(), GETDATE(), 'C080901_01', 'PCBS', 'N', 'N', '01');
INSERT INTO "CONTENTS_ENG" (MAINTABLE, CONTENTS, PRESTEXT, UNIT, USERID, LOGDATE, PRESTEXTS, REFPERIOD, BASEPERIOD)  VALUES  ('S89C08090101', 'OBS_VALUE', 'Sustainable Development Goals - SDGs',  'OBS_VALUE', 'SDGS', GETDATE(), 'C080901_01', NULL,NULL);
INSERT INTO "SUBTABLE" (MAINTABLE, SUBTABLE, PRESTEXT, CLEANTABLE, USERID, LOGDATE) VALUES  ('S89C08090101', '', 'code 8.9/C080901_01/C080901_01 - (%)?????? ?????? ???????? ??????? ???????? ????? ?? ????? ?????? ?????? ???????? ??? ???? ?????', 'Y', 'SDGS', GETDATE());
INSERT INTO "SUBTABLE_ENG" (MAINTABLE, SUBTABLE, PRESTEXT, USERID, LOGDATE) VALUES  ('S89C08090101', '', 'code 8.9/C080901_01/C080901_01 - Tourism direct GDP as a proportion of total GDP and in growth rate (%)', 'SDGS', GETDATE());
INSERT INTO "SUBTABLEVARIABLE" (MAINTABLE, SUBTABLE, VARIABLE, VARIABLETYPE, STORECOLUMNNO, USERID, LOGDATE) VALUES ('S89C08090101', '', 'TIME_PERIOD', 'T', '1', 'SDGS', GETDATE());
INSERT INTO "CONTENTSTIME" (MAINTABLE, CONTENTS, TIMEPERIOD, USERID, LOGDATE) VALUES ('S89C08090101', 'OBS_VALUE', 2000, 'SDGS', GETDATE());
INSERT INTO "CONTENTSTIME" (MAINTABLE, CONTENTS, TIMEPERIOD, USERID, LOGDATE) VALUES ('S89C08090101', 'OBS_VALUE', 2002, 'SDGS', GETDATE());
INSERT INTO "CONTENTSTIME" (MAINTABLE, CONTENTS, TIMEPERIOD, USERID, LOGDATE) VALUES ('S89C08090101', 'OBS_VALUE', 2007, 'SDGS', GETDATE());
INSERT INTO "CONTENTSTIME" (MAINTABLE, CONTENTS, TIMEPERIOD, USERID, LOGDATE) VALUES ('S89C08090101', 'OBS_VALUE', 2009, 'SDGS', GETDATE());
INSERT INTO "CONTENTSTIME" (MAINTABLE, CONTENTS, TIMEPERIOD, USERID, LOGDATE) VALUES ('S89C08090101', 'OBS_VALUE', 2010, 'SDGS', GETDATE());
INSERT INTO "CONTENTSTIME" (MAINTABLE, CONTENTS, TIMEPERIOD, USERID, LOGDATE) VALUES ('S89C08090101', 'OBS_VALUE', 2011, 'SDGS', GETDATE());
INSERT INTO "CONTENTSTIME" (MAINTABLE, CONTENTS, TIMEPERIOD, USERID, LOGDATE) VALUES ('S89C08090101', 'OBS_VALUE', 2012, 'SDGS', GETDATE());
INSERT INTO "CONTENTSTIME" (MAINTABLE, CONTENTS, TIMEPERIOD, USERID, LOGDATE) VALUES ('S89C08090101', 'OBS_VALUE', 2013, 'SDGS', GETDATE());
INSERT INTO "CONTENTSTIME" (MAINTABLE, CONTENTS, TIMEPERIOD, USERID, LOGDATE) VALUES ('S89C08090101', 'OBS_VALUE', 2014, 'SDGS', GETDATE());
INSERT INTO "CONTENTSTIME" (MAINTABLE, CONTENTS, TIMEPERIOD, USERID, LOGDATE) VALUES ('S89C08090101', 'OBS_VALUE', 2015, 'SDGS', GETDATE());
INSERT INTO "CONTENTSTIME" (MAINTABLE, CONTENTS, TIMEPERIOD, USERID, LOGDATE) VALUES ('S89C08090101', 'OBS_VALUE', 2016, 'SDGS', GETDATE());
INSERT INTO "CONTENTSTIME" (MAINTABLE, CONTENTS, TIMEPERIOD, USERID, LOGDATE) VALUES ('S89C08090101', 'OBS_VALUE', 2017, 'SDGS', GETDATE());
INSERT INTO "CONTENTSTIME" (MAINTABLE, CONTENTS, TIMEPERIOD, USERID, LOGDATE) VALUES ('S89C08090101', 'OBS_VALUE', 2018, 'SDGS', GETDATE());
INSERT INTO "CONTENTSTIME" (MAINTABLE, CONTENTS, TIMEPERIOD, USERID, LOGDATE) VALUES ('S89C08090101', 'OBS_VALUE', 2019, 'SDGS', GETDATE());
INSERT INTO "VALUESET" (VALUESET, PRESTEXT, DESCRIPTION, ELIMINATION, VALUEPOOL, METAID, FOOTNOTE, USERID, LOGDATE, VALUEPRES, SORTCODEEXISTS) VALUES ('VSREF_AREA_C080901_01', 'Hmm', 'None', 'A', 'VPREF_AREA', '0', 'N', 'SDGS', GETDATE(), 'T', 'N');
INSERT INTO "VALUESET_ENG" (VALUESET, PRESTEXT, DESCRIPTION, USERID, LOGDATE) VALUES ('VSREF_AREA_C080901_01', 'Hmm', 'None', 'SDGS', GETDATE());
INSERT INTO "VSVALUE" (VALUESET, VALUEPOOL, VALUECODE, USERID, LOGDATE) VALUES ('VSREF_AREA_C080901_01', 'VPREF_AREA', '1', 'SDGS', GETDATE());
INSERT INTO "VSVALUE_ENG" (VALUESET, VALUEPOOL, VALUECODE, USERID, LOGDATE) VALUES ('VSREF_AREA_C080901_01', 'VPREF_AREA', '1', 'SDGS', GETDATE());
INSERT INTO "VSVALUE" (VALUESET, VALUEPOOL, VALUECODE, USERID, LOGDATE) VALUES ('VSREF_AREA_C080901_01', 'VPREF_AREA', '2', 'SDGS', GETDATE());
INSERT INTO "VSVALUE_ENG" (VALUESET, VALUEPOOL, VALUECODE, USERID, LOGDATE) VALUES ('VSREF_AREA_C080901_01', 'VPREF_AREA', '2', 'SDGS', GETDATE());
INSERT INTO "VSVALUE" (VALUESET, VALUEPOOL, VALUECODE, USERID, LOGDATE) VALUES ('VSREF_AREA_C080901_01', 'VPREF_AREA', '3', 'SDGS', GETDATE());
INSERT INTO "VSVALUE_ENG" (VALUESET, VALUEPOOL, VALUECODE, USERID, LOGDATE) VALUES ('VSREF_AREA_C080901_01', 'VPREF_AREA', '3', 'SDGS', GETDATE());
INSERT INTO "SUBTABLEVARIABLE" (MAINTABLE, SUBTABLE, VARIABLE, VALUESET, VARIABLETYPE, STORECOLUMNNO, USERID, LOGDATE) VALUES ('S89C08090101', '', 'REF_AREA', 'VSREF_AREA_C080901_01', 'V', '1', 'SDGS', GETDATE());
IF EXISTS (SELECT 1 FROM SYS.VIEWS WHERE NAME = 'S89C08090101' AND TYPE  = 'v') DROP VIEW S89C08090101;
GO
CREATE VIEW S89C08090101 AS SELECT * FROM INDICATORDATA WHERE SUBINDICATOR_CODE = 'C080901_01';
GO
INSERT INTO "MAINTABLE" (MAINTABLE, PRESTEXT, PRESTEXTS, PRESCATEGORY, TIMESCALE, USERID, LOGDATE, FIRSTPUBLISHED, TABLESTATUS, TABLEID, PRODUCTCODE, SPECCHAREXISTS, METAID, SUBJECTCODE, CONTENTSVARIABLE) VALUES  ('S8aC080a0101', 'code 8.a/C080a01_01/C080a01_01 - ?????? ???????? ??????? ?? ??? ???????  ??????? (??? ????  ?????????)', 'SDGs Indicators', 'O', 'year', 'SDGS', GETDATE(), GETDATE(), 'A', 'S8aC080a0101', '001', 'N', '01', '01', 'ar: Sub Indicator');
INSERT INTO "MAINTABLE_ENG" (MAINTABLE, STATUS, PUBLISHED, PRESTEXT, PRESTEXTS, CONTENTSVARIABLE, USERID, LOGDATE) VALUES  ('S8aC080a0101', 'A', GETDATE(), 'code 8.a/C080a01_01/C080a01_01 - Total official flows (commitments) for Aid for Trade, by donor countries (millions of constant 2016 United States dollars)', 'SDGs Indicators', 'Sub Indicator', 'SDGS', GETDATE());
INSERT INTO "SECONDARYLANGUAGE" (MAINTABLE, LANGUAGE, COMPLETELYTRANSLATED,PUBLISHED, USERID, LOGDATE) VALUES  ('S8aC080a0101', 'en','Y', 'Y', 'SDGS', GETDATE());
INSERT INTO "CONTENTS" (MAINTABLE, CONTENTS, PRESTEXT, PRESCODE, COPYRIGHT, PRODUCER, LASTUPDATED, UNIT, PRESDECIMALS, PRESCELLSZERO, STOCKFA, DAYADJ, SEASADJ, FOOTNOTECONTENTS, FOOTNOTEVARIABLE, FOOTNOTEVALUE, STORECOLUMNNO, STOREFORMAT, STORENOCHAR, STOREDECIMALS, USERID, LOGDATE, PUBLISHED, PRESTEXTS, STATAUTHORITY, AGGREGPOSSIBLE, FOOTNOTETIME, METAID) VALUES  ('S8aC080a0101', 'OBS_VALUE', 'ar: Sustainable Development Goals - SDGs', 'DATA', '1', 'PCBS', GETDATE(), 'OBS_VALUE', '2', 'Y', 'F', 'N', 'N', 'N', 'N', 'N', '3', 'N', '17', '2', 'SDGS', GETDATE(), GETDATE(), 'C080a01_01', 'PCBS', 'N', 'N', '01');
INSERT INTO "CONTENTS_ENG" (MAINTABLE, CONTENTS, PRESTEXT, UNIT, USERID, LOGDATE, PRESTEXTS, REFPERIOD, BASEPERIOD)  VALUES  ('S8aC080a0101', 'OBS_VALUE', 'Sustainable Development Goals - SDGs',  'OBS_VALUE', 'SDGS', GETDATE(), 'C080a01_01', NULL,NULL);
INSERT INTO "SUBTABLE" (MAINTABLE, SUBTABLE, PRESTEXT, CLEANTABLE, USERID, LOGDATE) VALUES  ('S8aC080a0101', '', 'code 8.a/C080a01_01/C080a01_01 - ?????? ???????? ??????? ?? ??? ???????  ??????? (??? ????  ?????????)', 'Y', 'SDGS', GETDATE());
INSERT INTO "SUBTABLE_ENG" (MAINTABLE, SUBTABLE, PRESTEXT, USERID, LOGDATE) VALUES  ('S8aC080a0101', '', 'code 8.a/C080a01_01/C080a01_01 - Total official flows (commitments) for Aid for Trade, by donor countries (millions of constant 2016 United States dollars)', 'SDGS', GETDATE());
INSERT INTO "SUBTABLEVARIABLE" (MAINTABLE, SUBTABLE, VARIABLE, VARIABLETYPE, STORECOLUMNNO, USERID, LOGDATE) VALUES ('S8aC080a0101', '', 'TIME_PERIOD', 'T', '1', 'SDGS', GETDATE());
INSERT INTO "CONTENTSTIME" (MAINTABLE, CONTENTS, TIMEPERIOD, USERID, LOGDATE) VALUES ('S8aC080a0101', 'OBS_VALUE', 2005, 'SDGS', GETDATE());
INSERT INTO "CONTENTSTIME" (MAINTABLE, CONTENTS, TIMEPERIOD, USERID, LOGDATE) VALUES ('S8aC080a0101', 'OBS_VALUE', 2006, 'SDGS', GETDATE());
INSERT INTO "CONTENTSTIME" (MAINTABLE, CONTENTS, TIMEPERIOD, USERID, LOGDATE) VALUES ('S8aC080a0101', 'OBS_VALUE', 2007, 'SDGS', GETDATE());
INSERT INTO "CONTENTSTIME" (MAINTABLE, CONTENTS, TIMEPERIOD, USERID, LOGDATE) VALUES ('S8aC080a0101', 'OBS_VALUE', 2008, 'SDGS', GETDATE());
INSERT INTO "CONTENTSTIME" (MAINTABLE, CONTENTS, TIMEPERIOD, USERID, LOGDATE) VALUES ('S8aC080a0101', 'OBS_VALUE', 2009, 'SDGS', GETDATE());
INSERT INTO "CONTENTSTIME" (MAINTABLE, CONTENTS, TIMEPERIOD, USERID, LOGDATE) VALUES ('S8aC080a0101', 'OBS_VALUE', 2010, 'SDGS', GETDATE());
INSERT INTO "CONTENTSTIME" (MAINTABLE, CONTENTS, TIMEPERIOD, USERID, LOGDATE) VALUES ('S8aC080a0101', 'OBS_VALUE', 2011, 'SDGS', GETDATE());
INSERT INTO "CONTENTSTIME" (MAINTABLE, CONTENTS, TIMEPERIOD, USERID, LOGDATE) VALUES ('S8aC080a0101', 'OBS_VALUE', 2012, 'SDGS', GETDATE());
INSERT INTO "CONTENTSTIME" (MAINTABLE, CONTENTS, TIMEPERIOD, USERID, LOGDATE) VALUES ('S8aC080a0101', 'OBS_VALUE', 2013, 'SDGS', GETDATE());
INSERT INTO "CONTENTSTIME" (MAINTABLE, CONTENTS, TIMEPERIOD, USERID, LOGDATE) VALUES ('S8aC080a0101', 'OBS_VALUE', 2014, 'SDGS', GETDATE());
INSERT INTO "CONTENTSTIME" (MAINTABLE, CONTENTS, TIMEPERIOD, USERID, LOGDATE) VALUES ('S8aC080a0101', 'OBS_VALUE', 2015, 'SDGS', GETDATE());
INSERT INTO "CONTENTSTIME" (MAINTABLE, CONTENTS, TIMEPERIOD, USERID, LOGDATE) VALUES ('S8aC080a0101', 'OBS_VALUE', 2016, 'SDGS', GETDATE());
INSERT INTO "CONTENTSTIME" (MAINTABLE, CONTENTS, TIMEPERIOD, USERID, LOGDATE) VALUES ('S8aC080a0101', 'OBS_VALUE', 2017, 'SDGS', GETDATE());
INSERT INTO "CONTENTSTIME" (MAINTABLE, CONTENTS, TIMEPERIOD, USERID, LOGDATE) VALUES ('S8aC080a0101', 'OBS_VALUE', 2018, 'SDGS', GETDATE());
IF EXISTS (SELECT 1 FROM SYS.VIEWS WHERE NAME = 'S8aC080a0101' AND TYPE  = 'v') DROP VIEW S8aC080a0101;
GO
CREATE VIEW S8aC080a0101 AS SELECT * FROM INDICATORDATA WHERE SUBINDICATOR_CODE = 'C080a01_01';
GO
INSERT INTO "MAINTABLE" (MAINTABLE, PRESTEXT, PRESTEXTS, PRESCATEGORY, TIMESCALE, USERID, LOGDATE, FIRSTPUBLISHED, TABLESTATUS, TABLEID, PRODUCTCODE, SPECCHAREXISTS, METAID, SUBJECTCODE, CONTENTSVARIABLE) VALUES  ('S8aC080a0102', 'code 8.a/C080a01_02/C080a01_02 - ?????? ???????? ??????? ?? ??? ???????  ??????? (??? ??????  ??????)', 'SDGs Indicators', 'O', 'year', 'SDGS', GETDATE(), GETDATE(), 'A', 'S8aC080a0102', '001', 'N', '01', '01', 'ar: Sub Indicator');
INSERT INTO "MAINTABLE_ENG" (MAINTABLE, STATUS, PUBLISHED, PRESTEXT, PRESTEXTS, CONTENTSVARIABLE, USERID, LOGDATE) VALUES  ('S8aC080a0102', 'A', GETDATE(), 'code 8.a/C080a01_02/C080a01_02 - Total official flows (disbursement) for Aid for Trade, by donor countries (millions of constant 2016 United States dollars)', 'SDGs Indicators', 'Sub Indicator', 'SDGS', GETDATE());
INSERT INTO "SECONDARYLANGUAGE" (MAINTABLE, LANGUAGE, COMPLETELYTRANSLATED,PUBLISHED, USERID, LOGDATE) VALUES  ('S8aC080a0102', 'en','Y', 'Y', 'SDGS', GETDATE());
INSERT INTO "CONTENTS" (MAINTABLE, CONTENTS, PRESTEXT, PRESCODE, COPYRIGHT, PRODUCER, LASTUPDATED, UNIT, PRESDECIMALS, PRESCELLSZERO, STOCKFA, DAYADJ, SEASADJ, FOOTNOTECONTENTS, FOOTNOTEVARIABLE, FOOTNOTEVALUE, STORECOLUMNNO, STOREFORMAT, STORENOCHAR, STOREDECIMALS, USERID, LOGDATE, PUBLISHED, PRESTEXTS, STATAUTHORITY, AGGREGPOSSIBLE, FOOTNOTETIME, METAID) VALUES  ('S8aC080a0102', 'OBS_VALUE', 'ar: Sustainable Development Goals - SDGs', 'DATA', '1', 'PCBS', GETDATE(), 'OBS_VALUE', '2', 'Y', 'F', 'N', 'N', 'N', 'N', 'N', '3', 'N', '17', '2', 'SDGS', GETDATE(), GETDATE(), 'C080a01_02', 'PCBS', 'N', 'N', '01');
INSERT INTO "CONTENTS_ENG" (MAINTABLE, CONTENTS, PRESTEXT, UNIT, USERID, LOGDATE, PRESTEXTS, REFPERIOD, BASEPERIOD)  VALUES  ('S8aC080a0102', 'OBS_VALUE', 'Sustainable Development Goals - SDGs',  'OBS_VALUE', 'SDGS', GETDATE(), 'C080a01_02', NULL,NULL);
INSERT INTO "SUBTABLE" (MAINTABLE, SUBTABLE, PRESTEXT, CLEANTABLE, USERID, LOGDATE) VALUES  ('S8aC080a0102', '', 'code 8.a/C080a01_02/C080a01_02 - ?????? ???????? ??????? ?? ??? ???????  ??????? (??? ??????  ??????)', 'Y', 'SDGS', GETDATE());
INSERT INTO "SUBTABLE_ENG" (MAINTABLE, SUBTABLE, PRESTEXT, USERID, LOGDATE) VALUES  ('S8aC080a0102', '', 'code 8.a/C080a01_02/C080a01_02 - Total official flows (disbursement) for Aid for Trade, by donor countries (millions of constant 2016 United States dollars)', 'SDGS', GETDATE());
INSERT INTO "SUBTABLEVARIABLE" (MAINTABLE, SUBTABLE, VARIABLE, VARIABLETYPE, STORECOLUMNNO, USERID, LOGDATE) VALUES ('S8aC080a0102', '', 'TIME_PERIOD', 'T', '1', 'SDGS', GETDATE());
INSERT INTO "CONTENTSTIME" (MAINTABLE, CONTENTS, TIMEPERIOD, USERID, LOGDATE) VALUES ('S8aC080a0102', 'OBS_VALUE', 2006, 'SDGS', GETDATE());
INSERT INTO "CONTENTSTIME" (MAINTABLE, CONTENTS, TIMEPERIOD, USERID, LOGDATE) VALUES ('S8aC080a0102', 'OBS_VALUE', 2007, 'SDGS', GETDATE());
INSERT INTO "CONTENTSTIME" (MAINTABLE, CONTENTS, TIMEPERIOD, USERID, LOGDATE) VALUES ('S8aC080a0102', 'OBS_VALUE', 2008, 'SDGS', GETDATE());
INSERT INTO "CONTENTSTIME" (MAINTABLE, CONTENTS, TIMEPERIOD, USERID, LOGDATE) VALUES ('S8aC080a0102', 'OBS_VALUE', 2009, 'SDGS', GETDATE());
INSERT INTO "CONTENTSTIME" (MAINTABLE, CONTENTS, TIMEPERIOD, USERID, LOGDATE) VALUES ('S8aC080a0102', 'OBS_VALUE', 2010, 'SDGS', GETDATE());
INSERT INTO "CONTENTSTIME" (MAINTABLE, CONTENTS, TIMEPERIOD, USERID, LOGDATE) VALUES ('S8aC080a0102', 'OBS_VALUE', 2011, 'SDGS', GETDATE());
INSERT INTO "CONTENTSTIME" (MAINTABLE, CONTENTS, TIMEPERIOD, USERID, LOGDATE) VALUES ('S8aC080a0102', 'OBS_VALUE', 2012, 'SDGS', GETDATE());
INSERT INTO "CONTENTSTIME" (MAINTABLE, CONTENTS, TIMEPERIOD, USERID, LOGDATE) VALUES ('S8aC080a0102', 'OBS_VALUE', 2013, 'SDGS', GETDATE());
INSERT INTO "CONTENTSTIME" (MAINTABLE, CONTENTS, TIMEPERIOD, USERID, LOGDATE) VALUES ('S8aC080a0102', 'OBS_VALUE', 2014, 'SDGS', GETDATE());
INSERT INTO "CONTENTSTIME" (MAINTABLE, CONTENTS, TIMEPERIOD, USERID, LOGDATE) VALUES ('S8aC080a0102', 'OBS_VALUE', 2015, 'SDGS', GETDATE());
INSERT INTO "CONTENTSTIME" (MAINTABLE, CONTENTS, TIMEPERIOD, USERID, LOGDATE) VALUES ('S8aC080a0102', 'OBS_VALUE', 2016, 'SDGS', GETDATE());
INSERT INTO "CONTENTSTIME" (MAINTABLE, CONTENTS, TIMEPERIOD, USERID, LOGDATE) VALUES ('S8aC080a0102', 'OBS_VALUE', 2017, 'SDGS', GETDATE());
INSERT INTO "CONTENTSTIME" (MAINTABLE, CONTENTS, TIMEPERIOD, USERID, LOGDATE) VALUES ('S8aC080a0102', 'OBS_VALUE', 2018, 'SDGS', GETDATE());
IF EXISTS (SELECT 1 FROM SYS.VIEWS WHERE NAME = 'S8aC080a0102' AND TYPE  = 'v') DROP VIEW S8aC080a0102;
GO
CREATE VIEW S8aC080a0102 AS SELECT * FROM INDICATORDATA WHERE SUBINDICATOR_CODE = 'C080a01_02';
GO
INSERT INTO "MAINTABLE" (MAINTABLE, PRESTEXT, PRESTEXTS, PRESCATEGORY, TIMESCALE, USERID, LOGDATE, FIRSTPUBLISHED, TABLESTATUS, TABLEID, PRODUCTCODE, SPECCHAREXISTS, METAID, SUBJECTCODE, CONTENTSVARIABLE) VALUES  ('S92C09020101', 'code 9.2/C090201_01/C090201_01 - (%)?????? ??????? ?? ??????? ????????? ????? ?? ?????? ?????? ????????', 'SDGs Indicators', 'O', 'year', 'SDGS', GETDATE(), GETDATE(), 'A', 'S92C09020101', '001', 'N', '01', '01', 'ar: Sub Indicator');
INSERT INTO "MAINTABLE_ENG" (MAINTABLE, STATUS, PUBLISHED, PRESTEXT, PRESTEXTS, CONTENTSVARIABLE, USERID, LOGDATE) VALUES  ('S92C09020101', 'A', GETDATE(), 'code 9.2/C090201_01/C090201_01 - Manufacturing value added as a proportion of GDP (%)', 'SDGs Indicators', 'Sub Indicator', 'SDGS', GETDATE());
INSERT INTO "SECONDARYLANGUAGE" (MAINTABLE, LANGUAGE, COMPLETELYTRANSLATED,PUBLISHED, USERID, LOGDATE) VALUES  ('S92C09020101', 'en','Y', 'Y', 'SDGS', GETDATE());
INSERT INTO "CONTENTS" (MAINTABLE, CONTENTS, PRESTEXT, PRESCODE, COPYRIGHT, PRODUCER, LASTUPDATED, UNIT, PRESDECIMALS, PRESCELLSZERO, STOCKFA, DAYADJ, SEASADJ, FOOTNOTECONTENTS, FOOTNOTEVARIABLE, FOOTNOTEVALUE, STORECOLUMNNO, STOREFORMAT, STORENOCHAR, STOREDECIMALS, USERID, LOGDATE, PUBLISHED, PRESTEXTS, STATAUTHORITY, AGGREGPOSSIBLE, FOOTNOTETIME, METAID) VALUES  ('S92C09020101', 'OBS_VALUE', 'ar: Sustainable Development Goals - SDGs', 'DATA', '1', 'PCBS', GETDATE(), 'OBS_VALUE', '2', 'Y', 'F', 'N', 'N', 'N', 'N', 'N', '3', 'N', '17', '2', 'SDGS', GETDATE(), GETDATE(), 'C090201_01', 'PCBS', 'N', 'N', '01');
INSERT INTO "CONTENTS_ENG" (MAINTABLE, CONTENTS, PRESTEXT, UNIT, USERID, LOGDATE, PRESTEXTS, REFPERIOD, BASEPERIOD)  VALUES  ('S92C09020101', 'OBS_VALUE', 'Sustainable Development Goals - SDGs',  'OBS_VALUE', 'SDGS', GETDATE(), 'C090201_01', NULL,NULL);
INSERT INTO "SUBTABLE" (MAINTABLE, SUBTABLE, PRESTEXT, CLEANTABLE, USERID, LOGDATE) VALUES  ('S92C09020101', '', 'code 9.2/C090201_01/C090201_01 - (%)?????? ??????? ?? ??????? ????????? ????? ?? ?????? ?????? ????????', 'Y', 'SDGS', GETDATE());
INSERT INTO "SUBTABLE_ENG" (MAINTABLE, SUBTABLE, PRESTEXT, USERID, LOGDATE) VALUES  ('S92C09020101', '', 'code 9.2/C090201_01/C090201_01 - Manufacturing value added as a proportion of GDP (%)', 'SDGS', GETDATE());
INSERT INTO "SUBTABLEVARIABLE" (MAINTABLE, SUBTABLE, VARIABLE, VARIABLETYPE, STORECOLUMNNO, USERID, LOGDATE) VALUES ('S92C09020101', '', 'TIME_PERIOD', 'T', '1', 'SDGS', GETDATE());
INSERT INTO "CONTENTSTIME" (MAINTABLE, CONTENTS, TIMEPERIOD, USERID, LOGDATE) VALUES ('S92C09020101', 'OBS_VALUE', 2000, 'SDGS', GETDATE());
INSERT INTO "CONTENTSTIME" (MAINTABLE, CONTENTS, TIMEPERIOD, USERID, LOGDATE) VALUES ('S92C09020101', 'OBS_VALUE', 2001, 'SDGS', GETDATE());
INSERT INTO "CONTENTSTIME" (MAINTABLE, CONTENTS, TIMEPERIOD, USERID, LOGDATE) VALUES ('S92C09020101', 'OBS_VALUE', 2002, 'SDGS', GETDATE());
INSERT INTO "CONTENTSTIME" (MAINTABLE, CONTENTS, TIMEPERIOD, USERID, LOGDATE) VALUES ('S92C09020101', 'OBS_VALUE', 2003, 'SDGS', GETDATE());
INSERT INTO "CONTENTSTIME" (MAINTABLE, CONTENTS, TIMEPERIOD, USERID, LOGDATE) VALUES ('S92C09020101', 'OBS_VALUE', 2004, 'SDGS', GETDATE());
INSERT INTO "CONTENTSTIME" (MAINTABLE, CONTENTS, TIMEPERIOD, USERID, LOGDATE) VALUES ('S92C09020101', 'OBS_VALUE', 2005, 'SDGS', GETDATE());
INSERT INTO "CONTENTSTIME" (MAINTABLE, CONTENTS, TIMEPERIOD, USERID, LOGDATE) VALUES ('S92C09020101', 'OBS_VALUE', 2006, 'SDGS', GETDATE());
INSERT INTO "CONTENTSTIME" (MAINTABLE, CONTENTS, TIMEPERIOD, USERID, LOGDATE) VALUES ('S92C09020101', 'OBS_VALUE', 2007, 'SDGS', GETDATE());
INSERT INTO "CONTENTSTIME" (MAINTABLE, CONTENTS, TIMEPERIOD, USERID, LOGDATE) VALUES ('S92C09020101', 'OBS_VALUE', 2008, 'SDGS', GETDATE());
INSERT INTO "CONTENTSTIME" (MAINTABLE, CONTENTS, TIMEPERIOD, USERID, LOGDATE) VALUES ('S92C09020101', 'OBS_VALUE', 2009, 'SDGS', GETDATE());
INSERT INTO "CONTENTSTIME" (MAINTABLE, CONTENTS, TIMEPERIOD, USERID, LOGDATE) VALUES ('S92C09020101', 'OBS_VALUE', 2010, 'SDGS', GETDATE());
INSERT INTO "CONTENTSTIME" (MAINTABLE, CONTENTS, TIMEPERIOD, USERID, LOGDATE) VALUES ('S92C09020101', 'OBS_VALUE', 2011, 'SDGS', GETDATE());
INSERT INTO "CONTENTSTIME" (MAINTABLE, CONTENTS, TIMEPERIOD, USERID, LOGDATE) VALUES ('S92C09020101', 'OBS_VALUE', 2012, 'SDGS', GETDATE());
INSERT INTO "CONTENTSTIME" (MAINTABLE, CONTENTS, TIMEPERIOD, USERID, LOGDATE) VALUES ('S92C09020101', 'OBS_VALUE', 2013, 'SDGS', GETDATE());
INSERT INTO "CONTENTSTIME" (MAINTABLE, CONTENTS, TIMEPERIOD, USERID, LOGDATE) VALUES ('S92C09020101', 'OBS_VALUE', 2014, 'SDGS', GETDATE());
INSERT INTO "CONTENTSTIME" (MAINTABLE, CONTENTS, TIMEPERIOD, USERID, LOGDATE) VALUES ('S92C09020101', 'OBS_VALUE', 2015, 'SDGS', GETDATE());
INSERT INTO "CONTENTSTIME" (MAINTABLE, CONTENTS, TIMEPERIOD, USERID, LOGDATE) VALUES ('S92C09020101', 'OBS_VALUE', 2016, 'SDGS', GETDATE());
INSERT INTO "CONTENTSTIME" (MAINTABLE, CONTENTS, TIMEPERIOD, USERID, LOGDATE) VALUES ('S92C09020101', 'OBS_VALUE', 2017, 'SDGS', GETDATE());
INSERT INTO "CONTENTSTIME" (MAINTABLE, CONTENTS, TIMEPERIOD, USERID, LOGDATE) VALUES ('S92C09020101', 'OBS_VALUE', 2018, 'SDGS', GETDATE());
INSERT INTO "CONTENTSTIME" (MAINTABLE, CONTENTS, TIMEPERIOD, USERID, LOGDATE) VALUES ('S92C09020101', 'OBS_VALUE', 2019, 'SDGS', GETDATE());
INSERT INTO "VALUESET" (VALUESET, PRESTEXT, DESCRIPTION, ELIMINATION, VALUEPOOL, METAID, FOOTNOTE, USERID, LOGDATE, VALUEPRES, SORTCODEEXISTS) VALUES ('VSREF_AREA_C090201_01', 'Hmm', 'None', 'A', 'VPREF_AREA', '0', 'N', 'SDGS', GETDATE(), 'T', 'N');
INSERT INTO "VALUESET_ENG" (VALUESET, PRESTEXT, DESCRIPTION, USERID, LOGDATE) VALUES ('VSREF_AREA_C090201_01', 'Hmm', 'None', 'SDGS', GETDATE());
INSERT INTO "VSVALUE" (VALUESET, VALUEPOOL, VALUECODE, USERID, LOGDATE) VALUES ('VSREF_AREA_C090201_01', 'VPREF_AREA', '1', 'SDGS', GETDATE());
INSERT INTO "VSVALUE_ENG" (VALUESET, VALUEPOOL, VALUECODE, USERID, LOGDATE) VALUES ('VSREF_AREA_C090201_01', 'VPREF_AREA', '1', 'SDGS', GETDATE());
INSERT INTO "VSVALUE" (VALUESET, VALUEPOOL, VALUECODE, USERID, LOGDATE) VALUES ('VSREF_AREA_C090201_01', 'VPREF_AREA', '2', 'SDGS', GETDATE());
INSERT INTO "VSVALUE_ENG" (VALUESET, VALUEPOOL, VALUECODE, USERID, LOGDATE) VALUES ('VSREF_AREA_C090201_01', 'VPREF_AREA', '2', 'SDGS', GETDATE());
INSERT INTO "VSVALUE" (VALUESET, VALUEPOOL, VALUECODE, USERID, LOGDATE) VALUES ('VSREF_AREA_C090201_01', 'VPREF_AREA', '3', 'SDGS', GETDATE());
INSERT INTO "VSVALUE_ENG" (VALUESET, VALUEPOOL, VALUECODE, USERID, LOGDATE) VALUES ('VSREF_AREA_C090201_01', 'VPREF_AREA', '3', 'SDGS', GETDATE());
INSERT INTO "SUBTABLEVARIABLE" (MAINTABLE, SUBTABLE, VARIABLE, VALUESET, VARIABLETYPE, STORECOLUMNNO, USERID, LOGDATE) VALUES ('S92C09020101', '', 'REF_AREA', 'VSREF_AREA_C090201_01', 'V', '1', 'SDGS', GETDATE());
IF EXISTS (SELECT 1 FROM SYS.VIEWS WHERE NAME = 'S92C09020101' AND TYPE  = 'v') DROP VIEW S92C09020101;
GO
CREATE VIEW S92C09020101 AS SELECT * FROM INDICATORDATA WHERE SUBINDICATOR_CODE = 'C090201_01';
GO
INSERT INTO "MAINTABLE" (MAINTABLE, PRESTEXT, PRESTEXTS, PRESCATEGORY, TIMESCALE, USERID, LOGDATE, FIRSTPUBLISHED, TABLESTATUS, TABLEID, PRODUCTCODE, SPECCHAREXISTS, METAID, SUBJECTCODE, CONTENTSVARIABLE) VALUES  ('S92C09020108', 'code 9.2/C090201_08/C090201_08 - (%)?????? ??????? ?? ??????? ????????? ??? ???? ?????', 'SDGs Indicators', 'O', 'year', 'SDGS', GETDATE(), GETDATE(), 'A', 'S92C09020108', '001', 'N', '01', '01', 'ar: Sub Indicator');
INSERT INTO "MAINTABLE_ENG" (MAINTABLE, STATUS, PUBLISHED, PRESTEXT, PRESTEXTS, CONTENTSVARIABLE, USERID, LOGDATE) VALUES  ('S92C09020108', 'A', GETDATE(), 'code 9.2/C090201_08/C090201_08 - Manufacturing value added  per capita (%)', 'SDGs Indicators', 'Sub Indicator', 'SDGS', GETDATE());
INSERT INTO "SECONDARYLANGUAGE" (MAINTABLE, LANGUAGE, COMPLETELYTRANSLATED,PUBLISHED, USERID, LOGDATE) VALUES  ('S92C09020108', 'en','Y', 'Y', 'SDGS', GETDATE());
INSERT INTO "CONTENTS" (MAINTABLE, CONTENTS, PRESTEXT, PRESCODE, COPYRIGHT, PRODUCER, LASTUPDATED, UNIT, PRESDECIMALS, PRESCELLSZERO, STOCKFA, DAYADJ, SEASADJ, FOOTNOTECONTENTS, FOOTNOTEVARIABLE, FOOTNOTEVALUE, STORECOLUMNNO, STOREFORMAT, STORENOCHAR, STOREDECIMALS, USERID, LOGDATE, PUBLISHED, PRESTEXTS, STATAUTHORITY, AGGREGPOSSIBLE, FOOTNOTETIME, METAID) VALUES  ('S92C09020108', 'OBS_VALUE', 'ar: Sustainable Development Goals - SDGs', 'DATA', '1', 'PCBS', GETDATE(), 'OBS_VALUE', '2', 'Y', 'F', 'N', 'N', 'N', 'N', 'N', '3', 'N', '17', '2', 'SDGS', GETDATE(), GETDATE(), 'C090201_08', 'PCBS', 'N', 'N', '01');
INSERT INTO "CONTENTS_ENG" (MAINTABLE, CONTENTS, PRESTEXT, UNIT, USERID, LOGDATE, PRESTEXTS, REFPERIOD, BASEPERIOD)  VALUES  ('S92C09020108', 'OBS_VALUE', 'Sustainable Development Goals - SDGs',  'OBS_VALUE', 'SDGS', GETDATE(), 'C090201_08', NULL,NULL);
INSERT INTO "SUBTABLE" (MAINTABLE, SUBTABLE, PRESTEXT, CLEANTABLE, USERID, LOGDATE) VALUES  ('S92C09020108', '', 'code 9.2/C090201_08/C090201_08 - (%)?????? ??????? ?? ??????? ????????? ??? ???? ?????', 'Y', 'SDGS', GETDATE());
INSERT INTO "SUBTABLE_ENG" (MAINTABLE, SUBTABLE, PRESTEXT, USERID, LOGDATE) VALUES  ('S92C09020108', '', 'code 9.2/C090201_08/C090201_08 - Manufacturing value added  per capita (%)', 'SDGS', GETDATE());
INSERT INTO "SUBTABLEVARIABLE" (MAINTABLE, SUBTABLE, VARIABLE, VARIABLETYPE, STORECOLUMNNO, USERID, LOGDATE) VALUES ('S92C09020108', '', 'TIME_PERIOD', 'T', '1', 'SDGS', GETDATE());
INSERT INTO "CONTENTSTIME" (MAINTABLE, CONTENTS, TIMEPERIOD, USERID, LOGDATE) VALUES ('S92C09020108', 'OBS_VALUE', 2000, 'SDGS', GETDATE());
INSERT INTO "CONTENTSTIME" (MAINTABLE, CONTENTS, TIMEPERIOD, USERID, LOGDATE) VALUES ('S92C09020108', 'OBS_VALUE', 2001, 'SDGS', GETDATE());
INSERT INTO "CONTENTSTIME" (MAINTABLE, CONTENTS, TIMEPERIOD, USERID, LOGDATE) VALUES ('S92C09020108', 'OBS_VALUE', 2002, 'SDGS', GETDATE());
INSERT INTO "CONTENTSTIME" (MAINTABLE, CONTENTS, TIMEPERIOD, USERID, LOGDATE) VALUES ('S92C09020108', 'OBS_VALUE', 2003, 'SDGS', GETDATE());
INSERT INTO "CONTENTSTIME" (MAINTABLE, CONTENTS, TIMEPERIOD, USERID, LOGDATE) VALUES ('S92C09020108', 'OBS_VALUE', 2004, 'SDGS', GETDATE());
INSERT INTO "CONTENTSTIME" (MAINTABLE, CONTENTS, TIMEPERIOD, USERID, LOGDATE) VALUES ('S92C09020108', 'OBS_VALUE', 2005, 'SDGS', GETDATE());
INSERT INTO "CONTENTSTIME" (MAINTABLE, CONTENTS, TIMEPERIOD, USERID, LOGDATE) VALUES ('S92C09020108', 'OBS_VALUE', 2006, 'SDGS', GETDATE());
INSERT INTO "CONTENTSTIME" (MAINTABLE, CONTENTS, TIMEPERIOD, USERID, LOGDATE) VALUES ('S92C09020108', 'OBS_VALUE', 2007, 'SDGS', GETDATE());
INSERT INTO "CONTENTSTIME" (MAINTABLE, CONTENTS, TIMEPERIOD, USERID, LOGDATE) VALUES ('S92C09020108', 'OBS_VALUE', 2008, 'SDGS', GETDATE());
INSERT INTO "CONTENTSTIME" (MAINTABLE, CONTENTS, TIMEPERIOD, USERID, LOGDATE) VALUES ('S92C09020108', 'OBS_VALUE', 2009, 'SDGS', GETDATE());
INSERT INTO "CONTENTSTIME" (MAINTABLE, CONTENTS, TIMEPERIOD, USERID, LOGDATE) VALUES ('S92C09020108', 'OBS_VALUE', 2010, 'SDGS', GETDATE());
INSERT INTO "CONTENTSTIME" (MAINTABLE, CONTENTS, TIMEPERIOD, USERID, LOGDATE) VALUES ('S92C09020108', 'OBS_VALUE', 2011, 'SDGS', GETDATE());
INSERT INTO "CONTENTSTIME" (MAINTABLE, CONTENTS, TIMEPERIOD, USERID, LOGDATE) VALUES ('S92C09020108', 'OBS_VALUE', 2012, 'SDGS', GETDATE());
INSERT INTO "CONTENTSTIME" (MAINTABLE, CONTENTS, TIMEPERIOD, USERID, LOGDATE) VALUES ('S92C09020108', 'OBS_VALUE', 2013, 'SDGS', GETDATE());
INSERT INTO "CONTENTSTIME" (MAINTABLE, CONTENTS, TIMEPERIOD, USERID, LOGDATE) VALUES ('S92C09020108', 'OBS_VALUE', 2014, 'SDGS', GETDATE());
INSERT INTO "CONTENTSTIME" (MAINTABLE, CONTENTS, TIMEPERIOD, USERID, LOGDATE) VALUES ('S92C09020108', 'OBS_VALUE', 2015, 'SDGS', GETDATE());
INSERT INTO "CONTENTSTIME" (MAINTABLE, CONTENTS, TIMEPERIOD, USERID, LOGDATE) VALUES ('S92C09020108', 'OBS_VALUE', 2016, 'SDGS', GETDATE());
INSERT INTO "CONTENTSTIME" (MAINTABLE, CONTENTS, TIMEPERIOD, USERID, LOGDATE) VALUES ('S92C09020108', 'OBS_VALUE', 2017, 'SDGS', GETDATE());
INSERT INTO "CONTENTSTIME" (MAINTABLE, CONTENTS, TIMEPERIOD, USERID, LOGDATE) VALUES ('S92C09020108', 'OBS_VALUE', 2018, 'SDGS', GETDATE());
INSERT INTO "CONTENTSTIME" (MAINTABLE, CONTENTS, TIMEPERIOD, USERID, LOGDATE) VALUES ('S92C09020108', 'OBS_VALUE', 2019, 'SDGS', GETDATE());
INSERT INTO "VALUESET" (VALUESET, PRESTEXT, DESCRIPTION, ELIMINATION, VALUEPOOL, METAID, FOOTNOTE, USERID, LOGDATE, VALUEPRES, SORTCODEEXISTS) VALUES ('VSREF_AREA_C090201_08', 'Hmm', 'None', 'A', 'VPREF_AREA', '0', 'N', 'SDGS', GETDATE(), 'T', 'N');
INSERT INTO "VALUESET_ENG" (VALUESET, PRESTEXT, DESCRIPTION, USERID, LOGDATE) VALUES ('VSREF_AREA_C090201_08', 'Hmm', 'None', 'SDGS', GETDATE());
INSERT INTO "VSVALUE" (VALUESET, VALUEPOOL, VALUECODE, USERID, LOGDATE) VALUES ('VSREF_AREA_C090201_08', 'VPREF_AREA', '1', 'SDGS', GETDATE());
INSERT INTO "VSVALUE_ENG" (VALUESET, VALUEPOOL, VALUECODE, USERID, LOGDATE) VALUES ('VSREF_AREA_C090201_08', 'VPREF_AREA', '1', 'SDGS', GETDATE());
INSERT INTO "VSVALUE" (VALUESET, VALUEPOOL, VALUECODE, USERID, LOGDATE) VALUES ('VSREF_AREA_C090201_08', 'VPREF_AREA', '2', 'SDGS', GETDATE());
INSERT INTO "VSVALUE_ENG" (VALUESET, VALUEPOOL, VALUECODE, USERID, LOGDATE) VALUES ('VSREF_AREA_C090201_08', 'VPREF_AREA', '2', 'SDGS', GETDATE());
INSERT INTO "VSVALUE" (VALUESET, VALUEPOOL, VALUECODE, USERID, LOGDATE) VALUES ('VSREF_AREA_C090201_08', 'VPREF_AREA', '3', 'SDGS', GETDATE());
INSERT INTO "VSVALUE_ENG" (VALUESET, VALUEPOOL, VALUECODE, USERID, LOGDATE) VALUES ('VSREF_AREA_C090201_08', 'VPREF_AREA', '3', 'SDGS', GETDATE());
INSERT INTO "SUBTABLEVARIABLE" (MAINTABLE, SUBTABLE, VARIABLE, VALUESET, VARIABLETYPE, STORECOLUMNNO, USERID, LOGDATE) VALUES ('S92C09020108', '', 'REF_AREA', 'VSREF_AREA_C090201_08', 'V', '1', 'SDGS', GETDATE());
IF EXISTS (SELECT 1 FROM SYS.VIEWS WHERE NAME = 'S92C09020108' AND TYPE  = 'v') DROP VIEW S92C09020108;
GO
CREATE VIEW S92C09020108 AS SELECT * FROM INDICATORDATA WHERE SUBINDICATOR_CODE = 'C090201_08';
GO
INSERT INTO "MAINTABLE" (MAINTABLE, PRESTEXT, PRESTEXTS, PRESCATEGORY, TIMESCALE, USERID, LOGDATE, FIRSTPUBLISHED, TABLESTATUS, TABLEID, PRODUCTCODE, SPECCHAREXISTS, METAID, SUBJECTCODE, CONTENTSVARIABLE) VALUES  ('S92C09020201', 'code 9.2/C090202_01/C090202_01 - ( %)??????? ?? ??????? ????????? ????? ?? ????? ???????', 'SDGs Indicators', 'O', 'year', 'SDGS', GETDATE(), GETDATE(), 'A', 'S92C09020201', '001', 'N', '01', '01', 'ar: Sub Indicator');
INSERT INTO "MAINTABLE_ENG" (MAINTABLE, STATUS, PUBLISHED, PRESTEXT, PRESTEXTS, CONTENTSVARIABLE, USERID, LOGDATE) VALUES  ('S92C09020201', 'A', GETDATE(), 'code 9.2/C090202_01/C090202_01 - Manufacturing employment as a proportion of total employment (%)', 'SDGs Indicators', 'Sub Indicator', 'SDGS', GETDATE());
INSERT INTO "SECONDARYLANGUAGE" (MAINTABLE, LANGUAGE, COMPLETELYTRANSLATED,PUBLISHED, USERID, LOGDATE) VALUES  ('S92C09020201', 'en','Y', 'Y', 'SDGS', GETDATE());
INSERT INTO "CONTENTS" (MAINTABLE, CONTENTS, PRESTEXT, PRESCODE, COPYRIGHT, PRODUCER, LASTUPDATED, UNIT, PRESDECIMALS, PRESCELLSZERO, STOCKFA, DAYADJ, SEASADJ, FOOTNOTECONTENTS, FOOTNOTEVARIABLE, FOOTNOTEVALUE, STORECOLUMNNO, STOREFORMAT, STORENOCHAR, STOREDECIMALS, USERID, LOGDATE, PUBLISHED, PRESTEXTS, STATAUTHORITY, AGGREGPOSSIBLE, FOOTNOTETIME, METAID) VALUES  ('S92C09020201', 'OBS_VALUE', 'ar: Sustainable Development Goals - SDGs', 'DATA', '1', 'PCBS', GETDATE(), 'OBS_VALUE', '2', 'Y', 'F', 'N', 'N', 'N', 'N', 'N', '3', 'N', '17', '2', 'SDGS', GETDATE(), GETDATE(), 'C090202_01', 'PCBS', 'N', 'N', '01');
INSERT INTO "CONTENTS_ENG" (MAINTABLE, CONTENTS, PRESTEXT, UNIT, USERID, LOGDATE, PRESTEXTS, REFPERIOD, BASEPERIOD)  VALUES  ('S92C09020201', 'OBS_VALUE', 'Sustainable Development Goals - SDGs',  'OBS_VALUE', 'SDGS', GETDATE(), 'C090202_01', NULL,NULL);
INSERT INTO "SUBTABLE" (MAINTABLE, SUBTABLE, PRESTEXT, CLEANTABLE, USERID, LOGDATE) VALUES  ('S92C09020201', '', 'code 9.2/C090202_01/C090202_01 - ( %)??????? ?? ??????? ????????? ????? ?? ????? ???????', 'Y', 'SDGS', GETDATE());
INSERT INTO "SUBTABLE_ENG" (MAINTABLE, SUBTABLE, PRESTEXT, USERID, LOGDATE) VALUES  ('S92C09020201', '', 'code 9.2/C090202_01/C090202_01 - Manufacturing employment as a proportion of total employment (%)', 'SDGS', GETDATE());
INSERT INTO "SUBTABLEVARIABLE" (MAINTABLE, SUBTABLE, VARIABLE, VARIABLETYPE, STORECOLUMNNO, USERID, LOGDATE) VALUES ('S92C09020201', '', 'TIME_PERIOD', 'T', '1', 'SDGS', GETDATE());
INSERT INTO "CONTENTSTIME" (MAINTABLE, CONTENTS, TIMEPERIOD, USERID, LOGDATE) VALUES ('S92C09020201', 'OBS_VALUE', 2000, 'SDGS', GETDATE());
INSERT INTO "CONTENTSTIME" (MAINTABLE, CONTENTS, TIMEPERIOD, USERID, LOGDATE) VALUES ('S92C09020201', 'OBS_VALUE', 2001, 'SDGS', GETDATE());
INSERT INTO "CONTENTSTIME" (MAINTABLE, CONTENTS, TIMEPERIOD, USERID, LOGDATE) VALUES ('S92C09020201', 'OBS_VALUE', 2002, 'SDGS', GETDATE());
INSERT INTO "CONTENTSTIME" (MAINTABLE, CONTENTS, TIMEPERIOD, USERID, LOGDATE) VALUES ('S92C09020201', 'OBS_VALUE', 2003, 'SDGS', GETDATE());
INSERT INTO "CONTENTSTIME" (MAINTABLE, CONTENTS, TIMEPERIOD, USERID, LOGDATE) VALUES ('S92C09020201', 'OBS_VALUE', 2004, 'SDGS', GETDATE());
INSERT INTO "CONTENTSTIME" (MAINTABLE, CONTENTS, TIMEPERIOD, USERID, LOGDATE) VALUES ('S92C09020201', 'OBS_VALUE', 2005, 'SDGS', GETDATE());
INSERT INTO "CONTENTSTIME" (MAINTABLE, CONTENTS, TIMEPERIOD, USERID, LOGDATE) VALUES ('S92C09020201', 'OBS_VALUE', 2006, 'SDGS', GETDATE());
INSERT INTO "CONTENTSTIME" (MAINTABLE, CONTENTS, TIMEPERIOD, USERID, LOGDATE) VALUES ('S92C09020201', 'OBS_VALUE', 2007, 'SDGS', GETDATE());
INSERT INTO "CONTENTSTIME" (MAINTABLE, CONTENTS, TIMEPERIOD, USERID, LOGDATE) VALUES ('S92C09020201', 'OBS_VALUE', 2008, 'SDGS', GETDATE());
INSERT INTO "CONTENTSTIME" (MAINTABLE, CONTENTS, TIMEPERIOD, USERID, LOGDATE) VALUES ('S92C09020201', 'OBS_VALUE', 2009, 'SDGS', GETDATE());
INSERT INTO "CONTENTSTIME" (MAINTABLE, CONTENTS, TIMEPERIOD, USERID, LOGDATE) VALUES ('S92C09020201', 'OBS_VALUE', 2010, 'SDGS', GETDATE());
INSERT INTO "CONTENTSTIME" (MAINTABLE, CONTENTS, TIMEPERIOD, USERID, LOGDATE) VALUES ('S92C09020201', 'OBS_VALUE', 2011, 'SDGS', GETDATE());
INSERT INTO "CONTENTSTIME" (MAINTABLE, CONTENTS, TIMEPERIOD, USERID, LOGDATE) VALUES ('S92C09020201', 'OBS_VALUE', 2012, 'SDGS', GETDATE());
INSERT INTO "CONTENTSTIME" (MAINTABLE, CONTENTS, TIMEPERIOD, USERID, LOGDATE) VALUES ('S92C09020201', 'OBS_VALUE', 2013, 'SDGS', GETDATE());
INSERT INTO "CONTENTSTIME" (MAINTABLE, CONTENTS, TIMEPERIOD, USERID, LOGDATE) VALUES ('S92C09020201', 'OBS_VALUE', 2014, 'SDGS', GETDATE());
INSERT INTO "CONTENTSTIME" (MAINTABLE, CONTENTS, TIMEPERIOD, USERID, LOGDATE) VALUES ('S92C09020201', 'OBS_VALUE', 2015, 'SDGS', GETDATE());
INSERT INTO "CONTENTSTIME" (MAINTABLE, CONTENTS, TIMEPERIOD, USERID, LOGDATE) VALUES ('S92C09020201', 'OBS_VALUE', 2016, 'SDGS', GETDATE());
INSERT INTO "CONTENTSTIME" (MAINTABLE, CONTENTS, TIMEPERIOD, USERID, LOGDATE) VALUES ('S92C09020201', 'OBS_VALUE', 2017, 'SDGS', GETDATE());
INSERT INTO "VALUESET" (VALUESET, PRESTEXT, DESCRIPTION, ELIMINATION, VALUEPOOL, METAID, FOOTNOTE, USERID, LOGDATE, VALUEPRES, SORTCODEEXISTS) VALUES ('VSREF_AREA_C090202_01', 'Hmm', 'None', 'A', 'VPREF_AREA', '0', 'N', 'SDGS', GETDATE(), 'T', 'N');
INSERT INTO "VALUESET_ENG" (VALUESET, PRESTEXT, DESCRIPTION, USERID, LOGDATE) VALUES ('VSREF_AREA_C090202_01', 'Hmm', 'None', 'SDGS', GETDATE());
INSERT INTO "VSVALUE" (VALUESET, VALUEPOOL, VALUECODE, USERID, LOGDATE) VALUES ('VSREF_AREA_C090202_01', 'VPREF_AREA', '1', 'SDGS', GETDATE());
INSERT INTO "VSVALUE_ENG" (VALUESET, VALUEPOOL, VALUECODE, USERID, LOGDATE) VALUES ('VSREF_AREA_C090202_01', 'VPREF_AREA', '1', 'SDGS', GETDATE());
INSERT INTO "VSVALUE" (VALUESET, VALUEPOOL, VALUECODE, USERID, LOGDATE) VALUES ('VSREF_AREA_C090202_01', 'VPREF_AREA', '2', 'SDGS', GETDATE());
INSERT INTO "VSVALUE_ENG" (VALUESET, VALUEPOOL, VALUECODE, USERID, LOGDATE) VALUES ('VSREF_AREA_C090202_01', 'VPREF_AREA', '2', 'SDGS', GETDATE());
INSERT INTO "VSVALUE" (VALUESET, VALUEPOOL, VALUECODE, USERID, LOGDATE) VALUES ('VSREF_AREA_C090202_01', 'VPREF_AREA', '3', 'SDGS', GETDATE());
INSERT INTO "VSVALUE_ENG" (VALUESET, VALUEPOOL, VALUECODE, USERID, LOGDATE) VALUES ('VSREF_AREA_C090202_01', 'VPREF_AREA', '3', 'SDGS', GETDATE());
INSERT INTO "SUBTABLEVARIABLE" (MAINTABLE, SUBTABLE, VARIABLE, VALUESET, VARIABLETYPE, STORECOLUMNNO, USERID, LOGDATE) VALUES ('S92C09020201', '', 'REF_AREA', 'VSREF_AREA_C090202_01', 'V', '1', 'SDGS', GETDATE());
INSERT INTO "VALUESET" (VALUESET, PRESTEXT, DESCRIPTION, ELIMINATION, VALUEPOOL, METAID, FOOTNOTE, USERID, LOGDATE, VALUEPRES, SORTCODEEXISTS) VALUES ('VSSEX_C090202_01', 'Hmm', 'None', 'A', 'VPSEX', '0', 'N', 'SDGS', GETDATE(), 'T', 'N');
INSERT INTO "VALUESET_ENG" (VALUESET, PRESTEXT, DESCRIPTION, USERID, LOGDATE) VALUES ('VSSEX_C090202_01', 'Hmm', 'None', 'SDGS', GETDATE());
INSERT INTO "VSVALUE" (VALUESET, VALUEPOOL, VALUECODE, USERID, LOGDATE) VALUES ('VSSEX_C090202_01', 'VPSEX', 'M', 'SDGS', GETDATE());
INSERT INTO "VSVALUE_ENG" (VALUESET, VALUEPOOL, VALUECODE, USERID, LOGDATE) VALUES ('VSSEX_C090202_01', 'VPSEX', 'M', 'SDGS', GETDATE());
INSERT INTO "VSVALUE" (VALUESET, VALUEPOOL, VALUECODE, USERID, LOGDATE) VALUES ('VSSEX_C090202_01', 'VPSEX', 'F', 'SDGS', GETDATE());
INSERT INTO "VSVALUE_ENG" (VALUESET, VALUEPOOL, VALUECODE, USERID, LOGDATE) VALUES ('VSSEX_C090202_01', 'VPSEX', 'F', 'SDGS', GETDATE());
INSERT INTO "VSVALUE" (VALUESET, VALUEPOOL, VALUECODE, USERID, LOGDATE) VALUES ('VSSEX_C090202_01', 'VPSEX', '_T', 'SDGS', GETDATE());
INSERT INTO "VSVALUE_ENG" (VALUESET, VALUEPOOL, VALUECODE, USERID, LOGDATE) VALUES ('VSSEX_C090202_01', 'VPSEX', '_T', 'SDGS', GETDATE());
INSERT INTO "SUBTABLEVARIABLE" (MAINTABLE, SUBTABLE, VARIABLE, VALUESET, VARIABLETYPE, STORECOLUMNNO, USERID, LOGDATE) VALUES ('S92C09020201', '', 'SEX', 'VSSEX_C090202_01', 'V', '1', 'SDGS', GETDATE());
IF EXISTS (SELECT 1 FROM SYS.VIEWS WHERE NAME = 'S92C09020201' AND TYPE  = 'v') DROP VIEW S92C09020201;
GO
CREATE VIEW S92C09020201 AS SELECT * FROM INDICATORDATA WHERE SUBINDICATOR_CODE = 'C090202_01';
GO
INSERT INTO "MAINTABLE" (MAINTABLE, PRESTEXT, PRESTEXTS, PRESCATEGORY, TIMESCALE, USERID, LOGDATE, FIRSTPUBLISHED, TABLESTATUS, TABLEID, PRODUCTCODE, SPECCHAREXISTS, METAID, SUBJECTCODE, CONTENTSVARIABLE) VALUES  ('S93C09030101', 'code 9.3/C090301_01/C090301_01 - (%)???? ???????? ??????? ????? ?? ????? ?????? ??????? ?? ????????', 'SDGs Indicators', 'O', 'year', 'SDGS', GETDATE(), GETDATE(), 'A', 'S93C09030101', '001', 'N', '01', '01', 'ar: Sub Indicator');
INSERT INTO "MAINTABLE_ENG" (MAINTABLE, STATUS, PUBLISHED, PRESTEXT, PRESTEXTS, CONTENTSVARIABLE, USERID, LOGDATE) VALUES  ('S93C09030101', 'A', GETDATE(), 'code 9.3/C090301_01/C090301_01 - Proportion of small-scale industries in total industry value added (%)', 'SDGs Indicators', 'Sub Indicator', 'SDGS', GETDATE());
INSERT INTO "SECONDARYLANGUAGE" (MAINTABLE, LANGUAGE, COMPLETELYTRANSLATED,PUBLISHED, USERID, LOGDATE) VALUES  ('S93C09030101', 'en','Y', 'Y', 'SDGS', GETDATE());
INSERT INTO "CONTENTS" (MAINTABLE, CONTENTS, PRESTEXT, PRESCODE, COPYRIGHT, PRODUCER, LASTUPDATED, UNIT, PRESDECIMALS, PRESCELLSZERO, STOCKFA, DAYADJ, SEASADJ, FOOTNOTECONTENTS, FOOTNOTEVARIABLE, FOOTNOTEVALUE, STORECOLUMNNO, STOREFORMAT, STORENOCHAR, STOREDECIMALS, USERID, LOGDATE, PUBLISHED, PRESTEXTS, STATAUTHORITY, AGGREGPOSSIBLE, FOOTNOTETIME, METAID) VALUES  ('S93C09030101', 'OBS_VALUE', 'ar: Sustainable Development Goals - SDGs', 'DATA', '1', 'PCBS', GETDATE(), 'OBS_VALUE', '2', 'Y', 'F', 'N', 'N', 'N', 'N', 'N', '3', 'N', '17', '2', 'SDGS', GETDATE(), GETDATE(), 'C090301_01', 'PCBS', 'N', 'N', '01');
INSERT INTO "CONTENTS_ENG" (MAINTABLE, CONTENTS, PRESTEXT, UNIT, USERID, LOGDATE, PRESTEXTS, REFPERIOD, BASEPERIOD)  VALUES  ('S93C09030101', 'OBS_VALUE', 'Sustainable Development Goals - SDGs',  'OBS_VALUE', 'SDGS', GETDATE(), 'C090301_01', NULL,NULL);
INSERT INTO "SUBTABLE" (MAINTABLE, SUBTABLE, PRESTEXT, CLEANTABLE, USERID, LOGDATE) VALUES  ('S93C09030101', '', 'code 9.3/C090301_01/C090301_01 - (%)???? ???????? ??????? ????? ?? ????? ?????? ??????? ?? ????????', 'Y', 'SDGS', GETDATE());
INSERT INTO "SUBTABLE_ENG" (MAINTABLE, SUBTABLE, PRESTEXT, USERID, LOGDATE) VALUES  ('S93C09030101', '', 'code 9.3/C090301_01/C090301_01 - Proportion of small-scale industries in total industry value added (%)', 'SDGS', GETDATE());
INSERT INTO "SUBTABLEVARIABLE" (MAINTABLE, SUBTABLE, VARIABLE, VARIABLETYPE, STORECOLUMNNO, USERID, LOGDATE) VALUES ('S93C09030101', '', 'TIME_PERIOD', 'T', '1', 'SDGS', GETDATE());
INSERT INTO "CONTENTSTIME" (MAINTABLE, CONTENTS, TIMEPERIOD, USERID, LOGDATE) VALUES ('S93C09030101', 'OBS_VALUE', 2000, 'SDGS', GETDATE());
INSERT INTO "CONTENTSTIME" (MAINTABLE, CONTENTS, TIMEPERIOD, USERID, LOGDATE) VALUES ('S93C09030101', 'OBS_VALUE', 2001, 'SDGS', GETDATE());
INSERT INTO "CONTENTSTIME" (MAINTABLE, CONTENTS, TIMEPERIOD, USERID, LOGDATE) VALUES ('S93C09030101', 'OBS_VALUE', 2002, 'SDGS', GETDATE());
INSERT INTO "CONTENTSTIME" (MAINTABLE, CONTENTS, TIMEPERIOD, USERID, LOGDATE) VALUES ('S93C09030101', 'OBS_VALUE', 2003, 'SDGS', GETDATE());
INSERT INTO "CONTENTSTIME" (MAINTABLE, CONTENTS, TIMEPERIOD, USERID, LOGDATE) VALUES ('S93C09030101', 'OBS_VALUE', 2004, 'SDGS', GETDATE());
INSERT INTO "CONTENTSTIME" (MAINTABLE, CONTENTS, TIMEPERIOD, USERID, LOGDATE) VALUES ('S93C09030101', 'OBS_VALUE', 2005, 'SDGS', GETDATE());
INSERT INTO "CONTENTSTIME" (MAINTABLE, CONTENTS, TIMEPERIOD, USERID, LOGDATE) VALUES ('S93C09030101', 'OBS_VALUE', 2006, 'SDGS', GETDATE());
INSERT INTO "CONTENTSTIME" (MAINTABLE, CONTENTS, TIMEPERIOD, USERID, LOGDATE) VALUES ('S93C09030101', 'OBS_VALUE', 2007, 'SDGS', GETDATE());
INSERT INTO "CONTENTSTIME" (MAINTABLE, CONTENTS, TIMEPERIOD, USERID, LOGDATE) VALUES ('S93C09030101', 'OBS_VALUE', 2008, 'SDGS', GETDATE());
INSERT INTO "CONTENTSTIME" (MAINTABLE, CONTENTS, TIMEPERIOD, USERID, LOGDATE) VALUES ('S93C09030101', 'OBS_VALUE', 2009, 'SDGS', GETDATE());
INSERT INTO "CONTENTSTIME" (MAINTABLE, CONTENTS, TIMEPERIOD, USERID, LOGDATE) VALUES ('S93C09030101', 'OBS_VALUE', 2010, 'SDGS', GETDATE());
INSERT INTO "CONTENTSTIME" (MAINTABLE, CONTENTS, TIMEPERIOD, USERID, LOGDATE) VALUES ('S93C09030101', 'OBS_VALUE', 2012, 'SDGS', GETDATE());
INSERT INTO "CONTENTSTIME" (MAINTABLE, CONTENTS, TIMEPERIOD, USERID, LOGDATE) VALUES ('S93C09030101', 'OBS_VALUE', 2013, 'SDGS', GETDATE());
INSERT INTO "CONTENTSTIME" (MAINTABLE, CONTENTS, TIMEPERIOD, USERID, LOGDATE) VALUES ('S93C09030101', 'OBS_VALUE', 2014, 'SDGS', GETDATE());
INSERT INTO "CONTENTSTIME" (MAINTABLE, CONTENTS, TIMEPERIOD, USERID, LOGDATE) VALUES ('S93C09030101', 'OBS_VALUE', 2015, 'SDGS', GETDATE());
INSERT INTO "CONTENTSTIME" (MAINTABLE, CONTENTS, TIMEPERIOD, USERID, LOGDATE) VALUES ('S93C09030101', 'OBS_VALUE', 2016, 'SDGS', GETDATE());
INSERT INTO "CONTENTSTIME" (MAINTABLE, CONTENTS, TIMEPERIOD, USERID, LOGDATE) VALUES ('S93C09030101', 'OBS_VALUE', 2017, 'SDGS', GETDATE());
INSERT INTO "CONTENTSTIME" (MAINTABLE, CONTENTS, TIMEPERIOD, USERID, LOGDATE) VALUES ('S93C09030101', 'OBS_VALUE', 2018, 'SDGS', GETDATE());
INSERT INTO "CONTENTSTIME" (MAINTABLE, CONTENTS, TIMEPERIOD, USERID, LOGDATE) VALUES ('S93C09030101', 'OBS_VALUE', 2019, 'SDGS', GETDATE());
INSERT INTO "VALUESET" (VALUESET, PRESTEXT, DESCRIPTION, ELIMINATION, VALUEPOOL, METAID, FOOTNOTE, USERID, LOGDATE, VALUEPRES, SORTCODEEXISTS) VALUES ('VSREF_AREA_C090301_01', 'Hmm', 'None', 'A', 'VPREF_AREA', '0', 'N', 'SDGS', GETDATE(), 'T', 'N');
INSERT INTO "VALUESET_ENG" (VALUESET, PRESTEXT, DESCRIPTION, USERID, LOGDATE) VALUES ('VSREF_AREA_C090301_01', 'Hmm', 'None', 'SDGS', GETDATE());
INSERT INTO "VSVALUE" (VALUESET, VALUEPOOL, VALUECODE, USERID, LOGDATE) VALUES ('VSREF_AREA_C090301_01', 'VPREF_AREA', '1', 'SDGS', GETDATE());
INSERT INTO "VSVALUE_ENG" (VALUESET, VALUEPOOL, VALUECODE, USERID, LOGDATE) VALUES ('VSREF_AREA_C090301_01', 'VPREF_AREA', '1', 'SDGS', GETDATE());
INSERT INTO "VSVALUE" (VALUESET, VALUEPOOL, VALUECODE, USERID, LOGDATE) VALUES ('VSREF_AREA_C090301_01', 'VPREF_AREA', '2', 'SDGS', GETDATE());
INSERT INTO "VSVALUE_ENG" (VALUESET, VALUEPOOL, VALUECODE, USERID, LOGDATE) VALUES ('VSREF_AREA_C090301_01', 'VPREF_AREA', '2', 'SDGS', GETDATE());
INSERT INTO "VSVALUE" (VALUESET, VALUEPOOL, VALUECODE, USERID, LOGDATE) VALUES ('VSREF_AREA_C090301_01', 'VPREF_AREA', '3', 'SDGS', GETDATE());
INSERT INTO "VSVALUE_ENG" (VALUESET, VALUEPOOL, VALUECODE, USERID, LOGDATE) VALUES ('VSREF_AREA_C090301_01', 'VPREF_AREA', '3', 'SDGS', GETDATE());
INSERT INTO "SUBTABLEVARIABLE" (MAINTABLE, SUBTABLE, VARIABLE, VALUESET, VARIABLETYPE, STORECOLUMNNO, USERID, LOGDATE) VALUES ('S93C09030101', '', 'REF_AREA', 'VSREF_AREA_C090301_01', 'V', '1', 'SDGS', GETDATE());
IF EXISTS (SELECT 1 FROM SYS.VIEWS WHERE NAME = 'S93C09030101' AND TYPE  = 'v') DROP VIEW S93C09030101;
GO
CREATE VIEW S93C09030101 AS SELECT * FROM INDICATORDATA WHERE SUBINDICATOR_CODE = 'C090301_01';
GO
INSERT INTO "MAINTABLE" (MAINTABLE, PRESTEXT, PRESTEXTS, PRESCATEGORY, TIMESCALE, USERID, LOGDATE, FIRSTPUBLISHED, TABLESTATUS, TABLEID, PRODUCTCODE, SPECCHAREXISTS, METAID, SUBJECTCODE, CONTENTSVARIABLE) VALUES  ('S93C09030201', 'code 9.3/C090302_01/C090302_01 - (%)???? ???????? ???????? ??????? ???? ?? ?? ??????', 'SDGs Indicators', 'O', 'year', 'SDGS', GETDATE(), GETDATE(), 'A', 'S93C09030201', '001', 'N', '01', '01', 'ar: Sub Indicator');
INSERT INTO "MAINTABLE_ENG" (MAINTABLE, STATUS, PUBLISHED, PRESTEXT, PRESTEXTS, CONTENTSVARIABLE, USERID, LOGDATE) VALUES  ('S93C09030201', 'A', GETDATE(), 'code 9.3/C090302_01/C090302_01 - Proportion of small-scale industries with a loan or line of credit(%)', 'SDGs Indicators', 'Sub Indicator', 'SDGS', GETDATE());
INSERT INTO "SECONDARYLANGUAGE" (MAINTABLE, LANGUAGE, COMPLETELYTRANSLATED,PUBLISHED, USERID, LOGDATE) VALUES  ('S93C09030201', 'en','Y', 'Y', 'SDGS', GETDATE());
INSERT INTO "CONTENTS" (MAINTABLE, CONTENTS, PRESTEXT, PRESCODE, COPYRIGHT, PRODUCER, LASTUPDATED, UNIT, PRESDECIMALS, PRESCELLSZERO, STOCKFA, DAYADJ, SEASADJ, FOOTNOTECONTENTS, FOOTNOTEVARIABLE, FOOTNOTEVALUE, STORECOLUMNNO, STOREFORMAT, STORENOCHAR, STOREDECIMALS, USERID, LOGDATE, PUBLISHED, PRESTEXTS, STATAUTHORITY, AGGREGPOSSIBLE, FOOTNOTETIME, METAID) VALUES  ('S93C09030201', 'OBS_VALUE', 'ar: Sustainable Development Goals - SDGs', 'DATA', '1', 'PCBS', GETDATE(), 'OBS_VALUE', '2', 'Y', 'F', 'N', 'N', 'N', 'N', 'N', '3', 'N', '17', '2', 'SDGS', GETDATE(), GETDATE(), 'C090302_01', 'PCBS', 'N', 'N', '01');
INSERT INTO "CONTENTS_ENG" (MAINTABLE, CONTENTS, PRESTEXT, UNIT, USERID, LOGDATE, PRESTEXTS, REFPERIOD, BASEPERIOD)  VALUES  ('S93C09030201', 'OBS_VALUE', 'Sustainable Development Goals - SDGs',  'OBS_VALUE', 'SDGS', GETDATE(), 'C090302_01', NULL,NULL);
INSERT INTO "SUBTABLE" (MAINTABLE, SUBTABLE, PRESTEXT, CLEANTABLE, USERID, LOGDATE) VALUES  ('S93C09030201', '', 'code 9.3/C090302_01/C090302_01 - (%)???? ???????? ???????? ??????? ???? ?? ?? ??????', 'Y', 'SDGS', GETDATE());
INSERT INTO "SUBTABLE_ENG" (MAINTABLE, SUBTABLE, PRESTEXT, USERID, LOGDATE) VALUES  ('S93C09030201', '', 'code 9.3/C090302_01/C090302_01 - Proportion of small-scale industries with a loan or line of credit(%)', 'SDGS', GETDATE());
INSERT INTO "SUBTABLEVARIABLE" (MAINTABLE, SUBTABLE, VARIABLE, VARIABLETYPE, STORECOLUMNNO, USERID, LOGDATE) VALUES ('S93C09030201', '', 'TIME_PERIOD', 'T', '1', 'SDGS', GETDATE());
INSERT INTO "CONTENTSTIME" (MAINTABLE, CONTENTS, TIMEPERIOD, USERID, LOGDATE) VALUES ('S93C09030201', 'OBS_VALUE', 2017, 'SDGS', GETDATE());
INSERT INTO "CONTENTSTIME" (MAINTABLE, CONTENTS, TIMEPERIOD, USERID, LOGDATE) VALUES ('S93C09030201', 'OBS_VALUE', 2018, 'SDGS', GETDATE());
IF EXISTS (SELECT 1 FROM SYS.VIEWS WHERE NAME = 'S93C09030201' AND TYPE  = 'v') DROP VIEW S93C09030201;
GO
CREATE VIEW S93C09030201 AS SELECT * FROM INDICATORDATA WHERE SUBINDICATOR_CODE = 'C090302_01';
GO
INSERT INTO "MAINTABLE" (MAINTABLE, PRESTEXT, PRESTEXTS, PRESCATEGORY, TIMESCALE, USERID, LOGDATE, FIRSTPUBLISHED, TABLESTATUS, TABLEID, PRODUCTCODE, SPECCHAREXISTS, METAID, SUBJECTCODE, CONTENTSVARIABLE) VALUES  ('S94C09040101', 'code 9.4/C090401_01/C090401_01 - ??/ ???????? ????? ??????) ???????? ???? ????? ??????? ??? ???? ?? ?????? ???????)', 'SDGs Indicators', 'O', 'year', 'SDGS', GETDATE(), GETDATE(), 'A', 'S94C09040101', '001', 'N', '01', '01', 'ar: Sub Indicator');
INSERT INTO "MAINTABLE_ENG" (MAINTABLE, STATUS, PUBLISHED, PRESTEXT, PRESTEXTS, CONTENTSVARIABLE, USERID, LOGDATE) VALUES  ('S94C09040101', 'A', GETDATE(), 'code 9.4/C090401_01/C090401_01 - Carbon dioxide emissions per unit of manufacturing value added (kilogrammes of CO2 per constant 2010 United States dollars)', 'SDGs Indicators', 'Sub Indicator', 'SDGS', GETDATE());
INSERT INTO "SECONDARYLANGUAGE" (MAINTABLE, LANGUAGE, COMPLETELYTRANSLATED,PUBLISHED, USERID, LOGDATE) VALUES  ('S94C09040101', 'en','Y', 'Y', 'SDGS', GETDATE());
INSERT INTO "CONTENTS" (MAINTABLE, CONTENTS, PRESTEXT, PRESCODE, COPYRIGHT, PRODUCER, LASTUPDATED, UNIT, PRESDECIMALS, PRESCELLSZERO, STOCKFA, DAYADJ, SEASADJ, FOOTNOTECONTENTS, FOOTNOTEVARIABLE, FOOTNOTEVALUE, STORECOLUMNNO, STOREFORMAT, STORENOCHAR, STOREDECIMALS, USERID, LOGDATE, PUBLISHED, PRESTEXTS, STATAUTHORITY, AGGREGPOSSIBLE, FOOTNOTETIME, METAID) VALUES  ('S94C09040101', 'OBS_VALUE', 'ar: Sustainable Development Goals - SDGs', 'DATA', '1', 'PCBS', GETDATE(), 'OBS_VALUE', '2', 'Y', 'F', 'N', 'N', 'N', 'N', 'N', '3', 'N', '17', '2', 'SDGS', GETDATE(), GETDATE(), 'C090401_01', 'PCBS', 'N', 'N', '01');
INSERT INTO "CONTENTS_ENG" (MAINTABLE, CONTENTS, PRESTEXT, UNIT, USERID, LOGDATE, PRESTEXTS, REFPERIOD, BASEPERIOD)  VALUES  ('S94C09040101', 'OBS_VALUE', 'Sustainable Development Goals - SDGs',  'OBS_VALUE', 'SDGS', GETDATE(), 'C090401_01', NULL,NULL);
INSERT INTO "SUBTABLE" (MAINTABLE, SUBTABLE, PRESTEXT, CLEANTABLE, USERID, LOGDATE) VALUES  ('S94C09040101', '', 'code 9.4/C090401_01/C090401_01 - ??/ ???????? ????? ??????) ???????? ???? ????? ??????? ??? ???? ?? ?????? ???????)', 'Y', 'SDGS', GETDATE());
INSERT INTO "SUBTABLE_ENG" (MAINTABLE, SUBTABLE, PRESTEXT, USERID, LOGDATE) VALUES  ('S94C09040101', '', 'code 9.4/C090401_01/C090401_01 - Carbon dioxide emissions per unit of manufacturing value added (kilogrammes of CO2 per constant 2010 United States dollars)', 'SDGS', GETDATE());
INSERT INTO "SUBTABLEVARIABLE" (MAINTABLE, SUBTABLE, VARIABLE, VARIABLETYPE, STORECOLUMNNO, USERID, LOGDATE) VALUES ('S94C09040101', '', 'TIME_PERIOD', 'T', '1', 'SDGS', GETDATE());
INSERT INTO "CONTENTSTIME" (MAINTABLE, CONTENTS, TIMEPERIOD, USERID, LOGDATE) VALUES ('S94C09040101', 'OBS_VALUE', 2006, 'SDGS', GETDATE());
INSERT INTO "CONTENTSTIME" (MAINTABLE, CONTENTS, TIMEPERIOD, USERID, LOGDATE) VALUES ('S94C09040101', 'OBS_VALUE', 2007, 'SDGS', GETDATE());
INSERT INTO "CONTENTSTIME" (MAINTABLE, CONTENTS, TIMEPERIOD, USERID, LOGDATE) VALUES ('S94C09040101', 'OBS_VALUE', 2008, 'SDGS', GETDATE());
INSERT INTO "CONTENTSTIME" (MAINTABLE, CONTENTS, TIMEPERIOD, USERID, LOGDATE) VALUES ('S94C09040101', 'OBS_VALUE', 2009, 'SDGS', GETDATE());
INSERT INTO "CONTENTSTIME" (MAINTABLE, CONTENTS, TIMEPERIOD, USERID, LOGDATE) VALUES ('S94C09040101', 'OBS_VALUE', 2010, 'SDGS', GETDATE());
INSERT INTO "CONTENTSTIME" (MAINTABLE, CONTENTS, TIMEPERIOD, USERID, LOGDATE) VALUES ('S94C09040101', 'OBS_VALUE', 2011, 'SDGS', GETDATE());
INSERT INTO "CONTENTSTIME" (MAINTABLE, CONTENTS, TIMEPERIOD, USERID, LOGDATE) VALUES ('S94C09040101', 'OBS_VALUE', 2012, 'SDGS', GETDATE());
INSERT INTO "CONTENTSTIME" (MAINTABLE, CONTENTS, TIMEPERIOD, USERID, LOGDATE) VALUES ('S94C09040101', 'OBS_VALUE', 2013, 'SDGS', GETDATE());
INSERT INTO "CONTENTSTIME" (MAINTABLE, CONTENTS, TIMEPERIOD, USERID, LOGDATE) VALUES ('S94C09040101', 'OBS_VALUE', 2014, 'SDGS', GETDATE());
INSERT INTO "CONTENTSTIME" (MAINTABLE, CONTENTS, TIMEPERIOD, USERID, LOGDATE) VALUES ('S94C09040101', 'OBS_VALUE', 2015, 'SDGS', GETDATE());
INSERT INTO "CONTENTSTIME" (MAINTABLE, CONTENTS, TIMEPERIOD, USERID, LOGDATE) VALUES ('S94C09040101', 'OBS_VALUE', 2016, 'SDGS', GETDATE());
INSERT INTO "CONTENTSTIME" (MAINTABLE, CONTENTS, TIMEPERIOD, USERID, LOGDATE) VALUES ('S94C09040101', 'OBS_VALUE', 2017, 'SDGS', GETDATE());
IF EXISTS (SELECT 1 FROM SYS.VIEWS WHERE NAME = 'S94C09040101' AND TYPE  = 'v') DROP VIEW S94C09040101;
GO
CREATE VIEW S94C09040101 AS SELECT * FROM INDICATORDATA WHERE SUBINDICATOR_CODE = 'C090401_01';
GO
INSERT INTO "MAINTABLE" (MAINTABLE, PRESTEXT, PRESTEXTS, PRESCATEGORY, TIMESCALE, USERID, LOGDATE, FIRSTPUBLISHED, TABLESTATUS, TABLEID, PRODUCTCODE, SPECCHAREXISTS, METAID, SUBJECTCODE, CONTENTSVARIABLE) VALUES  ('S95C09050101', 'code 9.5/C090501_01/C090501_01 - (%)??????? ??? ????? ???????? ????? ?? ?????? ?????? ????????', 'SDGs Indicators', 'O', 'year', 'SDGS', GETDATE(), GETDATE(), 'A', 'S95C09050101', '001', 'N', '01', '01', 'ar: Sub Indicator');
INSERT INTO "MAINTABLE_ENG" (MAINTABLE, STATUS, PUBLISHED, PRESTEXT, PRESTEXTS, CONTENTSVARIABLE, USERID, LOGDATE) VALUES  ('S95C09050101', 'A', GETDATE(), 'code 9.5/C090501_01/C090501_01 - Research and development expenditure as a proportion of GDP (%)', 'SDGs Indicators', 'Sub Indicator', 'SDGS', GETDATE());
INSERT INTO "SECONDARYLANGUAGE" (MAINTABLE, LANGUAGE, COMPLETELYTRANSLATED,PUBLISHED, USERID, LOGDATE) VALUES  ('S95C09050101', 'en','Y', 'Y', 'SDGS', GETDATE());
INSERT INTO "CONTENTS" (MAINTABLE, CONTENTS, PRESTEXT, PRESCODE, COPYRIGHT, PRODUCER, LASTUPDATED, UNIT, PRESDECIMALS, PRESCELLSZERO, STOCKFA, DAYADJ, SEASADJ, FOOTNOTECONTENTS, FOOTNOTEVARIABLE, FOOTNOTEVALUE, STORECOLUMNNO, STOREFORMAT, STORENOCHAR, STOREDECIMALS, USERID, LOGDATE, PUBLISHED, PRESTEXTS, STATAUTHORITY, AGGREGPOSSIBLE, FOOTNOTETIME, METAID) VALUES  ('S95C09050101', 'OBS_VALUE', 'ar: Sustainable Development Goals - SDGs', 'DATA', '1', 'PCBS', GETDATE(), 'OBS_VALUE', '2', 'Y', 'F', 'N', 'N', 'N', 'N', 'N', '3', 'N', '17', '2', 'SDGS', GETDATE(), GETDATE(), 'C090501_01', 'PCBS', 'N', 'N', '01');
INSERT INTO "CONTENTS_ENG" (MAINTABLE, CONTENTS, PRESTEXT, UNIT, USERID, LOGDATE, PRESTEXTS, REFPERIOD, BASEPERIOD)  VALUES  ('S95C09050101', 'OBS_VALUE', 'Sustainable Development Goals - SDGs',  'OBS_VALUE', 'SDGS', GETDATE(), 'C090501_01', NULL,NULL);
INSERT INTO "SUBTABLE" (MAINTABLE, SUBTABLE, PRESTEXT, CLEANTABLE, USERID, LOGDATE) VALUES  ('S95C09050101', '', 'code 9.5/C090501_01/C090501_01 - (%)??????? ??? ????? ???????? ????? ?? ?????? ?????? ????????', 'Y', 'SDGS', GETDATE());
INSERT INTO "SUBTABLE_ENG" (MAINTABLE, SUBTABLE, PRESTEXT, USERID, LOGDATE) VALUES  ('S95C09050101', '', 'code 9.5/C090501_01/C090501_01 - Research and development expenditure as a proportion of GDP (%)', 'SDGS', GETDATE());
INSERT INTO "SUBTABLEVARIABLE" (MAINTABLE, SUBTABLE, VARIABLE, VARIABLETYPE, STORECOLUMNNO, USERID, LOGDATE) VALUES ('S95C09050101', '', 'TIME_PERIOD', 'T', '1', 'SDGS', GETDATE());
INSERT INTO "CONTENTSTIME" (MAINTABLE, CONTENTS, TIMEPERIOD, USERID, LOGDATE) VALUES ('S95C09050101', 'OBS_VALUE', 2013, 'SDGS', GETDATE());
IF EXISTS (SELECT 1 FROM SYS.VIEWS WHERE NAME = 'S95C09050101' AND TYPE  = 'v') DROP VIEW S95C09050101;
GO
CREATE VIEW S95C09050101 AS SELECT * FROM INDICATORDATA WHERE SUBINDICATOR_CODE = 'C090501_01';
GO
INSERT INTO "MAINTABLE" (MAINTABLE, PRESTEXT, PRESTEXTS, PRESCATEGORY, TIMESCALE, USERID, LOGDATE, FIRSTPUBLISHED, TABLESTATUS, TABLEID, PRODUCTCODE, SPECCHAREXISTS, METAID, SUBJECTCODE, CONTENTSVARIABLE) VALUES  ('S95C09050201', 'code 9.5/C090502_01/C090502_01 - ???????? ?? ???? ????? (?????? ?????? ??????)  ??? ????? ????', 'SDGs Indicators', 'O', 'year', 'SDGS', GETDATE(), GETDATE(), 'A', 'S95C09050201', '001', 'N', '01', '01', 'ar: Sub Indicator');
INSERT INTO "MAINTABLE_ENG" (MAINTABLE, STATUS, PUBLISHED, PRESTEXT, PRESTEXTS, CONTENTSVARIABLE, USERID, LOGDATE) VALUES  ('S95C09050201', 'A', GETDATE(), 'code 9.5/C090502_01/C090502_01 - Researchers (in full-time equivalent) per million inhabitants (per 1,000,000 population)', 'SDGs Indicators', 'Sub Indicator', 'SDGS', GETDATE());
INSERT INTO "SECONDARYLANGUAGE" (MAINTABLE, LANGUAGE, COMPLETELYTRANSLATED,PUBLISHED, USERID, LOGDATE) VALUES  ('S95C09050201', 'en','Y', 'Y', 'SDGS', GETDATE());
INSERT INTO "CONTENTS" (MAINTABLE, CONTENTS, PRESTEXT, PRESCODE, COPYRIGHT, PRODUCER, LASTUPDATED, UNIT, PRESDECIMALS, PRESCELLSZERO, STOCKFA, DAYADJ, SEASADJ, FOOTNOTECONTENTS, FOOTNOTEVARIABLE, FOOTNOTEVALUE, STORECOLUMNNO, STOREFORMAT, STORENOCHAR, STOREDECIMALS, USERID, LOGDATE, PUBLISHED, PRESTEXTS, STATAUTHORITY, AGGREGPOSSIBLE, FOOTNOTETIME, METAID) VALUES  ('S95C09050201', 'OBS_VALUE', 'ar: Sustainable Development Goals - SDGs', 'DATA', '1', 'PCBS', GETDATE(), 'OBS_VALUE', '2', 'Y', 'F', 'N', 'N', 'N', 'N', 'N', '3', 'N', '17', '2', 'SDGS', GETDATE(), GETDATE(), 'C090502_01', 'PCBS', 'N', 'N', '01');
INSERT INTO "CONTENTS_ENG" (MAINTABLE, CONTENTS, PRESTEXT, UNIT, USERID, LOGDATE, PRESTEXTS, REFPERIOD, BASEPERIOD)  VALUES  ('S95C09050201', 'OBS_VALUE', 'Sustainable Development Goals - SDGs',  'OBS_VALUE', 'SDGS', GETDATE(), 'C090502_01', NULL,NULL);
INSERT INTO "SUBTABLE" (MAINTABLE, SUBTABLE, PRESTEXT, CLEANTABLE, USERID, LOGDATE) VALUES  ('S95C09050201', '', 'code 9.5/C090502_01/C090502_01 - ???????? ?? ???? ????? (?????? ?????? ??????)  ??? ????? ????', 'Y', 'SDGS', GETDATE());
INSERT INTO "SUBTABLE_ENG" (MAINTABLE, SUBTABLE, PRESTEXT, USERID, LOGDATE) VALUES  ('S95C09050201', '', 'code 9.5/C090502_01/C090502_01 - Researchers (in full-time equivalent) per million inhabitants (per 1,000,000 population)', 'SDGS', GETDATE());
INSERT INTO "SUBTABLEVARIABLE" (MAINTABLE, SUBTABLE, VARIABLE, VARIABLETYPE, STORECOLUMNNO, USERID, LOGDATE) VALUES ('S95C09050201', '', 'TIME_PERIOD', 'T', '1', 'SDGS', GETDATE());
INSERT INTO "CONTENTSTIME" (MAINTABLE, CONTENTS, TIMEPERIOD, USERID, LOGDATE) VALUES ('S95C09050201', 'OBS_VALUE', 2013, 'SDGS', GETDATE());
IF EXISTS (SELECT 1 FROM SYS.VIEWS WHERE NAME = 'S95C09050201' AND TYPE  = 'v') DROP VIEW S95C09050201;
GO
CREATE VIEW S95C09050201 AS SELECT * FROM INDICATORDATA WHERE SUBINDICATOR_CODE = 'C090502_01';
GO
INSERT INTO "MAINTABLE" (MAINTABLE, PRESTEXT, PRESTEXTS, PRESCATEGORY, TIMESCALE, USERID, LOGDATE, FIRSTPUBLISHED, TABLESTATUS, TABLEID, PRODUCTCODE, SPECCHAREXISTS, METAID, SUBJECTCODE, CONTENTSVARIABLE) VALUES  ('S9bC090b0101', 'code 9.b/C090b01_01/C090b01_01 - ???? ?????? ??????? ??????? ??????????? ???????? ????????? ?? ????? ?????? ??????? (??????? ?????????)', 'SDGs Indicators', 'O', 'year', 'SDGS', GETDATE(), GETDATE(), 'A', 'S9bC090b0101', '001', 'N', '01', '01', 'ar: Sub Indicator');
INSERT INTO "MAINTABLE_ENG" (MAINTABLE, STATUS, PUBLISHED, PRESTEXT, PRESTEXTS, CONTENTSVARIABLE, USERID, LOGDATE) VALUES  ('S9bC090b0101', 'A', GETDATE(), 'code 9.b/C090b01_01/C090b01_01 - Proportion of medium and high-tech industry value added in total value added', 'SDGs Indicators', 'Sub Indicator', 'SDGS', GETDATE());
INSERT INTO "SECONDARYLANGUAGE" (MAINTABLE, LANGUAGE, COMPLETELYTRANSLATED,PUBLISHED, USERID, LOGDATE) VALUES  ('S9bC090b0101', 'en','Y', 'Y', 'SDGS', GETDATE());
INSERT INTO "CONTENTS" (MAINTABLE, CONTENTS, PRESTEXT, PRESCODE, COPYRIGHT, PRODUCER, LASTUPDATED, UNIT, PRESDECIMALS, PRESCELLSZERO, STOCKFA, DAYADJ, SEASADJ, FOOTNOTECONTENTS, FOOTNOTEVARIABLE, FOOTNOTEVALUE, STORECOLUMNNO, STOREFORMAT, STORENOCHAR, STOREDECIMALS, USERID, LOGDATE, PUBLISHED, PRESTEXTS, STATAUTHORITY, AGGREGPOSSIBLE, FOOTNOTETIME, METAID) VALUES  ('S9bC090b0101', 'OBS_VALUE', 'ar: Sustainable Development Goals - SDGs', 'DATA', '1', 'PCBS', GETDATE(), 'OBS_VALUE', '2', 'Y', 'F', 'N', 'N', 'N', 'N', 'N', '3', 'N', '17', '2', 'SDGS', GETDATE(), GETDATE(), 'C090b01_01', 'PCBS', 'N', 'N', '01');
INSERT INTO "CONTENTS_ENG" (MAINTABLE, CONTENTS, PRESTEXT, UNIT, USERID, LOGDATE, PRESTEXTS, REFPERIOD, BASEPERIOD)  VALUES  ('S9bC090b0101', 'OBS_VALUE', 'Sustainable Development Goals - SDGs',  'OBS_VALUE', 'SDGS', GETDATE(), 'C090b01_01', NULL,NULL);
INSERT INTO "SUBTABLE" (MAINTABLE, SUBTABLE, PRESTEXT, CLEANTABLE, USERID, LOGDATE) VALUES  ('S9bC090b0101', '', 'code 9.b/C090b01_01/C090b01_01 - ???? ?????? ??????? ??????? ??????????? ???????? ????????? ?? ????? ?????? ??????? (??????? ?????????)', 'Y', 'SDGS', GETDATE());
INSERT INTO "SUBTABLE_ENG" (MAINTABLE, SUBTABLE, PRESTEXT, USERID, LOGDATE) VALUES  ('S9bC090b0101', '', 'code 9.b/C090b01_01/C090b01_01 - Proportion of medium and high-tech industry value added in total value added', 'SDGS', GETDATE());
INSERT INTO "SUBTABLEVARIABLE" (MAINTABLE, SUBTABLE, VARIABLE, VARIABLETYPE, STORECOLUMNNO, USERID, LOGDATE) VALUES ('S9bC090b0101', '', 'TIME_PERIOD', 'T', '1', 'SDGS', GETDATE());
INSERT INTO "CONTENTSTIME" (MAINTABLE, CONTENTS, TIMEPERIOD, USERID, LOGDATE) VALUES ('S9bC090b0101', 'OBS_VALUE', 2000, 'SDGS', GETDATE());
INSERT INTO "CONTENTSTIME" (MAINTABLE, CONTENTS, TIMEPERIOD, USERID, LOGDATE) VALUES ('S9bC090b0101', 'OBS_VALUE', 2001, 'SDGS', GETDATE());
INSERT INTO "CONTENTSTIME" (MAINTABLE, CONTENTS, TIMEPERIOD, USERID, LOGDATE) VALUES ('S9bC090b0101', 'OBS_VALUE', 2002, 'SDGS', GETDATE());
INSERT INTO "CONTENTSTIME" (MAINTABLE, CONTENTS, TIMEPERIOD, USERID, LOGDATE) VALUES ('S9bC090b0101', 'OBS_VALUE', 2003, 'SDGS', GETDATE());
INSERT INTO "CONTENTSTIME" (MAINTABLE, CONTENTS, TIMEPERIOD, USERID, LOGDATE) VALUES ('S9bC090b0101', 'OBS_VALUE', 2004, 'SDGS', GETDATE());
INSERT INTO "CONTENTSTIME" (MAINTABLE, CONTENTS, TIMEPERIOD, USERID, LOGDATE) VALUES ('S9bC090b0101', 'OBS_VALUE', 2005, 'SDGS', GETDATE());
INSERT INTO "CONTENTSTIME" (MAINTABLE, CONTENTS, TIMEPERIOD, USERID, LOGDATE) VALUES ('S9bC090b0101', 'OBS_VALUE', 2006, 'SDGS', GETDATE());
INSERT INTO "CONTENTSTIME" (MAINTABLE, CONTENTS, TIMEPERIOD, USERID, LOGDATE) VALUES ('S9bC090b0101', 'OBS_VALUE', 2007, 'SDGS', GETDATE());
INSERT INTO "CONTENTSTIME" (MAINTABLE, CONTENTS, TIMEPERIOD, USERID, LOGDATE) VALUES ('S9bC090b0101', 'OBS_VALUE', 2008, 'SDGS', GETDATE());
INSERT INTO "CONTENTSTIME" (MAINTABLE, CONTENTS, TIMEPERIOD, USERID, LOGDATE) VALUES ('S9bC090b0101', 'OBS_VALUE', 2009, 'SDGS', GETDATE());
INSERT INTO "CONTENTSTIME" (MAINTABLE, CONTENTS, TIMEPERIOD, USERID, LOGDATE) VALUES ('S9bC090b0101', 'OBS_VALUE', 2010, 'SDGS', GETDATE());
INSERT INTO "CONTENTSTIME" (MAINTABLE, CONTENTS, TIMEPERIOD, USERID, LOGDATE) VALUES ('S9bC090b0101', 'OBS_VALUE', 2011, 'SDGS', GETDATE());
INSERT INTO "CONTENTSTIME" (MAINTABLE, CONTENTS, TIMEPERIOD, USERID, LOGDATE) VALUES ('S9bC090b0101', 'OBS_VALUE', 2012, 'SDGS', GETDATE());
INSERT INTO "CONTENTSTIME" (MAINTABLE, CONTENTS, TIMEPERIOD, USERID, LOGDATE) VALUES ('S9bC090b0101', 'OBS_VALUE', 2013, 'SDGS', GETDATE());
INSERT INTO "CONTENTSTIME" (MAINTABLE, CONTENTS, TIMEPERIOD, USERID, LOGDATE) VALUES ('S9bC090b0101', 'OBS_VALUE', 2014, 'SDGS', GETDATE());
INSERT INTO "CONTENTSTIME" (MAINTABLE, CONTENTS, TIMEPERIOD, USERID, LOGDATE) VALUES ('S9bC090b0101', 'OBS_VALUE', 2015, 'SDGS', GETDATE());
INSERT INTO "CONTENTSTIME" (MAINTABLE, CONTENTS, TIMEPERIOD, USERID, LOGDATE) VALUES ('S9bC090b0101', 'OBS_VALUE', 2016, 'SDGS', GETDATE());
INSERT INTO "CONTENTSTIME" (MAINTABLE, CONTENTS, TIMEPERIOD, USERID, LOGDATE) VALUES ('S9bC090b0101', 'OBS_VALUE', 2017, 'SDGS', GETDATE());
INSERT INTO "CONTENTSTIME" (MAINTABLE, CONTENTS, TIMEPERIOD, USERID, LOGDATE) VALUES ('S9bC090b0101', 'OBS_VALUE', 2018, 'SDGS', GETDATE());
INSERT INTO "CONTENTSTIME" (MAINTABLE, CONTENTS, TIMEPERIOD, USERID, LOGDATE) VALUES ('S9bC090b0101', 'OBS_VALUE', 2019, 'SDGS', GETDATE());
INSERT INTO "VALUESET" (VALUESET, PRESTEXT, DESCRIPTION, ELIMINATION, VALUEPOOL, METAID, FOOTNOTE, USERID, LOGDATE, VALUEPRES, SORTCODEEXISTS) VALUES ('VSREF_AREA_C090b01_01', 'Hmm', 'None', 'A', 'VPREF_AREA', '0', 'N', 'SDGS', GETDATE(), 'T', 'N');
INSERT INTO "VALUESET_ENG" (VALUESET, PRESTEXT, DESCRIPTION, USERID, LOGDATE) VALUES ('VSREF_AREA_C090b01_01', 'Hmm', 'None', 'SDGS', GETDATE());
INSERT INTO "VSVALUE" (VALUESET, VALUEPOOL, VALUECODE, USERID, LOGDATE) VALUES ('VSREF_AREA_C090b01_01', 'VPREF_AREA', '1', 'SDGS', GETDATE());
INSERT INTO "VSVALUE_ENG" (VALUESET, VALUEPOOL, VALUECODE, USERID, LOGDATE) VALUES ('VSREF_AREA_C090b01_01', 'VPREF_AREA', '1', 'SDGS', GETDATE());
INSERT INTO "VSVALUE" (VALUESET, VALUEPOOL, VALUECODE, USERID, LOGDATE) VALUES ('VSREF_AREA_C090b01_01', 'VPREF_AREA', '2', 'SDGS', GETDATE());
INSERT INTO "VSVALUE_ENG" (VALUESET, VALUEPOOL, VALUECODE, USERID, LOGDATE) VALUES ('VSREF_AREA_C090b01_01', 'VPREF_AREA', '2', 'SDGS', GETDATE());
INSERT INTO "VSVALUE" (VALUESET, VALUEPOOL, VALUECODE, USERID, LOGDATE) VALUES ('VSREF_AREA_C090b01_01', 'VPREF_AREA', '3', 'SDGS', GETDATE());
INSERT INTO "VSVALUE_ENG" (VALUESET, VALUEPOOL, VALUECODE, USERID, LOGDATE) VALUES ('VSREF_AREA_C090b01_01', 'VPREF_AREA', '3', 'SDGS', GETDATE());
INSERT INTO "SUBTABLEVARIABLE" (MAINTABLE, SUBTABLE, VARIABLE, VALUESET, VARIABLETYPE, STORECOLUMNNO, USERID, LOGDATE) VALUES ('S9bC090b0101', '', 'REF_AREA', 'VSREF_AREA_C090b01_01', 'V', '1', 'SDGS', GETDATE());
IF EXISTS (SELECT 1 FROM SYS.VIEWS WHERE NAME = 'S9bC090b0101' AND TYPE  = 'v') DROP VIEW S9bC090b0101;
GO
CREATE VIEW S9bC090b0101 AS SELECT * FROM INDICATORDATA WHERE SUBINDICATOR_CODE = 'C090b01_01';
GO
INSERT INTO "MAINTABLE" (MAINTABLE, PRESTEXT, PRESTEXTS, PRESCATEGORY, TIMESCALE, USERID, LOGDATE, FIRSTPUBLISHED, TABLESTATUS, TABLEID, PRODUCTCODE, SPECCHAREXISTS, METAID, SUBJECTCODE, CONTENTSVARIABLE) VALUES  ('S9cC090c0101', 'code 9.c/C090c01_01/C090c01_01 - (%)???? ?????? ????????? ????? ?????? ???????? ???? ???????????', 'SDGs Indicators', 'O', 'year', 'SDGS', GETDATE(), GETDATE(), 'A', 'S9cC090c0101', '001', 'N', '01', '01', 'ar: Sub Indicator');
INSERT INTO "MAINTABLE_ENG" (MAINTABLE, STATUS, PUBLISHED, PRESTEXT, PRESTEXTS, CONTENTSVARIABLE, USERID, LOGDATE) VALUES  ('S9cC090c0101', 'A', GETDATE(), 'code 9.c/C090c01_01/C090c01_01 - Proportion of population covered by a mobile network, by technology (%)', 'SDGs Indicators', 'Sub Indicator', 'SDGS', GETDATE());
INSERT INTO "SECONDARYLANGUAGE" (MAINTABLE, LANGUAGE, COMPLETELYTRANSLATED,PUBLISHED, USERID, LOGDATE) VALUES  ('S9cC090c0101', 'en','Y', 'Y', 'SDGS', GETDATE());
INSERT INTO "CONTENTS" (MAINTABLE, CONTENTS, PRESTEXT, PRESCODE, COPYRIGHT, PRODUCER, LASTUPDATED, UNIT, PRESDECIMALS, PRESCELLSZERO, STOCKFA, DAYADJ, SEASADJ, FOOTNOTECONTENTS, FOOTNOTEVARIABLE, FOOTNOTEVALUE, STORECOLUMNNO, STOREFORMAT, STORENOCHAR, STOREDECIMALS, USERID, LOGDATE, PUBLISHED, PRESTEXTS, STATAUTHORITY, AGGREGPOSSIBLE, FOOTNOTETIME, METAID) VALUES  ('S9cC090c0101', 'OBS_VALUE', 'ar: Sustainable Development Goals - SDGs', 'DATA', '1', 'PCBS', GETDATE(), 'OBS_VALUE', '2', 'Y', 'F', 'N', 'N', 'N', 'N', 'N', '3', 'N', '17', '2', 'SDGS', GETDATE(), GETDATE(), 'C090c01_01', 'PCBS', 'N', 'N', '01');
INSERT INTO "CONTENTS_ENG" (MAINTABLE, CONTENTS, PRESTEXT, UNIT, USERID, LOGDATE, PRESTEXTS, REFPERIOD, BASEPERIOD)  VALUES  ('S9cC090c0101', 'OBS_VALUE', 'Sustainable Development Goals - SDGs',  'OBS_VALUE', 'SDGS', GETDATE(), 'C090c01_01', NULL,NULL);
INSERT INTO "SUBTABLE" (MAINTABLE, SUBTABLE, PRESTEXT, CLEANTABLE, USERID, LOGDATE) VALUES  ('S9cC090c0101', '', 'code 9.c/C090c01_01/C090c01_01 - (%)???? ?????? ????????? ????? ?????? ???????? ???? ???????????', 'Y', 'SDGS', GETDATE());
INSERT INTO "SUBTABLE_ENG" (MAINTABLE, SUBTABLE, PRESTEXT, USERID, LOGDATE) VALUES  ('S9cC090c0101', '', 'code 9.c/C090c01_01/C090c01_01 - Proportion of population covered by a mobile network, by technology (%)', 'SDGS', GETDATE());
INSERT INTO "SUBTABLEVARIABLE" (MAINTABLE, SUBTABLE, VARIABLE, VARIABLETYPE, STORECOLUMNNO, USERID, LOGDATE) VALUES ('S9cC090c0101', '', 'TIME_PERIOD', 'T', '1', 'SDGS', GETDATE());
INSERT INTO "CONTENTSTIME" (MAINTABLE, CONTENTS, TIMEPERIOD, USERID, LOGDATE) VALUES ('S9cC090c0101', 'OBS_VALUE', 2016, 'SDGS', GETDATE());
IF EXISTS (SELECT 1 FROM SYS.VIEWS WHERE NAME = 'S9cC090c0101' AND TYPE  = 'v') DROP VIEW S9cC090c0101;
GO
CREATE VIEW S9cC090c0101 AS SELECT * FROM INDICATORDATA WHERE SUBINDICATOR_CODE = 'C090c01_01';
GO
INSERT INTO "MAINTABLE" (MAINTABLE, PRESTEXT, PRESTEXTS, PRESCATEGORY, TIMESCALE, USERID, LOGDATE, FIRSTPUBLISHED, TABLESTATUS, TABLEID, PRODUCTCODE, SPECCHAREXISTS, METAID, SUBJECTCODE, CONTENTSVARIABLE) VALUES  ('S101C10010101', 'code 10.1/C100101_01/C100101_01 - ?????? ??? ???? ????? ?? ????? ????? ???????? ?? ????????? ??? ???? 40 ?? ?????? ?? ?????? ?????? ??????', 'SDGs Indicators', 'O', 'year', 'SDGS', GETDATE(), GETDATE(), 'A', 'S101C10010101', '001', 'N', '01', '01', 'ar: Sub Indicator');
INSERT INTO "MAINTABLE_ENG" (MAINTABLE, STATUS, PUBLISHED, PRESTEXT, PRESTEXTS, CONTENTSVARIABLE, USERID, LOGDATE) VALUES  ('S101C10010101', 'A', GETDATE(), 'code 10.1/C100101_01/C100101_01 - Growth rates of household expenditure or income per capita (%)', 'SDGs Indicators', 'Sub Indicator', 'SDGS', GETDATE());
INSERT INTO "SECONDARYLANGUAGE" (MAINTABLE, LANGUAGE, COMPLETELYTRANSLATED,PUBLISHED, USERID, LOGDATE) VALUES  ('S101C10010101', 'en','Y', 'Y', 'SDGS', GETDATE());
INSERT INTO "CONTENTS" (MAINTABLE, CONTENTS, PRESTEXT, PRESCODE, COPYRIGHT, PRODUCER, LASTUPDATED, UNIT, PRESDECIMALS, PRESCELLSZERO, STOCKFA, DAYADJ, SEASADJ, FOOTNOTECONTENTS, FOOTNOTEVARIABLE, FOOTNOTEVALUE, STORECOLUMNNO, STOREFORMAT, STORENOCHAR, STOREDECIMALS, USERID, LOGDATE, PUBLISHED, PRESTEXTS, STATAUTHORITY, AGGREGPOSSIBLE, FOOTNOTETIME, METAID) VALUES  ('S101C10010101', 'OBS_VALUE', 'ar: Sustainable Development Goals - SDGs', 'DATA', '1', 'PCBS', GETDATE(), 'OBS_VALUE', '2', 'Y', 'F', 'N', 'N', 'N', 'N', 'N', '3', 'N', '17', '2', 'SDGS', GETDATE(), GETDATE(), 'C100101_01', 'PCBS', 'N', 'N', '01');
INSERT INTO "CONTENTS_ENG" (MAINTABLE, CONTENTS, PRESTEXT, UNIT, USERID, LOGDATE, PRESTEXTS, REFPERIOD, BASEPERIOD)  VALUES  ('S101C10010101', 'OBS_VALUE', 'Sustainable Development Goals - SDGs',  'OBS_VALUE', 'SDGS', GETDATE(), 'C100101_01', NULL,NULL);
INSERT INTO "SUBTABLE" (MAINTABLE, SUBTABLE, PRESTEXT, CLEANTABLE, USERID, LOGDATE) VALUES  ('S101C10010101', '', 'code 10.1/C100101_01/C100101_01 - ?????? ??? ???? ????? ?? ????? ????? ???????? ?? ????????? ??? ???? 40 ?? ?????? ?? ?????? ?????? ??????', 'Y', 'SDGS', GETDATE());
INSERT INTO "SUBTABLE_ENG" (MAINTABLE, SUBTABLE, PRESTEXT, USERID, LOGDATE) VALUES  ('S101C10010101', '', 'code 10.1/C100101_01/C100101_01 - Growth rates of household expenditure or income per capita (%)', 'SDGS', GETDATE());
INSERT INTO "SUBTABLEVARIABLE" (MAINTABLE, SUBTABLE, VARIABLE, VARIABLETYPE, STORECOLUMNNO, USERID, LOGDATE) VALUES ('S101C10010101', '', 'TIME_PERIOD', 'T', '1', 'SDGS', GETDATE());
INSERT INTO "CONTENTSTIME" (MAINTABLE, CONTENTS, TIMEPERIOD, USERID, LOGDATE) VALUES ('S101C10010101', 'OBS_VALUE', 2009, 'SDGS', GETDATE());
INSERT INTO "CONTENTSTIME" (MAINTABLE, CONTENTS, TIMEPERIOD, USERID, LOGDATE) VALUES ('S101C10010101', 'OBS_VALUE', 2010, 'SDGS', GETDATE());
INSERT INTO "CONTENTSTIME" (MAINTABLE, CONTENTS, TIMEPERIOD, USERID, LOGDATE) VALUES ('S101C10010101', 'OBS_VALUE', 2011, 'SDGS', GETDATE());
INSERT INTO "CONTENTSTIME" (MAINTABLE, CONTENTS, TIMEPERIOD, USERID, LOGDATE) VALUES ('S101C10010101', 'OBS_VALUE', 2017, 'SDGS', GETDATE());
IF EXISTS (SELECT 1 FROM SYS.VIEWS WHERE NAME = 'S101C10010101' AND TYPE  = 'v') DROP VIEW S101C10010101;
GO
CREATE VIEW S101C10010101 AS SELECT * FROM INDICATORDATA WHERE SUBINDICATOR_CODE = 'C100101_01';
GO
INSERT INTO "MAINTABLE" (MAINTABLE, PRESTEXT, PRESTEXTS, PRESCATEGORY, TIMESCALE, USERID, LOGDATE, FIRSTPUBLISHED, TABLESTATUS, TABLEID, PRODUCTCODE, SPECCHAREXISTS, METAID, SUBJECTCODE, CONTENTSVARIABLE) VALUES  ('S103C20020401', 'code 10.3/C200204_01/C200204_01 - ???? ?????? ????? ?????? ???? ????? ????? ??????? ??????? ?? ???????? ???? ?????? ??? ???? ???????? ???????? ??? ???? ?? ??????? ??????? ????? ??????? ?????? ????? ???????', 'SDGs Indicators', 'O', 'year', 'SDGS', GETDATE(), GETDATE(), 'A', 'S103C20020401', '001', 'N', '01', '01', 'ar: Sub Indicator');
INSERT INTO "MAINTABLE_ENG" (MAINTABLE, STATUS, PUBLISHED, PRESTEXT, PRESTEXTS, CONTENTSVARIABLE, USERID, LOGDATE) VALUES  ('S103C20020401', 'A', GETDATE(), 'code 10.3/C200204_01/C200204_01 - Proportion of population reporting having personally felt discriminated against or harassed in the previous 12 months on the basis of a ground of discrimination prohibited under international human rights law', 'SDGs Indicators', 'Sub Indicator', 'SDGS', GETDATE());
INSERT INTO "SECONDARYLANGUAGE" (MAINTABLE, LANGUAGE, COMPLETELYTRANSLATED,PUBLISHED, USERID, LOGDATE) VALUES  ('S103C20020401', 'en','Y', 'Y', 'SDGS', GETDATE());
INSERT INTO "CONTENTS" (MAINTABLE, CONTENTS, PRESTEXT, PRESCODE, COPYRIGHT, PRODUCER, LASTUPDATED, UNIT, PRESDECIMALS, PRESCELLSZERO, STOCKFA, DAYADJ, SEASADJ, FOOTNOTECONTENTS, FOOTNOTEVARIABLE, FOOTNOTEVALUE, STORECOLUMNNO, STOREFORMAT, STORENOCHAR, STOREDECIMALS, USERID, LOGDATE, PUBLISHED, PRESTEXTS, STATAUTHORITY, AGGREGPOSSIBLE, FOOTNOTETIME, METAID) VALUES  ('S103C20020401', 'OBS_VALUE', 'ar: Sustainable Development Goals - SDGs', 'DATA', '1', 'PCBS', GETDATE(), 'OBS_VALUE', '2', 'Y', 'F', 'N', 'N', 'N', 'N', 'N', '3', 'N', '17', '2', 'SDGS', GETDATE(), GETDATE(), 'C200204_01', 'PCBS', 'N', 'N', '01');
INSERT INTO "CONTENTS_ENG" (MAINTABLE, CONTENTS, PRESTEXT, UNIT, USERID, LOGDATE, PRESTEXTS, REFPERIOD, BASEPERIOD)  VALUES  ('S103C20020401', 'OBS_VALUE', 'Sustainable Development Goals - SDGs',  'OBS_VALUE', 'SDGS', GETDATE(), 'C200204_01', NULL,NULL);
INSERT INTO "SUBTABLE" (MAINTABLE, SUBTABLE, PRESTEXT, CLEANTABLE, USERID, LOGDATE) VALUES  ('S103C20020401', '', 'code 10.3/C200204_01/C200204_01 - ???? ?????? ????? ?????? ???? ????? ????? ??????? ??????? ?? ???????? ???? ?????? ??? ???? ???????? ???????? ??? ???? ?? ??????? ??????? ????? ??????? ?????? ????? ???????', 'Y', 'SDGS', GETDATE());
INSERT INTO "SUBTABLE_ENG" (MAINTABLE, SUBTABLE, PRESTEXT, USERID, LOGDATE) VALUES  ('S103C20020401', '', 'code 10.3/C200204_01/C200204_01 - Proportion of population reporting having personally felt discriminated against or harassed in the previous 12 months on the basis of a ground of discrimination prohibited under international human rights law', 'SDGS', GETDATE());
INSERT INTO "SUBTABLEVARIABLE" (MAINTABLE, SUBTABLE, VARIABLE, VARIABLETYPE, STORECOLUMNNO, USERID, LOGDATE) VALUES ('S103C20020401', '', 'TIME_PERIOD', 'T', '1', 'SDGS', GETDATE());
INSERT INTO "CONTENTSTIME" (MAINTABLE, CONTENTS, TIMEPERIOD, USERID, LOGDATE) VALUES ('S103C20020401', 'OBS_VALUE', 2018, 'SDGS', GETDATE());
INSERT INTO "VALUESET" (VALUESET, PRESTEXT, DESCRIPTION, ELIMINATION, VALUEPOOL, METAID, FOOTNOTE, USERID, LOGDATE, VALUEPRES, SORTCODEEXISTS) VALUES ('VSREF_AREA_C200204_01', 'Hmm', 'None', 'A', 'VPREF_AREA', '0', 'N', 'SDGS', GETDATE(), 'T', 'N');
INSERT INTO "VALUESET_ENG" (VALUESET, PRESTEXT, DESCRIPTION, USERID, LOGDATE) VALUES ('VSREF_AREA_C200204_01', 'Hmm', 'None', 'SDGS', GETDATE());
INSERT INTO "VSVALUE" (VALUESET, VALUEPOOL, VALUECODE, USERID, LOGDATE) VALUES ('VSREF_AREA_C200204_01', 'VPREF_AREA', '1', 'SDGS', GETDATE());
INSERT INTO "VSVALUE_ENG" (VALUESET, VALUEPOOL, VALUECODE, USERID, LOGDATE) VALUES ('VSREF_AREA_C200204_01', 'VPREF_AREA', '1', 'SDGS', GETDATE());
INSERT INTO "VSVALUE" (VALUESET, VALUEPOOL, VALUECODE, USERID, LOGDATE) VALUES ('VSREF_AREA_C200204_01', 'VPREF_AREA', '2', 'SDGS', GETDATE());
INSERT INTO "VSVALUE_ENG" (VALUESET, VALUEPOOL, VALUECODE, USERID, LOGDATE) VALUES ('VSREF_AREA_C200204_01', 'VPREF_AREA', '2', 'SDGS', GETDATE());
INSERT INTO "VSVALUE" (VALUESET, VALUEPOOL, VALUECODE, USERID, LOGDATE) VALUES ('VSREF_AREA_C200204_01', 'VPREF_AREA', '3', 'SDGS', GETDATE());
INSERT INTO "VSVALUE_ENG" (VALUESET, VALUEPOOL, VALUECODE, USERID, LOGDATE) VALUES ('VSREF_AREA_C200204_01', 'VPREF_AREA', '3', 'SDGS', GETDATE());
INSERT INTO "SUBTABLEVARIABLE" (MAINTABLE, SUBTABLE, VARIABLE, VALUESET, VARIABLETYPE, STORECOLUMNNO, USERID, LOGDATE) VALUES ('S103C20020401', '', 'REF_AREA', 'VSREF_AREA_C200204_01', 'V', '1', 'SDGS', GETDATE());
INSERT INTO "VALUESET" (VALUESET, PRESTEXT, DESCRIPTION, ELIMINATION, VALUEPOOL, METAID, FOOTNOTE, USERID, LOGDATE, VALUEPRES, SORTCODEEXISTS) VALUES ('VSSEX_C200204_01', 'Hmm', 'None', 'A', 'VPSEX', '0', 'N', 'SDGS', GETDATE(), 'T', 'N');
INSERT INTO "VALUESET_ENG" (VALUESET, PRESTEXT, DESCRIPTION, USERID, LOGDATE) VALUES ('VSSEX_C200204_01', 'Hmm', 'None', 'SDGS', GETDATE());
INSERT INTO "VSVALUE" (VALUESET, VALUEPOOL, VALUECODE, USERID, LOGDATE) VALUES ('VSSEX_C200204_01', 'VPSEX', 'M', 'SDGS', GETDATE());
INSERT INTO "VSVALUE_ENG" (VALUESET, VALUEPOOL, VALUECODE, USERID, LOGDATE) VALUES ('VSSEX_C200204_01', 'VPSEX', 'M', 'SDGS', GETDATE());
INSERT INTO "VSVALUE" (VALUESET, VALUEPOOL, VALUECODE, USERID, LOGDATE) VALUES ('VSSEX_C200204_01', 'VPSEX', 'F', 'SDGS', GETDATE());
INSERT INTO "VSVALUE_ENG" (VALUESET, VALUEPOOL, VALUECODE, USERID, LOGDATE) VALUES ('VSSEX_C200204_01', 'VPSEX', 'F', 'SDGS', GETDATE());
INSERT INTO "VSVALUE" (VALUESET, VALUEPOOL, VALUECODE, USERID, LOGDATE) VALUES ('VSSEX_C200204_01', 'VPSEX', '_T', 'SDGS', GETDATE());
INSERT INTO "VSVALUE_ENG" (VALUESET, VALUEPOOL, VALUECODE, USERID, LOGDATE) VALUES ('VSSEX_C200204_01', 'VPSEX', '_T', 'SDGS', GETDATE());
INSERT INTO "SUBTABLEVARIABLE" (MAINTABLE, SUBTABLE, VARIABLE, VALUESET, VARIABLETYPE, STORECOLUMNNO, USERID, LOGDATE) VALUES ('S103C20020401', '', 'SEX', 'VSSEX_C200204_01', 'V', '1', 'SDGS', GETDATE());
INSERT INTO "VALUESET" (VALUESET, PRESTEXT, DESCRIPTION, ELIMINATION, VALUEPOOL, METAID, FOOTNOTE, USERID, LOGDATE, VALUEPRES, SORTCODEEXISTS) VALUES ('VSURBANISATION_C200204_01', 'Hmm', 'None', 'A', 'VPURBANISATION', '0', 'N', 'SDGS', GETDATE(), 'T', 'N');
INSERT INTO "VALUESET_ENG" (VALUESET, PRESTEXT, DESCRIPTION, USERID, LOGDATE) VALUES ('VSURBANISATION_C200204_01', 'Hmm', 'None', 'SDGS', GETDATE());
INSERT INTO "VSVALUE" (VALUESET, VALUEPOOL, VALUECODE, USERID, LOGDATE) VALUES ('VSURBANISATION_C200204_01', 'VPURBANISATION', '_T', 'SDGS', GETDATE());
INSERT INTO "VSVALUE_ENG" (VALUESET, VALUEPOOL, VALUECODE, USERID, LOGDATE) VALUES ('VSURBANISATION_C200204_01', 'VPURBANISATION', '_T', 'SDGS', GETDATE());
INSERT INTO "VSVALUE" (VALUESET, VALUEPOOL, VALUECODE, USERID, LOGDATE) VALUES ('VSURBANISATION_C200204_01', 'VPURBANISATION', 'U', 'SDGS', GETDATE());
INSERT INTO "VSVALUE_ENG" (VALUESET, VALUEPOOL, VALUECODE, USERID, LOGDATE) VALUES ('VSURBANISATION_C200204_01', 'VPURBANISATION', 'U', 'SDGS', GETDATE());
INSERT INTO "VSVALUE" (VALUESET, VALUEPOOL, VALUECODE, USERID, LOGDATE) VALUES ('VSURBANISATION_C200204_01', 'VPURBANISATION', 'R', 'SDGS', GETDATE());
INSERT INTO "VSVALUE_ENG" (VALUESET, VALUEPOOL, VALUECODE, USERID, LOGDATE) VALUES ('VSURBANISATION_C200204_01', 'VPURBANISATION', 'R', 'SDGS', GETDATE());
INSERT INTO "VSVALUE" (VALUESET, VALUEPOOL, VALUECODE, USERID, LOGDATE) VALUES ('VSURBANISATION_C200204_01', 'VPURBANISATION', 'C', 'SDGS', GETDATE());
INSERT INTO "VSVALUE_ENG" (VALUESET, VALUEPOOL, VALUECODE, USERID, LOGDATE) VALUES ('VSURBANISATION_C200204_01', 'VPURBANISATION', 'C', 'SDGS', GETDATE());
INSERT INTO "SUBTABLEVARIABLE" (MAINTABLE, SUBTABLE, VARIABLE, VALUESET, VARIABLETYPE, STORECOLUMNNO, USERID, LOGDATE) VALUES ('S103C20020401', '', 'URBANISATION', 'VSURBANISATION_C200204_01', 'V', '1', 'SDGS', GETDATE());
IF EXISTS (SELECT 1 FROM SYS.VIEWS WHERE NAME = 'S103C20020401' AND TYPE  = 'v') DROP VIEW S103C20020401;
GO
CREATE VIEW S103C20020401 AS SELECT * FROM INDICATORDATA WHERE SUBINDICATOR_CODE = 'C200204_01';
GO
INSERT INTO "MAINTABLE" (MAINTABLE, PRESTEXT, PRESTEXTS, PRESCATEGORY, TIMESCALE, USERID, LOGDATE, FIRSTPUBLISHED, TABLESTATUS, TABLEID, PRODUCTCODE, SPECCHAREXISTS, METAID, SUBJECTCODE, CONTENTSVARIABLE) VALUES  ('S106C20020501', 'code 10.6/C200205_01/C200205_01 - ????? ??????? ??????? ?? ???????? ??????? (???=1? ??=2)', 'SDGs Indicators', 'O', 'year', 'SDGS', GETDATE(), GETDATE(), 'A', 'S106C20020501', '001', 'N', '01', '01', 'ar: Sub Indicator');
INSERT INTO "MAINTABLE_ENG" (MAINTABLE, STATUS, PUBLISHED, PRESTEXT, PRESTEXTS, CONTENTSVARIABLE, USERID, LOGDATE) VALUES  ('S106C20020501', 'A', GETDATE(), 'code 10.6/C200205_01/C200205_01 - membership of developing countries in international organizations (Yes=1; No=2)', 'SDGs Indicators', 'Sub Indicator', 'SDGS', GETDATE());
INSERT INTO "SECONDARYLANGUAGE" (MAINTABLE, LANGUAGE, COMPLETELYTRANSLATED,PUBLISHED, USERID, LOGDATE) VALUES  ('S106C20020501', 'en','Y', 'Y', 'SDGS', GETDATE());
INSERT INTO "CONTENTS" (MAINTABLE, CONTENTS, PRESTEXT, PRESCODE, COPYRIGHT, PRODUCER, LASTUPDATED, UNIT, PRESDECIMALS, PRESCELLSZERO, STOCKFA, DAYADJ, SEASADJ, FOOTNOTECONTENTS, FOOTNOTEVARIABLE, FOOTNOTEVALUE, STORECOLUMNNO, STOREFORMAT, STORENOCHAR, STOREDECIMALS, USERID, LOGDATE, PUBLISHED, PRESTEXTS, STATAUTHORITY, AGGREGPOSSIBLE, FOOTNOTETIME, METAID) VALUES  ('S106C20020501', 'OBS_VALUE', 'ar: Sustainable Development Goals - SDGs', 'DATA', '1', 'PCBS', GETDATE(), 'OBS_VALUE', '2', 'Y', 'F', 'N', 'N', 'N', 'N', 'N', '3', 'N', '17', '2', 'SDGS', GETDATE(), GETDATE(), 'C200205_01', 'PCBS', 'N', 'N', '01');
INSERT INTO "CONTENTS_ENG" (MAINTABLE, CONTENTS, PRESTEXT, UNIT, USERID, LOGDATE, PRESTEXTS, REFPERIOD, BASEPERIOD)  VALUES  ('S106C20020501', 'OBS_VALUE', 'Sustainable Development Goals - SDGs',  'OBS_VALUE', 'SDGS', GETDATE(), 'C200205_01', NULL,NULL);
INSERT INTO "SUBTABLE" (MAINTABLE, SUBTABLE, PRESTEXT, CLEANTABLE, USERID, LOGDATE) VALUES  ('S106C20020501', '', 'code 10.6/C200205_01/C200205_01 - ????? ??????? ??????? ?? ???????? ??????? (???=1? ??=2)', 'Y', 'SDGS', GETDATE());
INSERT INTO "SUBTABLE_ENG" (MAINTABLE, SUBTABLE, PRESTEXT, USERID, LOGDATE) VALUES  ('S106C20020501', '', 'code 10.6/C200205_01/C200205_01 - membership of developing countries in international organizations (Yes=1; No=2)', 'SDGS', GETDATE());
INSERT INTO "SUBTABLEVARIABLE" (MAINTABLE, SUBTABLE, VARIABLE, VARIABLETYPE, STORECOLUMNNO, USERID, LOGDATE) VALUES ('S106C20020501', '', 'TIME_PERIOD', 'T', '1', 'SDGS', GETDATE());
INSERT INTO "CONTENTSTIME" (MAINTABLE, CONTENTS, TIMEPERIOD, USERID, LOGDATE) VALUES ('S106C20020501', 'OBS_VALUE', 2000, 'SDGS', GETDATE());
INSERT INTO "CONTENTSTIME" (MAINTABLE, CONTENTS, TIMEPERIOD, USERID, LOGDATE) VALUES ('S106C20020501', 'OBS_VALUE', 2001, 'SDGS', GETDATE());
INSERT INTO "CONTENTSTIME" (MAINTABLE, CONTENTS, TIMEPERIOD, USERID, LOGDATE) VALUES ('S106C20020501', 'OBS_VALUE', 2002, 'SDGS', GETDATE());
INSERT INTO "CONTENTSTIME" (MAINTABLE, CONTENTS, TIMEPERIOD, USERID, LOGDATE) VALUES ('S106C20020501', 'OBS_VALUE', 2003, 'SDGS', GETDATE());
INSERT INTO "CONTENTSTIME" (MAINTABLE, CONTENTS, TIMEPERIOD, USERID, LOGDATE) VALUES ('S106C20020501', 'OBS_VALUE', 2004, 'SDGS', GETDATE());
INSERT INTO "CONTENTSTIME" (MAINTABLE, CONTENTS, TIMEPERIOD, USERID, LOGDATE) VALUES ('S106C20020501', 'OBS_VALUE', 2005, 'SDGS', GETDATE());
INSERT INTO "CONTENTSTIME" (MAINTABLE, CONTENTS, TIMEPERIOD, USERID, LOGDATE) VALUES ('S106C20020501', 'OBS_VALUE', 2006, 'SDGS', GETDATE());
INSERT INTO "CONTENTSTIME" (MAINTABLE, CONTENTS, TIMEPERIOD, USERID, LOGDATE) VALUES ('S106C20020501', 'OBS_VALUE', 2007, 'SDGS', GETDATE());
INSERT INTO "CONTENTSTIME" (MAINTABLE, CONTENTS, TIMEPERIOD, USERID, LOGDATE) VALUES ('S106C20020501', 'OBS_VALUE', 2008, 'SDGS', GETDATE());
INSERT INTO "CONTENTSTIME" (MAINTABLE, CONTENTS, TIMEPERIOD, USERID, LOGDATE) VALUES ('S106C20020501', 'OBS_VALUE', 2009, 'SDGS', GETDATE());
INSERT INTO "CONTENTSTIME" (MAINTABLE, CONTENTS, TIMEPERIOD, USERID, LOGDATE) VALUES ('S106C20020501', 'OBS_VALUE', 2010, 'SDGS', GETDATE());
INSERT INTO "CONTENTSTIME" (MAINTABLE, CONTENTS, TIMEPERIOD, USERID, LOGDATE) VALUES ('S106C20020501', 'OBS_VALUE', 2011, 'SDGS', GETDATE());
INSERT INTO "CONTENTSTIME" (MAINTABLE, CONTENTS, TIMEPERIOD, USERID, LOGDATE) VALUES ('S106C20020501', 'OBS_VALUE', 2012, 'SDGS', GETDATE());
INSERT INTO "CONTENTSTIME" (MAINTABLE, CONTENTS, TIMEPERIOD, USERID, LOGDATE) VALUES ('S106C20020501', 'OBS_VALUE', 2013, 'SDGS', GETDATE());
INSERT INTO "CONTENTSTIME" (MAINTABLE, CONTENTS, TIMEPERIOD, USERID, LOGDATE) VALUES ('S106C20020501', 'OBS_VALUE', 2014, 'SDGS', GETDATE());
INSERT INTO "CONTENTSTIME" (MAINTABLE, CONTENTS, TIMEPERIOD, USERID, LOGDATE) VALUES ('S106C20020501', 'OBS_VALUE', 2015, 'SDGS', GETDATE());
INSERT INTO "CONTENTSTIME" (MAINTABLE, CONTENTS, TIMEPERIOD, USERID, LOGDATE) VALUES ('S106C20020501', 'OBS_VALUE', 2016, 'SDGS', GETDATE());
INSERT INTO "CONTENTSTIME" (MAINTABLE, CONTENTS, TIMEPERIOD, USERID, LOGDATE) VALUES ('S106C20020501', 'OBS_VALUE', 2017, 'SDGS', GETDATE());
INSERT INTO "CONTENTSTIME" (MAINTABLE, CONTENTS, TIMEPERIOD, USERID, LOGDATE) VALUES ('S106C20020501', 'OBS_VALUE', 2018, 'SDGS', GETDATE());
INSERT INTO "CONTENTSTIME" (MAINTABLE, CONTENTS, TIMEPERIOD, USERID, LOGDATE) VALUES ('S106C20020501', 'OBS_VALUE', 2019, 'SDGS', GETDATE());
IF EXISTS (SELECT 1 FROM SYS.VIEWS WHERE NAME = 'S106C20020501' AND TYPE  = 'v') DROP VIEW S106C20020501;
GO
CREATE VIEW S106C20020501 AS SELECT * FROM INDICATORDATA WHERE SUBINDICATOR_CODE = 'C200205_01';
GO
INSERT INTO "MAINTABLE" (MAINTABLE, PRESTEXT, PRESTEXTS, PRESCATEGORY, TIMESCALE, USERID, LOGDATE, FIRSTPUBLISHED, TABLESTATUS, TABLEID, PRODUCTCODE, SPECCHAREXISTS, METAID, SUBJECTCODE, CONTENTSVARIABLE) VALUES  ('S106C20020502', 'code 10.6/C200205_02/C200205_02 - ???? ??????? ??????? ??????? ?? ???????? ??????? (???=1? ??=2)', 'SDGs Indicators', 'O', 'year', 'SDGS', GETDATE(), GETDATE(), 'A', 'S106C20020502', '001', 'N', '01', '01', 'ar: Sub Indicator');
INSERT INTO "MAINTABLE_ENG" (MAINTABLE, STATUS, PUBLISHED, PRESTEXT, PRESTEXTS, CONTENTSVARIABLE, USERID, LOGDATE) VALUES  ('S106C20020502', 'A', GETDATE(), 'code 10.6/C200205_02/C200205_02 - voting rights of developing countries in international organizations (Yes=1; No=2)', 'SDGs Indicators', 'Sub Indicator', 'SDGS', GETDATE());
INSERT INTO "SECONDARYLANGUAGE" (MAINTABLE, LANGUAGE, COMPLETELYTRANSLATED,PUBLISHED, USERID, LOGDATE) VALUES  ('S106C20020502', 'en','Y', 'Y', 'SDGS', GETDATE());
INSERT INTO "CONTENTS" (MAINTABLE, CONTENTS, PRESTEXT, PRESCODE, COPYRIGHT, PRODUCER, LASTUPDATED, UNIT, PRESDECIMALS, PRESCELLSZERO, STOCKFA, DAYADJ, SEASADJ, FOOTNOTECONTENTS, FOOTNOTEVARIABLE, FOOTNOTEVALUE, STORECOLUMNNO, STOREFORMAT, STORENOCHAR, STOREDECIMALS, USERID, LOGDATE, PUBLISHED, PRESTEXTS, STATAUTHORITY, AGGREGPOSSIBLE, FOOTNOTETIME, METAID) VALUES  ('S106C20020502', 'OBS_VALUE', 'ar: Sustainable Development Goals - SDGs', 'DATA', '1', 'PCBS', GETDATE(), 'OBS_VALUE', '2', 'Y', 'F', 'N', 'N', 'N', 'N', 'N', '3', 'N', '17', '2', 'SDGS', GETDATE(), GETDATE(), 'C200205_02', 'PCBS', 'N', 'N', '01');
INSERT INTO "CONTENTS_ENG" (MAINTABLE, CONTENTS, PRESTEXT, UNIT, USERID, LOGDATE, PRESTEXTS, REFPERIOD, BASEPERIOD)  VALUES  ('S106C20020502', 'OBS_VALUE', 'Sustainable Development Goals - SDGs',  'OBS_VALUE', 'SDGS', GETDATE(), 'C200205_02', NULL,NULL);
INSERT INTO "SUBTABLE" (MAINTABLE, SUBTABLE, PRESTEXT, CLEANTABLE, USERID, LOGDATE) VALUES  ('S106C20020502', '', 'code 10.6/C200205_02/C200205_02 - ???? ??????? ??????? ??????? ?? ???????? ??????? (???=1? ??=2)', 'Y', 'SDGS', GETDATE());
INSERT INTO "SUBTABLE_ENG" (MAINTABLE, SUBTABLE, PRESTEXT, USERID, LOGDATE) VALUES  ('S106C20020502', '', 'code 10.6/C200205_02/C200205_02 - voting rights of developing countries in international organizations (Yes=1; No=2)', 'SDGS', GETDATE());
INSERT INTO "SUBTABLEVARIABLE" (MAINTABLE, SUBTABLE, VARIABLE, VARIABLETYPE, STORECOLUMNNO, USERID, LOGDATE) VALUES ('S106C20020502', '', 'TIME_PERIOD', 'T', '1', 'SDGS', GETDATE());
INSERT INTO "CONTENTSTIME" (MAINTABLE, CONTENTS, TIMEPERIOD, USERID, LOGDATE) VALUES ('S106C20020502', 'OBS_VALUE', 2000, 'SDGS', GETDATE());
INSERT INTO "CONTENTSTIME" (MAINTABLE, CONTENTS, TIMEPERIOD, USERID, LOGDATE) VALUES ('S106C20020502', 'OBS_VALUE', 2001, 'SDGS', GETDATE());
INSERT INTO "CONTENTSTIME" (MAINTABLE, CONTENTS, TIMEPERIOD, USERID, LOGDATE) VALUES ('S106C20020502', 'OBS_VALUE', 2002, 'SDGS', GETDATE());
INSERT INTO "CONTENTSTIME" (MAINTABLE, CONTENTS, TIMEPERIOD, USERID, LOGDATE) VALUES ('S106C20020502', 'OBS_VALUE', 2003, 'SDGS', GETDATE());
INSERT INTO "CONTENTSTIME" (MAINTABLE, CONTENTS, TIMEPERIOD, USERID, LOGDATE) VALUES ('S106C20020502', 'OBS_VALUE', 2004, 'SDGS', GETDATE());
INSERT INTO "CONTENTSTIME" (MAINTABLE, CONTENTS, TIMEPERIOD, USERID, LOGDATE) VALUES ('S106C20020502', 'OBS_VALUE', 2005, 'SDGS', GETDATE());
INSERT INTO "CONTENTSTIME" (MAINTABLE, CONTENTS, TIMEPERIOD, USERID, LOGDATE) VALUES ('S106C20020502', 'OBS_VALUE', 2006, 'SDGS', GETDATE());
INSERT INTO "CONTENTSTIME" (MAINTABLE, CONTENTS, TIMEPERIOD, USERID, LOGDATE) VALUES ('S106C20020502', 'OBS_VALUE', 2007, 'SDGS', GETDATE());
INSERT INTO "CONTENTSTIME" (MAINTABLE, CONTENTS, TIMEPERIOD, USERID, LOGDATE) VALUES ('S106C20020502', 'OBS_VALUE', 2008, 'SDGS', GETDATE());
INSERT INTO "CONTENTSTIME" (MAINTABLE, CONTENTS, TIMEPERIOD, USERID, LOGDATE) VALUES ('S106C20020502', 'OBS_VALUE', 2009, 'SDGS', GETDATE());
INSERT INTO "CONTENTSTIME" (MAINTABLE, CONTENTS, TIMEPERIOD, USERID, LOGDATE) VALUES ('S106C20020502', 'OBS_VALUE', 2010, 'SDGS', GETDATE());
INSERT INTO "CONTENTSTIME" (MAINTABLE, CONTENTS, TIMEPERIOD, USERID, LOGDATE) VALUES ('S106C20020502', 'OBS_VALUE', 2011, 'SDGS', GETDATE());
INSERT INTO "CONTENTSTIME" (MAINTABLE, CONTENTS, TIMEPERIOD, USERID, LOGDATE) VALUES ('S106C20020502', 'OBS_VALUE', 2012, 'SDGS', GETDATE());
INSERT INTO "CONTENTSTIME" (MAINTABLE, CONTENTS, TIMEPERIOD, USERID, LOGDATE) VALUES ('S106C20020502', 'OBS_VALUE', 2013, 'SDGS', GETDATE());
INSERT INTO "CONTENTSTIME" (MAINTABLE, CONTENTS, TIMEPERIOD, USERID, LOGDATE) VALUES ('S106C20020502', 'OBS_VALUE', 2014, 'SDGS', GETDATE());
INSERT INTO "CONTENTSTIME" (MAINTABLE, CONTENTS, TIMEPERIOD, USERID, LOGDATE) VALUES ('S106C20020502', 'OBS_VALUE', 2015, 'SDGS', GETDATE());
INSERT INTO "CONTENTSTIME" (MAINTABLE, CONTENTS, TIMEPERIOD, USERID, LOGDATE) VALUES ('S106C20020502', 'OBS_VALUE', 2016, 'SDGS', GETDATE());
INSERT INTO "CONTENTSTIME" (MAINTABLE, CONTENTS, TIMEPERIOD, USERID, LOGDATE) VALUES ('S106C20020502', 'OBS_VALUE', 2017, 'SDGS', GETDATE());
INSERT INTO "CONTENTSTIME" (MAINTABLE, CONTENTS, TIMEPERIOD, USERID, LOGDATE) VALUES ('S106C20020502', 'OBS_VALUE', 2018, 'SDGS', GETDATE());
INSERT INTO "CONTENTSTIME" (MAINTABLE, CONTENTS, TIMEPERIOD, USERID, LOGDATE) VALUES ('S106C20020502', 'OBS_VALUE', 2019, 'SDGS', GETDATE());
IF EXISTS (SELECT 1 FROM SYS.VIEWS WHERE NAME = 'S106C20020502' AND TYPE  = 'v') DROP VIEW S106C20020502;
GO
CREATE VIEW S106C20020502 AS SELECT * FROM INDICATORDATA WHERE SUBINDICATOR_CODE = 'C200205_02';
GO
INSERT INTO "MAINTABLE" (MAINTABLE, PRESTEXT, PRESTEXTS, PRESCATEGORY, TIMESCALE, USERID, LOGDATE, FIRSTPUBLISHED, TABLESTATUS, TABLEID, PRODUCTCODE, SPECCHAREXISTS, METAID, SUBJECTCODE, CONTENTSVARIABLE) VALUES  ('S107C10070101', 'code 10.7/C100701_01/C100701_01 - ?????? ??????? ???? ??????? ??????? ????? ?? ????????? ??????? ?? ??? ??????', 'SDGs Indicators', 'O', 'year', 'SDGS', GETDATE(), GETDATE(), 'A', 'S107C10070101', '001', 'N', '01', '01', 'ar: Sub Indicator');
INSERT INTO "MAINTABLE_ENG" (MAINTABLE, STATUS, PUBLISHED, PRESTEXT, PRESTEXTS, CONTENTSVARIABLE, USERID, LOGDATE) VALUES  ('S107C10070101', 'A', GETDATE(), 'code 10.7/C100701_01/C100701_01 - Recruitment cost borne by employee as a proportion of yearly income earned in country of destination', 'SDGs Indicators', 'Sub Indicator', 'SDGS', GETDATE());
INSERT INTO "SECONDARYLANGUAGE" (MAINTABLE, LANGUAGE, COMPLETELYTRANSLATED,PUBLISHED, USERID, LOGDATE) VALUES  ('S107C10070101', 'en','Y', 'Y', 'SDGS', GETDATE());
INSERT INTO "CONTENTS" (MAINTABLE, CONTENTS, PRESTEXT, PRESCODE, COPYRIGHT, PRODUCER, LASTUPDATED, UNIT, PRESDECIMALS, PRESCELLSZERO, STOCKFA, DAYADJ, SEASADJ, FOOTNOTECONTENTS, FOOTNOTEVARIABLE, FOOTNOTEVALUE, STORECOLUMNNO, STOREFORMAT, STORENOCHAR, STOREDECIMALS, USERID, LOGDATE, PUBLISHED, PRESTEXTS, STATAUTHORITY, AGGREGPOSSIBLE, FOOTNOTETIME, METAID) VALUES  ('S107C10070101', 'OBS_VALUE', 'ar: Sustainable Development Goals - SDGs', 'DATA', '1', 'PCBS', GETDATE(), 'OBS_VALUE', '2', 'Y', 'F', 'N', 'N', 'N', 'N', 'N', '3', 'N', '17', '2', 'SDGS', GETDATE(), GETDATE(), 'C100701_01', 'PCBS', 'N', 'N', '01');
INSERT INTO "CONTENTS_ENG" (MAINTABLE, CONTENTS, PRESTEXT, UNIT, USERID, LOGDATE, PRESTEXTS, REFPERIOD, BASEPERIOD)  VALUES  ('S107C10070101', 'OBS_VALUE', 'Sustainable Development Goals - SDGs',  'OBS_VALUE', 'SDGS', GETDATE(), 'C100701_01', NULL,NULL);
INSERT INTO "SUBTABLE" (MAINTABLE, SUBTABLE, PRESTEXT, CLEANTABLE, USERID, LOGDATE) VALUES  ('S107C10070101', '', 'code 10.7/C100701_01/C100701_01 - ?????? ??????? ???? ??????? ??????? ????? ?? ????????? ??????? ?? ??? ??????', 'Y', 'SDGS', GETDATE());
INSERT INTO "SUBTABLE_ENG" (MAINTABLE, SUBTABLE, PRESTEXT, USERID, LOGDATE) VALUES  ('S107C10070101', '', 'code 10.7/C100701_01/C100701_01 - Recruitment cost borne by employee as a proportion of yearly income earned in country of destination', 'SDGS', GETDATE());
INSERT INTO "SUBTABLEVARIABLE" (MAINTABLE, SUBTABLE, VARIABLE, VARIABLETYPE, STORECOLUMNNO, USERID, LOGDATE) VALUES ('S107C10070101', '', 'TIME_PERIOD', 'T', '1', 'SDGS', GETDATE());
IF EXISTS (SELECT 1 FROM SYS.VIEWS WHERE NAME = 'S107C10070101' AND TYPE  = 'v') DROP VIEW S107C10070101;
GO
CREATE VIEW S107C10070101 AS SELECT * FROM INDICATORDATA WHERE SUBINDICATOR_CODE = 'C100701_01';
GO
INSERT INTO "MAINTABLE" (MAINTABLE, PRESTEXT, PRESTEXTS, PRESCATEGORY, TIMESCALE, USERID, LOGDATE, FIRSTPUBLISHED, TABLESTATUS, TABLEID, PRODUCTCODE, SPECCHAREXISTS, METAID, SUBJECTCODE, CONTENTSVARIABLE) VALUES  ('S10cC100c0101', 'code 10.c/C100c01_01/C100c01_01 - ?????? ????????? ??????? ????? ?? ??????? ???????', 'SDGs Indicators', 'O', 'year', 'SDGS', GETDATE(), GETDATE(), 'A', 'S10cC100c0101', '001', 'N', '01', '01', 'ar: Sub Indicator');
INSERT INTO "MAINTABLE_ENG" (MAINTABLE, STATUS, PUBLISHED, PRESTEXT, PRESTEXTS, CONTENTSVARIABLE, USERID, LOGDATE) VALUES  ('S10cC100c0101', 'A', GETDATE(), 'code 10.c/C100c01_01/C100c01_01 - Remittance costs as a proportion of the amount remitted (%)', 'SDGs Indicators', 'Sub Indicator', 'SDGS', GETDATE());
INSERT INTO "SECONDARYLANGUAGE" (MAINTABLE, LANGUAGE, COMPLETELYTRANSLATED,PUBLISHED, USERID, LOGDATE) VALUES  ('S10cC100c0101', 'en','Y', 'Y', 'SDGS', GETDATE());
INSERT INTO "CONTENTS" (MAINTABLE, CONTENTS, PRESTEXT, PRESCODE, COPYRIGHT, PRODUCER, LASTUPDATED, UNIT, PRESDECIMALS, PRESCELLSZERO, STOCKFA, DAYADJ, SEASADJ, FOOTNOTECONTENTS, FOOTNOTEVARIABLE, FOOTNOTEVALUE, STORECOLUMNNO, STOREFORMAT, STORENOCHAR, STOREDECIMALS, USERID, LOGDATE, PUBLISHED, PRESTEXTS, STATAUTHORITY, AGGREGPOSSIBLE, FOOTNOTETIME, METAID) VALUES  ('S10cC100c0101', 'OBS_VALUE', 'ar: Sustainable Development Goals - SDGs', 'DATA', '1', 'PCBS', GETDATE(), 'OBS_VALUE', '2', 'Y', 'F', 'N', 'N', 'N', 'N', 'N', '3', 'N', '17', '2', 'SDGS', GETDATE(), GETDATE(), 'C100c01_01', 'PCBS', 'N', 'N', '01');
INSERT INTO "CONTENTS_ENG" (MAINTABLE, CONTENTS, PRESTEXT, UNIT, USERID, LOGDATE, PRESTEXTS, REFPERIOD, BASEPERIOD)  VALUES  ('S10cC100c0101', 'OBS_VALUE', 'Sustainable Development Goals - SDGs',  'OBS_VALUE', 'SDGS', GETDATE(), 'C100c01_01', NULL,NULL);
INSERT INTO "SUBTABLE" (MAINTABLE, SUBTABLE, PRESTEXT, CLEANTABLE, USERID, LOGDATE) VALUES  ('S10cC100c0101', '', 'code 10.c/C100c01_01/C100c01_01 - ?????? ????????? ??????? ????? ?? ??????? ???????', 'Y', 'SDGS', GETDATE());
INSERT INTO "SUBTABLE_ENG" (MAINTABLE, SUBTABLE, PRESTEXT, USERID, LOGDATE) VALUES  ('S10cC100c0101', '', 'code 10.c/C100c01_01/C100c01_01 - Remittance costs as a proportion of the amount remitted (%)', 'SDGS', GETDATE());
INSERT INTO "SUBTABLEVARIABLE" (MAINTABLE, SUBTABLE, VARIABLE, VARIABLETYPE, STORECOLUMNNO, USERID, LOGDATE) VALUES ('S10cC100c0101', '', 'TIME_PERIOD', 'T', '1', 'SDGS', GETDATE());
INSERT INTO "CONTENTSTIME" (MAINTABLE, CONTENTS, TIMEPERIOD, USERID, LOGDATE) VALUES ('S10cC100c0101', 'OBS_VALUE', 2016, 'SDGS', GETDATE());
IF EXISTS (SELECT 1 FROM SYS.VIEWS WHERE NAME = 'S10cC100c0101' AND TYPE  = 'v') DROP VIEW S10cC100c0101;
GO
CREATE VIEW S10cC100c0101 AS SELECT * FROM INDICATORDATA WHERE SUBINDICATOR_CODE = 'C100c01_01';
GO
INSERT INTO "MAINTABLE" (MAINTABLE, PRESTEXT, PRESTEXTS, PRESCATEGORY, TIMESCALE, USERID, LOGDATE, FIRSTPUBLISHED, TABLESTATUS, TABLEID, PRODUCTCODE, SPECCHAREXISTS, METAID, SUBJECTCODE, CONTENTSVARIABLE) VALUES  ('S115C20030301', 'code 11.5/C200303_01/C200303_01 - ??? ???????  ???? ??????? ?? ?? 000 100 ???', 'SDGs Indicators', 'O', 'year', 'SDGS', GETDATE(), GETDATE(), 'A', 'S115C20030301', '001', 'N', '01', '01', 'ar: Sub Indicator');
INSERT INTO "MAINTABLE_ENG" (MAINTABLE, STATUS, PUBLISHED, PRESTEXT, PRESTEXTS, CONTENTSVARIABLE, USERID, LOGDATE) VALUES  ('S115C20030301', 'A', GETDATE(), 'code 11.5/C200303_01/C200303_01 - Number of deaths attributed to disasters per 100,000 population', 'SDGs Indicators', 'Sub Indicator', 'SDGS', GETDATE());
INSERT INTO "SECONDARYLANGUAGE" (MAINTABLE, LANGUAGE, COMPLETELYTRANSLATED,PUBLISHED, USERID, LOGDATE) VALUES  ('S115C20030301', 'en','Y', 'Y', 'SDGS', GETDATE());
INSERT INTO "CONTENTS" (MAINTABLE, CONTENTS, PRESTEXT, PRESCODE, COPYRIGHT, PRODUCER, LASTUPDATED, UNIT, PRESDECIMALS, PRESCELLSZERO, STOCKFA, DAYADJ, SEASADJ, FOOTNOTECONTENTS, FOOTNOTEVARIABLE, FOOTNOTEVALUE, STORECOLUMNNO, STOREFORMAT, STORENOCHAR, STOREDECIMALS, USERID, LOGDATE, PUBLISHED, PRESTEXTS, STATAUTHORITY, AGGREGPOSSIBLE, FOOTNOTETIME, METAID) VALUES  ('S115C20030301', 'OBS_VALUE', 'ar: Sustainable Development Goals - SDGs', 'DATA', '1', 'PCBS', GETDATE(), 'OBS_VALUE', '2', 'Y', 'F', 'N', 'N', 'N', 'N', 'N', '3', 'N', '17', '2', 'SDGS', GETDATE(), GETDATE(), 'C200303_01', 'PCBS', 'N', 'N', '01');
INSERT INTO "CONTENTS_ENG" (MAINTABLE, CONTENTS, PRESTEXT, UNIT, USERID, LOGDATE, PRESTEXTS, REFPERIOD, BASEPERIOD)  VALUES  ('S115C20030301', 'OBS_VALUE', 'Sustainable Development Goals - SDGs',  'OBS_VALUE', 'SDGS', GETDATE(), 'C200303_01', NULL,NULL);
INSERT INTO "SUBTABLE" (MAINTABLE, SUBTABLE, PRESTEXT, CLEANTABLE, USERID, LOGDATE) VALUES  ('S115C20030301', '', 'code 11.5/C200303_01/C200303_01 - ??? ???????  ???? ??????? ?? ?? 000 100 ???', 'Y', 'SDGS', GETDATE());
INSERT INTO "SUBTABLE_ENG" (MAINTABLE, SUBTABLE, PRESTEXT, USERID, LOGDATE) VALUES  ('S115C20030301', '', 'code 11.5/C200303_01/C200303_01 - Number of deaths attributed to disasters per 100,000 population', 'SDGS', GETDATE());
INSERT INTO "SUBTABLEVARIABLE" (MAINTABLE, SUBTABLE, VARIABLE, VARIABLETYPE, STORECOLUMNNO, USERID, LOGDATE) VALUES ('S115C20030301', '', 'TIME_PERIOD', 'T', '1', 'SDGS', GETDATE());
INSERT INTO "CONTENTSTIME" (MAINTABLE, CONTENTS, TIMEPERIOD, USERID, LOGDATE) VALUES ('S115C20030301', 'OBS_VALUE', 2006, 'SDGS', GETDATE());
INSERT INTO "CONTENTSTIME" (MAINTABLE, CONTENTS, TIMEPERIOD, USERID, LOGDATE) VALUES ('S115C20030301', 'OBS_VALUE', 2007, 'SDGS', GETDATE());
INSERT INTO "CONTENTSTIME" (MAINTABLE, CONTENTS, TIMEPERIOD, USERID, LOGDATE) VALUES ('S115C20030301', 'OBS_VALUE', 2008, 'SDGS', GETDATE());
INSERT INTO "CONTENTSTIME" (MAINTABLE, CONTENTS, TIMEPERIOD, USERID, LOGDATE) VALUES ('S115C20030301', 'OBS_VALUE', 2009, 'SDGS', GETDATE());
INSERT INTO "CONTENTSTIME" (MAINTABLE, CONTENTS, TIMEPERIOD, USERID, LOGDATE) VALUES ('S115C20030301', 'OBS_VALUE', 2010, 'SDGS', GETDATE());
INSERT INTO "CONTENTSTIME" (MAINTABLE, CONTENTS, TIMEPERIOD, USERID, LOGDATE) VALUES ('S115C20030301', 'OBS_VALUE', 2013, 'SDGS', GETDATE());
INSERT INTO "CONTENTSTIME" (MAINTABLE, CONTENTS, TIMEPERIOD, USERID, LOGDATE) VALUES ('S115C20030301', 'OBS_VALUE', 2015, 'SDGS', GETDATE());
INSERT INTO "CONTENTSTIME" (MAINTABLE, CONTENTS, TIMEPERIOD, USERID, LOGDATE) VALUES ('S115C20030301', 'OBS_VALUE', 2016, 'SDGS', GETDATE());
INSERT INTO "CONTENTSTIME" (MAINTABLE, CONTENTS, TIMEPERIOD, USERID, LOGDATE) VALUES ('S115C20030301', 'OBS_VALUE', 2017, 'SDGS', GETDATE());
IF EXISTS (SELECT 1 FROM SYS.VIEWS WHERE NAME = 'S115C20030301' AND TYPE  = 'v') DROP VIEW S115C20030301;
GO
CREATE VIEW S115C20030301 AS SELECT * FROM INDICATORDATA WHERE SUBINDICATOR_CODE = 'C200303_01';
GO
INSERT INTO "MAINTABLE" (MAINTABLE, PRESTEXT, PRESTEXTS, PRESCATEGORY, TIMESCALE, USERID, LOGDATE, FIRSTPUBLISHED, TABLESTATUS, TABLEID, PRODUCTCODE, SPECCHAREXISTS, METAID, SUBJECTCODE, CONTENTSVARIABLE) VALUES  ('S115C20030302', 'code 11.5/C200303_02/C200303_02 - ???  ?????????  ???? ??????? ?? ?? 000 100 ???', 'SDGs Indicators', 'O', 'year', 'SDGS', GETDATE(), GETDATE(), 'A', 'S115C20030302', '001', 'N', '01', '01', 'ar: Sub Indicator');
INSERT INTO "MAINTABLE_ENG" (MAINTABLE, STATUS, PUBLISHED, PRESTEXT, PRESTEXTS, CONTENTSVARIABLE, USERID, LOGDATE) VALUES  ('S115C20030302', 'A', GETDATE(), 'code 11.5/C200303_02/C200303_02 - Number of missing persons attributed to disasters per 100,000 population', 'SDGs Indicators', 'Sub Indicator', 'SDGS', GETDATE());
INSERT INTO "SECONDARYLANGUAGE" (MAINTABLE, LANGUAGE, COMPLETELYTRANSLATED,PUBLISHED, USERID, LOGDATE) VALUES  ('S115C20030302', 'en','Y', 'Y', 'SDGS', GETDATE());
INSERT INTO "CONTENTS" (MAINTABLE, CONTENTS, PRESTEXT, PRESCODE, COPYRIGHT, PRODUCER, LASTUPDATED, UNIT, PRESDECIMALS, PRESCELLSZERO, STOCKFA, DAYADJ, SEASADJ, FOOTNOTECONTENTS, FOOTNOTEVARIABLE, FOOTNOTEVALUE, STORECOLUMNNO, STOREFORMAT, STORENOCHAR, STOREDECIMALS, USERID, LOGDATE, PUBLISHED, PRESTEXTS, STATAUTHORITY, AGGREGPOSSIBLE, FOOTNOTETIME, METAID) VALUES  ('S115C20030302', 'OBS_VALUE', 'ar: Sustainable Development Goals - SDGs', 'DATA', '1', 'PCBS', GETDATE(), 'OBS_VALUE', '2', 'Y', 'F', 'N', 'N', 'N', 'N', 'N', '3', 'N', '17', '2', 'SDGS', GETDATE(), GETDATE(), 'C200303_02', 'PCBS', 'N', 'N', '01');
INSERT INTO "CONTENTS_ENG" (MAINTABLE, CONTENTS, PRESTEXT, UNIT, USERID, LOGDATE, PRESTEXTS, REFPERIOD, BASEPERIOD)  VALUES  ('S115C20030302', 'OBS_VALUE', 'Sustainable Development Goals - SDGs',  'OBS_VALUE', 'SDGS', GETDATE(), 'C200303_02', NULL,NULL);
INSERT INTO "SUBTABLE" (MAINTABLE, SUBTABLE, PRESTEXT, CLEANTABLE, USERID, LOGDATE) VALUES  ('S115C20030302', '', 'code 11.5/C200303_02/C200303_02 - ???  ?????????  ???? ??????? ?? ?? 000 100 ???', 'Y', 'SDGS', GETDATE());
INSERT INTO "SUBTABLE_ENG" (MAINTABLE, SUBTABLE, PRESTEXT, USERID, LOGDATE) VALUES  ('S115C20030302', '', 'code 11.5/C200303_02/C200303_02 - Number of missing persons attributed to disasters per 100,000 population', 'SDGS', GETDATE());
INSERT INTO "SUBTABLEVARIABLE" (MAINTABLE, SUBTABLE, VARIABLE, VARIABLETYPE, STORECOLUMNNO, USERID, LOGDATE) VALUES ('S115C20030302', '', 'TIME_PERIOD', 'T', '1', 'SDGS', GETDATE());
INSERT INTO "CONTENTSTIME" (MAINTABLE, CONTENTS, TIMEPERIOD, USERID, LOGDATE) VALUES ('S115C20030302', 'OBS_VALUE', 2006, 'SDGS', GETDATE());
INSERT INTO "CONTENTSTIME" (MAINTABLE, CONTENTS, TIMEPERIOD, USERID, LOGDATE) VALUES ('S115C20030302', 'OBS_VALUE', 2007, 'SDGS', GETDATE());
INSERT INTO "CONTENTSTIME" (MAINTABLE, CONTENTS, TIMEPERIOD, USERID, LOGDATE) VALUES ('S115C20030302', 'OBS_VALUE', 2008, 'SDGS', GETDATE());
INSERT INTO "CONTENTSTIME" (MAINTABLE, CONTENTS, TIMEPERIOD, USERID, LOGDATE) VALUES ('S115C20030302', 'OBS_VALUE', 2009, 'SDGS', GETDATE());
INSERT INTO "CONTENTSTIME" (MAINTABLE, CONTENTS, TIMEPERIOD, USERID, LOGDATE) VALUES ('S115C20030302', 'OBS_VALUE', 2010, 'SDGS', GETDATE());
INSERT INTO "CONTENTSTIME" (MAINTABLE, CONTENTS, TIMEPERIOD, USERID, LOGDATE) VALUES ('S115C20030302', 'OBS_VALUE', 2013, 'SDGS', GETDATE());
INSERT INTO "CONTENTSTIME" (MAINTABLE, CONTENTS, TIMEPERIOD, USERID, LOGDATE) VALUES ('S115C20030302', 'OBS_VALUE', 2014, 'SDGS', GETDATE());
INSERT INTO "CONTENTSTIME" (MAINTABLE, CONTENTS, TIMEPERIOD, USERID, LOGDATE) VALUES ('S115C20030302', 'OBS_VALUE', 2015, 'SDGS', GETDATE());
INSERT INTO "CONTENTSTIME" (MAINTABLE, CONTENTS, TIMEPERIOD, USERID, LOGDATE) VALUES ('S115C20030302', 'OBS_VALUE', 2016, 'SDGS', GETDATE());
INSERT INTO "CONTENTSTIME" (MAINTABLE, CONTENTS, TIMEPERIOD, USERID, LOGDATE) VALUES ('S115C20030302', 'OBS_VALUE', 2017, 'SDGS', GETDATE());
INSERT INTO "CONTENTSTIME" (MAINTABLE, CONTENTS, TIMEPERIOD, USERID, LOGDATE) VALUES ('S115C20030302', 'OBS_VALUE', 2018, 'SDGS', GETDATE());
IF EXISTS (SELECT 1 FROM SYS.VIEWS WHERE NAME = 'S115C20030302' AND TYPE  = 'v') DROP VIEW S115C20030302;
GO
CREATE VIEW S115C20030302 AS SELECT * FROM INDICATORDATA WHERE SUBINDICATOR_CODE = 'C200303_02';
GO
INSERT INTO "MAINTABLE" (MAINTABLE, PRESTEXT, PRESTEXTS, PRESCATEGORY, TIMESCALE, USERID, LOGDATE, FIRSTPUBLISHED, TABLESTATUS, TABLEID, PRODUCTCODE, SPECCHAREXISTS, METAID, SUBJECTCODE, CONTENTSVARIABLE) VALUES  ('S115C20030303', 'code 11.5/C200303_03/C200303_03 - ??? ????????? ???? ??????? ?? ?? 000 100 ???', 'SDGs Indicators', 'O', 'year', 'SDGS', GETDATE(), GETDATE(), 'A', 'S115C20030303', '001', 'N', '01', '01', 'ar: Sub Indicator');
INSERT INTO "MAINTABLE_ENG" (MAINTABLE, STATUS, PUBLISHED, PRESTEXT, PRESTEXTS, CONTENTSVARIABLE, USERID, LOGDATE) VALUES  ('S115C20030303', 'A', GETDATE(), 'code 11.5/C200303_03/C200303_03 - Number of directly affected persons attributed to disasters per 100,000 population', 'SDGs Indicators', 'Sub Indicator', 'SDGS', GETDATE());
INSERT INTO "SECONDARYLANGUAGE" (MAINTABLE, LANGUAGE, COMPLETELYTRANSLATED,PUBLISHED, USERID, LOGDATE) VALUES  ('S115C20030303', 'en','Y', 'Y', 'SDGS', GETDATE());
INSERT INTO "CONTENTS" (MAINTABLE, CONTENTS, PRESTEXT, PRESCODE, COPYRIGHT, PRODUCER, LASTUPDATED, UNIT, PRESDECIMALS, PRESCELLSZERO, STOCKFA, DAYADJ, SEASADJ, FOOTNOTECONTENTS, FOOTNOTEVARIABLE, FOOTNOTEVALUE, STORECOLUMNNO, STOREFORMAT, STORENOCHAR, STOREDECIMALS, USERID, LOGDATE, PUBLISHED, PRESTEXTS, STATAUTHORITY, AGGREGPOSSIBLE, FOOTNOTETIME, METAID) VALUES  ('S115C20030303', 'OBS_VALUE', 'ar: Sustainable Development Goals - SDGs', 'DATA', '1', 'PCBS', GETDATE(), 'OBS_VALUE', '2', 'Y', 'F', 'N', 'N', 'N', 'N', 'N', '3', 'N', '17', '2', 'SDGS', GETDATE(), GETDATE(), 'C200303_03', 'PCBS', 'N', 'N', '01');
INSERT INTO "CONTENTS_ENG" (MAINTABLE, CONTENTS, PRESTEXT, UNIT, USERID, LOGDATE, PRESTEXTS, REFPERIOD, BASEPERIOD)  VALUES  ('S115C20030303', 'OBS_VALUE', 'Sustainable Development Goals - SDGs',  'OBS_VALUE', 'SDGS', GETDATE(), 'C200303_03', NULL,NULL);
INSERT INTO "SUBTABLE" (MAINTABLE, SUBTABLE, PRESTEXT, CLEANTABLE, USERID, LOGDATE) VALUES  ('S115C20030303', '', 'code 11.5/C200303_03/C200303_03 - ??? ????????? ???? ??????? ?? ?? 000 100 ???', 'Y', 'SDGS', GETDATE());
INSERT INTO "SUBTABLE_ENG" (MAINTABLE, SUBTABLE, PRESTEXT, USERID, LOGDATE) VALUES  ('S115C20030303', '', 'code 11.5/C200303_03/C200303_03 - Number of directly affected persons attributed to disasters per 100,000 population', 'SDGS', GETDATE());
INSERT INTO "SUBTABLEVARIABLE" (MAINTABLE, SUBTABLE, VARIABLE, VARIABLETYPE, STORECOLUMNNO, USERID, LOGDATE) VALUES ('S115C20030303', '', 'TIME_PERIOD', 'T', '1', 'SDGS', GETDATE());
INSERT INTO "CONTENTSTIME" (MAINTABLE, CONTENTS, TIMEPERIOD, USERID, LOGDATE) VALUES ('S115C20030303', 'OBS_VALUE', 2005, 'SDGS', GETDATE());
INSERT INTO "CONTENTSTIME" (MAINTABLE, CONTENTS, TIMEPERIOD, USERID, LOGDATE) VALUES ('S115C20030303', 'OBS_VALUE', 2006, 'SDGS', GETDATE());
INSERT INTO "CONTENTSTIME" (MAINTABLE, CONTENTS, TIMEPERIOD, USERID, LOGDATE) VALUES ('S115C20030303', 'OBS_VALUE', 2007, 'SDGS', GETDATE());
INSERT INTO "CONTENTSTIME" (MAINTABLE, CONTENTS, TIMEPERIOD, USERID, LOGDATE) VALUES ('S115C20030303', 'OBS_VALUE', 2008, 'SDGS', GETDATE());
INSERT INTO "CONTENTSTIME" (MAINTABLE, CONTENTS, TIMEPERIOD, USERID, LOGDATE) VALUES ('S115C20030303', 'OBS_VALUE', 2009, 'SDGS', GETDATE());
INSERT INTO "CONTENTSTIME" (MAINTABLE, CONTENTS, TIMEPERIOD, USERID, LOGDATE) VALUES ('S115C20030303', 'OBS_VALUE', 2010, 'SDGS', GETDATE());
INSERT INTO "CONTENTSTIME" (MAINTABLE, CONTENTS, TIMEPERIOD, USERID, LOGDATE) VALUES ('S115C20030303', 'OBS_VALUE', 2011, 'SDGS', GETDATE());
INSERT INTO "CONTENTSTIME" (MAINTABLE, CONTENTS, TIMEPERIOD, USERID, LOGDATE) VALUES ('S115C20030303', 'OBS_VALUE', 2012, 'SDGS', GETDATE());
INSERT INTO "CONTENTSTIME" (MAINTABLE, CONTENTS, TIMEPERIOD, USERID, LOGDATE) VALUES ('S115C20030303', 'OBS_VALUE', 2013, 'SDGS', GETDATE());
IF EXISTS (SELECT 1 FROM SYS.VIEWS WHERE NAME = 'S115C20030303' AND TYPE  = 'v') DROP VIEW S115C20030303;
GO
CREATE VIEW S115C20030303 AS SELECT * FROM INDICATORDATA WHERE SUBINDICATOR_CODE = 'C200303_03';
GO
INSERT INTO "MAINTABLE" (MAINTABLE, PRESTEXT, PRESTEXTS, PRESCATEGORY, TIMESCALE, USERID, LOGDATE, FIRSTPUBLISHED, TABLESTATUS, TABLEID, PRODUCTCODE, SPECCHAREXISTS, METAID, SUBJECTCODE, CONTENTSVARIABLE) VALUES  ('S11bC20030401', 'code 11.b/C200304_01/C200304_01 - ??? ??????? ???? ????? ??????????? ?????  ?????? ???? ?? ????? ???????', 'SDGs Indicators', 'O', 'year', 'SDGS', GETDATE(), GETDATE(), 'A', 'S11bC20030401', '001', 'N', '01', '01', 'ar: Sub Indicator');
INSERT INTO "MAINTABLE_ENG" (MAINTABLE, STATUS, PUBLISHED, PRESTEXT, PRESTEXTS, CONTENTSVARIABLE, USERID, LOGDATE) VALUES  ('S11bC20030401', 'A', GETDATE(), 'code 11.b/C200304_01/C200304_01 - Number of countries that adopt and implement national disaster risk reduction strategies in line with the Sendai Framework for Disaster Risk Reduction 2015-2030', 'SDGs Indicators', 'Sub Indicator', 'SDGS', GETDATE());
INSERT INTO "SECONDARYLANGUAGE" (MAINTABLE, LANGUAGE, COMPLETELYTRANSLATED,PUBLISHED, USERID, LOGDATE) VALUES  ('S11bC20030401', 'en','Y', 'Y', 'SDGS', GETDATE());
INSERT INTO "CONTENTS" (MAINTABLE, CONTENTS, PRESTEXT, PRESCODE, COPYRIGHT, PRODUCER, LASTUPDATED, UNIT, PRESDECIMALS, PRESCELLSZERO, STOCKFA, DAYADJ, SEASADJ, FOOTNOTECONTENTS, FOOTNOTEVARIABLE, FOOTNOTEVALUE, STORECOLUMNNO, STOREFORMAT, STORENOCHAR, STOREDECIMALS, USERID, LOGDATE, PUBLISHED, PRESTEXTS, STATAUTHORITY, AGGREGPOSSIBLE, FOOTNOTETIME, METAID) VALUES  ('S11bC20030401', 'OBS_VALUE', 'ar: Sustainable Development Goals - SDGs', 'DATA', '1', 'PCBS', GETDATE(), 'OBS_VALUE', '2', 'Y', 'F', 'N', 'N', 'N', 'N', 'N', '3', 'N', '17', '2', 'SDGS', GETDATE(), GETDATE(), 'C200304_01', 'PCBS', 'N', 'N', '01');
INSERT INTO "CONTENTS_ENG" (MAINTABLE, CONTENTS, PRESTEXT, UNIT, USERID, LOGDATE, PRESTEXTS, REFPERIOD, BASEPERIOD)  VALUES  ('S11bC20030401', 'OBS_VALUE', 'Sustainable Development Goals - SDGs',  'OBS_VALUE', 'SDGS', GETDATE(), 'C200304_01', NULL,NULL);
INSERT INTO "SUBTABLE" (MAINTABLE, SUBTABLE, PRESTEXT, CLEANTABLE, USERID, LOGDATE) VALUES  ('S11bC20030401', '', 'code 11.b/C200304_01/C200304_01 - ??? ??????? ???? ????? ??????????? ?????  ?????? ???? ?? ????? ???????', 'Y', 'SDGS', GETDATE());
INSERT INTO "SUBTABLE_ENG" (MAINTABLE, SUBTABLE, PRESTEXT, USERID, LOGDATE) VALUES  ('S11bC20030401', '', 'code 11.b/C200304_01/C200304_01 - Number of countries that adopt and implement national disaster risk reduction strategies in line with the Sendai Framework for Disaster Risk Reduction 2015-2030', 'SDGS', GETDATE());
INSERT INTO "SUBTABLEVARIABLE" (MAINTABLE, SUBTABLE, VARIABLE, VARIABLETYPE, STORECOLUMNNO, USERID, LOGDATE) VALUES ('S11bC20030401', '', 'TIME_PERIOD', 'T', '1', 'SDGS', GETDATE());
INSERT INTO "CONTENTSTIME" (MAINTABLE, CONTENTS, TIMEPERIOD, USERID, LOGDATE) VALUES ('S11bC20030401', 'OBS_VALUE', 2017, 'SDGS', GETDATE());
INSERT INTO "CONTENTSTIME" (MAINTABLE, CONTENTS, TIMEPERIOD, USERID, LOGDATE) VALUES ('S11bC20030401', 'OBS_VALUE', 2018, 'SDGS', GETDATE());
IF EXISTS (SELECT 1 FROM SYS.VIEWS WHERE NAME = 'S11bC20030401' AND TYPE  = 'v') DROP VIEW S11bC20030401;
GO
CREATE VIEW S11bC20030401 AS SELECT * FROM INDICATORDATA WHERE SUBINDICATOR_CODE = 'C200304_01';
GO
INSERT INTO "MAINTABLE" (MAINTABLE, PRESTEXT, PRESTEXTS, PRESCATEGORY, TIMESCALE, USERID, LOGDATE, FIRSTPUBLISHED, TABLESTATUS, TABLEID, PRODUCTCODE, SPECCHAREXISTS, METAID, SUBJECTCODE, CONTENTSVARIABLE) VALUES  ('S11bC20030501', 'code 11.b/C200305_01/C200305_01 - ???? ??????? ??????? ???? ????? ????? ??????????? ???? ?? ??????? ??? ????? ??????? ??????? ???????? ?? ???????????? ??????? ???? ?? ???????', 'SDGs Indicators', 'O', 'year', 'SDGS', GETDATE(), GETDATE(), 'A', 'S11bC20030501', '001', 'N', '01', '01', 'ar: Sub Indicator');
INSERT INTO "MAINTABLE_ENG" (MAINTABLE, STATUS, PUBLISHED, PRESTEXT, PRESTEXTS, CONTENTSVARIABLE, USERID, LOGDATE) VALUES  ('S11bC20030501', 'A', GETDATE(), 'code 11.b/C200305_01/C200305_01 - Proportion of local governments that adopt and implement local disaster risk reduction strategies in line with national disaster risk reduction strategies (%)', 'SDGs Indicators', 'Sub Indicator', 'SDGS', GETDATE());
INSERT INTO "SECONDARYLANGUAGE" (MAINTABLE, LANGUAGE, COMPLETELYTRANSLATED,PUBLISHED, USERID, LOGDATE) VALUES  ('S11bC20030501', 'en','Y', 'Y', 'SDGS', GETDATE());
INSERT INTO "CONTENTS" (MAINTABLE, CONTENTS, PRESTEXT, PRESCODE, COPYRIGHT, PRODUCER, LASTUPDATED, UNIT, PRESDECIMALS, PRESCELLSZERO, STOCKFA, DAYADJ, SEASADJ, FOOTNOTECONTENTS, FOOTNOTEVARIABLE, FOOTNOTEVALUE, STORECOLUMNNO, STOREFORMAT, STORENOCHAR, STOREDECIMALS, USERID, LOGDATE, PUBLISHED, PRESTEXTS, STATAUTHORITY, AGGREGPOSSIBLE, FOOTNOTETIME, METAID) VALUES  ('S11bC20030501', 'OBS_VALUE', 'ar: Sustainable Development Goals - SDGs', 'DATA', '1', 'PCBS', GETDATE(), 'OBS_VALUE', '2', 'Y', 'F', 'N', 'N', 'N', 'N', 'N', '3', 'N', '17', '2', 'SDGS', GETDATE(), GETDATE(), 'C200305_01', 'PCBS', 'N', 'N', '01');
INSERT INTO "CONTENTS_ENG" (MAINTABLE, CONTENTS, PRESTEXT, UNIT, USERID, LOGDATE, PRESTEXTS, REFPERIOD, BASEPERIOD)  VALUES  ('S11bC20030501', 'OBS_VALUE', 'Sustainable Development Goals - SDGs',  'OBS_VALUE', 'SDGS', GETDATE(), 'C200305_01', NULL,NULL);
INSERT INTO "SUBTABLE" (MAINTABLE, SUBTABLE, PRESTEXT, CLEANTABLE, USERID, LOGDATE) VALUES  ('S11bC20030501', '', 'code 11.b/C200305_01/C200305_01 - ???? ??????? ??????? ???? ????? ????? ??????????? ???? ?? ??????? ??? ????? ??????? ??????? ???????? ?? ???????????? ??????? ???? ?? ???????', 'Y', 'SDGS', GETDATE());
INSERT INTO "SUBTABLE_ENG" (MAINTABLE, SUBTABLE, PRESTEXT, USERID, LOGDATE) VALUES  ('S11bC20030501', '', 'code 11.b/C200305_01/C200305_01 - Proportion of local governments that adopt and implement local disaster risk reduction strategies in line with national disaster risk reduction strategies (%)', 'SDGS', GETDATE());
INSERT INTO "SUBTABLEVARIABLE" (MAINTABLE, SUBTABLE, VARIABLE, VARIABLETYPE, STORECOLUMNNO, USERID, LOGDATE) VALUES ('S11bC20030501', '', 'TIME_PERIOD', 'T', '1', 'SDGS', GETDATE());
INSERT INTO "CONTENTSTIME" (MAINTABLE, CONTENTS, TIMEPERIOD, USERID, LOGDATE) VALUES ('S11bC20030501', 'OBS_VALUE', 2017, 'SDGS', GETDATE());
INSERT INTO "CONTENTSTIME" (MAINTABLE, CONTENTS, TIMEPERIOD, USERID, LOGDATE) VALUES ('S11bC20030501', 'OBS_VALUE', 2018, 'SDGS', GETDATE());
IF EXISTS (SELECT 1 FROM SYS.VIEWS WHERE NAME = 'S11bC20030501' AND TYPE  = 'v') DROP VIEW S11bC20030501;
GO
CREATE VIEW S11bC20030501 AS SELECT * FROM INDICATORDATA WHERE SUBINDICATOR_CODE = 'C200305_01';
GO
INSERT INTO "MAINTABLE" (MAINTABLE, PRESTEXT, PRESTEXTS, PRESCATEGORY, TIMESCALE, USERID, LOGDATE, FIRSTPUBLISHED, TABLESTATUS, TABLEID, PRODUCTCODE, SPECCHAREXISTS, METAID, SUBJECTCODE, CONTENTSVARIABLE) VALUES  ('S121C12010101', 'code 12.1/C120101_01/C120101_01 - ??? ??????? ???? ????? ??? ??? ?????????????? ???????? ?????????? ?? ???? ????? ??? ??????? ???????? ??????? ????????? ?????? ?? ????', 'SDGs Indicators', 'O', 'year', 'SDGS', GETDATE(), GETDATE(), 'A', 'S121C12010101', '001', 'N', '01', '01', 'ar: Sub Indicator');
INSERT INTO "MAINTABLE_ENG" (MAINTABLE, STATUS, PUBLISHED, PRESTEXT, PRESTEXTS, CONTENTSVARIABLE, USERID, LOGDATE) VALUES  ('S121C12010101', 'A', GETDATE(), 'code 12.1/C120101_01/C120101_01 - Number of countries with sustainable consumption and production (SCP) national action plans or SCP mainstreamed as a priority or target into national policies', 'SDGs Indicators', 'Sub Indicator', 'SDGS', GETDATE());
INSERT INTO "SECONDARYLANGUAGE" (MAINTABLE, LANGUAGE, COMPLETELYTRANSLATED,PUBLISHED, USERID, LOGDATE) VALUES  ('S121C12010101', 'en','Y', 'Y', 'SDGS', GETDATE());
INSERT INTO "CONTENTS" (MAINTABLE, CONTENTS, PRESTEXT, PRESCODE, COPYRIGHT, PRODUCER, LASTUPDATED, UNIT, PRESDECIMALS, PRESCELLSZERO, STOCKFA, DAYADJ, SEASADJ, FOOTNOTECONTENTS, FOOTNOTEVARIABLE, FOOTNOTEVALUE, STORECOLUMNNO, STOREFORMAT, STORENOCHAR, STOREDECIMALS, USERID, LOGDATE, PUBLISHED, PRESTEXTS, STATAUTHORITY, AGGREGPOSSIBLE, FOOTNOTETIME, METAID) VALUES  ('S121C12010101', 'OBS_VALUE', 'ar: Sustainable Development Goals - SDGs', 'DATA', '1', 'PCBS', GETDATE(), 'OBS_VALUE', '2', 'Y', 'F', 'N', 'N', 'N', 'N', 'N', '3', 'N', '17', '2', 'SDGS', GETDATE(), GETDATE(), 'C120101_01', 'PCBS', 'N', 'N', '01');
INSERT INTO "CONTENTS_ENG" (MAINTABLE, CONTENTS, PRESTEXT, UNIT, USERID, LOGDATE, PRESTEXTS, REFPERIOD, BASEPERIOD)  VALUES  ('S121C12010101', 'OBS_VALUE', 'Sustainable Development Goals - SDGs',  'OBS_VALUE', 'SDGS', GETDATE(), 'C120101_01', NULL,NULL);
INSERT INTO "SUBTABLE" (MAINTABLE, SUBTABLE, PRESTEXT, CLEANTABLE, USERID, LOGDATE) VALUES  ('S121C12010101', '', 'code 12.1/C120101_01/C120101_01 - ??? ??????? ???? ????? ??? ??? ?????????????? ???????? ?????????? ?? ???? ????? ??? ??????? ???????? ??????? ????????? ?????? ?? ????', 'Y', 'SDGS', GETDATE());
INSERT INTO "SUBTABLE_ENG" (MAINTABLE, SUBTABLE, PRESTEXT, USERID, LOGDATE) VALUES  ('S121C12010101', '', 'code 12.1/C120101_01/C120101_01 - Number of countries with sustainable consumption and production (SCP) national action plans or SCP mainstreamed as a priority or target into national policies', 'SDGS', GETDATE());
INSERT INTO "SUBTABLEVARIABLE" (MAINTABLE, SUBTABLE, VARIABLE, VARIABLETYPE, STORECOLUMNNO, USERID, LOGDATE) VALUES ('S121C12010101', '', 'TIME_PERIOD', 'T', '1', 'SDGS', GETDATE());
INSERT INTO "CONTENTSTIME" (MAINTABLE, CONTENTS, TIMEPERIOD, USERID, LOGDATE) VALUES ('S121C12010101', 'OBS_VALUE', 2000, 'SDGS', GETDATE());
INSERT INTO "CONTENTSTIME" (MAINTABLE, CONTENTS, TIMEPERIOD, USERID, LOGDATE) VALUES ('S121C12010101', 'OBS_VALUE', 2001, 'SDGS', GETDATE());
IF EXISTS (SELECT 1 FROM SYS.VIEWS WHERE NAME = 'S121C12010101' AND TYPE  = 'v') DROP VIEW S121C12010101;
GO
CREATE VIEW S121C12010101 AS SELECT * FROM INDICATORDATA WHERE SUBINDICATOR_CODE = 'C120101_01';
GO
INSERT INTO "MAINTABLE" (MAINTABLE, PRESTEXT, PRESTEXTS, PRESCATEGORY, TIMESCALE, USERID, LOGDATE, FIRSTPUBLISHED, TABLESTATUS, TABLEID, PRODUCTCODE, SPECCHAREXISTS, METAID, SUBJECTCODE, CONTENTSVARIABLE) VALUES  ('S124C12040101', 'code 12.4/C120401_01/C120401_01 - ??? ??????? ?? ????????? ??????? ??????? ???????? ??????? ???????? ??????? ?????? ?????? ?????? ?? ?????? ??????????? ???? ??? ????????? ??????????? ?? ??? ????????? ??? ????? ???? ?????? ?? ????? ?? ???', 'SDGs Indicators', 'O', 'year', 'SDGS', GETDATE(), GETDATE(), 'A', 'S124C12040101', '001', 'N', '01', '01', 'ar: Sub Indicator');
INSERT INTO "MAINTABLE_ENG" (MAINTABLE, STATUS, PUBLISHED, PRESTEXT, PRESTEXTS, CONTENTSVARIABLE, USERID, LOGDATE) VALUES  ('S124C12040101', 'A', GETDATE(), 'code 12.4/C120401_01/C120401_01 - Number of parties to international multilateral environmental agreements on hazardous waste, and other chemicals that meet their commitments and obligations in transmitting information as required by each relevant agreement', 'SDGs Indicators', 'Sub Indicator', 'SDGS', GETDATE());
INSERT INTO "SECONDARYLANGUAGE" (MAINTABLE, LANGUAGE, COMPLETELYTRANSLATED,PUBLISHED, USERID, LOGDATE) VALUES  ('S124C12040101', 'en','Y', 'Y', 'SDGS', GETDATE());
INSERT INTO "CONTENTS" (MAINTABLE, CONTENTS, PRESTEXT, PRESCODE, COPYRIGHT, PRODUCER, LASTUPDATED, UNIT, PRESDECIMALS, PRESCELLSZERO, STOCKFA, DAYADJ, SEASADJ, FOOTNOTECONTENTS, FOOTNOTEVARIABLE, FOOTNOTEVALUE, STORECOLUMNNO, STOREFORMAT, STORENOCHAR, STOREDECIMALS, USERID, LOGDATE, PUBLISHED, PRESTEXTS, STATAUTHORITY, AGGREGPOSSIBLE, FOOTNOTETIME, METAID) VALUES  ('S124C12040101', 'OBS_VALUE', 'ar: Sustainable Development Goals - SDGs', 'DATA', '1', 'PCBS', GETDATE(), 'OBS_VALUE', '2', 'Y', 'F', 'N', 'N', 'N', 'N', 'N', '3', 'N', '17', '2', 'SDGS', GETDATE(), GETDATE(), 'C120401_01', 'PCBS', 'N', 'N', '01');
INSERT INTO "CONTENTS_ENG" (MAINTABLE, CONTENTS, PRESTEXT, UNIT, USERID, LOGDATE, PRESTEXTS, REFPERIOD, BASEPERIOD)  VALUES  ('S124C12040101', 'OBS_VALUE', 'Sustainable Development Goals - SDGs',  'OBS_VALUE', 'SDGS', GETDATE(), 'C120401_01', NULL,NULL);
INSERT INTO "SUBTABLE" (MAINTABLE, SUBTABLE, PRESTEXT, CLEANTABLE, USERID, LOGDATE) VALUES  ('S124C12040101', '', 'code 12.4/C120401_01/C120401_01 - ??? ??????? ?? ????????? ??????? ??????? ???????? ??????? ???????? ??????? ?????? ?????? ?????? ?? ?????? ??????????? ???? ??? ????????? ??????????? ?? ??? ????????? ??? ????? ???? ?????? ?? ????? ?? ???', 'Y', 'SDGS', GETDATE());
INSERT INTO "SUBTABLE_ENG" (MAINTABLE, SUBTABLE, PRESTEXT, USERID, LOGDATE) VALUES  ('S124C12040101', '', 'code 12.4/C120401_01/C120401_01 - Number of parties to international multilateral environmental agreements on hazardous waste, and other chemicals that meet their commitments and obligations in transmitting information as required by each relevant agreement', 'SDGS', GETDATE());
INSERT INTO "SUBTABLEVARIABLE" (MAINTABLE, SUBTABLE, VARIABLE, VARIABLETYPE, STORECOLUMNNO, USERID, LOGDATE) VALUES ('S124C12040101', '', 'TIME_PERIOD', 'T', '1', 'SDGS', GETDATE());
INSERT INTO "CONTENTSTIME" (MAINTABLE, CONTENTS, TIMEPERIOD, USERID, LOGDATE) VALUES ('S124C12040101', 'OBS_VALUE', 2015, 'SDGS', GETDATE());
INSERT INTO "CONTENTSTIME" (MAINTABLE, CONTENTS, TIMEPERIOD, USERID, LOGDATE) VALUES ('S124C12040101', 'OBS_VALUE', 2016, 'SDGS', GETDATE());
INSERT INTO "CONTENTSTIME" (MAINTABLE, CONTENTS, TIMEPERIOD, USERID, LOGDATE) VALUES ('S124C12040101', 'OBS_VALUE', 2017, 'SDGS', GETDATE());
INSERT INTO "CONTENTSTIME" (MAINTABLE, CONTENTS, TIMEPERIOD, USERID, LOGDATE) VALUES ('S124C12040101', 'OBS_VALUE', 2018, 'SDGS', GETDATE());
IF EXISTS (SELECT 1 FROM SYS.VIEWS WHERE NAME = 'S124C12040101' AND TYPE  = 'v') DROP VIEW S124C12040101;
GO
CREATE VIEW S124C12040101 AS SELECT * FROM INDICATORDATA WHERE SUBINDICATOR_CODE = 'C120401_01';
GO
INSERT INTO "MAINTABLE" (MAINTABLE, PRESTEXT, PRESTEXTS, PRESCATEGORY, TIMESCALE, USERID, LOGDATE, FIRSTPUBLISHED, TABLESTATUS, TABLEID, PRODUCTCODE, SPECCHAREXISTS, METAID, SUBJECTCODE, CONTENTSVARIABLE) VALUES  ('S131C20030301', 'code 13.1/C200303_01/C200303_01 - ??? ???????  ???? ??????? ?? ?? 000 100 ???', 'SDGs Indicators', 'O', 'year', 'SDGS', GETDATE(), GETDATE(), 'A', 'S131C20030301', '001', 'N', '01', '01', 'ar: Sub Indicator');
INSERT INTO "MAINTABLE_ENG" (MAINTABLE, STATUS, PUBLISHED, PRESTEXT, PRESTEXTS, CONTENTSVARIABLE, USERID, LOGDATE) VALUES  ('S131C20030301', 'A', GETDATE(), 'code 13.1/C200303_01/C200303_01 - Number of deaths attributed to disasters per 100,000 population', 'SDGs Indicators', 'Sub Indicator', 'SDGS', GETDATE());
INSERT INTO "SECONDARYLANGUAGE" (MAINTABLE, LANGUAGE, COMPLETELYTRANSLATED,PUBLISHED, USERID, LOGDATE) VALUES  ('S131C20030301', 'en','Y', 'Y', 'SDGS', GETDATE());
INSERT INTO "CONTENTS" (MAINTABLE, CONTENTS, PRESTEXT, PRESCODE, COPYRIGHT, PRODUCER, LASTUPDATED, UNIT, PRESDECIMALS, PRESCELLSZERO, STOCKFA, DAYADJ, SEASADJ, FOOTNOTECONTENTS, FOOTNOTEVARIABLE, FOOTNOTEVALUE, STORECOLUMNNO, STOREFORMAT, STORENOCHAR, STOREDECIMALS, USERID, LOGDATE, PUBLISHED, PRESTEXTS, STATAUTHORITY, AGGREGPOSSIBLE, FOOTNOTETIME, METAID) VALUES  ('S131C20030301', 'OBS_VALUE', 'ar: Sustainable Development Goals - SDGs', 'DATA', '1', 'PCBS', GETDATE(), 'OBS_VALUE', '2', 'Y', 'F', 'N', 'N', 'N', 'N', 'N', '3', 'N', '17', '2', 'SDGS', GETDATE(), GETDATE(), 'C200303_01', 'PCBS', 'N', 'N', '01');
INSERT INTO "CONTENTS_ENG" (MAINTABLE, CONTENTS, PRESTEXT, UNIT, USERID, LOGDATE, PRESTEXTS, REFPERIOD, BASEPERIOD)  VALUES  ('S131C20030301', 'OBS_VALUE', 'Sustainable Development Goals - SDGs',  'OBS_VALUE', 'SDGS', GETDATE(), 'C200303_01', NULL,NULL);
INSERT INTO "SUBTABLE" (MAINTABLE, SUBTABLE, PRESTEXT, CLEANTABLE, USERID, LOGDATE) VALUES  ('S131C20030301', '', 'code 13.1/C200303_01/C200303_01 - ??? ???????  ???? ??????? ?? ?? 000 100 ???', 'Y', 'SDGS', GETDATE());
INSERT INTO "SUBTABLE_ENG" (MAINTABLE, SUBTABLE, PRESTEXT, USERID, LOGDATE) VALUES  ('S131C20030301', '', 'code 13.1/C200303_01/C200303_01 - Number of deaths attributed to disasters per 100,000 population', 'SDGS', GETDATE());
INSERT INTO "SUBTABLEVARIABLE" (MAINTABLE, SUBTABLE, VARIABLE, VARIABLETYPE, STORECOLUMNNO, USERID, LOGDATE) VALUES ('S131C20030301', '', 'TIME_PERIOD', 'T', '1', 'SDGS', GETDATE());
INSERT INTO "CONTENTSTIME" (MAINTABLE, CONTENTS, TIMEPERIOD, USERID, LOGDATE) VALUES ('S131C20030301', 'OBS_VALUE', 2006, 'SDGS', GETDATE());
INSERT INTO "CONTENTSTIME" (MAINTABLE, CONTENTS, TIMEPERIOD, USERID, LOGDATE) VALUES ('S131C20030301', 'OBS_VALUE', 2007, 'SDGS', GETDATE());
INSERT INTO "CONTENTSTIME" (MAINTABLE, CONTENTS, TIMEPERIOD, USERID, LOGDATE) VALUES ('S131C20030301', 'OBS_VALUE', 2008, 'SDGS', GETDATE());
INSERT INTO "CONTENTSTIME" (MAINTABLE, CONTENTS, TIMEPERIOD, USERID, LOGDATE) VALUES ('S131C20030301', 'OBS_VALUE', 2009, 'SDGS', GETDATE());
INSERT INTO "CONTENTSTIME" (MAINTABLE, CONTENTS, TIMEPERIOD, USERID, LOGDATE) VALUES ('S131C20030301', 'OBS_VALUE', 2010, 'SDGS', GETDATE());
INSERT INTO "CONTENTSTIME" (MAINTABLE, CONTENTS, TIMEPERIOD, USERID, LOGDATE) VALUES ('S131C20030301', 'OBS_VALUE', 2013, 'SDGS', GETDATE());
INSERT INTO "CONTENTSTIME" (MAINTABLE, CONTENTS, TIMEPERIOD, USERID, LOGDATE) VALUES ('S131C20030301', 'OBS_VALUE', 2015, 'SDGS', GETDATE());
INSERT INTO "CONTENTSTIME" (MAINTABLE, CONTENTS, TIMEPERIOD, USERID, LOGDATE) VALUES ('S131C20030301', 'OBS_VALUE', 2016, 'SDGS', GETDATE());
INSERT INTO "CONTENTSTIME" (MAINTABLE, CONTENTS, TIMEPERIOD, USERID, LOGDATE) VALUES ('S131C20030301', 'OBS_VALUE', 2017, 'SDGS', GETDATE());
IF EXISTS (SELECT 1 FROM SYS.VIEWS WHERE NAME = 'S131C20030301' AND TYPE  = 'v') DROP VIEW S131C20030301;
GO
CREATE VIEW S131C20030301 AS SELECT * FROM INDICATORDATA WHERE SUBINDICATOR_CODE = 'C200303_01';
GO
INSERT INTO "MAINTABLE" (MAINTABLE, PRESTEXT, PRESTEXTS, PRESCATEGORY, TIMESCALE, USERID, LOGDATE, FIRSTPUBLISHED, TABLESTATUS, TABLEID, PRODUCTCODE, SPECCHAREXISTS, METAID, SUBJECTCODE, CONTENTSVARIABLE) VALUES  ('S131C20030302', 'code 13.1/C200303_02/C200303_02 - ???  ?????????  ???? ??????? ?? ?? 000 100 ???', 'SDGs Indicators', 'O', 'year', 'SDGS', GETDATE(), GETDATE(), 'A', 'S131C20030302', '001', 'N', '01', '01', 'ar: Sub Indicator');
INSERT INTO "MAINTABLE_ENG" (MAINTABLE, STATUS, PUBLISHED, PRESTEXT, PRESTEXTS, CONTENTSVARIABLE, USERID, LOGDATE) VALUES  ('S131C20030302', 'A', GETDATE(), 'code 13.1/C200303_02/C200303_02 - Number of missing persons attributed to disasters per 100,000 population', 'SDGs Indicators', 'Sub Indicator', 'SDGS', GETDATE());
INSERT INTO "SECONDARYLANGUAGE" (MAINTABLE, LANGUAGE, COMPLETELYTRANSLATED,PUBLISHED, USERID, LOGDATE) VALUES  ('S131C20030302', 'en','Y', 'Y', 'SDGS', GETDATE());
INSERT INTO "CONTENTS" (MAINTABLE, CONTENTS, PRESTEXT, PRESCODE, COPYRIGHT, PRODUCER, LASTUPDATED, UNIT, PRESDECIMALS, PRESCELLSZERO, STOCKFA, DAYADJ, SEASADJ, FOOTNOTECONTENTS, FOOTNOTEVARIABLE, FOOTNOTEVALUE, STORECOLUMNNO, STOREFORMAT, STORENOCHAR, STOREDECIMALS, USERID, LOGDATE, PUBLISHED, PRESTEXTS, STATAUTHORITY, AGGREGPOSSIBLE, FOOTNOTETIME, METAID) VALUES  ('S131C20030302', 'OBS_VALUE', 'ar: Sustainable Development Goals - SDGs', 'DATA', '1', 'PCBS', GETDATE(), 'OBS_VALUE', '2', 'Y', 'F', 'N', 'N', 'N', 'N', 'N', '3', 'N', '17', '2', 'SDGS', GETDATE(), GETDATE(), 'C200303_02', 'PCBS', 'N', 'N', '01');
INSERT INTO "CONTENTS_ENG" (MAINTABLE, CONTENTS, PRESTEXT, UNIT, USERID, LOGDATE, PRESTEXTS, REFPERIOD, BASEPERIOD)  VALUES  ('S131C20030302', 'OBS_VALUE', 'Sustainable Development Goals - SDGs',  'OBS_VALUE', 'SDGS', GETDATE(), 'C200303_02', NULL,NULL);
INSERT INTO "SUBTABLE" (MAINTABLE, SUBTABLE, PRESTEXT, CLEANTABLE, USERID, LOGDATE) VALUES  ('S131C20030302', '', 'code 13.1/C200303_02/C200303_02 - ???  ?????????  ???? ??????? ?? ?? 000 100 ???', 'Y', 'SDGS', GETDATE());
INSERT INTO "SUBTABLE_ENG" (MAINTABLE, SUBTABLE, PRESTEXT, USERID, LOGDATE) VALUES  ('S131C20030302', '', 'code 13.1/C200303_02/C200303_02 - Number of missing persons attributed to disasters per 100,000 population', 'SDGS', GETDATE());
INSERT INTO "SUBTABLEVARIABLE" (MAINTABLE, SUBTABLE, VARIABLE, VARIABLETYPE, STORECOLUMNNO, USERID, LOGDATE) VALUES ('S131C20030302', '', 'TIME_PERIOD', 'T', '1', 'SDGS', GETDATE());
INSERT INTO "CONTENTSTIME" (MAINTABLE, CONTENTS, TIMEPERIOD, USERID, LOGDATE) VALUES ('S131C20030302', 'OBS_VALUE', 2006, 'SDGS', GETDATE());
INSERT INTO "CONTENTSTIME" (MAINTABLE, CONTENTS, TIMEPERIOD, USERID, LOGDATE) VALUES ('S131C20030302', 'OBS_VALUE', 2007, 'SDGS', GETDATE());
INSERT INTO "CONTENTSTIME" (MAINTABLE, CONTENTS, TIMEPERIOD, USERID, LOGDATE) VALUES ('S131C20030302', 'OBS_VALUE', 2008, 'SDGS', GETDATE());
INSERT INTO "CONTENTSTIME" (MAINTABLE, CONTENTS, TIMEPERIOD, USERID, LOGDATE) VALUES ('S131C20030302', 'OBS_VALUE', 2009, 'SDGS', GETDATE());
INSERT INTO "CONTENTSTIME" (MAINTABLE, CONTENTS, TIMEPERIOD, USERID, LOGDATE) VALUES ('S131C20030302', 'OBS_VALUE', 2010, 'SDGS', GETDATE());
INSERT INTO "CONTENTSTIME" (MAINTABLE, CONTENTS, TIMEPERIOD, USERID, LOGDATE) VALUES ('S131C20030302', 'OBS_VALUE', 2013, 'SDGS', GETDATE());
INSERT INTO "CONTENTSTIME" (MAINTABLE, CONTENTS, TIMEPERIOD, USERID, LOGDATE) VALUES ('S131C20030302', 'OBS_VALUE', 2014, 'SDGS', GETDATE());
INSERT INTO "CONTENTSTIME" (MAINTABLE, CONTENTS, TIMEPERIOD, USERID, LOGDATE) VALUES ('S131C20030302', 'OBS_VALUE', 2015, 'SDGS', GETDATE());
INSERT INTO "CONTENTSTIME" (MAINTABLE, CONTENTS, TIMEPERIOD, USERID, LOGDATE) VALUES ('S131C20030302', 'OBS_VALUE', 2016, 'SDGS', GETDATE());
INSERT INTO "CONTENTSTIME" (MAINTABLE, CONTENTS, TIMEPERIOD, USERID, LOGDATE) VALUES ('S131C20030302', 'OBS_VALUE', 2017, 'SDGS', GETDATE());
INSERT INTO "CONTENTSTIME" (MAINTABLE, CONTENTS, TIMEPERIOD, USERID, LOGDATE) VALUES ('S131C20030302', 'OBS_VALUE', 2018, 'SDGS', GETDATE());
IF EXISTS (SELECT 1 FROM SYS.VIEWS WHERE NAME = 'S131C20030302' AND TYPE  = 'v') DROP VIEW S131C20030302;
GO
CREATE VIEW S131C20030302 AS SELECT * FROM INDICATORDATA WHERE SUBINDICATOR_CODE = 'C200303_02';
GO
INSERT INTO "MAINTABLE" (MAINTABLE, PRESTEXT, PRESTEXTS, PRESCATEGORY, TIMESCALE, USERID, LOGDATE, FIRSTPUBLISHED, TABLESTATUS, TABLEID, PRODUCTCODE, SPECCHAREXISTS, METAID, SUBJECTCODE, CONTENTSVARIABLE) VALUES  ('S131C20030303', 'code 13.1/C200303_03/C200303_03 - ??? ????????? ???? ??????? ?? ?? 000 100 ???', 'SDGs Indicators', 'O', 'year', 'SDGS', GETDATE(), GETDATE(), 'A', 'S131C20030303', '001', 'N', '01', '01', 'ar: Sub Indicator');
INSERT INTO "MAINTABLE_ENG" (MAINTABLE, STATUS, PUBLISHED, PRESTEXT, PRESTEXTS, CONTENTSVARIABLE, USERID, LOGDATE) VALUES  ('S131C20030303', 'A', GETDATE(), 'code 13.1/C200303_03/C200303_03 - Number of directly affected persons attributed to disasters per 100,000 population', 'SDGs Indicators', 'Sub Indicator', 'SDGS', GETDATE());
INSERT INTO "SECONDARYLANGUAGE" (MAINTABLE, LANGUAGE, COMPLETELYTRANSLATED,PUBLISHED, USERID, LOGDATE) VALUES  ('S131C20030303', 'en','Y', 'Y', 'SDGS', GETDATE());
INSERT INTO "CONTENTS" (MAINTABLE, CONTENTS, PRESTEXT, PRESCODE, COPYRIGHT, PRODUCER, LASTUPDATED, UNIT, PRESDECIMALS, PRESCELLSZERO, STOCKFA, DAYADJ, SEASADJ, FOOTNOTECONTENTS, FOOTNOTEVARIABLE, FOOTNOTEVALUE, STORECOLUMNNO, STOREFORMAT, STORENOCHAR, STOREDECIMALS, USERID, LOGDATE, PUBLISHED, PRESTEXTS, STATAUTHORITY, AGGREGPOSSIBLE, FOOTNOTETIME, METAID) VALUES  ('S131C20030303', 'OBS_VALUE', 'ar: Sustainable Development Goals - SDGs', 'DATA', '1', 'PCBS', GETDATE(), 'OBS_VALUE', '2', 'Y', 'F', 'N', 'N', 'N', 'N', 'N', '3', 'N', '17', '2', 'SDGS', GETDATE(), GETDATE(), 'C200303_03', 'PCBS', 'N', 'N', '01');
INSERT INTO "CONTENTS_ENG" (MAINTABLE, CONTENTS, PRESTEXT, UNIT, USERID, LOGDATE, PRESTEXTS, REFPERIOD, BASEPERIOD)  VALUES  ('S131C20030303', 'OBS_VALUE', 'Sustainable Development Goals - SDGs',  'OBS_VALUE', 'SDGS', GETDATE(), 'C200303_03', NULL,NULL);
INSERT INTO "SUBTABLE" (MAINTABLE, SUBTABLE, PRESTEXT, CLEANTABLE, USERID, LOGDATE) VALUES  ('S131C20030303', '', 'code 13.1/C200303_03/C200303_03 - ??? ????????? ???? ??????? ?? ?? 000 100 ???', 'Y', 'SDGS', GETDATE());
INSERT INTO "SUBTABLE_ENG" (MAINTABLE, SUBTABLE, PRESTEXT, USERID, LOGDATE) VALUES  ('S131C20030303', '', 'code 13.1/C200303_03/C200303_03 - Number of directly affected persons attributed to disasters per 100,000 population', 'SDGS', GETDATE());
INSERT INTO "SUBTABLEVARIABLE" (MAINTABLE, SUBTABLE, VARIABLE, VARIABLETYPE, STORECOLUMNNO, USERID, LOGDATE) VALUES ('S131C20030303', '', 'TIME_PERIOD', 'T', '1', 'SDGS', GETDATE());
INSERT INTO "CONTENTSTIME" (MAINTABLE, CONTENTS, TIMEPERIOD, USERID, LOGDATE) VALUES ('S131C20030303', 'OBS_VALUE', 2005, 'SDGS', GETDATE());
INSERT INTO "CONTENTSTIME" (MAINTABLE, CONTENTS, TIMEPERIOD, USERID, LOGDATE) VALUES ('S131C20030303', 'OBS_VALUE', 2006, 'SDGS', GETDATE());
INSERT INTO "CONTENTSTIME" (MAINTABLE, CONTENTS, TIMEPERIOD, USERID, LOGDATE) VALUES ('S131C20030303', 'OBS_VALUE', 2007, 'SDGS', GETDATE());
INSERT INTO "CONTENTSTIME" (MAINTABLE, CONTENTS, TIMEPERIOD, USERID, LOGDATE) VALUES ('S131C20030303', 'OBS_VALUE', 2008, 'SDGS', GETDATE());
INSERT INTO "CONTENTSTIME" (MAINTABLE, CONTENTS, TIMEPERIOD, USERID, LOGDATE) VALUES ('S131C20030303', 'OBS_VALUE', 2009, 'SDGS', GETDATE());
INSERT INTO "CONTENTSTIME" (MAINTABLE, CONTENTS, TIMEPERIOD, USERID, LOGDATE) VALUES ('S131C20030303', 'OBS_VALUE', 2010, 'SDGS', GETDATE());
INSERT INTO "CONTENTSTIME" (MAINTABLE, CONTENTS, TIMEPERIOD, USERID, LOGDATE) VALUES ('S131C20030303', 'OBS_VALUE', 2011, 'SDGS', GETDATE());
INSERT INTO "CONTENTSTIME" (MAINTABLE, CONTENTS, TIMEPERIOD, USERID, LOGDATE) VALUES ('S131C20030303', 'OBS_VALUE', 2012, 'SDGS', GETDATE());
INSERT INTO "CONTENTSTIME" (MAINTABLE, CONTENTS, TIMEPERIOD, USERID, LOGDATE) VALUES ('S131C20030303', 'OBS_VALUE', 2013, 'SDGS', GETDATE());
IF EXISTS (SELECT 1 FROM SYS.VIEWS WHERE NAME = 'S131C20030303' AND TYPE  = 'v') DROP VIEW S131C20030303;
GO
CREATE VIEW S131C20030303 AS SELECT * FROM INDICATORDATA WHERE SUBINDICATOR_CODE = 'C200303_03';
GO
INSERT INTO "MAINTABLE" (MAINTABLE, PRESTEXT, PRESTEXTS, PRESCATEGORY, TIMESCALE, USERID, LOGDATE, FIRSTPUBLISHED, TABLESTATUS, TABLEID, PRODUCTCODE, SPECCHAREXISTS, METAID, SUBJECTCODE, CONTENTSVARIABLE) VALUES  ('S131C20030401', 'code 13.1/C200304_01/C200304_01 - ??? ??????? ???? ????? ??????????? ?????  ?????? ???? ?? ????? ???????', 'SDGs Indicators', 'O', 'year', 'SDGS', GETDATE(), GETDATE(), 'A', 'S131C20030401', '001', 'N', '01', '01', 'ar: Sub Indicator');
INSERT INTO "MAINTABLE_ENG" (MAINTABLE, STATUS, PUBLISHED, PRESTEXT, PRESTEXTS, CONTENTSVARIABLE, USERID, LOGDATE) VALUES  ('S131C20030401', 'A', GETDATE(), 'code 13.1/C200304_01/C200304_01 - Number of countries that adopt and implement national disaster risk reduction strategies in line with the Sendai Framework for Disaster Risk Reduction 2015-2030', 'SDGs Indicators', 'Sub Indicator', 'SDGS', GETDATE());
INSERT INTO "SECONDARYLANGUAGE" (MAINTABLE, LANGUAGE, COMPLETELYTRANSLATED,PUBLISHED, USERID, LOGDATE) VALUES  ('S131C20030401', 'en','Y', 'Y', 'SDGS', GETDATE());
INSERT INTO "CONTENTS" (MAINTABLE, CONTENTS, PRESTEXT, PRESCODE, COPYRIGHT, PRODUCER, LASTUPDATED, UNIT, PRESDECIMALS, PRESCELLSZERO, STOCKFA, DAYADJ, SEASADJ, FOOTNOTECONTENTS, FOOTNOTEVARIABLE, FOOTNOTEVALUE, STORECOLUMNNO, STOREFORMAT, STORENOCHAR, STOREDECIMALS, USERID, LOGDATE, PUBLISHED, PRESTEXTS, STATAUTHORITY, AGGREGPOSSIBLE, FOOTNOTETIME, METAID) VALUES  ('S131C20030401', 'OBS_VALUE', 'ar: Sustainable Development Goals - SDGs', 'DATA', '1', 'PCBS', GETDATE(), 'OBS_VALUE', '2', 'Y', 'F', 'N', 'N', 'N', 'N', 'N', '3', 'N', '17', '2', 'SDGS', GETDATE(), GETDATE(), 'C200304_01', 'PCBS', 'N', 'N', '01');
INSERT INTO "CONTENTS_ENG" (MAINTABLE, CONTENTS, PRESTEXT, UNIT, USERID, LOGDATE, PRESTEXTS, REFPERIOD, BASEPERIOD)  VALUES  ('S131C20030401', 'OBS_VALUE', 'Sustainable Development Goals - SDGs',  'OBS_VALUE', 'SDGS', GETDATE(), 'C200304_01', NULL,NULL);
INSERT INTO "SUBTABLE" (MAINTABLE, SUBTABLE, PRESTEXT, CLEANTABLE, USERID, LOGDATE) VALUES  ('S131C20030401', '', 'code 13.1/C200304_01/C200304_01 - ??? ??????? ???? ????? ??????????? ?????  ?????? ???? ?? ????? ???????', 'Y', 'SDGS', GETDATE());
INSERT INTO "SUBTABLE_ENG" (MAINTABLE, SUBTABLE, PRESTEXT, USERID, LOGDATE) VALUES  ('S131C20030401', '', 'code 13.1/C200304_01/C200304_01 - Number of countries that adopt and implement national disaster risk reduction strategies in line with the Sendai Framework for Disaster Risk Reduction 2015-2030', 'SDGS', GETDATE());
INSERT INTO "SUBTABLEVARIABLE" (MAINTABLE, SUBTABLE, VARIABLE, VARIABLETYPE, STORECOLUMNNO, USERID, LOGDATE) VALUES ('S131C20030401', '', 'TIME_PERIOD', 'T', '1', 'SDGS', GETDATE());
INSERT INTO "CONTENTSTIME" (MAINTABLE, CONTENTS, TIMEPERIOD, USERID, LOGDATE) VALUES ('S131C20030401', 'OBS_VALUE', 2017, 'SDGS', GETDATE());
INSERT INTO "CONTENTSTIME" (MAINTABLE, CONTENTS, TIMEPERIOD, USERID, LOGDATE) VALUES ('S131C20030401', 'OBS_VALUE', 2018, 'SDGS', GETDATE());
IF EXISTS (SELECT 1 FROM SYS.VIEWS WHERE NAME = 'S131C20030401' AND TYPE  = 'v') DROP VIEW S131C20030401;
GO
CREATE VIEW S131C20030401 AS SELECT * FROM INDICATORDATA WHERE SUBINDICATOR_CODE = 'C200304_01';
GO
INSERT INTO "MAINTABLE" (MAINTABLE, PRESTEXT, PRESTEXTS, PRESCATEGORY, TIMESCALE, USERID, LOGDATE, FIRSTPUBLISHED, TABLESTATUS, TABLEID, PRODUCTCODE, SPECCHAREXISTS, METAID, SUBJECTCODE, CONTENTSVARIABLE) VALUES  ('S131C20030501', 'code 13.1/C200305_01/C200305_01 - ???? ??????? ??????? ???? ????? ????? ??????????? ???? ?? ??????? ??? ????? ??????? ??????? ???????? ?? ???????????? ??????? ???? ?? ???????', 'SDGs Indicators', 'O', 'year', 'SDGS', GETDATE(), GETDATE(), 'A', 'S131C20030501', '001', 'N', '01', '01', 'ar: Sub Indicator');
INSERT INTO "MAINTABLE_ENG" (MAINTABLE, STATUS, PUBLISHED, PRESTEXT, PRESTEXTS, CONTENTSVARIABLE, USERID, LOGDATE) VALUES  ('S131C20030501', 'A', GETDATE(), 'code 13.1/C200305_01/C200305_01 - Proportion of local governments that adopt and implement local disaster risk reduction strategies in line with national disaster risk reduction strategies (%)', 'SDGs Indicators', 'Sub Indicator', 'SDGS', GETDATE());
INSERT INTO "SECONDARYLANGUAGE" (MAINTABLE, LANGUAGE, COMPLETELYTRANSLATED,PUBLISHED, USERID, LOGDATE) VALUES  ('S131C20030501', 'en','Y', 'Y', 'SDGS', GETDATE());
INSERT INTO "CONTENTS" (MAINTABLE, CONTENTS, PRESTEXT, PRESCODE, COPYRIGHT, PRODUCER, LASTUPDATED, UNIT, PRESDECIMALS, PRESCELLSZERO, STOCKFA, DAYADJ, SEASADJ, FOOTNOTECONTENTS, FOOTNOTEVARIABLE, FOOTNOTEVALUE, STORECOLUMNNO, STOREFORMAT, STORENOCHAR, STOREDECIMALS, USERID, LOGDATE, PUBLISHED, PRESTEXTS, STATAUTHORITY, AGGREGPOSSIBLE, FOOTNOTETIME, METAID) VALUES  ('S131C20030501', 'OBS_VALUE', 'ar: Sustainable Development Goals - SDGs', 'DATA', '1', 'PCBS', GETDATE(), 'OBS_VALUE', '2', 'Y', 'F', 'N', 'N', 'N', 'N', 'N', '3', 'N', '17', '2', 'SDGS', GETDATE(), GETDATE(), 'C200305_01', 'PCBS', 'N', 'N', '01');
INSERT INTO "CONTENTS_ENG" (MAINTABLE, CONTENTS, PRESTEXT, UNIT, USERID, LOGDATE, PRESTEXTS, REFPERIOD, BASEPERIOD)  VALUES  ('S131C20030501', 'OBS_VALUE', 'Sustainable Development Goals - SDGs',  'OBS_VALUE', 'SDGS', GETDATE(), 'C200305_01', NULL,NULL);
INSERT INTO "SUBTABLE" (MAINTABLE, SUBTABLE, PRESTEXT, CLEANTABLE, USERID, LOGDATE) VALUES  ('S131C20030501', '', 'code 13.1/C200305_01/C200305_01 - ???? ??????? ??????? ???? ????? ????? ??????????? ???? ?? ??????? ??? ????? ??????? ??????? ???????? ?? ???????????? ??????? ???? ?? ???????', 'Y', 'SDGS', GETDATE());
INSERT INTO "SUBTABLE_ENG" (MAINTABLE, SUBTABLE, PRESTEXT, USERID, LOGDATE) VALUES  ('S131C20030501', '', 'code 13.1/C200305_01/C200305_01 - Proportion of local governments that adopt and implement local disaster risk reduction strategies in line with national disaster risk reduction strategies (%)', 'SDGS', GETDATE());
INSERT INTO "SUBTABLEVARIABLE" (MAINTABLE, SUBTABLE, VARIABLE, VARIABLETYPE, STORECOLUMNNO, USERID, LOGDATE) VALUES ('S131C20030501', '', 'TIME_PERIOD', 'T', '1', 'SDGS', GETDATE());
INSERT INTO "CONTENTSTIME" (MAINTABLE, CONTENTS, TIMEPERIOD, USERID, LOGDATE) VALUES ('S131C20030501', 'OBS_VALUE', 2017, 'SDGS', GETDATE());
INSERT INTO "CONTENTSTIME" (MAINTABLE, CONTENTS, TIMEPERIOD, USERID, LOGDATE) VALUES ('S131C20030501', 'OBS_VALUE', 2018, 'SDGS', GETDATE());
IF EXISTS (SELECT 1 FROM SYS.VIEWS WHERE NAME = 'S131C20030501' AND TYPE  = 'v') DROP VIEW S131C20030501;
GO
CREATE VIEW S131C20030501 AS SELECT * FROM INDICATORDATA WHERE SUBINDICATOR_CODE = 'C200305_01';
GO
INSERT INTO "MAINTABLE" (MAINTABLE, PRESTEXT, PRESTEXTS, PRESCATEGORY, TIMESCALE, USERID, LOGDATE, FIRSTPUBLISHED, TABLESTATUS, TABLEID, PRODUCTCODE, SPECCHAREXISTS, METAID, SUBJECTCODE, CONTENTSVARIABLE) VALUES  ('S151C15010101', 'code 15.1/C150101_01/C150101_01 - ???? ??????? ????? ?? ????? ????? ???????', 'SDGs Indicators', 'O', 'year', 'SDGS', GETDATE(), GETDATE(), 'A', 'S151C15010101', '001', 'N', '01', '01', 'ar: Sub Indicator');
INSERT INTO "MAINTABLE_ENG" (MAINTABLE, STATUS, PUBLISHED, PRESTEXT, PRESTEXTS, CONTENTSVARIABLE, USERID, LOGDATE) VALUES  ('S151C15010101', 'A', GETDATE(), 'code 15.1/C150101_01/C150101_01 - Forest area as a proportion of total land area (%)', 'SDGs Indicators', 'Sub Indicator', 'SDGS', GETDATE());
INSERT INTO "SECONDARYLANGUAGE" (MAINTABLE, LANGUAGE, COMPLETELYTRANSLATED,PUBLISHED, USERID, LOGDATE) VALUES  ('S151C15010101', 'en','Y', 'Y', 'SDGS', GETDATE());
INSERT INTO "CONTENTS" (MAINTABLE, CONTENTS, PRESTEXT, PRESCODE, COPYRIGHT, PRODUCER, LASTUPDATED, UNIT, PRESDECIMALS, PRESCELLSZERO, STOCKFA, DAYADJ, SEASADJ, FOOTNOTECONTENTS, FOOTNOTEVARIABLE, FOOTNOTEVALUE, STORECOLUMNNO, STOREFORMAT, STORENOCHAR, STOREDECIMALS, USERID, LOGDATE, PUBLISHED, PRESTEXTS, STATAUTHORITY, AGGREGPOSSIBLE, FOOTNOTETIME, METAID) VALUES  ('S151C15010101', 'OBS_VALUE', 'ar: Sustainable Development Goals - SDGs', 'DATA', '1', 'PCBS', GETDATE(), 'OBS_VALUE', '2', 'Y', 'F', 'N', 'N', 'N', 'N', 'N', '3', 'N', '17', '2', 'SDGS', GETDATE(), GETDATE(), 'C150101_01', 'PCBS', 'N', 'N', '01');
INSERT INTO "CONTENTS_ENG" (MAINTABLE, CONTENTS, PRESTEXT, UNIT, USERID, LOGDATE, PRESTEXTS, REFPERIOD, BASEPERIOD)  VALUES  ('S151C15010101', 'OBS_VALUE', 'Sustainable Development Goals - SDGs',  'OBS_VALUE', 'SDGS', GETDATE(), 'C150101_01', NULL,NULL);
INSERT INTO "SUBTABLE" (MAINTABLE, SUBTABLE, PRESTEXT, CLEANTABLE, USERID, LOGDATE) VALUES  ('S151C15010101', '', 'code 15.1/C150101_01/C150101_01 - ???? ??????? ????? ?? ????? ????? ???????', 'Y', 'SDGS', GETDATE());
INSERT INTO "SUBTABLE_ENG" (MAINTABLE, SUBTABLE, PRESTEXT, USERID, LOGDATE) VALUES  ('S151C15010101', '', 'code 15.1/C150101_01/C150101_01 - Forest area as a proportion of total land area (%)', 'SDGS', GETDATE());
INSERT INTO "SUBTABLEVARIABLE" (MAINTABLE, SUBTABLE, VARIABLE, VARIABLETYPE, STORECOLUMNNO, USERID, LOGDATE) VALUES ('S151C15010101', '', 'TIME_PERIOD', 'T', '1', 'SDGS', GETDATE());
INSERT INTO "CONTENTSTIME" (MAINTABLE, CONTENTS, TIMEPERIOD, USERID, LOGDATE) VALUES ('S151C15010101', 'OBS_VALUE', 2000, 'SDGS', GETDATE());
INSERT INTO "CONTENTSTIME" (MAINTABLE, CONTENTS, TIMEPERIOD, USERID, LOGDATE) VALUES ('S151C15010101', 'OBS_VALUE', 2001, 'SDGS', GETDATE());
INSERT INTO "CONTENTSTIME" (MAINTABLE, CONTENTS, TIMEPERIOD, USERID, LOGDATE) VALUES ('S151C15010101', 'OBS_VALUE', 2002, 'SDGS', GETDATE());
INSERT INTO "CONTENTSTIME" (MAINTABLE, CONTENTS, TIMEPERIOD, USERID, LOGDATE) VALUES ('S151C15010101', 'OBS_VALUE', 2003, 'SDGS', GETDATE());
INSERT INTO "CONTENTSTIME" (MAINTABLE, CONTENTS, TIMEPERIOD, USERID, LOGDATE) VALUES ('S151C15010101', 'OBS_VALUE', 2004, 'SDGS', GETDATE());
INSERT INTO "CONTENTSTIME" (MAINTABLE, CONTENTS, TIMEPERIOD, USERID, LOGDATE) VALUES ('S151C15010101', 'OBS_VALUE', 2005, 'SDGS', GETDATE());
INSERT INTO "CONTENTSTIME" (MAINTABLE, CONTENTS, TIMEPERIOD, USERID, LOGDATE) VALUES ('S151C15010101', 'OBS_VALUE', 2006, 'SDGS', GETDATE());
INSERT INTO "CONTENTSTIME" (MAINTABLE, CONTENTS, TIMEPERIOD, USERID, LOGDATE) VALUES ('S151C15010101', 'OBS_VALUE', 2007, 'SDGS', GETDATE());
INSERT INTO "CONTENTSTIME" (MAINTABLE, CONTENTS, TIMEPERIOD, USERID, LOGDATE) VALUES ('S151C15010101', 'OBS_VALUE', 2008, 'SDGS', GETDATE());
INSERT INTO "CONTENTSTIME" (MAINTABLE, CONTENTS, TIMEPERIOD, USERID, LOGDATE) VALUES ('S151C15010101', 'OBS_VALUE', 2009, 'SDGS', GETDATE());
INSERT INTO "CONTENTSTIME" (MAINTABLE, CONTENTS, TIMEPERIOD, USERID, LOGDATE) VALUES ('S151C15010101', 'OBS_VALUE', 2010, 'SDGS', GETDATE());
INSERT INTO "CONTENTSTIME" (MAINTABLE, CONTENTS, TIMEPERIOD, USERID, LOGDATE) VALUES ('S151C15010101', 'OBS_VALUE', 2011, 'SDGS', GETDATE());
INSERT INTO "VALUESET" (VALUESET, PRESTEXT, DESCRIPTION, ELIMINATION, VALUEPOOL, METAID, FOOTNOTE, USERID, LOGDATE, VALUEPRES, SORTCODEEXISTS) VALUES ('VSREF_AREA_C150101_01', 'Hmm', 'None', 'A', 'VPREF_AREA', '0', 'N', 'SDGS', GETDATE(), 'T', 'N');
INSERT INTO "VALUESET_ENG" (VALUESET, PRESTEXT, DESCRIPTION, USERID, LOGDATE) VALUES ('VSREF_AREA_C150101_01', 'Hmm', 'None', 'SDGS', GETDATE());
INSERT INTO "VSVALUE" (VALUESET, VALUEPOOL, VALUECODE, USERID, LOGDATE) VALUES ('VSREF_AREA_C150101_01', 'VPREF_AREA', '1', 'SDGS', GETDATE());
INSERT INTO "VSVALUE_ENG" (VALUESET, VALUEPOOL, VALUECODE, USERID, LOGDATE) VALUES ('VSREF_AREA_C150101_01', 'VPREF_AREA', '1', 'SDGS', GETDATE());
INSERT INTO "VSVALUE" (VALUESET, VALUEPOOL, VALUECODE, USERID, LOGDATE) VALUES ('VSREF_AREA_C150101_01', 'VPREF_AREA', '2', 'SDGS', GETDATE());
INSERT INTO "VSVALUE_ENG" (VALUESET, VALUEPOOL, VALUECODE, USERID, LOGDATE) VALUES ('VSREF_AREA_C150101_01', 'VPREF_AREA', '2', 'SDGS', GETDATE());
INSERT INTO "VSVALUE" (VALUESET, VALUEPOOL, VALUECODE, USERID, LOGDATE) VALUES ('VSREF_AREA_C150101_01', 'VPREF_AREA', '3', 'SDGS', GETDATE());
INSERT INTO "VSVALUE_ENG" (VALUESET, VALUEPOOL, VALUECODE, USERID, LOGDATE) VALUES ('VSREF_AREA_C150101_01', 'VPREF_AREA', '3', 'SDGS', GETDATE());
INSERT INTO "VSVALUE" (VALUESET, VALUEPOOL, VALUECODE, USERID, LOGDATE) VALUES ('VSREF_AREA_C150101_01', 'VPREF_AREA', '1101', 'SDGS', GETDATE());
INSERT INTO "VSVALUE_ENG" (VALUESET, VALUEPOOL, VALUECODE, USERID, LOGDATE) VALUES ('VSREF_AREA_C150101_01', 'VPREF_AREA', '1101', 'SDGS', GETDATE());
INSERT INTO "VSVALUE" (VALUESET, VALUEPOOL, VALUECODE, USERID, LOGDATE) VALUES ('VSREF_AREA_C150101_01', 'VPREF_AREA', '1105', 'SDGS', GETDATE());
INSERT INTO "VSVALUE_ENG" (VALUESET, VALUEPOOL, VALUECODE, USERID, LOGDATE) VALUES ('VSREF_AREA_C150101_01', 'VPREF_AREA', '1105', 'SDGS', GETDATE());
INSERT INTO "VSVALUE" (VALUESET, VALUEPOOL, VALUECODE, USERID, LOGDATE) VALUES ('VSREF_AREA_C150101_01', 'VPREF_AREA', '1110', 'SDGS', GETDATE());
INSERT INTO "VSVALUE_ENG" (VALUESET, VALUEPOOL, VALUECODE, USERID, LOGDATE) VALUES ('VSREF_AREA_C150101_01', 'VPREF_AREA', '1110', 'SDGS', GETDATE());
INSERT INTO "VSVALUE" (VALUESET, VALUEPOOL, VALUECODE, USERID, LOGDATE) VALUES ('VSREF_AREA_C150101_01', 'VPREF_AREA', '1115', 'SDGS', GETDATE());
INSERT INTO "VSVALUE_ENG" (VALUESET, VALUEPOOL, VALUECODE, USERID, LOGDATE) VALUES ('VSREF_AREA_C150101_01', 'VPREF_AREA', '1115', 'SDGS', GETDATE());
INSERT INTO "VSVALUE" (VALUESET, VALUEPOOL, VALUECODE, USERID, LOGDATE) VALUES ('VSREF_AREA_C150101_01', 'VPREF_AREA', '1120', 'SDGS', GETDATE());
INSERT INTO "VSVALUE_ENG" (VALUESET, VALUEPOOL, VALUECODE, USERID, LOGDATE) VALUES ('VSREF_AREA_C150101_01', 'VPREF_AREA', '1120', 'SDGS', GETDATE());
INSERT INTO "VSVALUE" (VALUESET, VALUEPOOL, VALUECODE, USERID, LOGDATE) VALUES ('VSREF_AREA_C150101_01', 'VPREF_AREA', '1125', 'SDGS', GETDATE());
INSERT INTO "VSVALUE_ENG" (VALUESET, VALUEPOOL, VALUECODE, USERID, LOGDATE) VALUES ('VSREF_AREA_C150101_01', 'VPREF_AREA', '1125', 'SDGS', GETDATE());
INSERT INTO "VSVALUE" (VALUESET, VALUEPOOL, VALUECODE, USERID, LOGDATE) VALUES ('VSREF_AREA_C150101_01', 'VPREF_AREA', '1230', 'SDGS', GETDATE());
INSERT INTO "VSVALUE_ENG" (VALUESET, VALUEPOOL, VALUECODE, USERID, LOGDATE) VALUES ('VSREF_AREA_C150101_01', 'VPREF_AREA', '1230', 'SDGS', GETDATE());
INSERT INTO "VSVALUE" (VALUESET, VALUEPOOL, VALUECODE, USERID, LOGDATE) VALUES ('VSREF_AREA_C150101_01', 'VPREF_AREA', '1235', 'SDGS', GETDATE());
INSERT INTO "VSVALUE_ENG" (VALUESET, VALUEPOOL, VALUECODE, USERID, LOGDATE) VALUES ('VSREF_AREA_C150101_01', 'VPREF_AREA', '1235', 'SDGS', GETDATE());
INSERT INTO "VSVALUE" (VALUESET, VALUEPOOL, VALUECODE, USERID, LOGDATE) VALUES ('VSREF_AREA_C150101_01', 'VPREF_AREA', '1240', 'SDGS', GETDATE());
INSERT INTO "VSVALUE_ENG" (VALUESET, VALUEPOOL, VALUECODE, USERID, LOGDATE) VALUES ('VSREF_AREA_C150101_01', 'VPREF_AREA', '1240', 'SDGS', GETDATE());
INSERT INTO "VSVALUE" (VALUESET, VALUEPOOL, VALUECODE, USERID, LOGDATE) VALUES ('VSREF_AREA_C150101_01', 'VPREF_AREA', '1345', 'SDGS', GETDATE());
INSERT INTO "VSVALUE_ENG" (VALUESET, VALUEPOOL, VALUECODE, USERID, LOGDATE) VALUES ('VSREF_AREA_C150101_01', 'VPREF_AREA', '1345', 'SDGS', GETDATE());
INSERT INTO "VSVALUE" (VALUESET, VALUEPOOL, VALUECODE, USERID, LOGDATE) VALUES ('VSREF_AREA_C150101_01', 'VPREF_AREA', '1350', 'SDGS', GETDATE());
INSERT INTO "VSVALUE_ENG" (VALUESET, VALUEPOOL, VALUECODE, USERID, LOGDATE) VALUES ('VSREF_AREA_C150101_01', 'VPREF_AREA', '1350', 'SDGS', GETDATE());
INSERT INTO "SUBTABLEVARIABLE" (MAINTABLE, SUBTABLE, VARIABLE, VALUESET, VARIABLETYPE, STORECOLUMNNO, USERID, LOGDATE) VALUES ('S151C15010101', '', 'REF_AREA', 'VSREF_AREA_C150101_01', 'V', '1', 'SDGS', GETDATE());
IF EXISTS (SELECT 1 FROM SYS.VIEWS WHERE NAME = 'S151C15010101' AND TYPE  = 'v') DROP VIEW S151C15010101;
GO
CREATE VIEW S151C15010101 AS SELECT * FROM INDICATORDATA WHERE SUBINDICATOR_CODE = 'C150101_01';
GO
INSERT INTO "MAINTABLE" (MAINTABLE, PRESTEXT, PRESTEXTS, PRESCATEGORY, TIMESCALE, USERID, LOGDATE, FIRSTPUBLISHED, TABLESTATUS, TABLEID, PRODUCTCODE, SPECCHAREXISTS, METAID, SUBJECTCODE, CONTENTSVARIABLE) VALUES  ('S151C15010201', 'code 15.1/C150102_01/C150102_01 - ???? ??????? ?????? ?? ?????? ????????? ????? ??????? ?????? ???????? ?? ??????? ??????? ? ???? ??? ?????? ??????????', 'SDGs Indicators', 'O', 'year', 'SDGS', GETDATE(), GETDATE(), 'A', 'S151C15010201', '001', 'N', '01', '01', 'ar: Sub Indicator');
INSERT INTO "MAINTABLE_ENG" (MAINTABLE, STATUS, PUBLISHED, PRESTEXT, PRESTEXTS, CONTENTSVARIABLE, USERID, LOGDATE) VALUES  ('S151C15010201', 'A', GETDATE(), 'code 15.1/C150102_01/C150102_01 - Average proportion of Terrestrial Key Biodiversity Areas (KBAs) covered by protected areas (%)', 'SDGs Indicators', 'Sub Indicator', 'SDGS', GETDATE());
INSERT INTO "SECONDARYLANGUAGE" (MAINTABLE, LANGUAGE, COMPLETELYTRANSLATED,PUBLISHED, USERID, LOGDATE) VALUES  ('S151C15010201', 'en','Y', 'Y', 'SDGS', GETDATE());
INSERT INTO "CONTENTS" (MAINTABLE, CONTENTS, PRESTEXT, PRESCODE, COPYRIGHT, PRODUCER, LASTUPDATED, UNIT, PRESDECIMALS, PRESCELLSZERO, STOCKFA, DAYADJ, SEASADJ, FOOTNOTECONTENTS, FOOTNOTEVARIABLE, FOOTNOTEVALUE, STORECOLUMNNO, STOREFORMAT, STORENOCHAR, STOREDECIMALS, USERID, LOGDATE, PUBLISHED, PRESTEXTS, STATAUTHORITY, AGGREGPOSSIBLE, FOOTNOTETIME, METAID) VALUES  ('S151C15010201', 'OBS_VALUE', 'ar: Sustainable Development Goals - SDGs', 'DATA', '1', 'PCBS', GETDATE(), 'OBS_VALUE', '2', 'Y', 'F', 'N', 'N', 'N', 'N', 'N', '3', 'N', '17', '2', 'SDGS', GETDATE(), GETDATE(), 'C150102_01', 'PCBS', 'N', 'N', '01');
INSERT INTO "CONTENTS_ENG" (MAINTABLE, CONTENTS, PRESTEXT, UNIT, USERID, LOGDATE, PRESTEXTS, REFPERIOD, BASEPERIOD)  VALUES  ('S151C15010201', 'OBS_VALUE', 'Sustainable Development Goals - SDGs',  'OBS_VALUE', 'SDGS', GETDATE(), 'C150102_01', NULL,NULL);
INSERT INTO "SUBTABLE" (MAINTABLE, SUBTABLE, PRESTEXT, CLEANTABLE, USERID, LOGDATE) VALUES  ('S151C15010201', '', 'code 15.1/C150102_01/C150102_01 - ???? ??????? ?????? ?? ?????? ????????? ????? ??????? ?????? ???????? ?? ??????? ??????? ? ???? ??? ?????? ??????????', 'Y', 'SDGS', GETDATE());
INSERT INTO "SUBTABLE_ENG" (MAINTABLE, SUBTABLE, PRESTEXT, USERID, LOGDATE) VALUES  ('S151C15010201', '', 'code 15.1/C150102_01/C150102_01 - Average proportion of Terrestrial Key Biodiversity Areas (KBAs) covered by protected areas (%)', 'SDGS', GETDATE());
INSERT INTO "SUBTABLEVARIABLE" (MAINTABLE, SUBTABLE, VARIABLE, VARIABLETYPE, STORECOLUMNNO, USERID, LOGDATE) VALUES ('S151C15010201', '', 'TIME_PERIOD', 'T', '1', 'SDGS', GETDATE());
INSERT INTO "CONTENTSTIME" (MAINTABLE, CONTENTS, TIMEPERIOD, USERID, LOGDATE) VALUES ('S151C15010201', 'OBS_VALUE', 2016, 'SDGS', GETDATE());
IF EXISTS (SELECT 1 FROM SYS.VIEWS WHERE NAME = 'S151C15010201' AND TYPE  = 'v') DROP VIEW S151C15010201;
GO
CREATE VIEW S151C15010201 AS SELECT * FROM INDICATORDATA WHERE SUBINDICATOR_CODE = 'C150102_01';
GO
INSERT INTO "MAINTABLE" (MAINTABLE, PRESTEXT, PRESTEXTS, PRESCATEGORY, TIMESCALE, USERID, LOGDATE, FIRSTPUBLISHED, TABLESTATUS, TABLEID, PRODUCTCODE, SPECCHAREXISTS, METAID, SUBJECTCODE, CONTENTSVARIABLE) VALUES  ('S154C15040101', 'code 15.4/C150401_01/C150401_01 - ??????? ?????? ???????? ??????? ??????? ?????? ?????? ????????? ??????', 'SDGs Indicators', 'O', 'year', 'SDGS', GETDATE(), GETDATE(), 'A', 'S154C15040101', '001', 'N', '01', '01', 'ar: Sub Indicator');
INSERT INTO "MAINTABLE_ENG" (MAINTABLE, STATUS, PUBLISHED, PRESTEXT, PRESTEXTS, CONTENTSVARIABLE, USERID, LOGDATE) VALUES  ('S154C15040101', 'A', GETDATE(), 'code 15.4/C150401_01/C150401_01 - Average proportion of Mountain Key Biodiversity Areas (KBAs) covered by protected areas (%)', 'SDGs Indicators', 'Sub Indicator', 'SDGS', GETDATE());
INSERT INTO "SECONDARYLANGUAGE" (MAINTABLE, LANGUAGE, COMPLETELYTRANSLATED,PUBLISHED, USERID, LOGDATE) VALUES  ('S154C15040101', 'en','Y', 'Y', 'SDGS', GETDATE());
INSERT INTO "CONTENTS" (MAINTABLE, CONTENTS, PRESTEXT, PRESCODE, COPYRIGHT, PRODUCER, LASTUPDATED, UNIT, PRESDECIMALS, PRESCELLSZERO, STOCKFA, DAYADJ, SEASADJ, FOOTNOTECONTENTS, FOOTNOTEVARIABLE, FOOTNOTEVALUE, STORECOLUMNNO, STOREFORMAT, STORENOCHAR, STOREDECIMALS, USERID, LOGDATE, PUBLISHED, PRESTEXTS, STATAUTHORITY, AGGREGPOSSIBLE, FOOTNOTETIME, METAID) VALUES  ('S154C15040101', 'OBS_VALUE', 'ar: Sustainable Development Goals - SDGs', 'DATA', '1', 'PCBS', GETDATE(), 'OBS_VALUE', '2', 'Y', 'F', 'N', 'N', 'N', 'N', 'N', '3', 'N', '17', '2', 'SDGS', GETDATE(), GETDATE(), 'C150401_01', 'PCBS', 'N', 'N', '01');
INSERT INTO "CONTENTS_ENG" (MAINTABLE, CONTENTS, PRESTEXT, UNIT, USERID, LOGDATE, PRESTEXTS, REFPERIOD, BASEPERIOD)  VALUES  ('S154C15040101', 'OBS_VALUE', 'Sustainable Development Goals - SDGs',  'OBS_VALUE', 'SDGS', GETDATE(), 'C150401_01', NULL,NULL);
INSERT INTO "SUBTABLE" (MAINTABLE, SUBTABLE, PRESTEXT, CLEANTABLE, USERID, LOGDATE) VALUES  ('S154C15040101', '', 'code 15.4/C150401_01/C150401_01 - ??????? ?????? ???????? ??????? ??????? ?????? ?????? ????????? ??????', 'Y', 'SDGS', GETDATE());
INSERT INTO "SUBTABLE_ENG" (MAINTABLE, SUBTABLE, PRESTEXT, USERID, LOGDATE) VALUES  ('S154C15040101', '', 'code 15.4/C150401_01/C150401_01 - Average proportion of Mountain Key Biodiversity Areas (KBAs) covered by protected areas (%)', 'SDGS', GETDATE());
INSERT INTO "SUBTABLEVARIABLE" (MAINTABLE, SUBTABLE, VARIABLE, VARIABLETYPE, STORECOLUMNNO, USERID, LOGDATE) VALUES ('S154C15040101', '', 'TIME_PERIOD', 'T', '1', 'SDGS', GETDATE());
INSERT INTO "CONTENTSTIME" (MAINTABLE, CONTENTS, TIMEPERIOD, USERID, LOGDATE) VALUES ('S154C15040101', 'OBS_VALUE', 2016, 'SDGS', GETDATE());
IF EXISTS (SELECT 1 FROM SYS.VIEWS WHERE NAME = 'S154C15040101' AND TYPE  = 'v') DROP VIEW S154C15040101;
GO
CREATE VIEW S154C15040101 AS SELECT * FROM INDICATORDATA WHERE SUBINDICATOR_CODE = 'C150401_01';
GO
INSERT INTO "MAINTABLE" (MAINTABLE, PRESTEXT, PRESTEXTS, PRESCATEGORY, TIMESCALE, USERID, LOGDATE, FIRSTPUBLISHED, TABLESTATUS, TABLEID, PRODUCTCODE, SPECCHAREXISTS, METAID, SUBJECTCODE, CONTENTSVARIABLE) VALUES  ('S154C15040201', 'code 15.4/C150402_01/C150402_01 - ???? ?????? ?????? ??????', 'SDGs Indicators', 'O', 'year', 'SDGS', GETDATE(), GETDATE(), 'A', 'S154C15040201', '001', 'N', '01', '01', 'ar: Sub Indicator');
INSERT INTO "MAINTABLE_ENG" (MAINTABLE, STATUS, PUBLISHED, PRESTEXT, PRESTEXTS, CONTENTSVARIABLE, USERID, LOGDATE) VALUES  ('S154C15040201', 'A', GETDATE(), 'code 15.4/C150402_01/C150402_01 - Mountain Green Cover Index', 'SDGs Indicators', 'Sub Indicator', 'SDGS', GETDATE());
INSERT INTO "SECONDARYLANGUAGE" (MAINTABLE, LANGUAGE, COMPLETELYTRANSLATED,PUBLISHED, USERID, LOGDATE) VALUES  ('S154C15040201', 'en','Y', 'Y', 'SDGS', GETDATE());
INSERT INTO "CONTENTS" (MAINTABLE, CONTENTS, PRESTEXT, PRESCODE, COPYRIGHT, PRODUCER, LASTUPDATED, UNIT, PRESDECIMALS, PRESCELLSZERO, STOCKFA, DAYADJ, SEASADJ, FOOTNOTECONTENTS, FOOTNOTEVARIABLE, FOOTNOTEVALUE, STORECOLUMNNO, STOREFORMAT, STORENOCHAR, STOREDECIMALS, USERID, LOGDATE, PUBLISHED, PRESTEXTS, STATAUTHORITY, AGGREGPOSSIBLE, FOOTNOTETIME, METAID) VALUES  ('S154C15040201', 'OBS_VALUE', 'ar: Sustainable Development Goals - SDGs', 'DATA', '1', 'PCBS', GETDATE(), 'OBS_VALUE', '2', 'Y', 'F', 'N', 'N', 'N', 'N', 'N', '3', 'N', '17', '2', 'SDGS', GETDATE(), GETDATE(), 'C150402_01', 'PCBS', 'N', 'N', '01');
INSERT INTO "CONTENTS_ENG" (MAINTABLE, CONTENTS, PRESTEXT, UNIT, USERID, LOGDATE, PRESTEXTS, REFPERIOD, BASEPERIOD)  VALUES  ('S154C15040201', 'OBS_VALUE', 'Sustainable Development Goals - SDGs',  'OBS_VALUE', 'SDGS', GETDATE(), 'C150402_01', NULL,NULL);
INSERT INTO "SUBTABLE" (MAINTABLE, SUBTABLE, PRESTEXT, CLEANTABLE, USERID, LOGDATE) VALUES  ('S154C15040201', '', 'code 15.4/C150402_01/C150402_01 - ???? ?????? ?????? ??????', 'Y', 'SDGS', GETDATE());
INSERT INTO "SUBTABLE_ENG" (MAINTABLE, SUBTABLE, PRESTEXT, USERID, LOGDATE) VALUES  ('S154C15040201', '', 'code 15.4/C150402_01/C150402_01 - Mountain Green Cover Index', 'SDGS', GETDATE());
INSERT INTO "SUBTABLEVARIABLE" (MAINTABLE, SUBTABLE, VARIABLE, VARIABLETYPE, STORECOLUMNNO, USERID, LOGDATE) VALUES ('S154C15040201', '', 'TIME_PERIOD', 'T', '1', 'SDGS', GETDATE());
INSERT INTO "CONTENTSTIME" (MAINTABLE, CONTENTS, TIMEPERIOD, USERID, LOGDATE) VALUES ('S154C15040201', 'OBS_VALUE', 2016, 'SDGS', GETDATE());
IF EXISTS (SELECT 1 FROM SYS.VIEWS WHERE NAME = 'S154C15040201' AND TYPE  = 'v') DROP VIEW S154C15040201;
GO
CREATE VIEW S154C15040201 AS SELECT * FROM INDICATORDATA WHERE SUBINDICATOR_CODE = 'C150402_01';
GO
INSERT INTO "MAINTABLE" (MAINTABLE, PRESTEXT, PRESTEXTS, PRESCATEGORY, TIMESCALE, USERID, LOGDATE, FIRSTPUBLISHED, TABLESTATUS, TABLEID, PRODUCTCODE, SPECCHAREXISTS, METAID, SUBJECTCODE, CONTENTSVARIABLE) VALUES  ('S155C15050101', 'code 15.5/C150501_01/C150501_01 - ???? ??????? ???????', 'SDGs Indicators', 'O', 'year', 'SDGS', GETDATE(), GETDATE(), 'A', 'S155C15050101', '001', 'N', '01', '01', 'ar: Sub Indicator');
INSERT INTO "MAINTABLE_ENG" (MAINTABLE, STATUS, PUBLISHED, PRESTEXT, PRESTEXTS, CONTENTSVARIABLE, USERID, LOGDATE) VALUES  ('S155C15050101', 'A', GETDATE(), 'code 15.5/C150501_01/C150501_01 - Red List Index', 'SDGs Indicators', 'Sub Indicator', 'SDGS', GETDATE());
INSERT INTO "SECONDARYLANGUAGE" (MAINTABLE, LANGUAGE, COMPLETELYTRANSLATED,PUBLISHED, USERID, LOGDATE) VALUES  ('S155C15050101', 'en','Y', 'Y', 'SDGS', GETDATE());
INSERT INTO "CONTENTS" (MAINTABLE, CONTENTS, PRESTEXT, PRESCODE, COPYRIGHT, PRODUCER, LASTUPDATED, UNIT, PRESDECIMALS, PRESCELLSZERO, STOCKFA, DAYADJ, SEASADJ, FOOTNOTECONTENTS, FOOTNOTEVARIABLE, FOOTNOTEVALUE, STORECOLUMNNO, STOREFORMAT, STORENOCHAR, STOREDECIMALS, USERID, LOGDATE, PUBLISHED, PRESTEXTS, STATAUTHORITY, AGGREGPOSSIBLE, FOOTNOTETIME, METAID) VALUES  ('S155C15050101', 'OBS_VALUE', 'ar: Sustainable Development Goals - SDGs', 'DATA', '1', 'PCBS', GETDATE(), 'OBS_VALUE', '2', 'Y', 'F', 'N', 'N', 'N', 'N', 'N', '3', 'N', '17', '2', 'SDGS', GETDATE(), GETDATE(), 'C150501_01', 'PCBS', 'N', 'N', '01');
INSERT INTO "CONTENTS_ENG" (MAINTABLE, CONTENTS, PRESTEXT, UNIT, USERID, LOGDATE, PRESTEXTS, REFPERIOD, BASEPERIOD)  VALUES  ('S155C15050101', 'OBS_VALUE', 'Sustainable Development Goals - SDGs',  'OBS_VALUE', 'SDGS', GETDATE(), 'C150501_01', NULL,NULL);
INSERT INTO "SUBTABLE" (MAINTABLE, SUBTABLE, PRESTEXT, CLEANTABLE, USERID, LOGDATE) VALUES  ('S155C15050101', '', 'code 15.5/C150501_01/C150501_01 - ???? ??????? ???????', 'Y', 'SDGS', GETDATE());
INSERT INTO "SUBTABLE_ENG" (MAINTABLE, SUBTABLE, PRESTEXT, USERID, LOGDATE) VALUES  ('S155C15050101', '', 'code 15.5/C150501_01/C150501_01 - Red List Index', 'SDGS', GETDATE());
INSERT INTO "SUBTABLEVARIABLE" (MAINTABLE, SUBTABLE, VARIABLE, VARIABLETYPE, STORECOLUMNNO, USERID, LOGDATE) VALUES ('S155C15050101', '', 'TIME_PERIOD', 'T', '1', 'SDGS', GETDATE());
INSERT INTO "CONTENTSTIME" (MAINTABLE, CONTENTS, TIMEPERIOD, USERID, LOGDATE) VALUES ('S155C15050101', 'OBS_VALUE', 2016, 'SDGS', GETDATE());
IF EXISTS (SELECT 1 FROM SYS.VIEWS WHERE NAME = 'S155C15050101' AND TYPE  = 'v') DROP VIEW S155C15050101;
GO
CREATE VIEW S155C15050101 AS SELECT * FROM INDICATORDATA WHERE SUBINDICATOR_CODE = 'C150501_01';
GO
INSERT INTO "MAINTABLE" (MAINTABLE, PRESTEXT, PRESTEXTS, PRESCATEGORY, TIMESCALE, USERID, LOGDATE, FIRSTPUBLISHED, TABLESTATUS, TABLEID, PRODUCTCODE, SPECCHAREXISTS, METAID, SUBJECTCODE, CONTENTSVARIABLE) VALUES  ('S15aC20020701', 'code 15.a/C200207_01/C200207_01 - ???????? ????????? ??????? ???????? ????? ????? ?????????? ???????? ?????? ????????? ?????? ???????????', 'SDGs Indicators', 'O', 'year', 'SDGS', GETDATE(), GETDATE(), 'A', 'S15aC20020701', '001', 'N', '01', '01', 'ar: Sub Indicator');
INSERT INTO "MAINTABLE_ENG" (MAINTABLE, STATUS, PUBLISHED, PRESTEXT, PRESTEXTS, CONTENTSVARIABLE, USERID, LOGDATE) VALUES  ('S15aC20020701', 'A', GETDATE(), 'code 15.a/C200207_01/C200207_01 - Total official development assistance for biodiversity, by recipient countries (millions of constant 2016 United States dollars)', 'SDGs Indicators', 'Sub Indicator', 'SDGS', GETDATE());
INSERT INTO "SECONDARYLANGUAGE" (MAINTABLE, LANGUAGE, COMPLETELYTRANSLATED,PUBLISHED, USERID, LOGDATE) VALUES  ('S15aC20020701', 'en','Y', 'Y', 'SDGS', GETDATE());
INSERT INTO "CONTENTS" (MAINTABLE, CONTENTS, PRESTEXT, PRESCODE, COPYRIGHT, PRODUCER, LASTUPDATED, UNIT, PRESDECIMALS, PRESCELLSZERO, STOCKFA, DAYADJ, SEASADJ, FOOTNOTECONTENTS, FOOTNOTEVARIABLE, FOOTNOTEVALUE, STORECOLUMNNO, STOREFORMAT, STORENOCHAR, STOREDECIMALS, USERID, LOGDATE, PUBLISHED, PRESTEXTS, STATAUTHORITY, AGGREGPOSSIBLE, FOOTNOTETIME, METAID) VALUES  ('S15aC20020701', 'OBS_VALUE', 'ar: Sustainable Development Goals - SDGs', 'DATA', '1', 'PCBS', GETDATE(), 'OBS_VALUE', '2', 'Y', 'F', 'N', 'N', 'N', 'N', 'N', '3', 'N', '17', '2', 'SDGS', GETDATE(), GETDATE(), 'C200207_01', 'PCBS', 'N', 'N', '01');
INSERT INTO "CONTENTS_ENG" (MAINTABLE, CONTENTS, PRESTEXT, UNIT, USERID, LOGDATE, PRESTEXTS, REFPERIOD, BASEPERIOD)  VALUES  ('S15aC20020701', 'OBS_VALUE', 'Sustainable Development Goals - SDGs',  'OBS_VALUE', 'SDGS', GETDATE(), 'C200207_01', NULL,NULL);
INSERT INTO "SUBTABLE" (MAINTABLE, SUBTABLE, PRESTEXT, CLEANTABLE, USERID, LOGDATE) VALUES  ('S15aC20020701', '', 'code 15.a/C200207_01/C200207_01 - ???????? ????????? ??????? ???????? ????? ????? ?????????? ???????? ?????? ????????? ?????? ???????????', 'Y', 'SDGS', GETDATE());
INSERT INTO "SUBTABLE_ENG" (MAINTABLE, SUBTABLE, PRESTEXT, USERID, LOGDATE) VALUES  ('S15aC20020701', '', 'code 15.a/C200207_01/C200207_01 - Total official development assistance for biodiversity, by recipient countries (millions of constant 2016 United States dollars)', 'SDGS', GETDATE());
INSERT INTO "SUBTABLEVARIABLE" (MAINTABLE, SUBTABLE, VARIABLE, VARIABLETYPE, STORECOLUMNNO, USERID, LOGDATE) VALUES ('S15aC20020701', '', 'TIME_PERIOD', 'T', '1', 'SDGS', GETDATE());
INSERT INTO "CONTENTSTIME" (MAINTABLE, CONTENTS, TIMEPERIOD, USERID, LOGDATE) VALUES ('S15aC20020701', 'OBS_VALUE', 2001, 'SDGS', GETDATE());
INSERT INTO "CONTENTSTIME" (MAINTABLE, CONTENTS, TIMEPERIOD, USERID, LOGDATE) VALUES ('S15aC20020701', 'OBS_VALUE', 2002, 'SDGS', GETDATE());
INSERT INTO "CONTENTSTIME" (MAINTABLE, CONTENTS, TIMEPERIOD, USERID, LOGDATE) VALUES ('S15aC20020701', 'OBS_VALUE', 2003, 'SDGS', GETDATE());
INSERT INTO "CONTENTSTIME" (MAINTABLE, CONTENTS, TIMEPERIOD, USERID, LOGDATE) VALUES ('S15aC20020701', 'OBS_VALUE', 2004, 'SDGS', GETDATE());
INSERT INTO "CONTENTSTIME" (MAINTABLE, CONTENTS, TIMEPERIOD, USERID, LOGDATE) VALUES ('S15aC20020701', 'OBS_VALUE', 2005, 'SDGS', GETDATE());
INSERT INTO "CONTENTSTIME" (MAINTABLE, CONTENTS, TIMEPERIOD, USERID, LOGDATE) VALUES ('S15aC20020701', 'OBS_VALUE', 2006, 'SDGS', GETDATE());
INSERT INTO "CONTENTSTIME" (MAINTABLE, CONTENTS, TIMEPERIOD, USERID, LOGDATE) VALUES ('S15aC20020701', 'OBS_VALUE', 2007, 'SDGS', GETDATE());
INSERT INTO "CONTENTSTIME" (MAINTABLE, CONTENTS, TIMEPERIOD, USERID, LOGDATE) VALUES ('S15aC20020701', 'OBS_VALUE', 2008, 'SDGS', GETDATE());
INSERT INTO "CONTENTSTIME" (MAINTABLE, CONTENTS, TIMEPERIOD, USERID, LOGDATE) VALUES ('S15aC20020701', 'OBS_VALUE', 2009, 'SDGS', GETDATE());
INSERT INTO "CONTENTSTIME" (MAINTABLE, CONTENTS, TIMEPERIOD, USERID, LOGDATE) VALUES ('S15aC20020701', 'OBS_VALUE', 2010, 'SDGS', GETDATE());
INSERT INTO "CONTENTSTIME" (MAINTABLE, CONTENTS, TIMEPERIOD, USERID, LOGDATE) VALUES ('S15aC20020701', 'OBS_VALUE', 2011, 'SDGS', GETDATE());
INSERT INTO "CONTENTSTIME" (MAINTABLE, CONTENTS, TIMEPERIOD, USERID, LOGDATE) VALUES ('S15aC20020701', 'OBS_VALUE', 2012, 'SDGS', GETDATE());
INSERT INTO "CONTENTSTIME" (MAINTABLE, CONTENTS, TIMEPERIOD, USERID, LOGDATE) VALUES ('S15aC20020701', 'OBS_VALUE', 2013, 'SDGS', GETDATE());
INSERT INTO "CONTENTSTIME" (MAINTABLE, CONTENTS, TIMEPERIOD, USERID, LOGDATE) VALUES ('S15aC20020701', 'OBS_VALUE', 2014, 'SDGS', GETDATE());
INSERT INTO "CONTENTSTIME" (MAINTABLE, CONTENTS, TIMEPERIOD, USERID, LOGDATE) VALUES ('S15aC20020701', 'OBS_VALUE', 2015, 'SDGS', GETDATE());
INSERT INTO "CONTENTSTIME" (MAINTABLE, CONTENTS, TIMEPERIOD, USERID, LOGDATE) VALUES ('S15aC20020701', 'OBS_VALUE', 2016, 'SDGS', GETDATE());
INSERT INTO "CONTENTSTIME" (MAINTABLE, CONTENTS, TIMEPERIOD, USERID, LOGDATE) VALUES ('S15aC20020701', 'OBS_VALUE', 2017, 'SDGS', GETDATE());
IF EXISTS (SELECT 1 FROM SYS.VIEWS WHERE NAME = 'S15aC20020701' AND TYPE  = 'v') DROP VIEW S15aC20020701;
GO
CREATE VIEW S15aC20020701 AS SELECT * FROM INDICATORDATA WHERE SUBINDICATOR_CODE = 'C200207_01';
GO
INSERT INTO "MAINTABLE" (MAINTABLE, PRESTEXT, PRESTEXTS, PRESCATEGORY, TIMESCALE, USERID, LOGDATE, FIRSTPUBLISHED, TABLESTATUS, TABLEID, PRODUCTCODE, SPECCHAREXISTS, METAID, SUBJECTCODE, CONTENTSVARIABLE) VALUES  ('S15bC20020701', 'code 15.b/C200207_01/C200207_01 - ???????? ????????? ??????? ???????? ????? ????? ?????????? ???????? ?????? ????????? ?????? ???????????', 'SDGs Indicators', 'O', 'year', 'SDGS', GETDATE(), GETDATE(), 'A', 'S15bC20020701', '001', 'N', '01', '01', 'ar: Sub Indicator');
INSERT INTO "MAINTABLE_ENG" (MAINTABLE, STATUS, PUBLISHED, PRESTEXT, PRESTEXTS, CONTENTSVARIABLE, USERID, LOGDATE) VALUES  ('S15bC20020701', 'A', GETDATE(), 'code 15.b/C200207_01/C200207_01 - Total official development assistance for biodiversity, by recipient countries (millions of constant 2016 United States dollars)', 'SDGs Indicators', 'Sub Indicator', 'SDGS', GETDATE());
INSERT INTO "SECONDARYLANGUAGE" (MAINTABLE, LANGUAGE, COMPLETELYTRANSLATED,PUBLISHED, USERID, LOGDATE) VALUES  ('S15bC20020701', 'en','Y', 'Y', 'SDGS', GETDATE());
INSERT INTO "CONTENTS" (MAINTABLE, CONTENTS, PRESTEXT, PRESCODE, COPYRIGHT, PRODUCER, LASTUPDATED, UNIT, PRESDECIMALS, PRESCELLSZERO, STOCKFA, DAYADJ, SEASADJ, FOOTNOTECONTENTS, FOOTNOTEVARIABLE, FOOTNOTEVALUE, STORECOLUMNNO, STOREFORMAT, STORENOCHAR, STOREDECIMALS, USERID, LOGDATE, PUBLISHED, PRESTEXTS, STATAUTHORITY, AGGREGPOSSIBLE, FOOTNOTETIME, METAID) VALUES  ('S15bC20020701', 'OBS_VALUE', 'ar: Sustainable Development Goals - SDGs', 'DATA', '1', 'PCBS', GETDATE(), 'OBS_VALUE', '2', 'Y', 'F', 'N', 'N', 'N', 'N', 'N', '3', 'N', '17', '2', 'SDGS', GETDATE(), GETDATE(), 'C200207_01', 'PCBS', 'N', 'N', '01');
INSERT INTO "CONTENTS_ENG" (MAINTABLE, CONTENTS, PRESTEXT, UNIT, USERID, LOGDATE, PRESTEXTS, REFPERIOD, BASEPERIOD)  VALUES  ('S15bC20020701', 'OBS_VALUE', 'Sustainable Development Goals - SDGs',  'OBS_VALUE', 'SDGS', GETDATE(), 'C200207_01', NULL,NULL);
INSERT INTO "SUBTABLE" (MAINTABLE, SUBTABLE, PRESTEXT, CLEANTABLE, USERID, LOGDATE) VALUES  ('S15bC20020701', '', 'code 15.b/C200207_01/C200207_01 - ???????? ????????? ??????? ???????? ????? ????? ?????????? ???????? ?????? ????????? ?????? ???????????', 'Y', 'SDGS', GETDATE());
INSERT INTO "SUBTABLE_ENG" (MAINTABLE, SUBTABLE, PRESTEXT, USERID, LOGDATE) VALUES  ('S15bC20020701', '', 'code 15.b/C200207_01/C200207_01 - Total official development assistance for biodiversity, by recipient countries (millions of constant 2016 United States dollars)', 'SDGS', GETDATE());
INSERT INTO "SUBTABLEVARIABLE" (MAINTABLE, SUBTABLE, VARIABLE, VARIABLETYPE, STORECOLUMNNO, USERID, LOGDATE) VALUES ('S15bC20020701', '', 'TIME_PERIOD', 'T', '1', 'SDGS', GETDATE());
INSERT INTO "CONTENTSTIME" (MAINTABLE, CONTENTS, TIMEPERIOD, USERID, LOGDATE) VALUES ('S15bC20020701', 'OBS_VALUE', 2001, 'SDGS', GETDATE());
INSERT INTO "CONTENTSTIME" (MAINTABLE, CONTENTS, TIMEPERIOD, USERID, LOGDATE) VALUES ('S15bC20020701', 'OBS_VALUE', 2002, 'SDGS', GETDATE());
INSERT INTO "CONTENTSTIME" (MAINTABLE, CONTENTS, TIMEPERIOD, USERID, LOGDATE) VALUES ('S15bC20020701', 'OBS_VALUE', 2003, 'SDGS', GETDATE());
INSERT INTO "CONTENTSTIME" (MAINTABLE, CONTENTS, TIMEPERIOD, USERID, LOGDATE) VALUES ('S15bC20020701', 'OBS_VALUE', 2004, 'SDGS', GETDATE());
INSERT INTO "CONTENTSTIME" (MAINTABLE, CONTENTS, TIMEPERIOD, USERID, LOGDATE) VALUES ('S15bC20020701', 'OBS_VALUE', 2005, 'SDGS', GETDATE());
INSERT INTO "CONTENTSTIME" (MAINTABLE, CONTENTS, TIMEPERIOD, USERID, LOGDATE) VALUES ('S15bC20020701', 'OBS_VALUE', 2006, 'SDGS', GETDATE());
INSERT INTO "CONTENTSTIME" (MAINTABLE, CONTENTS, TIMEPERIOD, USERID, LOGDATE) VALUES ('S15bC20020701', 'OBS_VALUE', 2007, 'SDGS', GETDATE());
INSERT INTO "CONTENTSTIME" (MAINTABLE, CONTENTS, TIMEPERIOD, USERID, LOGDATE) VALUES ('S15bC20020701', 'OBS_VALUE', 2008, 'SDGS', GETDATE());
INSERT INTO "CONTENTSTIME" (MAINTABLE, CONTENTS, TIMEPERIOD, USERID, LOGDATE) VALUES ('S15bC20020701', 'OBS_VALUE', 2009, 'SDGS', GETDATE());
INSERT INTO "CONTENTSTIME" (MAINTABLE, CONTENTS, TIMEPERIOD, USERID, LOGDATE) VALUES ('S15bC20020701', 'OBS_VALUE', 2010, 'SDGS', GETDATE());
INSERT INTO "CONTENTSTIME" (MAINTABLE, CONTENTS, TIMEPERIOD, USERID, LOGDATE) VALUES ('S15bC20020701', 'OBS_VALUE', 2011, 'SDGS', GETDATE());
INSERT INTO "CONTENTSTIME" (MAINTABLE, CONTENTS, TIMEPERIOD, USERID, LOGDATE) VALUES ('S15bC20020701', 'OBS_VALUE', 2012, 'SDGS', GETDATE());
INSERT INTO "CONTENTSTIME" (MAINTABLE, CONTENTS, TIMEPERIOD, USERID, LOGDATE) VALUES ('S15bC20020701', 'OBS_VALUE', 2013, 'SDGS', GETDATE());
INSERT INTO "CONTENTSTIME" (MAINTABLE, CONTENTS, TIMEPERIOD, USERID, LOGDATE) VALUES ('S15bC20020701', 'OBS_VALUE', 2014, 'SDGS', GETDATE());
INSERT INTO "CONTENTSTIME" (MAINTABLE, CONTENTS, TIMEPERIOD, USERID, LOGDATE) VALUES ('S15bC20020701', 'OBS_VALUE', 2015, 'SDGS', GETDATE());
INSERT INTO "CONTENTSTIME" (MAINTABLE, CONTENTS, TIMEPERIOD, USERID, LOGDATE) VALUES ('S15bC20020701', 'OBS_VALUE', 2016, 'SDGS', GETDATE());
INSERT INTO "CONTENTSTIME" (MAINTABLE, CONTENTS, TIMEPERIOD, USERID, LOGDATE) VALUES ('S15bC20020701', 'OBS_VALUE', 2017, 'SDGS', GETDATE());
IF EXISTS (SELECT 1 FROM SYS.VIEWS WHERE NAME = 'S15bC20020701' AND TYPE  = 'v') DROP VIEW S15bC20020701;
GO
CREATE VIEW S15bC20020701 AS SELECT * FROM INDICATORDATA WHERE SUBINDICATOR_CODE = 'C200207_01';
GO
INSERT INTO "MAINTABLE" (MAINTABLE, PRESTEXT, PRESTEXTS, PRESCATEGORY, TIMESCALE, USERID, LOGDATE, FIRSTPUBLISHED, TABLESTATUS, TABLEID, PRODUCTCODE, SPECCHAREXISTS, METAID, SUBJECTCODE, CONTENTSVARIABLE) VALUES  ('S161C16010102', 'code 16.1/C160101_02/C160101_02 - ??? ????? ????? ????? ??? 100000  ????', 'SDGs Indicators', 'O', 'year', 'SDGS', GETDATE(), GETDATE(), 'A', 'S161C16010102', '001', 'N', '01', '01', 'ar: Sub Indicator');
INSERT INTO "MAINTABLE_ENG" (MAINTABLE, STATUS, PUBLISHED, PRESTEXT, PRESTEXTS, CONTENTSVARIABLE, USERID, LOGDATE) VALUES  ('S161C16010102', 'A', GETDATE(), 'code 16.1/C160101_02/C160101_02 - Number of victims of intentional homicide per 100,000 population', 'SDGs Indicators', 'Sub Indicator', 'SDGS', GETDATE());
INSERT INTO "SECONDARYLANGUAGE" (MAINTABLE, LANGUAGE, COMPLETELYTRANSLATED,PUBLISHED, USERID, LOGDATE) VALUES  ('S161C16010102', 'en','Y', 'Y', 'SDGS', GETDATE());
INSERT INTO "CONTENTS" (MAINTABLE, CONTENTS, PRESTEXT, PRESCODE, COPYRIGHT, PRODUCER, LASTUPDATED, UNIT, PRESDECIMALS, PRESCELLSZERO, STOCKFA, DAYADJ, SEASADJ, FOOTNOTECONTENTS, FOOTNOTEVARIABLE, FOOTNOTEVALUE, STORECOLUMNNO, STOREFORMAT, STORENOCHAR, STOREDECIMALS, USERID, LOGDATE, PUBLISHED, PRESTEXTS, STATAUTHORITY, AGGREGPOSSIBLE, FOOTNOTETIME, METAID) VALUES  ('S161C16010102', 'OBS_VALUE', 'ar: Sustainable Development Goals - SDGs', 'DATA', '1', 'PCBS', GETDATE(), 'OBS_VALUE', '2', 'Y', 'F', 'N', 'N', 'N', 'N', 'N', '3', 'N', '17', '2', 'SDGS', GETDATE(), GETDATE(), 'C160101_02', 'PCBS', 'N', 'N', '01');
INSERT INTO "CONTENTS_ENG" (MAINTABLE, CONTENTS, PRESTEXT, UNIT, USERID, LOGDATE, PRESTEXTS, REFPERIOD, BASEPERIOD)  VALUES  ('S161C16010102', 'OBS_VALUE', 'Sustainable Development Goals - SDGs',  'OBS_VALUE', 'SDGS', GETDATE(), 'C160101_02', NULL,NULL);
INSERT INTO "SUBTABLE" (MAINTABLE, SUBTABLE, PRESTEXT, CLEANTABLE, USERID, LOGDATE) VALUES  ('S161C16010102', '', 'code 16.1/C160101_02/C160101_02 - ??? ????? ????? ????? ??? 100000  ????', 'Y', 'SDGS', GETDATE());
INSERT INTO "SUBTABLE_ENG" (MAINTABLE, SUBTABLE, PRESTEXT, USERID, LOGDATE) VALUES  ('S161C16010102', '', 'code 16.1/C160101_02/C160101_02 - Number of victims of intentional homicide per 100,000 population', 'SDGS', GETDATE());
INSERT INTO "SUBTABLEVARIABLE" (MAINTABLE, SUBTABLE, VARIABLE, VARIABLETYPE, STORECOLUMNNO, USERID, LOGDATE) VALUES ('S161C16010102', '', 'TIME_PERIOD', 'T', '1', 'SDGS', GETDATE());
INSERT INTO "CONTENTSTIME" (MAINTABLE, CONTENTS, TIMEPERIOD, USERID, LOGDATE) VALUES ('S161C16010102', 'OBS_VALUE', 2000, 'SDGS', GETDATE());
INSERT INTO "CONTENTSTIME" (MAINTABLE, CONTENTS, TIMEPERIOD, USERID, LOGDATE) VALUES ('S161C16010102', 'OBS_VALUE', 2001, 'SDGS', GETDATE());
INSERT INTO "CONTENTSTIME" (MAINTABLE, CONTENTS, TIMEPERIOD, USERID, LOGDATE) VALUES ('S161C16010102', 'OBS_VALUE', 2002, 'SDGS', GETDATE());
INSERT INTO "CONTENTSTIME" (MAINTABLE, CONTENTS, TIMEPERIOD, USERID, LOGDATE) VALUES ('S161C16010102', 'OBS_VALUE', 2003, 'SDGS', GETDATE());
INSERT INTO "CONTENTSTIME" (MAINTABLE, CONTENTS, TIMEPERIOD, USERID, LOGDATE) VALUES ('S161C16010102', 'OBS_VALUE', 2004, 'SDGS', GETDATE());
INSERT INTO "CONTENTSTIME" (MAINTABLE, CONTENTS, TIMEPERIOD, USERID, LOGDATE) VALUES ('S161C16010102', 'OBS_VALUE', 2005, 'SDGS', GETDATE());
INSERT INTO "CONTENTSTIME" (MAINTABLE, CONTENTS, TIMEPERIOD, USERID, LOGDATE) VALUES ('S161C16010102', 'OBS_VALUE', 2008, 'SDGS', GETDATE());
INSERT INTO "CONTENTSTIME" (MAINTABLE, CONTENTS, TIMEPERIOD, USERID, LOGDATE) VALUES ('S161C16010102', 'OBS_VALUE', 2010, 'SDGS', GETDATE());
INSERT INTO "CONTENTSTIME" (MAINTABLE, CONTENTS, TIMEPERIOD, USERID, LOGDATE) VALUES ('S161C16010102', 'OBS_VALUE', 2011, 'SDGS', GETDATE());
INSERT INTO "CONTENTSTIME" (MAINTABLE, CONTENTS, TIMEPERIOD, USERID, LOGDATE) VALUES ('S161C16010102', 'OBS_VALUE', 2012, 'SDGS', GETDATE());
INSERT INTO "CONTENTSTIME" (MAINTABLE, CONTENTS, TIMEPERIOD, USERID, LOGDATE) VALUES ('S161C16010102', 'OBS_VALUE', 2013, 'SDGS', GETDATE());
INSERT INTO "CONTENTSTIME" (MAINTABLE, CONTENTS, TIMEPERIOD, USERID, LOGDATE) VALUES ('S161C16010102', 'OBS_VALUE', 2014, 'SDGS', GETDATE());
INSERT INTO "CONTENTSTIME" (MAINTABLE, CONTENTS, TIMEPERIOD, USERID, LOGDATE) VALUES ('S161C16010102', 'OBS_VALUE', 2015, 'SDGS', GETDATE());
INSERT INTO "CONTENTSTIME" (MAINTABLE, CONTENTS, TIMEPERIOD, USERID, LOGDATE) VALUES ('S161C16010102', 'OBS_VALUE', 2016, 'SDGS', GETDATE());
INSERT INTO "CONTENTSTIME" (MAINTABLE, CONTENTS, TIMEPERIOD, USERID, LOGDATE) VALUES ('S161C16010102', 'OBS_VALUE', 2017, 'SDGS', GETDATE());
INSERT INTO "CONTENTSTIME" (MAINTABLE, CONTENTS, TIMEPERIOD, USERID, LOGDATE) VALUES ('S161C16010102', 'OBS_VALUE', 2018, 'SDGS', GETDATE());
INSERT INTO "CONTENTSTIME" (MAINTABLE, CONTENTS, TIMEPERIOD, USERID, LOGDATE) VALUES ('S161C16010102', 'OBS_VALUE', 2019, 'SDGS', GETDATE());
INSERT INTO "VALUESET" (VALUESET, PRESTEXT, DESCRIPTION, ELIMINATION, VALUEPOOL, METAID, FOOTNOTE, USERID, LOGDATE, VALUEPRES, SORTCODEEXISTS) VALUES ('VSREF_AREA_C160101_02', 'Hmm', 'None', 'A', 'VPREF_AREA', '0', 'N', 'SDGS', GETDATE(), 'T', 'N');
INSERT INTO "VALUESET_ENG" (VALUESET, PRESTEXT, DESCRIPTION, USERID, LOGDATE) VALUES ('VSREF_AREA_C160101_02', 'Hmm', 'None', 'SDGS', GETDATE());
INSERT INTO "VSVALUE" (VALUESET, VALUEPOOL, VALUECODE, USERID, LOGDATE) VALUES ('VSREF_AREA_C160101_02', 'VPREF_AREA', '1', 'SDGS', GETDATE());
INSERT INTO "VSVALUE_ENG" (VALUESET, VALUEPOOL, VALUECODE, USERID, LOGDATE) VALUES ('VSREF_AREA_C160101_02', 'VPREF_AREA', '1', 'SDGS', GETDATE());
INSERT INTO "VSVALUE" (VALUESET, VALUEPOOL, VALUECODE, USERID, LOGDATE) VALUES ('VSREF_AREA_C160101_02', 'VPREF_AREA', '2', 'SDGS', GETDATE());
INSERT INTO "VSVALUE_ENG" (VALUESET, VALUEPOOL, VALUECODE, USERID, LOGDATE) VALUES ('VSREF_AREA_C160101_02', 'VPREF_AREA', '2', 'SDGS', GETDATE());
INSERT INTO "VSVALUE" (VALUESET, VALUEPOOL, VALUECODE, USERID, LOGDATE) VALUES ('VSREF_AREA_C160101_02', 'VPREF_AREA', '3', 'SDGS', GETDATE());
INSERT INTO "VSVALUE_ENG" (VALUESET, VALUEPOOL, VALUECODE, USERID, LOGDATE) VALUES ('VSREF_AREA_C160101_02', 'VPREF_AREA', '3', 'SDGS', GETDATE());
INSERT INTO "SUBTABLEVARIABLE" (MAINTABLE, SUBTABLE, VARIABLE, VALUESET, VARIABLETYPE, STORECOLUMNNO, USERID, LOGDATE) VALUES ('S161C16010102', '', 'REF_AREA', 'VSREF_AREA_C160101_02', 'V', '1', 'SDGS', GETDATE());
IF EXISTS (SELECT 1 FROM SYS.VIEWS WHERE NAME = 'S161C16010102' AND TYPE  = 'v') DROP VIEW S161C16010102;
GO
CREATE VIEW S161C16010102 AS SELECT * FROM INDICATORDATA WHERE SUBINDICATOR_CODE = 'C160101_02';
GO
INSERT INTO "MAINTABLE" (MAINTABLE, PRESTEXT, PRESTEXTS, PRESCATEGORY, TIMESCALE, USERID, LOGDATE, FIRSTPUBLISHED, TABLESTATUS, TABLEID, PRODUCTCODE, SPECCHAREXISTS, METAID, SUBJECTCODE, CONTENTSVARIABLE) VALUES  ('S161C16010101', 'code 16.1/C160101_01/C160101_01 - ??? ????? ????? ????? ??? 100 ??? ?? ??????', 'SDGs Indicators', 'O', 'year', 'SDGS', GETDATE(), GETDATE(), 'A', 'S161C16010101', '001', 'N', '01', '01', 'ar: Sub Indicator');
INSERT INTO "MAINTABLE_ENG" (MAINTABLE, STATUS, PUBLISHED, PRESTEXT, PRESTEXTS, CONTENTSVARIABLE, USERID, LOGDATE) VALUES  ('S161C16010101', 'A', GETDATE(), 'code 16.1/C160101_01/C160101_01 - Number of victims of intentional homicide per 100,000 population', 'SDGs Indicators', 'Sub Indicator', 'SDGS', GETDATE());
INSERT INTO "SECONDARYLANGUAGE" (MAINTABLE, LANGUAGE, COMPLETELYTRANSLATED,PUBLISHED, USERID, LOGDATE) VALUES  ('S161C16010101', 'en','Y', 'Y', 'SDGS', GETDATE());
INSERT INTO "CONTENTS" (MAINTABLE, CONTENTS, PRESTEXT, PRESCODE, COPYRIGHT, PRODUCER, LASTUPDATED, UNIT, PRESDECIMALS, PRESCELLSZERO, STOCKFA, DAYADJ, SEASADJ, FOOTNOTECONTENTS, FOOTNOTEVARIABLE, FOOTNOTEVALUE, STORECOLUMNNO, STOREFORMAT, STORENOCHAR, STOREDECIMALS, USERID, LOGDATE, PUBLISHED, PRESTEXTS, STATAUTHORITY, AGGREGPOSSIBLE, FOOTNOTETIME, METAID) VALUES  ('S161C16010101', 'OBS_VALUE', 'ar: Sustainable Development Goals - SDGs', 'DATA', '1', 'PCBS', GETDATE(), 'OBS_VALUE', '2', 'Y', 'F', 'N', 'N', 'N', 'N', 'N', '3', 'N', '17', '2', 'SDGS', GETDATE(), GETDATE(), 'C160101_01', 'PCBS', 'N', 'N', '01');
INSERT INTO "CONTENTS_ENG" (MAINTABLE, CONTENTS, PRESTEXT, UNIT, USERID, LOGDATE, PRESTEXTS, REFPERIOD, BASEPERIOD)  VALUES  ('S161C16010101', 'OBS_VALUE', 'Sustainable Development Goals - SDGs',  'OBS_VALUE', 'SDGS', GETDATE(), 'C160101_01', NULL,NULL);
INSERT INTO "SUBTABLE" (MAINTABLE, SUBTABLE, PRESTEXT, CLEANTABLE, USERID, LOGDATE) VALUES  ('S161C16010101', '', 'code 16.1/C160101_01/C160101_01 - ??? ????? ????? ????? ??? 100 ??? ?? ??????', 'Y', 'SDGS', GETDATE());
INSERT INTO "SUBTABLE_ENG" (MAINTABLE, SUBTABLE, PRESTEXT, USERID, LOGDATE) VALUES  ('S161C16010101', '', 'code 16.1/C160101_01/C160101_01 - Number of victims of intentional homicide per 100,000 population', 'SDGS', GETDATE());
INSERT INTO "SUBTABLEVARIABLE" (MAINTABLE, SUBTABLE, VARIABLE, VARIABLETYPE, STORECOLUMNNO, USERID, LOGDATE) VALUES ('S161C16010101', '', 'TIME_PERIOD', 'T', '1', 'SDGS', GETDATE());
INSERT INTO "CONTENTSTIME" (MAINTABLE, CONTENTS, TIMEPERIOD, USERID, LOGDATE) VALUES ('S161C16010101', 'OBS_VALUE', 2000, 'SDGS', GETDATE());
INSERT INTO "CONTENTSTIME" (MAINTABLE, CONTENTS, TIMEPERIOD, USERID, LOGDATE) VALUES ('S161C16010101', 'OBS_VALUE', 2001, 'SDGS', GETDATE());
INSERT INTO "CONTENTSTIME" (MAINTABLE, CONTENTS, TIMEPERIOD, USERID, LOGDATE) VALUES ('S161C16010101', 'OBS_VALUE', 2002, 'SDGS', GETDATE());
INSERT INTO "CONTENTSTIME" (MAINTABLE, CONTENTS, TIMEPERIOD, USERID, LOGDATE) VALUES ('S161C16010101', 'OBS_VALUE', 2003, 'SDGS', GETDATE());
INSERT INTO "CONTENTSTIME" (MAINTABLE, CONTENTS, TIMEPERIOD, USERID, LOGDATE) VALUES ('S161C16010101', 'OBS_VALUE', 2004, 'SDGS', GETDATE());
INSERT INTO "CONTENTSTIME" (MAINTABLE, CONTENTS, TIMEPERIOD, USERID, LOGDATE) VALUES ('S161C16010101', 'OBS_VALUE', 2005, 'SDGS', GETDATE());
INSERT INTO "CONTENTSTIME" (MAINTABLE, CONTENTS, TIMEPERIOD, USERID, LOGDATE) VALUES ('S161C16010101', 'OBS_VALUE', 2006, 'SDGS', GETDATE());
INSERT INTO "CONTENTSTIME" (MAINTABLE, CONTENTS, TIMEPERIOD, USERID, LOGDATE) VALUES ('S161C16010101', 'OBS_VALUE', 2007, 'SDGS', GETDATE());
INSERT INTO "CONTENTSTIME" (MAINTABLE, CONTENTS, TIMEPERIOD, USERID, LOGDATE) VALUES ('S161C16010101', 'OBS_VALUE', 2008, 'SDGS', GETDATE());
INSERT INTO "CONTENTSTIME" (MAINTABLE, CONTENTS, TIMEPERIOD, USERID, LOGDATE) VALUES ('S161C16010101', 'OBS_VALUE', 2009, 'SDGS', GETDATE());
INSERT INTO "CONTENTSTIME" (MAINTABLE, CONTENTS, TIMEPERIOD, USERID, LOGDATE) VALUES ('S161C16010101', 'OBS_VALUE', 2010, 'SDGS', GETDATE());
INSERT INTO "CONTENTSTIME" (MAINTABLE, CONTENTS, TIMEPERIOD, USERID, LOGDATE) VALUES ('S161C16010101', 'OBS_VALUE', 2011, 'SDGS', GETDATE());
INSERT INTO "CONTENTSTIME" (MAINTABLE, CONTENTS, TIMEPERIOD, USERID, LOGDATE) VALUES ('S161C16010101', 'OBS_VALUE', 2012, 'SDGS', GETDATE());
INSERT INTO "CONTENTSTIME" (MAINTABLE, CONTENTS, TIMEPERIOD, USERID, LOGDATE) VALUES ('S161C16010101', 'OBS_VALUE', 2013, 'SDGS', GETDATE());
INSERT INTO "CONTENTSTIME" (MAINTABLE, CONTENTS, TIMEPERIOD, USERID, LOGDATE) VALUES ('S161C16010101', 'OBS_VALUE', 2014, 'SDGS', GETDATE());
INSERT INTO "CONTENTSTIME" (MAINTABLE, CONTENTS, TIMEPERIOD, USERID, LOGDATE) VALUES ('S161C16010101', 'OBS_VALUE', 2015, 'SDGS', GETDATE());
INSERT INTO "CONTENTSTIME" (MAINTABLE, CONTENTS, TIMEPERIOD, USERID, LOGDATE) VALUES ('S161C16010101', 'OBS_VALUE', 2016, 'SDGS', GETDATE());
INSERT INTO "CONTENTSTIME" (MAINTABLE, CONTENTS, TIMEPERIOD, USERID, LOGDATE) VALUES ('S161C16010101', 'OBS_VALUE', 2017, 'SDGS', GETDATE());
INSERT INTO "CONTENTSTIME" (MAINTABLE, CONTENTS, TIMEPERIOD, USERID, LOGDATE) VALUES ('S161C16010101', 'OBS_VALUE', 2018, 'SDGS', GETDATE());
INSERT INTO "CONTENTSTIME" (MAINTABLE, CONTENTS, TIMEPERIOD, USERID, LOGDATE) VALUES ('S161C16010101', 'OBS_VALUE', 2019, 'SDGS', GETDATE());
INSERT INTO "VALUESET" (VALUESET, PRESTEXT, DESCRIPTION, ELIMINATION, VALUEPOOL, METAID, FOOTNOTE, USERID, LOGDATE, VALUEPRES, SORTCODEEXISTS) VALUES ('VSREF_AREA_C160101_01', 'Hmm', 'None', 'A', 'VPREF_AREA', '0', 'N', 'SDGS', GETDATE(), 'T', 'N');
INSERT INTO "VALUESET_ENG" (VALUESET, PRESTEXT, DESCRIPTION, USERID, LOGDATE) VALUES ('VSREF_AREA_C160101_01', 'Hmm', 'None', 'SDGS', GETDATE());
INSERT INTO "VSVALUE" (VALUESET, VALUEPOOL, VALUECODE, USERID, LOGDATE) VALUES ('VSREF_AREA_C160101_01', 'VPREF_AREA', '1', 'SDGS', GETDATE());
INSERT INTO "VSVALUE_ENG" (VALUESET, VALUEPOOL, VALUECODE, USERID, LOGDATE) VALUES ('VSREF_AREA_C160101_01', 'VPREF_AREA', '1', 'SDGS', GETDATE());
INSERT INTO "VSVALUE" (VALUESET, VALUEPOOL, VALUECODE, USERID, LOGDATE) VALUES ('VSREF_AREA_C160101_01', 'VPREF_AREA', '2', 'SDGS', GETDATE());
INSERT INTO "VSVALUE_ENG" (VALUESET, VALUEPOOL, VALUECODE, USERID, LOGDATE) VALUES ('VSREF_AREA_C160101_01', 'VPREF_AREA', '2', 'SDGS', GETDATE());
INSERT INTO "VSVALUE" (VALUESET, VALUEPOOL, VALUECODE, USERID, LOGDATE) VALUES ('VSREF_AREA_C160101_01', 'VPREF_AREA', '3', 'SDGS', GETDATE());
INSERT INTO "VSVALUE_ENG" (VALUESET, VALUEPOOL, VALUECODE, USERID, LOGDATE) VALUES ('VSREF_AREA_C160101_01', 'VPREF_AREA', '3', 'SDGS', GETDATE());
INSERT INTO "SUBTABLEVARIABLE" (MAINTABLE, SUBTABLE, VARIABLE, VALUESET, VARIABLETYPE, STORECOLUMNNO, USERID, LOGDATE) VALUES ('S161C16010101', '', 'REF_AREA', 'VSREF_AREA_C160101_01', 'V', '1', 'SDGS', GETDATE());
INSERT INTO "VALUESET" (VALUESET, PRESTEXT, DESCRIPTION, ELIMINATION, VALUEPOOL, METAID, FOOTNOTE, USERID, LOGDATE, VALUEPRES, SORTCODEEXISTS) VALUES ('VSSEX_C160101_01', 'Hmm', 'None', 'A', 'VPSEX', '0', 'N', 'SDGS', GETDATE(), 'T', 'N');
INSERT INTO "VALUESET_ENG" (VALUESET, PRESTEXT, DESCRIPTION, USERID, LOGDATE) VALUES ('VSSEX_C160101_01', 'Hmm', 'None', 'SDGS', GETDATE());
INSERT INTO "VSVALUE" (VALUESET, VALUEPOOL, VALUECODE, USERID, LOGDATE) VALUES ('VSSEX_C160101_01', 'VPSEX', 'M', 'SDGS', GETDATE());
INSERT INTO "VSVALUE_ENG" (VALUESET, VALUEPOOL, VALUECODE, USERID, LOGDATE) VALUES ('VSSEX_C160101_01', 'VPSEX', 'M', 'SDGS', GETDATE());
INSERT INTO "VSVALUE" (VALUESET, VALUEPOOL, VALUECODE, USERID, LOGDATE) VALUES ('VSSEX_C160101_01', 'VPSEX', 'F', 'SDGS', GETDATE());
INSERT INTO "VSVALUE_ENG" (VALUESET, VALUEPOOL, VALUECODE, USERID, LOGDATE) VALUES ('VSSEX_C160101_01', 'VPSEX', 'F', 'SDGS', GETDATE());
INSERT INTO "VSVALUE" (VALUESET, VALUEPOOL, VALUECODE, USERID, LOGDATE) VALUES ('VSSEX_C160101_01', 'VPSEX', '_T', 'SDGS', GETDATE());
INSERT INTO "VSVALUE_ENG" (VALUESET, VALUEPOOL, VALUECODE, USERID, LOGDATE) VALUES ('VSSEX_C160101_01', 'VPSEX', '_T', 'SDGS', GETDATE());
INSERT INTO "SUBTABLEVARIABLE" (MAINTABLE, SUBTABLE, VARIABLE, VALUESET, VARIABLETYPE, STORECOLUMNNO, USERID, LOGDATE) VALUES ('S161C16010101', '', 'SEX', 'VSSEX_C160101_01', 'V', '1', 'SDGS', GETDATE());
IF EXISTS (SELECT 1 FROM SYS.VIEWS WHERE NAME = 'S161C16010101' AND TYPE  = 'v') DROP VIEW S161C16010101;
GO
CREATE VIEW S161C16010101 AS SELECT * FROM INDICATORDATA WHERE SUBINDICATOR_CODE = 'C160101_01';
GO
INSERT INTO "MAINTABLE" (MAINTABLE, PRESTEXT, PRESTEXTS, PRESCATEGORY, TIMESCALE, USERID, LOGDATE, FIRSTPUBLISHED, TABLESTATUS, TABLEID, PRODUCTCODE, SPECCHAREXISTS, METAID, SUBJECTCODE, CONTENTSVARIABLE) VALUES  ('S161C16010301', 'code 16.1/C160103_01/C160103_01 - ???? ?????? ????? ?????? ????? ?????? ?? ?????? ??? ????? ???????', 'SDGs Indicators', 'O', 'year', 'SDGS', GETDATE(), GETDATE(), 'A', 'S161C16010301', '001', 'N', '01', '01', 'ar: Sub Indicator');
INSERT INTO "MAINTABLE_ENG" (MAINTABLE, STATUS, PUBLISHED, PRESTEXT, PRESTEXTS, CONTENTSVARIABLE, USERID, LOGDATE) VALUES  ('S161C16010301', 'A', GETDATE(), 'code 16.1/C160103_01/C160103_01 - Proportion of population subjected to physical violence in the previous 12 months', 'SDGs Indicators', 'Sub Indicator', 'SDGS', GETDATE());
INSERT INTO "SECONDARYLANGUAGE" (MAINTABLE, LANGUAGE, COMPLETELYTRANSLATED,PUBLISHED, USERID, LOGDATE) VALUES  ('S161C16010301', 'en','Y', 'Y', 'SDGS', GETDATE());
INSERT INTO "CONTENTS" (MAINTABLE, CONTENTS, PRESTEXT, PRESCODE, COPYRIGHT, PRODUCER, LASTUPDATED, UNIT, PRESDECIMALS, PRESCELLSZERO, STOCKFA, DAYADJ, SEASADJ, FOOTNOTECONTENTS, FOOTNOTEVARIABLE, FOOTNOTEVALUE, STORECOLUMNNO, STOREFORMAT, STORENOCHAR, STOREDECIMALS, USERID, LOGDATE, PUBLISHED, PRESTEXTS, STATAUTHORITY, AGGREGPOSSIBLE, FOOTNOTETIME, METAID) VALUES  ('S161C16010301', 'OBS_VALUE', 'ar: Sustainable Development Goals - SDGs', 'DATA', '1', 'PCBS', GETDATE(), 'OBS_VALUE', '2', 'Y', 'F', 'N', 'N', 'N', 'N', 'N', '3', 'N', '17', '2', 'SDGS', GETDATE(), GETDATE(), 'C160103_01', 'PCBS', 'N', 'N', '01');
INSERT INTO "CONTENTS_ENG" (MAINTABLE, CONTENTS, PRESTEXT, UNIT, USERID, LOGDATE, PRESTEXTS, REFPERIOD, BASEPERIOD)  VALUES  ('S161C16010301', 'OBS_VALUE', 'Sustainable Development Goals - SDGs',  'OBS_VALUE', 'SDGS', GETDATE(), 'C160103_01', NULL,NULL);
INSERT INTO "SUBTABLE" (MAINTABLE, SUBTABLE, PRESTEXT, CLEANTABLE, USERID, LOGDATE) VALUES  ('S161C16010301', '', 'code 16.1/C160103_01/C160103_01 - ???? ?????? ????? ?????? ????? ?????? ?? ?????? ??? ????? ???????', 'Y', 'SDGS', GETDATE());
INSERT INTO "SUBTABLE_ENG" (MAINTABLE, SUBTABLE, PRESTEXT, USERID, LOGDATE) VALUES  ('S161C16010301', '', 'code 16.1/C160103_01/C160103_01 - Proportion of population subjected to physical violence in the previous 12 months', 'SDGS', GETDATE());
INSERT INTO "SUBTABLEVARIABLE" (MAINTABLE, SUBTABLE, VARIABLE, VARIABLETYPE, STORECOLUMNNO, USERID, LOGDATE) VALUES ('S161C16010301', '', 'TIME_PERIOD', 'T', '1', 'SDGS', GETDATE());
INSERT INTO "CONTENTSTIME" (MAINTABLE, CONTENTS, TIMEPERIOD, USERID, LOGDATE) VALUES ('S161C16010301', 'OBS_VALUE', 2004, 'SDGS', GETDATE());
INSERT INTO "CONTENTSTIME" (MAINTABLE, CONTENTS, TIMEPERIOD, USERID, LOGDATE) VALUES ('S161C16010301', 'OBS_VALUE', 2008, 'SDGS', GETDATE());
INSERT INTO "CONTENTSTIME" (MAINTABLE, CONTENTS, TIMEPERIOD, USERID, LOGDATE) VALUES ('S161C16010301', 'OBS_VALUE', 2012, 'SDGS', GETDATE());
INSERT INTO "CONTENTSTIME" (MAINTABLE, CONTENTS, TIMEPERIOD, USERID, LOGDATE) VALUES ('S161C16010301', 'OBS_VALUE', 2016, 'SDGS', GETDATE());
INSERT INTO "VALUESET" (VALUESET, PRESTEXT, DESCRIPTION, ELIMINATION, VALUEPOOL, METAID, FOOTNOTE, USERID, LOGDATE, VALUEPRES, SORTCODEEXISTS) VALUES ('VSREF_AREA_C160103_01', 'Hmm', 'None', 'A', 'VPREF_AREA', '0', 'N', 'SDGS', GETDATE(), 'T', 'N');
INSERT INTO "VALUESET_ENG" (VALUESET, PRESTEXT, DESCRIPTION, USERID, LOGDATE) VALUES ('VSREF_AREA_C160103_01', 'Hmm', 'None', 'SDGS', GETDATE());
INSERT INTO "VSVALUE" (VALUESET, VALUEPOOL, VALUECODE, USERID, LOGDATE) VALUES ('VSREF_AREA_C160103_01', 'VPREF_AREA', '1', 'SDGS', GETDATE());
INSERT INTO "VSVALUE_ENG" (VALUESET, VALUEPOOL, VALUECODE, USERID, LOGDATE) VALUES ('VSREF_AREA_C160103_01', 'VPREF_AREA', '1', 'SDGS', GETDATE());
INSERT INTO "VSVALUE" (VALUESET, VALUEPOOL, VALUECODE, USERID, LOGDATE) VALUES ('VSREF_AREA_C160103_01', 'VPREF_AREA', '2', 'SDGS', GETDATE());
INSERT INTO "VSVALUE_ENG" (VALUESET, VALUEPOOL, VALUECODE, USERID, LOGDATE) VALUES ('VSREF_AREA_C160103_01', 'VPREF_AREA', '2', 'SDGS', GETDATE());
INSERT INTO "VSVALUE" (VALUESET, VALUEPOOL, VALUECODE, USERID, LOGDATE) VALUES ('VSREF_AREA_C160103_01', 'VPREF_AREA', '3', 'SDGS', GETDATE());
INSERT INTO "VSVALUE_ENG" (VALUESET, VALUEPOOL, VALUECODE, USERID, LOGDATE) VALUES ('VSREF_AREA_C160103_01', 'VPREF_AREA', '3', 'SDGS', GETDATE());
INSERT INTO "SUBTABLEVARIABLE" (MAINTABLE, SUBTABLE, VARIABLE, VALUESET, VARIABLETYPE, STORECOLUMNNO, USERID, LOGDATE) VALUES ('S161C16010301', '', 'REF_AREA', 'VSREF_AREA_C160103_01', 'V', '1', 'SDGS', GETDATE());
IF EXISTS (SELECT 1 FROM SYS.VIEWS WHERE NAME = 'S161C16010301' AND TYPE  = 'v') DROP VIEW S161C16010301;
GO
CREATE VIEW S161C16010301 AS SELECT * FROM INDICATORDATA WHERE SUBINDICATOR_CODE = 'C160103_01';
GO
INSERT INTO "MAINTABLE" (MAINTABLE, PRESTEXT, PRESTEXTS, PRESCATEGORY, TIMESCALE, USERID, LOGDATE, FIRSTPUBLISHED, TABLESTATUS, TABLEID, PRODUCTCODE, SPECCHAREXISTS, METAID, SUBJECTCODE, CONTENTSVARIABLE) VALUES  ('S161C16010302', 'code 16.1/C160103_02/C160103_02 - ???? ?????? ????? ?????? ????? ?? ?????? ??? ????? ???????', 'SDGs Indicators', 'O', 'year', 'SDGS', GETDATE(), GETDATE(), 'A', 'S161C16010302', '001', 'N', '01', '01', 'ar: Sub Indicator');
INSERT INTO "MAINTABLE_ENG" (MAINTABLE, STATUS, PUBLISHED, PRESTEXT, PRESTEXTS, CONTENTSVARIABLE, USERID, LOGDATE) VALUES  ('S161C16010302', 'A', GETDATE(), 'code 16.1/C160103_02/C160103_02 - Proportion of population subjected to robbery in the previous 12 months', 'SDGs Indicators', 'Sub Indicator', 'SDGS', GETDATE());
INSERT INTO "SECONDARYLANGUAGE" (MAINTABLE, LANGUAGE, COMPLETELYTRANSLATED,PUBLISHED, USERID, LOGDATE) VALUES  ('S161C16010302', 'en','Y', 'Y', 'SDGS', GETDATE());
INSERT INTO "CONTENTS" (MAINTABLE, CONTENTS, PRESTEXT, PRESCODE, COPYRIGHT, PRODUCER, LASTUPDATED, UNIT, PRESDECIMALS, PRESCELLSZERO, STOCKFA, DAYADJ, SEASADJ, FOOTNOTECONTENTS, FOOTNOTEVARIABLE, FOOTNOTEVALUE, STORECOLUMNNO, STOREFORMAT, STORENOCHAR, STOREDECIMALS, USERID, LOGDATE, PUBLISHED, PRESTEXTS, STATAUTHORITY, AGGREGPOSSIBLE, FOOTNOTETIME, METAID) VALUES  ('S161C16010302', 'OBS_VALUE', 'ar: Sustainable Development Goals - SDGs', 'DATA', '1', 'PCBS', GETDATE(), 'OBS_VALUE', '2', 'Y', 'F', 'N', 'N', 'N', 'N', 'N', '3', 'N', '17', '2', 'SDGS', GETDATE(), GETDATE(), 'C160103_02', 'PCBS', 'N', 'N', '01');
INSERT INTO "CONTENTS_ENG" (MAINTABLE, CONTENTS, PRESTEXT, UNIT, USERID, LOGDATE, PRESTEXTS, REFPERIOD, BASEPERIOD)  VALUES  ('S161C16010302', 'OBS_VALUE', 'Sustainable Development Goals - SDGs',  'OBS_VALUE', 'SDGS', GETDATE(), 'C160103_02', NULL,NULL);
INSERT INTO "SUBTABLE" (MAINTABLE, SUBTABLE, PRESTEXT, CLEANTABLE, USERID, LOGDATE) VALUES  ('S161C16010302', '', 'code 16.1/C160103_02/C160103_02 - ???? ?????? ????? ?????? ????? ?? ?????? ??? ????? ???????', 'Y', 'SDGS', GETDATE());
INSERT INTO "SUBTABLE_ENG" (MAINTABLE, SUBTABLE, PRESTEXT, USERID, LOGDATE) VALUES  ('S161C16010302', '', 'code 16.1/C160103_02/C160103_02 - Proportion of population subjected to robbery in the previous 12 months', 'SDGS', GETDATE());
INSERT INTO "SUBTABLEVARIABLE" (MAINTABLE, SUBTABLE, VARIABLE, VARIABLETYPE, STORECOLUMNNO, USERID, LOGDATE) VALUES ('S161C16010302', '', 'TIME_PERIOD', 'T', '1', 'SDGS', GETDATE());
INSERT INTO "CONTENTSTIME" (MAINTABLE, CONTENTS, TIMEPERIOD, USERID, LOGDATE) VALUES ('S161C16010302', 'OBS_VALUE', 2004, 'SDGS', GETDATE());
INSERT INTO "CONTENTSTIME" (MAINTABLE, CONTENTS, TIMEPERIOD, USERID, LOGDATE) VALUES ('S161C16010302', 'OBS_VALUE', 2008, 'SDGS', GETDATE());
INSERT INTO "CONTENTSTIME" (MAINTABLE, CONTENTS, TIMEPERIOD, USERID, LOGDATE) VALUES ('S161C16010302', 'OBS_VALUE', 2012, 'SDGS', GETDATE());
INSERT INTO "CONTENTSTIME" (MAINTABLE, CONTENTS, TIMEPERIOD, USERID, LOGDATE) VALUES ('S161C16010302', 'OBS_VALUE', 2016, 'SDGS', GETDATE());
INSERT INTO "VALUESET" (VALUESET, PRESTEXT, DESCRIPTION, ELIMINATION, VALUEPOOL, METAID, FOOTNOTE, USERID, LOGDATE, VALUEPRES, SORTCODEEXISTS) VALUES ('VSREF_AREA_C160103_02', 'Hmm', 'None', 'A', 'VPREF_AREA', '0', 'N', 'SDGS', GETDATE(), 'T', 'N');
INSERT INTO "VALUESET_ENG" (VALUESET, PRESTEXT, DESCRIPTION, USERID, LOGDATE) VALUES ('VSREF_AREA_C160103_02', 'Hmm', 'None', 'SDGS', GETDATE());
INSERT INTO "VSVALUE" (VALUESET, VALUEPOOL, VALUECODE, USERID, LOGDATE) VALUES ('VSREF_AREA_C160103_02', 'VPREF_AREA', '1', 'SDGS', GETDATE());
INSERT INTO "VSVALUE_ENG" (VALUESET, VALUEPOOL, VALUECODE, USERID, LOGDATE) VALUES ('VSREF_AREA_C160103_02', 'VPREF_AREA', '1', 'SDGS', GETDATE());
INSERT INTO "VSVALUE" (VALUESET, VALUEPOOL, VALUECODE, USERID, LOGDATE) VALUES ('VSREF_AREA_C160103_02', 'VPREF_AREA', '2', 'SDGS', GETDATE());
INSERT INTO "VSVALUE_ENG" (VALUESET, VALUEPOOL, VALUECODE, USERID, LOGDATE) VALUES ('VSREF_AREA_C160103_02', 'VPREF_AREA', '2', 'SDGS', GETDATE());
INSERT INTO "VSVALUE" (VALUESET, VALUEPOOL, VALUECODE, USERID, LOGDATE) VALUES ('VSREF_AREA_C160103_02', 'VPREF_AREA', '3', 'SDGS', GETDATE());
INSERT INTO "VSVALUE_ENG" (VALUESET, VALUEPOOL, VALUECODE, USERID, LOGDATE) VALUES ('VSREF_AREA_C160103_02', 'VPREF_AREA', '3', 'SDGS', GETDATE());
INSERT INTO "SUBTABLEVARIABLE" (MAINTABLE, SUBTABLE, VARIABLE, VALUESET, VARIABLETYPE, STORECOLUMNNO, USERID, LOGDATE) VALUES ('S161C16010302', '', 'REF_AREA', 'VSREF_AREA_C160103_02', 'V', '1', 'SDGS', GETDATE());
IF EXISTS (SELECT 1 FROM SYS.VIEWS WHERE NAME = 'S161C16010302' AND TYPE  = 'v') DROP VIEW S161C16010302;
GO
CREATE VIEW S161C16010302 AS SELECT * FROM INDICATORDATA WHERE SUBINDICATOR_CODE = 'C160103_02';
GO
INSERT INTO "MAINTABLE" (MAINTABLE, PRESTEXT, PRESTEXTS, PRESCATEGORY, TIMESCALE, USERID, LOGDATE, FIRSTPUBLISHED, TABLESTATUS, TABLEID, PRODUCTCODE, SPECCHAREXISTS, METAID, SUBJECTCODE, CONTENTSVARIABLE) VALUES  ('S161C16010401', 'code 16.1/C160104_01/C160104_01 - ?????? ????? ?????? ??????? ??? ??????? ??? ??????? ??????? ?? ????? ??????? ???? ?????? ????', 'SDGs Indicators', 'O', 'year', 'SDGS', GETDATE(), GETDATE(), 'A', 'S161C16010401', '001', 'N', '01', '01', 'ar: Sub Indicator');
INSERT INTO "MAINTABLE_ENG" (MAINTABLE, STATUS, PUBLISHED, PRESTEXT, PRESTEXTS, CONTENTSVARIABLE, USERID, LOGDATE) VALUES  ('S161C16010401', 'A', GETDATE(), 'code 16.1/C160104_01/C160104_01 - population that feel safe walking alone around the area they live', 'SDGs Indicators', 'Sub Indicator', 'SDGS', GETDATE());
INSERT INTO "SECONDARYLANGUAGE" (MAINTABLE, LANGUAGE, COMPLETELYTRANSLATED,PUBLISHED, USERID, LOGDATE) VALUES  ('S161C16010401', 'en','Y', 'Y', 'SDGS', GETDATE());
INSERT INTO "CONTENTS" (MAINTABLE, CONTENTS, PRESTEXT, PRESCODE, COPYRIGHT, PRODUCER, LASTUPDATED, UNIT, PRESDECIMALS, PRESCELLSZERO, STOCKFA, DAYADJ, SEASADJ, FOOTNOTECONTENTS, FOOTNOTEVARIABLE, FOOTNOTEVALUE, STORECOLUMNNO, STOREFORMAT, STORENOCHAR, STOREDECIMALS, USERID, LOGDATE, PUBLISHED, PRESTEXTS, STATAUTHORITY, AGGREGPOSSIBLE, FOOTNOTETIME, METAID) VALUES  ('S161C16010401', 'OBS_VALUE', 'ar: Sustainable Development Goals - SDGs', 'DATA', '1', 'PCBS', GETDATE(), 'OBS_VALUE', '2', 'Y', 'F', 'N', 'N', 'N', 'N', 'N', '3', 'N', '17', '2', 'SDGS', GETDATE(), GETDATE(), 'C160104_01', 'PCBS', 'N', 'N', '01');
INSERT INTO "CONTENTS_ENG" (MAINTABLE, CONTENTS, PRESTEXT, UNIT, USERID, LOGDATE, PRESTEXTS, REFPERIOD, BASEPERIOD)  VALUES  ('S161C16010401', 'OBS_VALUE', 'Sustainable Development Goals - SDGs',  'OBS_VALUE', 'SDGS', GETDATE(), 'C160104_01', NULL,NULL);
INSERT INTO "SUBTABLE" (MAINTABLE, SUBTABLE, PRESTEXT, CLEANTABLE, USERID, LOGDATE) VALUES  ('S161C16010401', '', 'code 16.1/C160104_01/C160104_01 - ?????? ????? ?????? ??????? ??? ??????? ??? ??????? ??????? ?? ????? ??????? ???? ?????? ????', 'Y', 'SDGS', GETDATE());
INSERT INTO "SUBTABLE_ENG" (MAINTABLE, SUBTABLE, PRESTEXT, USERID, LOGDATE) VALUES  ('S161C16010401', '', 'code 16.1/C160104_01/C160104_01 - population that feel safe walking alone around the area they live', 'SDGS', GETDATE());
INSERT INTO "SUBTABLEVARIABLE" (MAINTABLE, SUBTABLE, VARIABLE, VARIABLETYPE, STORECOLUMNNO, USERID, LOGDATE) VALUES ('S161C16010401', '', 'TIME_PERIOD', 'T', '1', 'SDGS', GETDATE());
INSERT INTO "CONTENTSTIME" (MAINTABLE, CONTENTS, TIMEPERIOD, USERID, LOGDATE) VALUES ('S161C16010401', 'OBS_VALUE', 2016, 'SDGS', GETDATE());
INSERT INTO "CONTENTSTIME" (MAINTABLE, CONTENTS, TIMEPERIOD, USERID, LOGDATE) VALUES ('S161C16010401', 'OBS_VALUE', 2018, 'SDGS', GETDATE());
INSERT INTO "VALUESET" (VALUESET, PRESTEXT, DESCRIPTION, ELIMINATION, VALUEPOOL, METAID, FOOTNOTE, USERID, LOGDATE, VALUEPRES, SORTCODEEXISTS) VALUES ('VSREF_AREA_C160104_01', 'Hmm', 'None', 'A', 'VPREF_AREA', '0', 'N', 'SDGS', GETDATE(), 'T', 'N');
INSERT INTO "VALUESET_ENG" (VALUESET, PRESTEXT, DESCRIPTION, USERID, LOGDATE) VALUES ('VSREF_AREA_C160104_01', 'Hmm', 'None', 'SDGS', GETDATE());
INSERT INTO "VSVALUE" (VALUESET, VALUEPOOL, VALUECODE, USERID, LOGDATE) VALUES ('VSREF_AREA_C160104_01', 'VPREF_AREA', '1', 'SDGS', GETDATE());
INSERT INTO "VSVALUE_ENG" (VALUESET, VALUEPOOL, VALUECODE, USERID, LOGDATE) VALUES ('VSREF_AREA_C160104_01', 'VPREF_AREA', '1', 'SDGS', GETDATE());
INSERT INTO "VSVALUE" (VALUESET, VALUEPOOL, VALUECODE, USERID, LOGDATE) VALUES ('VSREF_AREA_C160104_01', 'VPREF_AREA', '2', 'SDGS', GETDATE());
INSERT INTO "VSVALUE_ENG" (VALUESET, VALUEPOOL, VALUECODE, USERID, LOGDATE) VALUES ('VSREF_AREA_C160104_01', 'VPREF_AREA', '2', 'SDGS', GETDATE());
INSERT INTO "VSVALUE" (VALUESET, VALUEPOOL, VALUECODE, USERID, LOGDATE) VALUES ('VSREF_AREA_C160104_01', 'VPREF_AREA', '3', 'SDGS', GETDATE());
INSERT INTO "VSVALUE_ENG" (VALUESET, VALUEPOOL, VALUECODE, USERID, LOGDATE) VALUES ('VSREF_AREA_C160104_01', 'VPREF_AREA', '3', 'SDGS', GETDATE());
INSERT INTO "SUBTABLEVARIABLE" (MAINTABLE, SUBTABLE, VARIABLE, VALUESET, VARIABLETYPE, STORECOLUMNNO, USERID, LOGDATE) VALUES ('S161C16010401', '', 'REF_AREA', 'VSREF_AREA_C160104_01', 'V', '1', 'SDGS', GETDATE());
INSERT INTO "VALUESET" (VALUESET, PRESTEXT, DESCRIPTION, ELIMINATION, VALUEPOOL, METAID, FOOTNOTE, USERID, LOGDATE, VALUEPRES, SORTCODEEXISTS) VALUES ('VSSEX_C160104_01', 'Hmm', 'None', 'A', 'VPSEX', '0', 'N', 'SDGS', GETDATE(), 'T', 'N');
INSERT INTO "VALUESET_ENG" (VALUESET, PRESTEXT, DESCRIPTION, USERID, LOGDATE) VALUES ('VSSEX_C160104_01', 'Hmm', 'None', 'SDGS', GETDATE());
INSERT INTO "VSVALUE" (VALUESET, VALUEPOOL, VALUECODE, USERID, LOGDATE) VALUES ('VSSEX_C160104_01', 'VPSEX', 'M', 'SDGS', GETDATE());
INSERT INTO "VSVALUE_ENG" (VALUESET, VALUEPOOL, VALUECODE, USERID, LOGDATE) VALUES ('VSSEX_C160104_01', 'VPSEX', 'M', 'SDGS', GETDATE());
INSERT INTO "VSVALUE" (VALUESET, VALUEPOOL, VALUECODE, USERID, LOGDATE) VALUES ('VSSEX_C160104_01', 'VPSEX', 'F', 'SDGS', GETDATE());
INSERT INTO "VSVALUE_ENG" (VALUESET, VALUEPOOL, VALUECODE, USERID, LOGDATE) VALUES ('VSSEX_C160104_01', 'VPSEX', 'F', 'SDGS', GETDATE());
INSERT INTO "VSVALUE" (VALUESET, VALUEPOOL, VALUECODE, USERID, LOGDATE) VALUES ('VSSEX_C160104_01', 'VPSEX', '_T', 'SDGS', GETDATE());
INSERT INTO "VSVALUE_ENG" (VALUESET, VALUEPOOL, VALUECODE, USERID, LOGDATE) VALUES ('VSSEX_C160104_01', 'VPSEX', '_T', 'SDGS', GETDATE());
INSERT INTO "SUBTABLEVARIABLE" (MAINTABLE, SUBTABLE, VARIABLE, VALUESET, VARIABLETYPE, STORECOLUMNNO, USERID, LOGDATE) VALUES ('S161C16010401', '', 'SEX', 'VSSEX_C160104_01', 'V', '1', 'SDGS', GETDATE());
IF EXISTS (SELECT 1 FROM SYS.VIEWS WHERE NAME = 'S161C16010401' AND TYPE  = 'v') DROP VIEW S161C16010401;
GO
CREATE VIEW S161C16010401 AS SELECT * FROM INDICATORDATA WHERE SUBINDICATOR_CODE = 'C160104_01';
GO
INSERT INTO "MAINTABLE" (MAINTABLE, PRESTEXT, PRESTEXTS, PRESCATEGORY, TIMESCALE, USERID, LOGDATE, FIRSTPUBLISHED, TABLESTATUS, TABLEID, PRODUCTCODE, SPECCHAREXISTS, METAID, SUBJECTCODE, CONTENTSVARIABLE) VALUES  ('S1610C16100101', 'code 16.10/C161001_01/C161001_01 - ??? ?? ?? ????? ?? ????? ????? ???????? ???????? ?? ????? ???????? ????????? ??? ?????????? ?????????? ?? ???? ??????? ???? ?????? ??? ???? ??????? ??? ???? ?????????? ?????? ??????????', 'SDGs Indicators', 'O', 'year', 'SDGS', GETDATE(), GETDATE(), 'A', 'S1610C16100101', '001', 'N', '01', '01', 'ar: Sub Indicator');
INSERT INTO "MAINTABLE_ENG" (MAINTABLE, STATUS, PUBLISHED, PRESTEXT, PRESTEXTS, CONTENTSVARIABLE, USERID, LOGDATE) VALUES  ('S1610C16100101', 'A', GETDATE(), 'code 16.10/C161001_01/C161001_01 - Number of verified cases of killing of journalists, associated media personnel, trade unionists and human rights advocates in the previous 12 months by Israeli Settlers and Army', 'SDGs Indicators', 'Sub Indicator', 'SDGS', GETDATE());
INSERT INTO "SECONDARYLANGUAGE" (MAINTABLE, LANGUAGE, COMPLETELYTRANSLATED,PUBLISHED, USERID, LOGDATE) VALUES  ('S1610C16100101', 'en','Y', 'Y', 'SDGS', GETDATE());
INSERT INTO "CONTENTS" (MAINTABLE, CONTENTS, PRESTEXT, PRESCODE, COPYRIGHT, PRODUCER, LASTUPDATED, UNIT, PRESDECIMALS, PRESCELLSZERO, STOCKFA, DAYADJ, SEASADJ, FOOTNOTECONTENTS, FOOTNOTEVARIABLE, FOOTNOTEVALUE, STORECOLUMNNO, STOREFORMAT, STORENOCHAR, STOREDECIMALS, USERID, LOGDATE, PUBLISHED, PRESTEXTS, STATAUTHORITY, AGGREGPOSSIBLE, FOOTNOTETIME, METAID) VALUES  ('S1610C16100101', 'OBS_VALUE', 'ar: Sustainable Development Goals - SDGs', 'DATA', '1', 'PCBS', GETDATE(), 'OBS_VALUE', '2', 'Y', 'F', 'N', 'N', 'N', 'N', 'N', '3', 'N', '17', '2', 'SDGS', GETDATE(), GETDATE(), 'C161001_01', 'PCBS', 'N', 'N', '01');
INSERT INTO "CONTENTS_ENG" (MAINTABLE, CONTENTS, PRESTEXT, UNIT, USERID, LOGDATE, PRESTEXTS, REFPERIOD, BASEPERIOD)  VALUES  ('S1610C16100101', 'OBS_VALUE', 'Sustainable Development Goals - SDGs',  'OBS_VALUE', 'SDGS', GETDATE(), 'C161001_01', NULL,NULL);
INSERT INTO "SUBTABLE" (MAINTABLE, SUBTABLE, PRESTEXT, CLEANTABLE, USERID, LOGDATE) VALUES  ('S1610C16100101', '', 'code 16.10/C161001_01/C161001_01 - ??? ?? ?? ????? ?? ????? ????? ???????? ???????? ?? ????? ???????? ????????? ??? ?????????? ?????????? ?? ???? ??????? ???? ?????? ??? ???? ??????? ??? ???? ?????????? ?????? ??????????', 'Y', 'SDGS', GETDATE());
INSERT INTO "SUBTABLE_ENG" (MAINTABLE, SUBTABLE, PRESTEXT, USERID, LOGDATE) VALUES  ('S1610C16100101', '', 'code 16.10/C161001_01/C161001_01 - Number of verified cases of killing of journalists, associated media personnel, trade unionists and human rights advocates in the previous 12 months by Israeli Settlers and Army', 'SDGS', GETDATE());
INSERT INTO "SUBTABLEVARIABLE" (MAINTABLE, SUBTABLE, VARIABLE, VARIABLETYPE, STORECOLUMNNO, USERID, LOGDATE) VALUES ('S1610C16100101', '', 'TIME_PERIOD', 'T', '1', 'SDGS', GETDATE());
INSERT INTO "CONTENTSTIME" (MAINTABLE, CONTENTS, TIMEPERIOD, USERID, LOGDATE) VALUES ('S1610C16100101', 'OBS_VALUE', 2014, 'SDGS', GETDATE());
INSERT INTO "CONTENTSTIME" (MAINTABLE, CONTENTS, TIMEPERIOD, USERID, LOGDATE) VALUES ('S1610C16100101', 'OBS_VALUE', 2015, 'SDGS', GETDATE());
INSERT INTO "CONTENTSTIME" (MAINTABLE, CONTENTS, TIMEPERIOD, USERID, LOGDATE) VALUES ('S1610C16100101', 'OBS_VALUE', 2016, 'SDGS', GETDATE());
INSERT INTO "CONTENTSTIME" (MAINTABLE, CONTENTS, TIMEPERIOD, USERID, LOGDATE) VALUES ('S1610C16100101', 'OBS_VALUE', 2017, 'SDGS', GETDATE());
INSERT INTO "CONTENTSTIME" (MAINTABLE, CONTENTS, TIMEPERIOD, USERID, LOGDATE) VALUES ('S1610C16100101', 'OBS_VALUE', 2018, 'SDGS', GETDATE());
INSERT INTO "CONTENTSTIME" (MAINTABLE, CONTENTS, TIMEPERIOD, USERID, LOGDATE) VALUES ('S1610C16100101', 'OBS_VALUE', 2019, 'SDGS', GETDATE());
INSERT INTO "VALUESET" (VALUESET, PRESTEXT, DESCRIPTION, ELIMINATION, VALUEPOOL, METAID, FOOTNOTE, USERID, LOGDATE, VALUEPRES, SORTCODEEXISTS) VALUES ('VSREF_AREA_C161001_01', 'Hmm', 'None', 'A', 'VPREF_AREA', '0', 'N', 'SDGS', GETDATE(), 'T', 'N');
INSERT INTO "VALUESET_ENG" (VALUESET, PRESTEXT, DESCRIPTION, USERID, LOGDATE) VALUES ('VSREF_AREA_C161001_01', 'Hmm', 'None', 'SDGS', GETDATE());
INSERT INTO "VSVALUE" (VALUESET, VALUEPOOL, VALUECODE, USERID, LOGDATE) VALUES ('VSREF_AREA_C161001_01', 'VPREF_AREA', '1', 'SDGS', GETDATE());
INSERT INTO "VSVALUE_ENG" (VALUESET, VALUEPOOL, VALUECODE, USERID, LOGDATE) VALUES ('VSREF_AREA_C161001_01', 'VPREF_AREA', '1', 'SDGS', GETDATE());
INSERT INTO "VSVALUE" (VALUESET, VALUEPOOL, VALUECODE, USERID, LOGDATE) VALUES ('VSREF_AREA_C161001_01', 'VPREF_AREA', '2', 'SDGS', GETDATE());
INSERT INTO "VSVALUE_ENG" (VALUESET, VALUEPOOL, VALUECODE, USERID, LOGDATE) VALUES ('VSREF_AREA_C161001_01', 'VPREF_AREA', '2', 'SDGS', GETDATE());
INSERT INTO "VSVALUE" (VALUESET, VALUEPOOL, VALUECODE, USERID, LOGDATE) VALUES ('VSREF_AREA_C161001_01', 'VPREF_AREA', '3', 'SDGS', GETDATE());
INSERT INTO "VSVALUE_ENG" (VALUESET, VALUEPOOL, VALUECODE, USERID, LOGDATE) VALUES ('VSREF_AREA_C161001_01', 'VPREF_AREA', '3', 'SDGS', GETDATE());
INSERT INTO "SUBTABLEVARIABLE" (MAINTABLE, SUBTABLE, VARIABLE, VALUESET, VARIABLETYPE, STORECOLUMNNO, USERID, LOGDATE) VALUES ('S1610C16100101', '', 'REF_AREA', 'VSREF_AREA_C161001_01', 'V', '1', 'SDGS', GETDATE());
IF EXISTS (SELECT 1 FROM SYS.VIEWS WHERE NAME = 'S1610C16100101' AND TYPE  = 'v') DROP VIEW S1610C16100101;
GO
CREATE VIEW S1610C16100101 AS SELECT * FROM INDICATORDATA WHERE SUBINDICATOR_CODE = 'C161001_01';
GO
INSERT INTO "MAINTABLE" (MAINTABLE, PRESTEXT, PRESTEXTS, PRESCATEGORY, TIMESCALE, USERID, LOGDATE, FIRSTPUBLISHED, TABLESTATUS, TABLEID, PRODUCTCODE, SPECCHAREXISTS, METAID, SUBJECTCODE, CONTENTSVARIABLE) VALUES  ('S1610C16100201', 'code 16.10/C161002_01/C161002_01 - ??? ?? ?? ????? ?? ????? ????? ???????? ???????? ?? ????? ???????? ????????? ??? ?????????? ?????????? ?? ???? ??????? ???? ?????? ??? ???? ??????? (??? ???????? ???????? ??????????)', 'SDGs Indicators', 'O', 'year', 'SDGS', GETDATE(), GETDATE(), 'A', 'S1610C16100201', '001', 'N', '01', '01', 'ar: Sub Indicator');
INSERT INTO "MAINTABLE_ENG" (MAINTABLE, STATUS, PUBLISHED, PRESTEXT, PRESTEXTS, CONTENTSVARIABLE, USERID, LOGDATE) VALUES  ('S1610C16100201', 'A', GETDATE(), 'code 16.10/C161002_01/C161002_01 - Number of verified cases of killing of journalists, associated media personnel, trade unionists and human rights advocates in the previous 12 months ( The Violator is Israeli Occupation)', 'SDGs Indicators', 'Sub Indicator', 'SDGS', GETDATE());
INSERT INTO "SECONDARYLANGUAGE" (MAINTABLE, LANGUAGE, COMPLETELYTRANSLATED,PUBLISHED, USERID, LOGDATE) VALUES  ('S1610C16100201', 'en','Y', 'Y', 'SDGS', GETDATE());
INSERT INTO "CONTENTS" (MAINTABLE, CONTENTS, PRESTEXT, PRESCODE, COPYRIGHT, PRODUCER, LASTUPDATED, UNIT, PRESDECIMALS, PRESCELLSZERO, STOCKFA, DAYADJ, SEASADJ, FOOTNOTECONTENTS, FOOTNOTEVARIABLE, FOOTNOTEVALUE, STORECOLUMNNO, STOREFORMAT, STORENOCHAR, STOREDECIMALS, USERID, LOGDATE, PUBLISHED, PRESTEXTS, STATAUTHORITY, AGGREGPOSSIBLE, FOOTNOTETIME, METAID) VALUES  ('S1610C16100201', 'OBS_VALUE', 'ar: Sustainable Development Goals - SDGs', 'DATA', '1', 'PCBS', GETDATE(), 'OBS_VALUE', '2', 'Y', 'F', 'N', 'N', 'N', 'N', 'N', '3', 'N', '17', '2', 'SDGS', GETDATE(), GETDATE(), 'C161002_01', 'PCBS', 'N', 'N', '01');
INSERT INTO "CONTENTS_ENG" (MAINTABLE, CONTENTS, PRESTEXT, UNIT, USERID, LOGDATE, PRESTEXTS, REFPERIOD, BASEPERIOD)  VALUES  ('S1610C16100201', 'OBS_VALUE', 'Sustainable Development Goals - SDGs',  'OBS_VALUE', 'SDGS', GETDATE(), 'C161002_01', NULL,NULL);
INSERT INTO "SUBTABLE" (MAINTABLE, SUBTABLE, PRESTEXT, CLEANTABLE, USERID, LOGDATE) VALUES  ('S1610C16100201', '', 'code 16.10/C161002_01/C161002_01 - ??? ?? ?? ????? ?? ????? ????? ???????? ???????? ?? ????? ???????? ????????? ??? ?????????? ?????????? ?? ???? ??????? ???? ?????? ??? ???? ??????? (??? ???????? ???????? ??????????)', 'Y', 'SDGS', GETDATE());
INSERT INTO "SUBTABLE_ENG" (MAINTABLE, SUBTABLE, PRESTEXT, USERID, LOGDATE) VALUES  ('S1610C16100201', '', 'code 16.10/C161002_01/C161002_01 - Number of verified cases of killing of journalists, associated media personnel, trade unionists and human rights advocates in the previous 12 months ( The Violator is Israeli Occupation)', 'SDGS', GETDATE());
INSERT INTO "SUBTABLEVARIABLE" (MAINTABLE, SUBTABLE, VARIABLE, VARIABLETYPE, STORECOLUMNNO, USERID, LOGDATE) VALUES ('S1610C16100201', '', 'TIME_PERIOD', 'T', '1', 'SDGS', GETDATE());
INSERT INTO "CONTENTSTIME" (MAINTABLE, CONTENTS, TIMEPERIOD, USERID, LOGDATE) VALUES ('S1610C16100201', 'OBS_VALUE', 2014, 'SDGS', GETDATE());
INSERT INTO "CONTENTSTIME" (MAINTABLE, CONTENTS, TIMEPERIOD, USERID, LOGDATE) VALUES ('S1610C16100201', 'OBS_VALUE', 2015, 'SDGS', GETDATE());
INSERT INTO "CONTENTSTIME" (MAINTABLE, CONTENTS, TIMEPERIOD, USERID, LOGDATE) VALUES ('S1610C16100201', 'OBS_VALUE', 2016, 'SDGS', GETDATE());
INSERT INTO "CONTENTSTIME" (MAINTABLE, CONTENTS, TIMEPERIOD, USERID, LOGDATE) VALUES ('S1610C16100201', 'OBS_VALUE', 2017, 'SDGS', GETDATE());
INSERT INTO "CONTENTSTIME" (MAINTABLE, CONTENTS, TIMEPERIOD, USERID, LOGDATE) VALUES ('S1610C16100201', 'OBS_VALUE', 2018, 'SDGS', GETDATE());
INSERT INTO "CONTENTSTIME" (MAINTABLE, CONTENTS, TIMEPERIOD, USERID, LOGDATE) VALUES ('S1610C16100201', 'OBS_VALUE', 2019, 'SDGS', GETDATE());
IF EXISTS (SELECT 1 FROM SYS.VIEWS WHERE NAME = 'S1610C16100201' AND TYPE  = 'v') DROP VIEW S1610C16100201;
GO
CREATE VIEW S1610C16100201 AS SELECT * FROM INDICATORDATA WHERE SUBINDICATOR_CODE = 'C161002_01';
GO
INSERT INTO "MAINTABLE" (MAINTABLE, PRESTEXT, PRESTEXTS, PRESCATEGORY, TIMESCALE, USERID, LOGDATE, FIRSTPUBLISHED, TABLESTATUS, TABLEID, PRODUCTCODE, SPECCHAREXISTS, METAID, SUBJECTCODE, CONTENTSVARIABLE) VALUES  ('S1610C16100202', 'code 16.10/C161002_02/C161002_02 - ??? ?? ?? ????? ?? ????? ????? ???????? ???????? ?? ????? ???????? ????????? ??? ?????????? ?????????? ?? ???? ??????? ???? ?????? ??? ???? ??????? (??? ???????? ???? ??????)', 'SDGs Indicators', 'O', 'year', 'SDGS', GETDATE(), GETDATE(), 'A', 'S1610C16100202', '001', 'N', '01', '01', 'ar: Sub Indicator');
INSERT INTO "MAINTABLE_ENG" (MAINTABLE, STATUS, PUBLISHED, PRESTEXT, PRESTEXTS, CONTENTSVARIABLE, USERID, LOGDATE) VALUES  ('S1610C16100202', 'A', GETDATE(), 'code 16.10/C161002_02/C161002_02 - Number of verified cases of killing of journalists, associated media personnel, trade unionists and human rights advocates in the previous 12 months ( The Violator is State of Palestine)', 'SDGs Indicators', 'Sub Indicator', 'SDGS', GETDATE());
INSERT INTO "SECONDARYLANGUAGE" (MAINTABLE, LANGUAGE, COMPLETELYTRANSLATED,PUBLISHED, USERID, LOGDATE) VALUES  ('S1610C16100202', 'en','Y', 'Y', 'SDGS', GETDATE());
INSERT INTO "CONTENTS" (MAINTABLE, CONTENTS, PRESTEXT, PRESCODE, COPYRIGHT, PRODUCER, LASTUPDATED, UNIT, PRESDECIMALS, PRESCELLSZERO, STOCKFA, DAYADJ, SEASADJ, FOOTNOTECONTENTS, FOOTNOTEVARIABLE, FOOTNOTEVALUE, STORECOLUMNNO, STOREFORMAT, STORENOCHAR, STOREDECIMALS, USERID, LOGDATE, PUBLISHED, PRESTEXTS, STATAUTHORITY, AGGREGPOSSIBLE, FOOTNOTETIME, METAID) VALUES  ('S1610C16100202', 'OBS_VALUE', 'ar: Sustainable Development Goals - SDGs', 'DATA', '1', 'PCBS', GETDATE(), 'OBS_VALUE', '2', 'Y', 'F', 'N', 'N', 'N', 'N', 'N', '3', 'N', '17', '2', 'SDGS', GETDATE(), GETDATE(), 'C161002_02', 'PCBS', 'N', 'N', '01');
INSERT INTO "CONTENTS_ENG" (MAINTABLE, CONTENTS, PRESTEXT, UNIT, USERID, LOGDATE, PRESTEXTS, REFPERIOD, BASEPERIOD)  VALUES  ('S1610C16100202', 'OBS_VALUE', 'Sustainable Development Goals - SDGs',  'OBS_VALUE', 'SDGS', GETDATE(), 'C161002_02', NULL,NULL);
INSERT INTO "SUBTABLE" (MAINTABLE, SUBTABLE, PRESTEXT, CLEANTABLE, USERID, LOGDATE) VALUES  ('S1610C16100202', '', 'code 16.10/C161002_02/C161002_02 - ??? ?? ?? ????? ?? ????? ????? ???????? ???????? ?? ????? ???????? ????????? ??? ?????????? ?????????? ?? ???? ??????? ???? ?????? ??? ???? ??????? (??? ???????? ???? ??????)', 'Y', 'SDGS', GETDATE());
INSERT INTO "SUBTABLE_ENG" (MAINTABLE, SUBTABLE, PRESTEXT, USERID, LOGDATE) VALUES  ('S1610C16100202', '', 'code 16.10/C161002_02/C161002_02 - Number of verified cases of killing of journalists, associated media personnel, trade unionists and human rights advocates in the previous 12 months ( The Violator is State of Palestine)', 'SDGS', GETDATE());
INSERT INTO "SUBTABLEVARIABLE" (MAINTABLE, SUBTABLE, VARIABLE, VARIABLETYPE, STORECOLUMNNO, USERID, LOGDATE) VALUES ('S1610C16100202', '', 'TIME_PERIOD', 'T', '1', 'SDGS', GETDATE());
INSERT INTO "CONTENTSTIME" (MAINTABLE, CONTENTS, TIMEPERIOD, USERID, LOGDATE) VALUES ('S1610C16100202', 'OBS_VALUE', 2014, 'SDGS', GETDATE());
INSERT INTO "CONTENTSTIME" (MAINTABLE, CONTENTS, TIMEPERIOD, USERID, LOGDATE) VALUES ('S1610C16100202', 'OBS_VALUE', 2015, 'SDGS', GETDATE());
INSERT INTO "CONTENTSTIME" (MAINTABLE, CONTENTS, TIMEPERIOD, USERID, LOGDATE) VALUES ('S1610C16100202', 'OBS_VALUE', 2016, 'SDGS', GETDATE());
INSERT INTO "CONTENTSTIME" (MAINTABLE, CONTENTS, TIMEPERIOD, USERID, LOGDATE) VALUES ('S1610C16100202', 'OBS_VALUE', 2017, 'SDGS', GETDATE());
INSERT INTO "CONTENTSTIME" (MAINTABLE, CONTENTS, TIMEPERIOD, USERID, LOGDATE) VALUES ('S1610C16100202', 'OBS_VALUE', 2018, 'SDGS', GETDATE());
INSERT INTO "CONTENTSTIME" (MAINTABLE, CONTENTS, TIMEPERIOD, USERID, LOGDATE) VALUES ('S1610C16100202', 'OBS_VALUE', 2019, 'SDGS', GETDATE());
IF EXISTS (SELECT 1 FROM SYS.VIEWS WHERE NAME = 'S1610C16100202' AND TYPE  = 'v') DROP VIEW S1610C16100202;
GO
CREATE VIEW S1610C16100202 AS SELECT * FROM INDICATORDATA WHERE SUBINDICATOR_CODE = 'C161002_02';
GO
INSERT INTO "MAINTABLE" (MAINTABLE, PRESTEXT, PRESTEXTS, PRESCATEGORY, TIMESCALE, USERID, LOGDATE, FIRSTPUBLISHED, TABLESTATUS, TABLEID, PRODUCTCODE, SPECCHAREXISTS, METAID, SUBJECTCODE, CONTENTSVARIABLE) VALUES  ('S162C16020101', 'code 16.2/C160201_01/C160201_01 - ???? ??????? ????? ?????? ??????? ??? ??? ????? ?17 ??? ?????? ?????? ??? ???? ???? ?/?? ?????? ???? ?? ???? ????? ??????? ?? ????? ??????', 'SDGs Indicators', 'O', 'year', 'SDGS', GETDATE(), GETDATE(), 'A', 'S162C16020101', '001', 'N', '01', '01', 'ar: Sub Indicator');
INSERT INTO "MAINTABLE_ENG" (MAINTABLE, STATUS, PUBLISHED, PRESTEXT, PRESTEXTS, CONTENTSVARIABLE, USERID, LOGDATE) VALUES  ('S162C16020101', 'A', GETDATE(), 'code 16.2/C160201_01/C160201_01 - Proportion of children aged 1-14 years who experienced physical punishment and/or psychological aggression by caregivers in last month (% of children aged 1-14 years)', 'SDGs Indicators', 'Sub Indicator', 'SDGS', GETDATE());
INSERT INTO "SECONDARYLANGUAGE" (MAINTABLE, LANGUAGE, COMPLETELYTRANSLATED,PUBLISHED, USERID, LOGDATE) VALUES  ('S162C16020101', 'en','Y', 'Y', 'SDGS', GETDATE());
INSERT INTO "CONTENTS" (MAINTABLE, CONTENTS, PRESTEXT, PRESCODE, COPYRIGHT, PRODUCER, LASTUPDATED, UNIT, PRESDECIMALS, PRESCELLSZERO, STOCKFA, DAYADJ, SEASADJ, FOOTNOTECONTENTS, FOOTNOTEVARIABLE, FOOTNOTEVALUE, STORECOLUMNNO, STOREFORMAT, STORENOCHAR, STOREDECIMALS, USERID, LOGDATE, PUBLISHED, PRESTEXTS, STATAUTHORITY, AGGREGPOSSIBLE, FOOTNOTETIME, METAID) VALUES  ('S162C16020101', 'OBS_VALUE', 'ar: Sustainable Development Goals - SDGs', 'DATA', '1', 'PCBS', GETDATE(), 'OBS_VALUE', '2', 'Y', 'F', 'N', 'N', 'N', 'N', 'N', '3', 'N', '17', '2', 'SDGS', GETDATE(), GETDATE(), 'C160201_01', 'PCBS', 'N', 'N', '01');
INSERT INTO "CONTENTS_ENG" (MAINTABLE, CONTENTS, PRESTEXT, UNIT, USERID, LOGDATE, PRESTEXTS, REFPERIOD, BASEPERIOD)  VALUES  ('S162C16020101', 'OBS_VALUE', 'Sustainable Development Goals - SDGs',  'OBS_VALUE', 'SDGS', GETDATE(), 'C160201_01', NULL,NULL);
INSERT INTO "SUBTABLE" (MAINTABLE, SUBTABLE, PRESTEXT, CLEANTABLE, USERID, LOGDATE) VALUES  ('S162C16020101', '', 'code 16.2/C160201_01/C160201_01 - ???? ??????? ????? ?????? ??????? ??? ??? ????? ?17 ??? ?????? ?????? ??? ???? ???? ?/?? ?????? ???? ?? ???? ????? ??????? ?? ????? ??????', 'Y', 'SDGS', GETDATE());
INSERT INTO "SUBTABLE_ENG" (MAINTABLE, SUBTABLE, PRESTEXT, USERID, LOGDATE) VALUES  ('S162C16020101', '', 'code 16.2/C160201_01/C160201_01 - Proportion of children aged 1-14 years who experienced physical punishment and/or psychological aggression by caregivers in last month (% of children aged 1-14 years)', 'SDGS', GETDATE());
INSERT INTO "SUBTABLEVARIABLE" (MAINTABLE, SUBTABLE, VARIABLE, VARIABLETYPE, STORECOLUMNNO, USERID, LOGDATE) VALUES ('S162C16020101', '', 'TIME_PERIOD', 'T', '1', 'SDGS', GETDATE());
INSERT INTO "CONTENTSTIME" (MAINTABLE, CONTENTS, TIMEPERIOD, USERID, LOGDATE) VALUES ('S162C16020101', 'OBS_VALUE', 2014, 'SDGS', GETDATE());
INSERT INTO "CONTENTSTIME" (MAINTABLE, CONTENTS, TIMEPERIOD, USERID, LOGDATE) VALUES ('S162C16020101', 'OBS_VALUE', 2019, 'SDGS', GETDATE());
INSERT INTO "VALUESET" (VALUESET, PRESTEXT, DESCRIPTION, ELIMINATION, VALUEPOOL, METAID, FOOTNOTE, USERID, LOGDATE, VALUEPRES, SORTCODEEXISTS) VALUES ('VSREF_AREA_C160201_01', 'Hmm', 'None', 'A', 'VPREF_AREA', '0', 'N', 'SDGS', GETDATE(), 'T', 'N');
INSERT INTO "VALUESET_ENG" (VALUESET, PRESTEXT, DESCRIPTION, USERID, LOGDATE) VALUES ('VSREF_AREA_C160201_01', 'Hmm', 'None', 'SDGS', GETDATE());
INSERT INTO "VSVALUE" (VALUESET, VALUEPOOL, VALUECODE, USERID, LOGDATE) VALUES ('VSREF_AREA_C160201_01', 'VPREF_AREA', '1', 'SDGS', GETDATE());
INSERT INTO "VSVALUE_ENG" (VALUESET, VALUEPOOL, VALUECODE, USERID, LOGDATE) VALUES ('VSREF_AREA_C160201_01', 'VPREF_AREA', '1', 'SDGS', GETDATE());
INSERT INTO "VSVALUE" (VALUESET, VALUEPOOL, VALUECODE, USERID, LOGDATE) VALUES ('VSREF_AREA_C160201_01', 'VPREF_AREA', '2', 'SDGS', GETDATE());
INSERT INTO "VSVALUE_ENG" (VALUESET, VALUEPOOL, VALUECODE, USERID, LOGDATE) VALUES ('VSREF_AREA_C160201_01', 'VPREF_AREA', '2', 'SDGS', GETDATE());
INSERT INTO "VSVALUE" (VALUESET, VALUEPOOL, VALUECODE, USERID, LOGDATE) VALUES ('VSREF_AREA_C160201_01', 'VPREF_AREA', '3', 'SDGS', GETDATE());
INSERT INTO "VSVALUE_ENG" (VALUESET, VALUEPOOL, VALUECODE, USERID, LOGDATE) VALUES ('VSREF_AREA_C160201_01', 'VPREF_AREA', '3', 'SDGS', GETDATE());
INSERT INTO "SUBTABLEVARIABLE" (MAINTABLE, SUBTABLE, VARIABLE, VALUESET, VARIABLETYPE, STORECOLUMNNO, USERID, LOGDATE) VALUES ('S162C16020101', '', 'REF_AREA', 'VSREF_AREA_C160201_01', 'V', '1', 'SDGS', GETDATE());
INSERT INTO "VALUESET" (VALUESET, PRESTEXT, DESCRIPTION, ELIMINATION, VALUEPOOL, METAID, FOOTNOTE, USERID, LOGDATE, VALUEPRES, SORTCODEEXISTS) VALUES ('VSSEX_C160201_01', 'Hmm', 'None', 'A', 'VPSEX', '0', 'N', 'SDGS', GETDATE(), 'T', 'N');
INSERT INTO "VALUESET_ENG" (VALUESET, PRESTEXT, DESCRIPTION, USERID, LOGDATE) VALUES ('VSSEX_C160201_01', 'Hmm', 'None', 'SDGS', GETDATE());
INSERT INTO "VSVALUE" (VALUESET, VALUEPOOL, VALUECODE, USERID, LOGDATE) VALUES ('VSSEX_C160201_01', 'VPSEX', 'M', 'SDGS', GETDATE());
INSERT INTO "VSVALUE_ENG" (VALUESET, VALUEPOOL, VALUECODE, USERID, LOGDATE) VALUES ('VSSEX_C160201_01', 'VPSEX', 'M', 'SDGS', GETDATE());
INSERT INTO "VSVALUE" (VALUESET, VALUEPOOL, VALUECODE, USERID, LOGDATE) VALUES ('VSSEX_C160201_01', 'VPSEX', 'F', 'SDGS', GETDATE());
INSERT INTO "VSVALUE_ENG" (VALUESET, VALUEPOOL, VALUECODE, USERID, LOGDATE) VALUES ('VSSEX_C160201_01', 'VPSEX', 'F', 'SDGS', GETDATE());
INSERT INTO "VSVALUE" (VALUESET, VALUEPOOL, VALUECODE, USERID, LOGDATE) VALUES ('VSSEX_C160201_01', 'VPSEX', '_T', 'SDGS', GETDATE());
INSERT INTO "VSVALUE_ENG" (VALUESET, VALUEPOOL, VALUECODE, USERID, LOGDATE) VALUES ('VSSEX_C160201_01', 'VPSEX', '_T', 'SDGS', GETDATE());
INSERT INTO "SUBTABLEVARIABLE" (MAINTABLE, SUBTABLE, VARIABLE, VALUESET, VARIABLETYPE, STORECOLUMNNO, USERID, LOGDATE) VALUES ('S162C16020101', '', 'SEX', 'VSSEX_C160201_01', 'V', '1', 'SDGS', GETDATE());
IF EXISTS (SELECT 1 FROM SYS.VIEWS WHERE NAME = 'S162C16020101' AND TYPE  = 'v') DROP VIEW S162C16020101;
GO
CREATE VIEW S162C16020101 AS SELECT * FROM INDICATORDATA WHERE SUBINDICATOR_CODE = 'C160201_01';
GO
INSERT INTO "MAINTABLE" (MAINTABLE, PRESTEXT, PRESTEXTS, PRESCATEGORY, TIMESCALE, USERID, LOGDATE, FIRSTPUBLISHED, TABLESTATUS, TABLEID, PRODUCTCODE, SPECCHAREXISTS, METAID, SUBJECTCODE, CONTENTSVARIABLE) VALUES  ('S162C16020301', 'code 16.2/C160203_01/C160203_01 - ???? ??????? ??????? ????? ?????? ??????? ??? 18 ?29 ??? ????? ?????? ????? ?????? ??? ?? ??????? ????', 'SDGs Indicators', 'O', 'year', 'SDGS', GETDATE(), GETDATE(), 'A', 'S162C16020301', '001', 'N', '01', '01', 'ar: Sub Indicator');
INSERT INTO "MAINTABLE_ENG" (MAINTABLE, STATUS, PUBLISHED, PRESTEXT, PRESTEXTS, CONTENTSVARIABLE, USERID, LOGDATE) VALUES  ('S162C16020301', 'A', GETDATE(), 'code 16.2/C160203_01/C160203_01 - Proportion of young women and men aged 18 and 29 years who experienced sexual violence by age 18', 'SDGs Indicators', 'Sub Indicator', 'SDGS', GETDATE());
INSERT INTO "SECONDARYLANGUAGE" (MAINTABLE, LANGUAGE, COMPLETELYTRANSLATED,PUBLISHED, USERID, LOGDATE) VALUES  ('S162C16020301', 'en','Y', 'Y', 'SDGS', GETDATE());
INSERT INTO "CONTENTS" (MAINTABLE, CONTENTS, PRESTEXT, PRESCODE, COPYRIGHT, PRODUCER, LASTUPDATED, UNIT, PRESDECIMALS, PRESCELLSZERO, STOCKFA, DAYADJ, SEASADJ, FOOTNOTECONTENTS, FOOTNOTEVARIABLE, FOOTNOTEVALUE, STORECOLUMNNO, STOREFORMAT, STORENOCHAR, STOREDECIMALS, USERID, LOGDATE, PUBLISHED, PRESTEXTS, STATAUTHORITY, AGGREGPOSSIBLE, FOOTNOTETIME, METAID) VALUES  ('S162C16020301', 'OBS_VALUE', 'ar: Sustainable Development Goals - SDGs', 'DATA', '1', 'PCBS', GETDATE(), 'OBS_VALUE', '2', 'Y', 'F', 'N', 'N', 'N', 'N', 'N', '3', 'N', '17', '2', 'SDGS', GETDATE(), GETDATE(), 'C160203_01', 'PCBS', 'N', 'N', '01');
INSERT INTO "CONTENTS_ENG" (MAINTABLE, CONTENTS, PRESTEXT, UNIT, USERID, LOGDATE, PRESTEXTS, REFPERIOD, BASEPERIOD)  VALUES  ('S162C16020301', 'OBS_VALUE', 'Sustainable Development Goals - SDGs',  'OBS_VALUE', 'SDGS', GETDATE(), 'C160203_01', NULL,NULL);
INSERT INTO "SUBTABLE" (MAINTABLE, SUBTABLE, PRESTEXT, CLEANTABLE, USERID, LOGDATE) VALUES  ('S162C16020301', '', 'code 16.2/C160203_01/C160203_01 - ???? ??????? ??????? ????? ?????? ??????? ??? 18 ?29 ??? ????? ?????? ????? ?????? ??? ?? ??????? ????', 'Y', 'SDGS', GETDATE());
INSERT INTO "SUBTABLE_ENG" (MAINTABLE, SUBTABLE, PRESTEXT, USERID, LOGDATE) VALUES  ('S162C16020301', '', 'code 16.2/C160203_01/C160203_01 - Proportion of young women and men aged 18 and 29 years who experienced sexual violence by age 18', 'SDGS', GETDATE());
INSERT INTO "SUBTABLEVARIABLE" (MAINTABLE, SUBTABLE, VARIABLE, VARIABLETYPE, STORECOLUMNNO, USERID, LOGDATE) VALUES ('S162C16020301', '', 'TIME_PERIOD', 'T', '1', 'SDGS', GETDATE());
INSERT INTO "CONTENTSTIME" (MAINTABLE, CONTENTS, TIMEPERIOD, USERID, LOGDATE) VALUES ('S162C16020301', 'OBS_VALUE', 2019, 'SDGS', GETDATE());
INSERT INTO "VALUESET" (VALUESET, PRESTEXT, DESCRIPTION, ELIMINATION, VALUEPOOL, METAID, FOOTNOTE, USERID, LOGDATE, VALUEPRES, SORTCODEEXISTS) VALUES ('VSREF_AREA_C160203_01', 'Hmm', 'None', 'A', 'VPREF_AREA', '0', 'N', 'SDGS', GETDATE(), 'T', 'N');
INSERT INTO "VALUESET_ENG" (VALUESET, PRESTEXT, DESCRIPTION, USERID, LOGDATE) VALUES ('VSREF_AREA_C160203_01', 'Hmm', 'None', 'SDGS', GETDATE());
INSERT INTO "VSVALUE" (VALUESET, VALUEPOOL, VALUECODE, USERID, LOGDATE) VALUES ('VSREF_AREA_C160203_01', 'VPREF_AREA', '1', 'SDGS', GETDATE());
INSERT INTO "VSVALUE_ENG" (VALUESET, VALUEPOOL, VALUECODE, USERID, LOGDATE) VALUES ('VSREF_AREA_C160203_01', 'VPREF_AREA', '1', 'SDGS', GETDATE());
INSERT INTO "VSVALUE" (VALUESET, VALUEPOOL, VALUECODE, USERID, LOGDATE) VALUES ('VSREF_AREA_C160203_01', 'VPREF_AREA', '2', 'SDGS', GETDATE());
INSERT INTO "VSVALUE_ENG" (VALUESET, VALUEPOOL, VALUECODE, USERID, LOGDATE) VALUES ('VSREF_AREA_C160203_01', 'VPREF_AREA', '2', 'SDGS', GETDATE());
INSERT INTO "VSVALUE" (VALUESET, VALUEPOOL, VALUECODE, USERID, LOGDATE) VALUES ('VSREF_AREA_C160203_01', 'VPREF_AREA', '3', 'SDGS', GETDATE());
INSERT INTO "VSVALUE_ENG" (VALUESET, VALUEPOOL, VALUECODE, USERID, LOGDATE) VALUES ('VSREF_AREA_C160203_01', 'VPREF_AREA', '3', 'SDGS', GETDATE());
INSERT INTO "SUBTABLEVARIABLE" (MAINTABLE, SUBTABLE, VARIABLE, VALUESET, VARIABLETYPE, STORECOLUMNNO, USERID, LOGDATE) VALUES ('S162C16020301', '', 'REF_AREA', 'VSREF_AREA_C160203_01', 'V', '1', 'SDGS', GETDATE());
INSERT INTO "VALUESET" (VALUESET, PRESTEXT, DESCRIPTION, ELIMINATION, VALUEPOOL, METAID, FOOTNOTE, USERID, LOGDATE, VALUEPRES, SORTCODEEXISTS) VALUES ('VSSEX_C160203_01', 'Hmm', 'None', 'A', 'VPSEX', '0', 'N', 'SDGS', GETDATE(), 'T', 'N');
INSERT INTO "VALUESET_ENG" (VALUESET, PRESTEXT, DESCRIPTION, USERID, LOGDATE) VALUES ('VSSEX_C160203_01', 'Hmm', 'None', 'SDGS', GETDATE());
INSERT INTO "VSVALUE" (VALUESET, VALUEPOOL, VALUECODE, USERID, LOGDATE) VALUES ('VSSEX_C160203_01', 'VPSEX', 'M', 'SDGS', GETDATE());
INSERT INTO "VSVALUE_ENG" (VALUESET, VALUEPOOL, VALUECODE, USERID, LOGDATE) VALUES ('VSSEX_C160203_01', 'VPSEX', 'M', 'SDGS', GETDATE());
INSERT INTO "VSVALUE" (VALUESET, VALUEPOOL, VALUECODE, USERID, LOGDATE) VALUES ('VSSEX_C160203_01', 'VPSEX', 'F', 'SDGS', GETDATE());
INSERT INTO "VSVALUE_ENG" (VALUESET, VALUEPOOL, VALUECODE, USERID, LOGDATE) VALUES ('VSSEX_C160203_01', 'VPSEX', 'F', 'SDGS', GETDATE());
INSERT INTO "VSVALUE" (VALUESET, VALUEPOOL, VALUECODE, USERID, LOGDATE) VALUES ('VSSEX_C160203_01', 'VPSEX', '_T', 'SDGS', GETDATE());
INSERT INTO "VSVALUE_ENG" (VALUESET, VALUEPOOL, VALUECODE, USERID, LOGDATE) VALUES ('VSSEX_C160203_01', 'VPSEX', '_T', 'SDGS', GETDATE());
INSERT INTO "SUBTABLEVARIABLE" (MAINTABLE, SUBTABLE, VARIABLE, VALUESET, VARIABLETYPE, STORECOLUMNNO, USERID, LOGDATE) VALUES ('S162C16020301', '', 'SEX', 'VSSEX_C160203_01', 'V', '1', 'SDGS', GETDATE());
INSERT INTO "VALUESET" (VALUESET, PRESTEXT, DESCRIPTION, ELIMINATION, VALUEPOOL, METAID, FOOTNOTE, USERID, LOGDATE, VALUEPRES, SORTCODEEXISTS) VALUES ('VSURBANISATION_C160203_01', 'Hmm', 'None', 'A', 'VPURBANISATION', '0', 'N', 'SDGS', GETDATE(), 'T', 'N');
INSERT INTO "VALUESET_ENG" (VALUESET, PRESTEXT, DESCRIPTION, USERID, LOGDATE) VALUES ('VSURBANISATION_C160203_01', 'Hmm', 'None', 'SDGS', GETDATE());
INSERT INTO "VSVALUE" (VALUESET, VALUEPOOL, VALUECODE, USERID, LOGDATE) VALUES ('VSURBANISATION_C160203_01', 'VPURBANISATION', '_T', 'SDGS', GETDATE());
INSERT INTO "VSVALUE_ENG" (VALUESET, VALUEPOOL, VALUECODE, USERID, LOGDATE) VALUES ('VSURBANISATION_C160203_01', 'VPURBANISATION', '_T', 'SDGS', GETDATE());
INSERT INTO "VSVALUE" (VALUESET, VALUEPOOL, VALUECODE, USERID, LOGDATE) VALUES ('VSURBANISATION_C160203_01', 'VPURBANISATION', 'U', 'SDGS', GETDATE());
INSERT INTO "VSVALUE_ENG" (VALUESET, VALUEPOOL, VALUECODE, USERID, LOGDATE) VALUES ('VSURBANISATION_C160203_01', 'VPURBANISATION', 'U', 'SDGS', GETDATE());
INSERT INTO "VSVALUE" (VALUESET, VALUEPOOL, VALUECODE, USERID, LOGDATE) VALUES ('VSURBANISATION_C160203_01', 'VPURBANISATION', 'R', 'SDGS', GETDATE());
INSERT INTO "VSVALUE_ENG" (VALUESET, VALUEPOOL, VALUECODE, USERID, LOGDATE) VALUES ('VSURBANISATION_C160203_01', 'VPURBANISATION', 'R', 'SDGS', GETDATE());
INSERT INTO "VSVALUE" (VALUESET, VALUEPOOL, VALUECODE, USERID, LOGDATE) VALUES ('VSURBANISATION_C160203_01', 'VPURBANISATION', 'C', 'SDGS', GETDATE());
INSERT INTO "VSVALUE_ENG" (VALUESET, VALUEPOOL, VALUECODE, USERID, LOGDATE) VALUES ('VSURBANISATION_C160203_01', 'VPURBANISATION', 'C', 'SDGS', GETDATE());
INSERT INTO "SUBTABLEVARIABLE" (MAINTABLE, SUBTABLE, VARIABLE, VALUESET, VARIABLETYPE, STORECOLUMNNO, USERID, LOGDATE) VALUES ('S162C16020301', '', 'URBANISATION', 'VSURBANISATION_C160203_01', 'V', '1', 'SDGS', GETDATE());
IF EXISTS (SELECT 1 FROM SYS.VIEWS WHERE NAME = 'S162C16020301' AND TYPE  = 'v') DROP VIEW S162C16020301;
GO
CREATE VIEW S162C16020301 AS SELECT * FROM INDICATORDATA WHERE SUBINDICATOR_CODE = 'C160203_01';
GO
INSERT INTO "MAINTABLE" (MAINTABLE, PRESTEXT, PRESTEXTS, PRESCATEGORY, TIMESCALE, USERID, LOGDATE, FIRSTPUBLISHED, TABLESTATUS, TABLEID, PRODUCTCODE, SPECCHAREXISTS, METAID, SUBJECTCODE, CONTENTSVARIABLE) VALUES  ('S163C16030101', 'code 16.3/C160301_01/C160301_01 - ???? ????? ????? ???? ?????? ??? ???? ??????? ???? ???? ??????? ??? ?????? ?? ?? ????? ??? ??????? ??????? ?? ????? ?? ????? ????? ???????? ??????? ??? ?????', 'SDGs Indicators', 'O', 'year', 'SDGS', GETDATE(), GETDATE(), 'A', 'S163C16030101', '001', 'N', '01', '01', 'ar: Sub Indicator');
INSERT INTO "MAINTABLE_ENG" (MAINTABLE, STATUS, PUBLISHED, PRESTEXT, PRESTEXTS, CONTENTSVARIABLE, USERID, LOGDATE) VALUES  ('S163C16030101', 'A', GETDATE(), 'code 16.3/C160301_01/C160301_01 - Proportion of victims of violence in the previous 12 months who reported their victimization to competent authorities or other officially recognized conflict resolution mechanisms', 'SDGs Indicators', 'Sub Indicator', 'SDGS', GETDATE());
INSERT INTO "SECONDARYLANGUAGE" (MAINTABLE, LANGUAGE, COMPLETELYTRANSLATED,PUBLISHED, USERID, LOGDATE) VALUES  ('S163C16030101', 'en','Y', 'Y', 'SDGS', GETDATE());
INSERT INTO "CONTENTS" (MAINTABLE, CONTENTS, PRESTEXT, PRESCODE, COPYRIGHT, PRODUCER, LASTUPDATED, UNIT, PRESDECIMALS, PRESCELLSZERO, STOCKFA, DAYADJ, SEASADJ, FOOTNOTECONTENTS, FOOTNOTEVARIABLE, FOOTNOTEVALUE, STORECOLUMNNO, STOREFORMAT, STORENOCHAR, STOREDECIMALS, USERID, LOGDATE, PUBLISHED, PRESTEXTS, STATAUTHORITY, AGGREGPOSSIBLE, FOOTNOTETIME, METAID) VALUES  ('S163C16030101', 'OBS_VALUE', 'ar: Sustainable Development Goals - SDGs', 'DATA', '1', 'PCBS', GETDATE(), 'OBS_VALUE', '2', 'Y', 'F', 'N', 'N', 'N', 'N', 'N', '3', 'N', '17', '2', 'SDGS', GETDATE(), GETDATE(), 'C160301_01', 'PCBS', 'N', 'N', '01');
INSERT INTO "CONTENTS_ENG" (MAINTABLE, CONTENTS, PRESTEXT, UNIT, USERID, LOGDATE, PRESTEXTS, REFPERIOD, BASEPERIOD)  VALUES  ('S163C16030101', 'OBS_VALUE', 'Sustainable Development Goals - SDGs',  'OBS_VALUE', 'SDGS', GETDATE(), 'C160301_01', NULL,NULL);
INSERT INTO "SUBTABLE" (MAINTABLE, SUBTABLE, PRESTEXT, CLEANTABLE, USERID, LOGDATE) VALUES  ('S163C16030101', '', 'code 16.3/C160301_01/C160301_01 - ???? ????? ????? ???? ?????? ??? ???? ??????? ???? ???? ??????? ??? ?????? ?? ?? ????? ??? ??????? ??????? ?? ????? ?? ????? ????? ???????? ??????? ??? ?????', 'Y', 'SDGS', GETDATE());
INSERT INTO "SUBTABLE_ENG" (MAINTABLE, SUBTABLE, PRESTEXT, USERID, LOGDATE) VALUES  ('S163C16030101', '', 'code 16.3/C160301_01/C160301_01 - Proportion of victims of violence in the previous 12 months who reported their victimization to competent authorities or other officially recognized conflict resolution mechanisms', 'SDGS', GETDATE());
INSERT INTO "SUBTABLEVARIABLE" (MAINTABLE, SUBTABLE, VARIABLE, VARIABLETYPE, STORECOLUMNNO, USERID, LOGDATE) VALUES ('S163C16030101', '', 'TIME_PERIOD', 'T', '1', 'SDGS', GETDATE());
INSERT INTO "CONTENTSTIME" (MAINTABLE, CONTENTS, TIMEPERIOD, USERID, LOGDATE) VALUES ('S163C16030101', 'OBS_VALUE', 2004, 'SDGS', GETDATE());
INSERT INTO "CONTENTSTIME" (MAINTABLE, CONTENTS, TIMEPERIOD, USERID, LOGDATE) VALUES ('S163C16030101', 'OBS_VALUE', 2008, 'SDGS', GETDATE());
INSERT INTO "CONTENTSTIME" (MAINTABLE, CONTENTS, TIMEPERIOD, USERID, LOGDATE) VALUES ('S163C16030101', 'OBS_VALUE', 2012, 'SDGS', GETDATE());
INSERT INTO "CONTENTSTIME" (MAINTABLE, CONTENTS, TIMEPERIOD, USERID, LOGDATE) VALUES ('S163C16030101', 'OBS_VALUE', 2016, 'SDGS', GETDATE());
INSERT INTO "VALUESET" (VALUESET, PRESTEXT, DESCRIPTION, ELIMINATION, VALUEPOOL, METAID, FOOTNOTE, USERID, LOGDATE, VALUEPRES, SORTCODEEXISTS) VALUES ('VSREF_AREA_C160301_01', 'Hmm', 'None', 'A', 'VPREF_AREA', '0', 'N', 'SDGS', GETDATE(), 'T', 'N');
INSERT INTO "VALUESET_ENG" (VALUESET, PRESTEXT, DESCRIPTION, USERID, LOGDATE) VALUES ('VSREF_AREA_C160301_01', 'Hmm', 'None', 'SDGS', GETDATE());
INSERT INTO "VSVALUE" (VALUESET, VALUEPOOL, VALUECODE, USERID, LOGDATE) VALUES ('VSREF_AREA_C160301_01', 'VPREF_AREA', '1', 'SDGS', GETDATE());
INSERT INTO "VSVALUE_ENG" (VALUESET, VALUEPOOL, VALUECODE, USERID, LOGDATE) VALUES ('VSREF_AREA_C160301_01', 'VPREF_AREA', '1', 'SDGS', GETDATE());
INSERT INTO "VSVALUE" (VALUESET, VALUEPOOL, VALUECODE, USERID, LOGDATE) VALUES ('VSREF_AREA_C160301_01', 'VPREF_AREA', '2', 'SDGS', GETDATE());
INSERT INTO "VSVALUE_ENG" (VALUESET, VALUEPOOL, VALUECODE, USERID, LOGDATE) VALUES ('VSREF_AREA_C160301_01', 'VPREF_AREA', '2', 'SDGS', GETDATE());
INSERT INTO "VSVALUE" (VALUESET, VALUEPOOL, VALUECODE, USERID, LOGDATE) VALUES ('VSREF_AREA_C160301_01', 'VPREF_AREA', '3', 'SDGS', GETDATE());
INSERT INTO "VSVALUE_ENG" (VALUESET, VALUEPOOL, VALUECODE, USERID, LOGDATE) VALUES ('VSREF_AREA_C160301_01', 'VPREF_AREA', '3', 'SDGS', GETDATE());
INSERT INTO "SUBTABLEVARIABLE" (MAINTABLE, SUBTABLE, VARIABLE, VALUESET, VARIABLETYPE, STORECOLUMNNO, USERID, LOGDATE) VALUES ('S163C16030101', '', 'REF_AREA', 'VSREF_AREA_C160301_01', 'V', '1', 'SDGS', GETDATE());
IF EXISTS (SELECT 1 FROM SYS.VIEWS WHERE NAME = 'S163C16030101' AND TYPE  = 'v') DROP VIEW S163C16030101;
GO
CREATE VIEW S163C16030101 AS SELECT * FROM INDICATORDATA WHERE SUBINDICATOR_CODE = 'C160301_01';
GO
INSERT INTO "MAINTABLE" (MAINTABLE, PRESTEXT, PRESTEXTS, PRESCATEGORY, TIMESCALE, USERID, LOGDATE, FIRSTPUBLISHED, TABLESTATUS, TABLEID, PRODUCTCODE, SPECCHAREXISTS, METAID, SUBJECTCODE, CONTENTSVARIABLE) VALUES  ('S163C16030201', 'code 16.3/C160302_01/C160302_01 - ????????? ??? ??????? ????? ????? ?? ????? ???????', 'SDGs Indicators', 'O', 'year', 'SDGS', GETDATE(), GETDATE(), 'A', 'S163C16030201', '001', 'N', '01', '01', 'ar: Sub Indicator');
INSERT INTO "MAINTABLE_ENG" (MAINTABLE, STATUS, PUBLISHED, PRESTEXT, PRESTEXTS, CONTENTSVARIABLE, USERID, LOGDATE) VALUES  ('S163C16030201', 'A', GETDATE(), 'code 16.3/C160302_01/C160302_01 - Unsentenced detainees as a proportion of overall prison population', 'SDGs Indicators', 'Sub Indicator', 'SDGS', GETDATE());
INSERT INTO "SECONDARYLANGUAGE" (MAINTABLE, LANGUAGE, COMPLETELYTRANSLATED,PUBLISHED, USERID, LOGDATE) VALUES  ('S163C16030201', 'en','Y', 'Y', 'SDGS', GETDATE());
INSERT INTO "CONTENTS" (MAINTABLE, CONTENTS, PRESTEXT, PRESCODE, COPYRIGHT, PRODUCER, LASTUPDATED, UNIT, PRESDECIMALS, PRESCELLSZERO, STOCKFA, DAYADJ, SEASADJ, FOOTNOTECONTENTS, FOOTNOTEVARIABLE, FOOTNOTEVALUE, STORECOLUMNNO, STOREFORMAT, STORENOCHAR, STOREDECIMALS, USERID, LOGDATE, PUBLISHED, PRESTEXTS, STATAUTHORITY, AGGREGPOSSIBLE, FOOTNOTETIME, METAID) VALUES  ('S163C16030201', 'OBS_VALUE', 'ar: Sustainable Development Goals - SDGs', 'DATA', '1', 'PCBS', GETDATE(), 'OBS_VALUE', '2', 'Y', 'F', 'N', 'N', 'N', 'N', 'N', '3', 'N', '17', '2', 'SDGS', GETDATE(), GETDATE(), 'C160302_01', 'PCBS', 'N', 'N', '01');
INSERT INTO "CONTENTS_ENG" (MAINTABLE, CONTENTS, PRESTEXT, UNIT, USERID, LOGDATE, PRESTEXTS, REFPERIOD, BASEPERIOD)  VALUES  ('S163C16030201', 'OBS_VALUE', 'Sustainable Development Goals - SDGs',  'OBS_VALUE', 'SDGS', GETDATE(), 'C160302_01', NULL,NULL);
INSERT INTO "SUBTABLE" (MAINTABLE, SUBTABLE, PRESTEXT, CLEANTABLE, USERID, LOGDATE) VALUES  ('S163C16030201', '', 'code 16.3/C160302_01/C160302_01 - ????????? ??? ??????? ????? ????? ?? ????? ???????', 'Y', 'SDGS', GETDATE());
INSERT INTO "SUBTABLE_ENG" (MAINTABLE, SUBTABLE, PRESTEXT, USERID, LOGDATE) VALUES  ('S163C16030201', '', 'code 16.3/C160302_01/C160302_01 - Unsentenced detainees as a proportion of overall prison population', 'SDGS', GETDATE());
INSERT INTO "SUBTABLEVARIABLE" (MAINTABLE, SUBTABLE, VARIABLE, VARIABLETYPE, STORECOLUMNNO, USERID, LOGDATE) VALUES ('S163C16030201', '', 'TIME_PERIOD', 'T', '1', 'SDGS', GETDATE());
INSERT INTO "CONTENTSTIME" (MAINTABLE, CONTENTS, TIMEPERIOD, USERID, LOGDATE) VALUES ('S163C16030201', 'OBS_VALUE', 2000, 'SDGS', GETDATE());
INSERT INTO "CONTENTSTIME" (MAINTABLE, CONTENTS, TIMEPERIOD, USERID, LOGDATE) VALUES ('S163C16030201', 'OBS_VALUE', 2001, 'SDGS', GETDATE());
INSERT INTO "CONTENTSTIME" (MAINTABLE, CONTENTS, TIMEPERIOD, USERID, LOGDATE) VALUES ('S163C16030201', 'OBS_VALUE', 2002, 'SDGS', GETDATE());
INSERT INTO "CONTENTSTIME" (MAINTABLE, CONTENTS, TIMEPERIOD, USERID, LOGDATE) VALUES ('S163C16030201', 'OBS_VALUE', 2003, 'SDGS', GETDATE());
INSERT INTO "CONTENTSTIME" (MAINTABLE, CONTENTS, TIMEPERIOD, USERID, LOGDATE) VALUES ('S163C16030201', 'OBS_VALUE', 2004, 'SDGS', GETDATE());
INSERT INTO "CONTENTSTIME" (MAINTABLE, CONTENTS, TIMEPERIOD, USERID, LOGDATE) VALUES ('S163C16030201', 'OBS_VALUE', 2005, 'SDGS', GETDATE());
INSERT INTO "CONTENTSTIME" (MAINTABLE, CONTENTS, TIMEPERIOD, USERID, LOGDATE) VALUES ('S163C16030201', 'OBS_VALUE', 2006, 'SDGS', GETDATE());
INSERT INTO "CONTENTSTIME" (MAINTABLE, CONTENTS, TIMEPERIOD, USERID, LOGDATE) VALUES ('S163C16030201', 'OBS_VALUE', 2007, 'SDGS', GETDATE());
INSERT INTO "CONTENTSTIME" (MAINTABLE, CONTENTS, TIMEPERIOD, USERID, LOGDATE) VALUES ('S163C16030201', 'OBS_VALUE', 2008, 'SDGS', GETDATE());
INSERT INTO "CONTENTSTIME" (MAINTABLE, CONTENTS, TIMEPERIOD, USERID, LOGDATE) VALUES ('S163C16030201', 'OBS_VALUE', 2009, 'SDGS', GETDATE());
INSERT INTO "CONTENTSTIME" (MAINTABLE, CONTENTS, TIMEPERIOD, USERID, LOGDATE) VALUES ('S163C16030201', 'OBS_VALUE', 2010, 'SDGS', GETDATE());
INSERT INTO "CONTENTSTIME" (MAINTABLE, CONTENTS, TIMEPERIOD, USERID, LOGDATE) VALUES ('S163C16030201', 'OBS_VALUE', 2011, 'SDGS', GETDATE());
INSERT INTO "CONTENTSTIME" (MAINTABLE, CONTENTS, TIMEPERIOD, USERID, LOGDATE) VALUES ('S163C16030201', 'OBS_VALUE', 2012, 'SDGS', GETDATE());
INSERT INTO "CONTENTSTIME" (MAINTABLE, CONTENTS, TIMEPERIOD, USERID, LOGDATE) VALUES ('S163C16030201', 'OBS_VALUE', 2013, 'SDGS', GETDATE());
INSERT INTO "CONTENTSTIME" (MAINTABLE, CONTENTS, TIMEPERIOD, USERID, LOGDATE) VALUES ('S163C16030201', 'OBS_VALUE', 2014, 'SDGS', GETDATE());
INSERT INTO "CONTENTSTIME" (MAINTABLE, CONTENTS, TIMEPERIOD, USERID, LOGDATE) VALUES ('S163C16030201', 'OBS_VALUE', 2015, 'SDGS', GETDATE());
INSERT INTO "CONTENTSTIME" (MAINTABLE, CONTENTS, TIMEPERIOD, USERID, LOGDATE) VALUES ('S163C16030201', 'OBS_VALUE', 2016, 'SDGS', GETDATE());
INSERT INTO "CONTENTSTIME" (MAINTABLE, CONTENTS, TIMEPERIOD, USERID, LOGDATE) VALUES ('S163C16030201', 'OBS_VALUE', 2017, 'SDGS', GETDATE());
INSERT INTO "CONTENTSTIME" (MAINTABLE, CONTENTS, TIMEPERIOD, USERID, LOGDATE) VALUES ('S163C16030201', 'OBS_VALUE', 2018, 'SDGS', GETDATE());
INSERT INTO "CONTENTSTIME" (MAINTABLE, CONTENTS, TIMEPERIOD, USERID, LOGDATE) VALUES ('S163C16030201', 'OBS_VALUE', 2019, 'SDGS', GETDATE());
INSERT INTO "VALUESET" (VALUESET, PRESTEXT, DESCRIPTION, ELIMINATION, VALUEPOOL, METAID, FOOTNOTE, USERID, LOGDATE, VALUEPRES, SORTCODEEXISTS) VALUES ('VSREF_AREA_C160302_01', 'Hmm', 'None', 'A', 'VPREF_AREA', '0', 'N', 'SDGS', GETDATE(), 'T', 'N');
INSERT INTO "VALUESET_ENG" (VALUESET, PRESTEXT, DESCRIPTION, USERID, LOGDATE) VALUES ('VSREF_AREA_C160302_01', 'Hmm', 'None', 'SDGS', GETDATE());
INSERT INTO "VSVALUE" (VALUESET, VALUEPOOL, VALUECODE, USERID, LOGDATE) VALUES ('VSREF_AREA_C160302_01', 'VPREF_AREA', '1', 'SDGS', GETDATE());
INSERT INTO "VSVALUE_ENG" (VALUESET, VALUEPOOL, VALUECODE, USERID, LOGDATE) VALUES ('VSREF_AREA_C160302_01', 'VPREF_AREA', '1', 'SDGS', GETDATE());
INSERT INTO "VSVALUE" (VALUESET, VALUEPOOL, VALUECODE, USERID, LOGDATE) VALUES ('VSREF_AREA_C160302_01', 'VPREF_AREA', '2', 'SDGS', GETDATE());
INSERT INTO "VSVALUE_ENG" (VALUESET, VALUEPOOL, VALUECODE, USERID, LOGDATE) VALUES ('VSREF_AREA_C160302_01', 'VPREF_AREA', '2', 'SDGS', GETDATE());
INSERT INTO "VSVALUE" (VALUESET, VALUEPOOL, VALUECODE, USERID, LOGDATE) VALUES ('VSREF_AREA_C160302_01', 'VPREF_AREA', '3', 'SDGS', GETDATE());
INSERT INTO "VSVALUE_ENG" (VALUESET, VALUEPOOL, VALUECODE, USERID, LOGDATE) VALUES ('VSREF_AREA_C160302_01', 'VPREF_AREA', '3', 'SDGS', GETDATE());
INSERT INTO "SUBTABLEVARIABLE" (MAINTABLE, SUBTABLE, VARIABLE, VALUESET, VARIABLETYPE, STORECOLUMNNO, USERID, LOGDATE) VALUES ('S163C16030201', '', 'REF_AREA', 'VSREF_AREA_C160302_01', 'V', '1', 'SDGS', GETDATE());
INSERT INTO "VALUESET" (VALUESET, PRESTEXT, DESCRIPTION, ELIMINATION, VALUEPOOL, METAID, FOOTNOTE, USERID, LOGDATE, VALUEPRES, SORTCODEEXISTS) VALUES ('VSSEX_C160302_01', 'Hmm', 'None', 'A', 'VPSEX', '0', 'N', 'SDGS', GETDATE(), 'T', 'N');
INSERT INTO "VALUESET_ENG" (VALUESET, PRESTEXT, DESCRIPTION, USERID, LOGDATE) VALUES ('VSSEX_C160302_01', 'Hmm', 'None', 'SDGS', GETDATE());
INSERT INTO "VSVALUE" (VALUESET, VALUEPOOL, VALUECODE, USERID, LOGDATE) VALUES ('VSSEX_C160302_01', 'VPSEX', 'M', 'SDGS', GETDATE());
INSERT INTO "VSVALUE_ENG" (VALUESET, VALUEPOOL, VALUECODE, USERID, LOGDATE) VALUES ('VSSEX_C160302_01', 'VPSEX', 'M', 'SDGS', GETDATE());
INSERT INTO "VSVALUE" (VALUESET, VALUEPOOL, VALUECODE, USERID, LOGDATE) VALUES ('VSSEX_C160302_01', 'VPSEX', 'F', 'SDGS', GETDATE());
INSERT INTO "VSVALUE_ENG" (VALUESET, VALUEPOOL, VALUECODE, USERID, LOGDATE) VALUES ('VSSEX_C160302_01', 'VPSEX', 'F', 'SDGS', GETDATE());
INSERT INTO "VSVALUE" (VALUESET, VALUEPOOL, VALUECODE, USERID, LOGDATE) VALUES ('VSSEX_C160302_01', 'VPSEX', '_T', 'SDGS', GETDATE());
INSERT INTO "VSVALUE_ENG" (VALUESET, VALUEPOOL, VALUECODE, USERID, LOGDATE) VALUES ('VSSEX_C160302_01', 'VPSEX', '_T', 'SDGS', GETDATE());
INSERT INTO "SUBTABLEVARIABLE" (MAINTABLE, SUBTABLE, VARIABLE, VALUESET, VARIABLETYPE, STORECOLUMNNO, USERID, LOGDATE) VALUES ('S163C16030201', '', 'SEX', 'VSSEX_C160302_01', 'V', '1', 'SDGS', GETDATE());
IF EXISTS (SELECT 1 FROM SYS.VIEWS WHERE NAME = 'S163C16030201' AND TYPE  = 'v') DROP VIEW S163C16030201;
GO
CREATE VIEW S163C16030201 AS SELECT * FROM INDICATORDATA WHERE SUBINDICATOR_CODE = 'C160302_01';
GO
INSERT INTO "MAINTABLE" (MAINTABLE, PRESTEXT, PRESTEXTS, PRESCATEGORY, TIMESCALE, USERID, LOGDATE, FIRSTPUBLISHED, TABLESTATUS, TABLEID, PRODUCTCODE, SPECCHAREXISTS, METAID, SUBJECTCODE, CONTENTSVARIABLE) VALUES  ('S165C16050101', 'code 16.5/C160501_01/C160501_01 - ???? ??????? ????? ?????? ??? ????? ??? ????? ?????? ????? ?????? ???? ?????? ?????? ?? ???? ???? ????? ????????? ????????? ??? ????? ???? ?????? ??? ???? ???????', 'SDGs Indicators', 'O', 'year', 'SDGS', GETDATE(), GETDATE(), 'A', 'S165C16050101', '001', 'N', '01', '01', 'ar: Sub Indicator');
INSERT INTO "MAINTABLE_ENG" (MAINTABLE, STATUS, PUBLISHED, PRESTEXT, PRESTEXTS, CONTENTSVARIABLE, USERID, LOGDATE) VALUES  ('S165C16050101', 'A', GETDATE(), 'code 16.5/C160501_01/C160501_01 - Proportion of persons who had at least one contact with a public official and who paid a bribe to a public official, or were asked for a bribe by those public officials, during the previous 12 months', 'SDGs Indicators', 'Sub Indicator', 'SDGS', GETDATE());
INSERT INTO "SECONDARYLANGUAGE" (MAINTABLE, LANGUAGE, COMPLETELYTRANSLATED,PUBLISHED, USERID, LOGDATE) VALUES  ('S165C16050101', 'en','Y', 'Y', 'SDGS', GETDATE());
INSERT INTO "CONTENTS" (MAINTABLE, CONTENTS, PRESTEXT, PRESCODE, COPYRIGHT, PRODUCER, LASTUPDATED, UNIT, PRESDECIMALS, PRESCELLSZERO, STOCKFA, DAYADJ, SEASADJ, FOOTNOTECONTENTS, FOOTNOTEVARIABLE, FOOTNOTEVALUE, STORECOLUMNNO, STOREFORMAT, STORENOCHAR, STOREDECIMALS, USERID, LOGDATE, PUBLISHED, PRESTEXTS, STATAUTHORITY, AGGREGPOSSIBLE, FOOTNOTETIME, METAID) VALUES  ('S165C16050101', 'OBS_VALUE', 'ar: Sustainable Development Goals - SDGs', 'DATA', '1', 'PCBS', GETDATE(), 'OBS_VALUE', '2', 'Y', 'F', 'N', 'N', 'N', 'N', 'N', '3', 'N', '17', '2', 'SDGS', GETDATE(), GETDATE(), 'C160501_01', 'PCBS', 'N', 'N', '01');
INSERT INTO "CONTENTS_ENG" (MAINTABLE, CONTENTS, PRESTEXT, UNIT, USERID, LOGDATE, PRESTEXTS, REFPERIOD, BASEPERIOD)  VALUES  ('S165C16050101', 'OBS_VALUE', 'Sustainable Development Goals - SDGs',  'OBS_VALUE', 'SDGS', GETDATE(), 'C160501_01', NULL,NULL);
INSERT INTO "SUBTABLE" (MAINTABLE, SUBTABLE, PRESTEXT, CLEANTABLE, USERID, LOGDATE) VALUES  ('S165C16050101', '', 'code 16.5/C160501_01/C160501_01 - ???? ??????? ????? ?????? ??? ????? ??? ????? ?????? ????? ?????? ???? ?????? ?????? ?? ???? ???? ????? ????????? ????????? ??? ????? ???? ?????? ??? ???? ???????', 'Y', 'SDGS', GETDATE());
INSERT INTO "SUBTABLE_ENG" (MAINTABLE, SUBTABLE, PRESTEXT, USERID, LOGDATE) VALUES  ('S165C16050101', '', 'code 16.5/C160501_01/C160501_01 - Proportion of persons who had at least one contact with a public official and who paid a bribe to a public official, or were asked for a bribe by those public officials, during the previous 12 months', 'SDGS', GETDATE());
INSERT INTO "SUBTABLEVARIABLE" (MAINTABLE, SUBTABLE, VARIABLE, VARIABLETYPE, STORECOLUMNNO, USERID, LOGDATE) VALUES ('S165C16050101', '', 'TIME_PERIOD', 'T', '1', 'SDGS', GETDATE());
INSERT INTO "CONTENTSTIME" (MAINTABLE, CONTENTS, TIMEPERIOD, USERID, LOGDATE) VALUES ('S165C16050101', 'OBS_VALUE', 2010, 'SDGS', GETDATE());
INSERT INTO "CONTENTSTIME" (MAINTABLE, CONTENTS, TIMEPERIOD, USERID, LOGDATE) VALUES ('S165C16050101', 'OBS_VALUE', 2013, 'SDGS', GETDATE());
INSERT INTO "CONTENTSTIME" (MAINTABLE, CONTENTS, TIMEPERIOD, USERID, LOGDATE) VALUES ('S165C16050101', 'OBS_VALUE', 2018, 'SDGS', GETDATE());
INSERT INTO "VALUESET" (VALUESET, PRESTEXT, DESCRIPTION, ELIMINATION, VALUEPOOL, METAID, FOOTNOTE, USERID, LOGDATE, VALUEPRES, SORTCODEEXISTS) VALUES ('VSREF_AREA_C160501_01', 'Hmm', 'None', 'A', 'VPREF_AREA', '0', 'N', 'SDGS', GETDATE(), 'T', 'N');
INSERT INTO "VALUESET_ENG" (VALUESET, PRESTEXT, DESCRIPTION, USERID, LOGDATE) VALUES ('VSREF_AREA_C160501_01', 'Hmm', 'None', 'SDGS', GETDATE());
INSERT INTO "VSVALUE" (VALUESET, VALUEPOOL, VALUECODE, USERID, LOGDATE) VALUES ('VSREF_AREA_C160501_01', 'VPREF_AREA', '1', 'SDGS', GETDATE());
INSERT INTO "VSVALUE_ENG" (VALUESET, VALUEPOOL, VALUECODE, USERID, LOGDATE) VALUES ('VSREF_AREA_C160501_01', 'VPREF_AREA', '1', 'SDGS', GETDATE());
INSERT INTO "VSVALUE" (VALUESET, VALUEPOOL, VALUECODE, USERID, LOGDATE) VALUES ('VSREF_AREA_C160501_01', 'VPREF_AREA', '2', 'SDGS', GETDATE());
INSERT INTO "VSVALUE_ENG" (VALUESET, VALUEPOOL, VALUECODE, USERID, LOGDATE) VALUES ('VSREF_AREA_C160501_01', 'VPREF_AREA', '2', 'SDGS', GETDATE());
INSERT INTO "VSVALUE" (VALUESET, VALUEPOOL, VALUECODE, USERID, LOGDATE) VALUES ('VSREF_AREA_C160501_01', 'VPREF_AREA', '3', 'SDGS', GETDATE());
INSERT INTO "VSVALUE_ENG" (VALUESET, VALUEPOOL, VALUECODE, USERID, LOGDATE) VALUES ('VSREF_AREA_C160501_01', 'VPREF_AREA', '3', 'SDGS', GETDATE());
INSERT INTO "SUBTABLEVARIABLE" (MAINTABLE, SUBTABLE, VARIABLE, VALUESET, VARIABLETYPE, STORECOLUMNNO, USERID, LOGDATE) VALUES ('S165C16050101', '', 'REF_AREA', 'VSREF_AREA_C160501_01', 'V', '1', 'SDGS', GETDATE());
INSERT INTO "VALUESET" (VALUESET, PRESTEXT, DESCRIPTION, ELIMINATION, VALUEPOOL, METAID, FOOTNOTE, USERID, LOGDATE, VALUEPRES, SORTCODEEXISTS) VALUES ('VSSEX_C160501_01', 'Hmm', 'None', 'A', 'VPSEX', '0', 'N', 'SDGS', GETDATE(), 'T', 'N');
INSERT INTO "VALUESET_ENG" (VALUESET, PRESTEXT, DESCRIPTION, USERID, LOGDATE) VALUES ('VSSEX_C160501_01', 'Hmm', 'None', 'SDGS', GETDATE());
INSERT INTO "VSVALUE" (VALUESET, VALUEPOOL, VALUECODE, USERID, LOGDATE) VALUES ('VSSEX_C160501_01', 'VPSEX', 'M', 'SDGS', GETDATE());
INSERT INTO "VSVALUE_ENG" (VALUESET, VALUEPOOL, VALUECODE, USERID, LOGDATE) VALUES ('VSSEX_C160501_01', 'VPSEX', 'M', 'SDGS', GETDATE());
INSERT INTO "VSVALUE" (VALUESET, VALUEPOOL, VALUECODE, USERID, LOGDATE) VALUES ('VSSEX_C160501_01', 'VPSEX', 'F', 'SDGS', GETDATE());
INSERT INTO "VSVALUE_ENG" (VALUESET, VALUEPOOL, VALUECODE, USERID, LOGDATE) VALUES ('VSSEX_C160501_01', 'VPSEX', 'F', 'SDGS', GETDATE());
INSERT INTO "VSVALUE" (VALUESET, VALUEPOOL, VALUECODE, USERID, LOGDATE) VALUES ('VSSEX_C160501_01', 'VPSEX', '_T', 'SDGS', GETDATE());
INSERT INTO "VSVALUE_ENG" (VALUESET, VALUEPOOL, VALUECODE, USERID, LOGDATE) VALUES ('VSSEX_C160501_01', 'VPSEX', '_T', 'SDGS', GETDATE());
INSERT INTO "SUBTABLEVARIABLE" (MAINTABLE, SUBTABLE, VARIABLE, VALUESET, VARIABLETYPE, STORECOLUMNNO, USERID, LOGDATE) VALUES ('S165C16050101', '', 'SEX', 'VSSEX_C160501_01', 'V', '1', 'SDGS', GETDATE());
INSERT INTO "VALUESET" (VALUESET, PRESTEXT, DESCRIPTION, ELIMINATION, VALUEPOOL, METAID, FOOTNOTE, USERID, LOGDATE, VALUEPRES, SORTCODEEXISTS) VALUES ('VSURBANISATION_C160501_01', 'Hmm', 'None', 'A', 'VPURBANISATION', '0', 'N', 'SDGS', GETDATE(), 'T', 'N');
INSERT INTO "VALUESET_ENG" (VALUESET, PRESTEXT, DESCRIPTION, USERID, LOGDATE) VALUES ('VSURBANISATION_C160501_01', 'Hmm', 'None', 'SDGS', GETDATE());
INSERT INTO "VSVALUE" (VALUESET, VALUEPOOL, VALUECODE, USERID, LOGDATE) VALUES ('VSURBANISATION_C160501_01', 'VPURBANISATION', '_T', 'SDGS', GETDATE());
INSERT INTO "VSVALUE_ENG" (VALUESET, VALUEPOOL, VALUECODE, USERID, LOGDATE) VALUES ('VSURBANISATION_C160501_01', 'VPURBANISATION', '_T', 'SDGS', GETDATE());
INSERT INTO "VSVALUE" (VALUESET, VALUEPOOL, VALUECODE, USERID, LOGDATE) VALUES ('VSURBANISATION_C160501_01', 'VPURBANISATION', 'U', 'SDGS', GETDATE());
INSERT INTO "VSVALUE_ENG" (VALUESET, VALUEPOOL, VALUECODE, USERID, LOGDATE) VALUES ('VSURBANISATION_C160501_01', 'VPURBANISATION', 'U', 'SDGS', GETDATE());
INSERT INTO "VSVALUE" (VALUESET, VALUEPOOL, VALUECODE, USERID, LOGDATE) VALUES ('VSURBANISATION_C160501_01', 'VPURBANISATION', 'R', 'SDGS', GETDATE());
INSERT INTO "VSVALUE_ENG" (VALUESET, VALUEPOOL, VALUECODE, USERID, LOGDATE) VALUES ('VSURBANISATION_C160501_01', 'VPURBANISATION', 'R', 'SDGS', GETDATE());
INSERT INTO "VSVALUE" (VALUESET, VALUEPOOL, VALUECODE, USERID, LOGDATE) VALUES ('VSURBANISATION_C160501_01', 'VPURBANISATION', 'C', 'SDGS', GETDATE());
INSERT INTO "VSVALUE_ENG" (VALUESET, VALUEPOOL, VALUECODE, USERID, LOGDATE) VALUES ('VSURBANISATION_C160501_01', 'VPURBANISATION', 'C', 'SDGS', GETDATE());
INSERT INTO "SUBTABLEVARIABLE" (MAINTABLE, SUBTABLE, VARIABLE, VALUESET, VARIABLETYPE, STORECOLUMNNO, USERID, LOGDATE) VALUES ('S165C16050101', '', 'URBANISATION', 'VSURBANISATION_C160501_01', 'V', '1', 'SDGS', GETDATE());
IF EXISTS (SELECT 1 FROM SYS.VIEWS WHERE NAME = 'S165C16050101' AND TYPE  = 'v') DROP VIEW S165C16050101;
GO
CREATE VIEW S165C16050101 AS SELECT * FROM INDICATORDATA WHERE SUBINDICATOR_CODE = 'C160501_01';
GO
INSERT INTO "MAINTABLE" (MAINTABLE, PRESTEXT, PRESTEXTS, PRESCATEGORY, TIMESCALE, USERID, LOGDATE, FIRSTPUBLISHED, TABLESTATUS, TABLEID, PRODUCTCODE, SPECCHAREXISTS, METAID, SUBJECTCODE, CONTENTSVARIABLE) VALUES  ('S165C16050201', 'code 16.5/C160502_01/C160502_01 - ???? ??????? ???????? ???? ????? ??? ????? ??? ????? ?????? ????? ? ???? ???? ??? ????? ????? ?? ???? ???? ??? ???? ?????? ????????? ?????????? ???? ????? ??? ???? ???????', 'SDGs Indicators', 'O', 'year', 'SDGS', GETDATE(), GETDATE(), 'A', 'S165C16050201', '001', 'N', '01', '01', 'ar: Sub Indicator');
INSERT INTO "MAINTABLE_ENG" (MAINTABLE, STATUS, PUBLISHED, PRESTEXT, PRESTEXTS, CONTENTSVARIABLE, USERID, LOGDATE) VALUES  ('S165C16050201', 'A', GETDATE(), 'code 16.5/C160502_01/C160502_01 - Proportion of businesses that had at least one contact with a public official and that paid a bribe to a public official, or were asked for a bribe by those public officials during the previous 12 months', 'SDGs Indicators', 'Sub Indicator', 'SDGS', GETDATE());
INSERT INTO "SECONDARYLANGUAGE" (MAINTABLE, LANGUAGE, COMPLETELYTRANSLATED,PUBLISHED, USERID, LOGDATE) VALUES  ('S165C16050201', 'en','Y', 'Y', 'SDGS', GETDATE());
INSERT INTO "CONTENTS" (MAINTABLE, CONTENTS, PRESTEXT, PRESCODE, COPYRIGHT, PRODUCER, LASTUPDATED, UNIT, PRESDECIMALS, PRESCELLSZERO, STOCKFA, DAYADJ, SEASADJ, FOOTNOTECONTENTS, FOOTNOTEVARIABLE, FOOTNOTEVALUE, STORECOLUMNNO, STOREFORMAT, STORENOCHAR, STOREDECIMALS, USERID, LOGDATE, PUBLISHED, PRESTEXTS, STATAUTHORITY, AGGREGPOSSIBLE, FOOTNOTETIME, METAID) VALUES  ('S165C16050201', 'OBS_VALUE', 'ar: Sustainable Development Goals - SDGs', 'DATA', '1', 'PCBS', GETDATE(), 'OBS_VALUE', '2', 'Y', 'F', 'N', 'N', 'N', 'N', 'N', '3', 'N', '17', '2', 'SDGS', GETDATE(), GETDATE(), 'C160502_01', 'PCBS', 'N', 'N', '01');
INSERT INTO "CONTENTS_ENG" (MAINTABLE, CONTENTS, PRESTEXT, UNIT, USERID, LOGDATE, PRESTEXTS, REFPERIOD, BASEPERIOD)  VALUES  ('S165C16050201', 'OBS_VALUE', 'Sustainable Development Goals - SDGs',  'OBS_VALUE', 'SDGS', GETDATE(), 'C160502_01', NULL,NULL);
INSERT INTO "SUBTABLE" (MAINTABLE, SUBTABLE, PRESTEXT, CLEANTABLE, USERID, LOGDATE) VALUES  ('S165C16050201', '', 'code 16.5/C160502_01/C160502_01 - ???? ??????? ???????? ???? ????? ??? ????? ??? ????? ?????? ????? ? ???? ???? ??? ????? ????? ?? ???? ???? ??? ???? ?????? ????????? ?????????? ???? ????? ??? ???? ???????', 'Y', 'SDGS', GETDATE());
INSERT INTO "SUBTABLE_ENG" (MAINTABLE, SUBTABLE, PRESTEXT, USERID, LOGDATE) VALUES  ('S165C16050201', '', 'code 16.5/C160502_01/C160502_01 - Proportion of businesses that had at least one contact with a public official and that paid a bribe to a public official, or were asked for a bribe by those public officials during the previous 12 months', 'SDGS', GETDATE());
INSERT INTO "SUBTABLEVARIABLE" (MAINTABLE, SUBTABLE, VARIABLE, VARIABLETYPE, STORECOLUMNNO, USERID, LOGDATE) VALUES ('S165C16050201', '', 'TIME_PERIOD', 'T', '1', 'SDGS', GETDATE());
INSERT INTO "CONTENTSTIME" (MAINTABLE, CONTENTS, TIMEPERIOD, USERID, LOGDATE) VALUES ('S165C16050201', 'OBS_VALUE', 2013, 'SDGS', GETDATE());
INSERT INTO "CONTENTSTIME" (MAINTABLE, CONTENTS, TIMEPERIOD, USERID, LOGDATE) VALUES ('S165C16050201', 'OBS_VALUE', 2019, 'SDGS', GETDATE());
IF EXISTS (SELECT 1 FROM SYS.VIEWS WHERE NAME = 'S165C16050201' AND TYPE  = 'v') DROP VIEW S165C16050201;
GO
CREATE VIEW S165C16050201 AS SELECT * FROM INDICATORDATA WHERE SUBINDICATOR_CODE = 'C160502_01';
GO
INSERT INTO "MAINTABLE" (MAINTABLE, PRESTEXT, PRESTEXTS, PRESCATEGORY, TIMESCALE, USERID, LOGDATE, FIRSTPUBLISHED, TABLESTATUS, TABLEID, PRODUCTCODE, SPECCHAREXISTS, METAID, SUBJECTCODE, CONTENTSVARIABLE) VALUES  ('S166C16060101', 'code 16.6/C160601_01/C160601_01 - ??????? ???????? ???????? ????? ?? ????????? ??????? ????????? ???? ?????? (?? ???? ???? ????????? ?? ?? ????)', 'SDGs Indicators', 'O', 'year', 'SDGS', GETDATE(), GETDATE(), 'A', 'S166C16060101', '001', 'N', '01', '01', 'ar: Sub Indicator');
INSERT INTO "MAINTABLE_ENG" (MAINTABLE, STATUS, PUBLISHED, PRESTEXT, PRESTEXTS, CONTENTSVARIABLE, USERID, LOGDATE) VALUES  ('S166C16060101', 'A', GETDATE(), 'code 16.6/C160601_01/C160601_01 - Primary government expenditures as a proportion of original approved budget, by sector (or by budget codes or similar)', 'SDGs Indicators', 'Sub Indicator', 'SDGS', GETDATE());
INSERT INTO "SECONDARYLANGUAGE" (MAINTABLE, LANGUAGE, COMPLETELYTRANSLATED,PUBLISHED, USERID, LOGDATE) VALUES  ('S166C16060101', 'en','Y', 'Y', 'SDGS', GETDATE());
INSERT INTO "CONTENTS" (MAINTABLE, CONTENTS, PRESTEXT, PRESCODE, COPYRIGHT, PRODUCER, LASTUPDATED, UNIT, PRESDECIMALS, PRESCELLSZERO, STOCKFA, DAYADJ, SEASADJ, FOOTNOTECONTENTS, FOOTNOTEVARIABLE, FOOTNOTEVALUE, STORECOLUMNNO, STOREFORMAT, STORENOCHAR, STOREDECIMALS, USERID, LOGDATE, PUBLISHED, PRESTEXTS, STATAUTHORITY, AGGREGPOSSIBLE, FOOTNOTETIME, METAID) VALUES  ('S166C16060101', 'OBS_VALUE', 'ar: Sustainable Development Goals - SDGs', 'DATA', '1', 'PCBS', GETDATE(), 'OBS_VALUE', '2', 'Y', 'F', 'N', 'N', 'N', 'N', 'N', '3', 'N', '17', '2', 'SDGS', GETDATE(), GETDATE(), 'C160601_01', 'PCBS', 'N', 'N', '01');
INSERT INTO "CONTENTS_ENG" (MAINTABLE, CONTENTS, PRESTEXT, UNIT, USERID, LOGDATE, PRESTEXTS, REFPERIOD, BASEPERIOD)  VALUES  ('S166C16060101', 'OBS_VALUE', 'Sustainable Development Goals - SDGs',  'OBS_VALUE', 'SDGS', GETDATE(), 'C160601_01', NULL,NULL);
INSERT INTO "SUBTABLE" (MAINTABLE, SUBTABLE, PRESTEXT, CLEANTABLE, USERID, LOGDATE) VALUES  ('S166C16060101', '', 'code 16.6/C160601_01/C160601_01 - ??????? ???????? ???????? ????? ?? ????????? ??????? ????????? ???? ?????? (?? ???? ???? ????????? ?? ?? ????)', 'Y', 'SDGS', GETDATE());
INSERT INTO "SUBTABLE_ENG" (MAINTABLE, SUBTABLE, PRESTEXT, USERID, LOGDATE) VALUES  ('S166C16060101', '', 'code 16.6/C160601_01/C160601_01 - Primary government expenditures as a proportion of original approved budget, by sector (or by budget codes or similar)', 'SDGS', GETDATE());
INSERT INTO "SUBTABLEVARIABLE" (MAINTABLE, SUBTABLE, VARIABLE, VARIABLETYPE, STORECOLUMNNO, USERID, LOGDATE) VALUES ('S166C16060101', '', 'TIME_PERIOD', 'T', '1', 'SDGS', GETDATE());
INSERT INTO "CONTENTSTIME" (MAINTABLE, CONTENTS, TIMEPERIOD, USERID, LOGDATE) VALUES ('S166C16060101', 'OBS_VALUE', 2010, 'SDGS', GETDATE());
INSERT INTO "CONTENTSTIME" (MAINTABLE, CONTENTS, TIMEPERIOD, USERID, LOGDATE) VALUES ('S166C16060101', 'OBS_VALUE', 2011, 'SDGS', GETDATE());
INSERT INTO "CONTENTSTIME" (MAINTABLE, CONTENTS, TIMEPERIOD, USERID, LOGDATE) VALUES ('S166C16060101', 'OBS_VALUE', 2012, 'SDGS', GETDATE());
INSERT INTO "CONTENTSTIME" (MAINTABLE, CONTENTS, TIMEPERIOD, USERID, LOGDATE) VALUES ('S166C16060101', 'OBS_VALUE', 2013, 'SDGS', GETDATE());
INSERT INTO "CONTENTSTIME" (MAINTABLE, CONTENTS, TIMEPERIOD, USERID, LOGDATE) VALUES ('S166C16060101', 'OBS_VALUE', 2014, 'SDGS', GETDATE());
INSERT INTO "CONTENTSTIME" (MAINTABLE, CONTENTS, TIMEPERIOD, USERID, LOGDATE) VALUES ('S166C16060101', 'OBS_VALUE', 2015, 'SDGS', GETDATE());
INSERT INTO "CONTENTSTIME" (MAINTABLE, CONTENTS, TIMEPERIOD, USERID, LOGDATE) VALUES ('S166C16060101', 'OBS_VALUE', 2016, 'SDGS', GETDATE());
INSERT INTO "CONTENTSTIME" (MAINTABLE, CONTENTS, TIMEPERIOD, USERID, LOGDATE) VALUES ('S166C16060101', 'OBS_VALUE', 2017, 'SDGS', GETDATE());
INSERT INTO "CONTENTSTIME" (MAINTABLE, CONTENTS, TIMEPERIOD, USERID, LOGDATE) VALUES ('S166C16060101', 'OBS_VALUE', 2018, 'SDGS', GETDATE());
INSERT INTO "CONTENTSTIME" (MAINTABLE, CONTENTS, TIMEPERIOD, USERID, LOGDATE) VALUES ('S166C16060101', 'OBS_VALUE', 2019, 'SDGS', GETDATE());
INSERT INTO "VALUESET" (VALUESET, PRESTEXT, DESCRIPTION, ELIMINATION, VALUEPOOL, METAID, FOOTNOTE, USERID, LOGDATE, VALUEPRES, SORTCODEEXISTS) VALUES ('VSREF_AREA_C160601_01', 'Hmm', 'None', 'A', 'VPREF_AREA', '0', 'N', 'SDGS', GETDATE(), 'T', 'N');
INSERT INTO "VALUESET_ENG" (VALUESET, PRESTEXT, DESCRIPTION, USERID, LOGDATE) VALUES ('VSREF_AREA_C160601_01', 'Hmm', 'None', 'SDGS', GETDATE());
INSERT INTO "VSVALUE" (VALUESET, VALUEPOOL, VALUECODE, USERID, LOGDATE) VALUES ('VSREF_AREA_C160601_01', 'VPREF_AREA', '1', 'SDGS', GETDATE());
INSERT INTO "VSVALUE_ENG" (VALUESET, VALUEPOOL, VALUECODE, USERID, LOGDATE) VALUES ('VSREF_AREA_C160601_01', 'VPREF_AREA', '1', 'SDGS', GETDATE());
INSERT INTO "VSVALUE" (VALUESET, VALUEPOOL, VALUECODE, USERID, LOGDATE) VALUES ('VSREF_AREA_C160601_01', 'VPREF_AREA', '2', 'SDGS', GETDATE());
INSERT INTO "VSVALUE_ENG" (VALUESET, VALUEPOOL, VALUECODE, USERID, LOGDATE) VALUES ('VSREF_AREA_C160601_01', 'VPREF_AREA', '2', 'SDGS', GETDATE());
INSERT INTO "VSVALUE" (VALUESET, VALUEPOOL, VALUECODE, USERID, LOGDATE) VALUES ('VSREF_AREA_C160601_01', 'VPREF_AREA', '3', 'SDGS', GETDATE());
INSERT INTO "VSVALUE_ENG" (VALUESET, VALUEPOOL, VALUECODE, USERID, LOGDATE) VALUES ('VSREF_AREA_C160601_01', 'VPREF_AREA', '3', 'SDGS', GETDATE());
INSERT INTO "SUBTABLEVARIABLE" (MAINTABLE, SUBTABLE, VARIABLE, VALUESET, VARIABLETYPE, STORECOLUMNNO, USERID, LOGDATE) VALUES ('S166C16060101', '', 'REF_AREA', 'VSREF_AREA_C160601_01', 'V', '1', 'SDGS', GETDATE());
IF EXISTS (SELECT 1 FROM SYS.VIEWS WHERE NAME = 'S166C16060101' AND TYPE  = 'v') DROP VIEW S166C16060101;
GO
CREATE VIEW S166C16060101 AS SELECT * FROM INDICATORDATA WHERE SUBINDICATOR_CODE = 'C160601_01';
GO
INSERT INTO "MAINTABLE" (MAINTABLE, PRESTEXT, PRESTEXTS, PRESCATEGORY, TIMESCALE, USERID, LOGDATE, FIRSTPUBLISHED, TABLESTATUS, TABLEID, PRODUCTCODE, SPECCHAREXISTS, METAID, SUBJECTCODE, CONTENTSVARIABLE) VALUES  ('S166C16060201', 'code 16.6/C160602_01/C160602_01 - ???? ?????? ??????? ?? ??????? ??????? ?? ??????? ??????? ?????? (????? ?????)', 'SDGs Indicators', 'O', 'year', 'SDGS', GETDATE(), GETDATE(), 'A', 'S166C16060201', '001', 'N', '01', '01', 'ar: Sub Indicator');
INSERT INTO "MAINTABLE_ENG" (MAINTABLE, STATUS, PUBLISHED, PRESTEXT, PRESTEXTS, CONTENTSVARIABLE, USERID, LOGDATE) VALUES  ('S166C16060201', 'A', GETDATE(), 'code 16.6/C160602_01/C160602_01 - Proportion of population satisfied with their last experience of public services (healthcare services)', 'SDGs Indicators', 'Sub Indicator', 'SDGS', GETDATE());
INSERT INTO "SECONDARYLANGUAGE" (MAINTABLE, LANGUAGE, COMPLETELYTRANSLATED,PUBLISHED, USERID, LOGDATE) VALUES  ('S166C16060201', 'en','Y', 'Y', 'SDGS', GETDATE());
INSERT INTO "CONTENTS" (MAINTABLE, CONTENTS, PRESTEXT, PRESCODE, COPYRIGHT, PRODUCER, LASTUPDATED, UNIT, PRESDECIMALS, PRESCELLSZERO, STOCKFA, DAYADJ, SEASADJ, FOOTNOTECONTENTS, FOOTNOTEVARIABLE, FOOTNOTEVALUE, STORECOLUMNNO, STOREFORMAT, STORENOCHAR, STOREDECIMALS, USERID, LOGDATE, PUBLISHED, PRESTEXTS, STATAUTHORITY, AGGREGPOSSIBLE, FOOTNOTETIME, METAID) VALUES  ('S166C16060201', 'OBS_VALUE', 'ar: Sustainable Development Goals - SDGs', 'DATA', '1', 'PCBS', GETDATE(), 'OBS_VALUE', '2', 'Y', 'F', 'N', 'N', 'N', 'N', 'N', '3', 'N', '17', '2', 'SDGS', GETDATE(), GETDATE(), 'C160602_01', 'PCBS', 'N', 'N', '01');
INSERT INTO "CONTENTS_ENG" (MAINTABLE, CONTENTS, PRESTEXT, UNIT, USERID, LOGDATE, PRESTEXTS, REFPERIOD, BASEPERIOD)  VALUES  ('S166C16060201', 'OBS_VALUE', 'Sustainable Development Goals - SDGs',  'OBS_VALUE', 'SDGS', GETDATE(), 'C160602_01', NULL,NULL);
INSERT INTO "SUBTABLE" (MAINTABLE, SUBTABLE, PRESTEXT, CLEANTABLE, USERID, LOGDATE) VALUES  ('S166C16060201', '', 'code 16.6/C160602_01/C160602_01 - ???? ?????? ??????? ?? ??????? ??????? ?? ??????? ??????? ?????? (????? ?????)', 'Y', 'SDGS', GETDATE());
INSERT INTO "SUBTABLE_ENG" (MAINTABLE, SUBTABLE, PRESTEXT, USERID, LOGDATE) VALUES  ('S166C16060201', '', 'code 16.6/C160602_01/C160602_01 - Proportion of population satisfied with their last experience of public services (healthcare services)', 'SDGS', GETDATE());
INSERT INTO "SUBTABLEVARIABLE" (MAINTABLE, SUBTABLE, VARIABLE, VARIABLETYPE, STORECOLUMNNO, USERID, LOGDATE) VALUES ('S166C16060201', '', 'TIME_PERIOD', 'T', '1', 'SDGS', GETDATE());
INSERT INTO "CONTENTSTIME" (MAINTABLE, CONTENTS, TIMEPERIOD, USERID, LOGDATE) VALUES ('S166C16060201', 'OBS_VALUE', 2018, 'SDGS', GETDATE());
INSERT INTO "VALUESET" (VALUESET, PRESTEXT, DESCRIPTION, ELIMINATION, VALUEPOOL, METAID, FOOTNOTE, USERID, LOGDATE, VALUEPRES, SORTCODEEXISTS) VALUES ('VSREF_AREA_C160602_01', 'Hmm', 'None', 'A', 'VPREF_AREA', '0', 'N', 'SDGS', GETDATE(), 'T', 'N');
INSERT INTO "VALUESET_ENG" (VALUESET, PRESTEXT, DESCRIPTION, USERID, LOGDATE) VALUES ('VSREF_AREA_C160602_01', 'Hmm', 'None', 'SDGS', GETDATE());
INSERT INTO "VSVALUE" (VALUESET, VALUEPOOL, VALUECODE, USERID, LOGDATE) VALUES ('VSREF_AREA_C160602_01', 'VPREF_AREA', '1', 'SDGS', GETDATE());
INSERT INTO "VSVALUE_ENG" (VALUESET, VALUEPOOL, VALUECODE, USERID, LOGDATE) VALUES ('VSREF_AREA_C160602_01', 'VPREF_AREA', '1', 'SDGS', GETDATE());
INSERT INTO "VSVALUE" (VALUESET, VALUEPOOL, VALUECODE, USERID, LOGDATE) VALUES ('VSREF_AREA_C160602_01', 'VPREF_AREA', '2', 'SDGS', GETDATE());
INSERT INTO "VSVALUE_ENG" (VALUESET, VALUEPOOL, VALUECODE, USERID, LOGDATE) VALUES ('VSREF_AREA_C160602_01', 'VPREF_AREA', '2', 'SDGS', GETDATE());
INSERT INTO "VSVALUE" (VALUESET, VALUEPOOL, VALUECODE, USERID, LOGDATE) VALUES ('VSREF_AREA_C160602_01', 'VPREF_AREA', '3', 'SDGS', GETDATE());
INSERT INTO "VSVALUE_ENG" (VALUESET, VALUEPOOL, VALUECODE, USERID, LOGDATE) VALUES ('VSREF_AREA_C160602_01', 'VPREF_AREA', '3', 'SDGS', GETDATE());
INSERT INTO "SUBTABLEVARIABLE" (MAINTABLE, SUBTABLE, VARIABLE, VALUESET, VARIABLETYPE, STORECOLUMNNO, USERID, LOGDATE) VALUES ('S166C16060201', '', 'REF_AREA', 'VSREF_AREA_C160602_01', 'V', '1', 'SDGS', GETDATE());
INSERT INTO "VALUESET" (VALUESET, PRESTEXT, DESCRIPTION, ELIMINATION, VALUEPOOL, METAID, FOOTNOTE, USERID, LOGDATE, VALUEPRES, SORTCODEEXISTS) VALUES ('VSSEX_C160602_01', 'Hmm', 'None', 'A', 'VPSEX', '0', 'N', 'SDGS', GETDATE(), 'T', 'N');
INSERT INTO "VALUESET_ENG" (VALUESET, PRESTEXT, DESCRIPTION, USERID, LOGDATE) VALUES ('VSSEX_C160602_01', 'Hmm', 'None', 'SDGS', GETDATE());
INSERT INTO "VSVALUE" (VALUESET, VALUEPOOL, VALUECODE, USERID, LOGDATE) VALUES ('VSSEX_C160602_01', 'VPSEX', 'M', 'SDGS', GETDATE());
INSERT INTO "VSVALUE_ENG" (VALUESET, VALUEPOOL, VALUECODE, USERID, LOGDATE) VALUES ('VSSEX_C160602_01', 'VPSEX', 'M', 'SDGS', GETDATE());
INSERT INTO "VSVALUE" (VALUESET, VALUEPOOL, VALUECODE, USERID, LOGDATE) VALUES ('VSSEX_C160602_01', 'VPSEX', 'F', 'SDGS', GETDATE());
INSERT INTO "VSVALUE_ENG" (VALUESET, VALUEPOOL, VALUECODE, USERID, LOGDATE) VALUES ('VSSEX_C160602_01', 'VPSEX', 'F', 'SDGS', GETDATE());
INSERT INTO "VSVALUE" (VALUESET, VALUEPOOL, VALUECODE, USERID, LOGDATE) VALUES ('VSSEX_C160602_01', 'VPSEX', '_T', 'SDGS', GETDATE());
INSERT INTO "VSVALUE_ENG" (VALUESET, VALUEPOOL, VALUECODE, USERID, LOGDATE) VALUES ('VSSEX_C160602_01', 'VPSEX', '_T', 'SDGS', GETDATE());
INSERT INTO "SUBTABLEVARIABLE" (MAINTABLE, SUBTABLE, VARIABLE, VALUESET, VARIABLETYPE, STORECOLUMNNO, USERID, LOGDATE) VALUES ('S166C16060201', '', 'SEX', 'VSSEX_C160602_01', 'V', '1', 'SDGS', GETDATE());
INSERT INTO "VALUESET" (VALUESET, PRESTEXT, DESCRIPTION, ELIMINATION, VALUEPOOL, METAID, FOOTNOTE, USERID, LOGDATE, VALUEPRES, SORTCODEEXISTS) VALUES ('VSURBANISATION_C160602_01', 'Hmm', 'None', 'A', 'VPURBANISATION', '0', 'N', 'SDGS', GETDATE(), 'T', 'N');
INSERT INTO "VALUESET_ENG" (VALUESET, PRESTEXT, DESCRIPTION, USERID, LOGDATE) VALUES ('VSURBANISATION_C160602_01', 'Hmm', 'None', 'SDGS', GETDATE());
INSERT INTO "VSVALUE" (VALUESET, VALUEPOOL, VALUECODE, USERID, LOGDATE) VALUES ('VSURBANISATION_C160602_01', 'VPURBANISATION', '_T', 'SDGS', GETDATE());
INSERT INTO "VSVALUE_ENG" (VALUESET, VALUEPOOL, VALUECODE, USERID, LOGDATE) VALUES ('VSURBANISATION_C160602_01', 'VPURBANISATION', '_T', 'SDGS', GETDATE());
INSERT INTO "VSVALUE" (VALUESET, VALUEPOOL, VALUECODE, USERID, LOGDATE) VALUES ('VSURBANISATION_C160602_01', 'VPURBANISATION', 'U', 'SDGS', GETDATE());
INSERT INTO "VSVALUE_ENG" (VALUESET, VALUEPOOL, VALUECODE, USERID, LOGDATE) VALUES ('VSURBANISATION_C160602_01', 'VPURBANISATION', 'U', 'SDGS', GETDATE());
INSERT INTO "VSVALUE" (VALUESET, VALUEPOOL, VALUECODE, USERID, LOGDATE) VALUES ('VSURBANISATION_C160602_01', 'VPURBANISATION', 'R', 'SDGS', GETDATE());
INSERT INTO "VSVALUE_ENG" (VALUESET, VALUEPOOL, VALUECODE, USERID, LOGDATE) VALUES ('VSURBANISATION_C160602_01', 'VPURBANISATION', 'R', 'SDGS', GETDATE());
INSERT INTO "VSVALUE" (VALUESET, VALUEPOOL, VALUECODE, USERID, LOGDATE) VALUES ('VSURBANISATION_C160602_01', 'VPURBANISATION', 'C', 'SDGS', GETDATE());
INSERT INTO "VSVALUE_ENG" (VALUESET, VALUEPOOL, VALUECODE, USERID, LOGDATE) VALUES ('VSURBANISATION_C160602_01', 'VPURBANISATION', 'C', 'SDGS', GETDATE());
INSERT INTO "SUBTABLEVARIABLE" (MAINTABLE, SUBTABLE, VARIABLE, VALUESET, VARIABLETYPE, STORECOLUMNNO, USERID, LOGDATE) VALUES ('S166C16060201', '', 'URBANISATION', 'VSURBANISATION_C160602_01', 'V', '1', 'SDGS', GETDATE());
IF EXISTS (SELECT 1 FROM SYS.VIEWS WHERE NAME = 'S166C16060201' AND TYPE  = 'v') DROP VIEW S166C16060201;
GO
CREATE VIEW S166C16060201 AS SELECT * FROM INDICATORDATA WHERE SUBINDICATOR_CODE = 'C160602_01';
GO
INSERT INTO "MAINTABLE" (MAINTABLE, PRESTEXT, PRESTEXTS, PRESCATEGORY, TIMESCALE, USERID, LOGDATE, FIRSTPUBLISHED, TABLESTATUS, TABLEID, PRODUCTCODE, SPECCHAREXISTS, METAID, SUBJECTCODE, CONTENTSVARIABLE) VALUES  ('S166C16060202', 'code 16.6/C160602_02/C160602_02 - ???? ?????? ??????? ?? ??????? ??????? ?? ??????? ??????? ?????? (??????? ????????)', 'SDGs Indicators', 'O', 'year', 'SDGS', GETDATE(), GETDATE(), 'A', 'S166C16060202', '001', 'N', '01', '01', 'ar: Sub Indicator');
INSERT INTO "MAINTABLE_ENG" (MAINTABLE, STATUS, PUBLISHED, PRESTEXT, PRESTEXTS, CONTENTSVARIABLE, USERID, LOGDATE) VALUES  ('S166C16060202', 'A', GETDATE(), 'code 16.6/C160602_02/C160602_02 - Proportion of population satisfied with their last experience of public services (primary public schools)', 'SDGs Indicators', 'Sub Indicator', 'SDGS', GETDATE());
INSERT INTO "SECONDARYLANGUAGE" (MAINTABLE, LANGUAGE, COMPLETELYTRANSLATED,PUBLISHED, USERID, LOGDATE) VALUES  ('S166C16060202', 'en','Y', 'Y', 'SDGS', GETDATE());
INSERT INTO "CONTENTS" (MAINTABLE, CONTENTS, PRESTEXT, PRESCODE, COPYRIGHT, PRODUCER, LASTUPDATED, UNIT, PRESDECIMALS, PRESCELLSZERO, STOCKFA, DAYADJ, SEASADJ, FOOTNOTECONTENTS, FOOTNOTEVARIABLE, FOOTNOTEVALUE, STORECOLUMNNO, STOREFORMAT, STORENOCHAR, STOREDECIMALS, USERID, LOGDATE, PUBLISHED, PRESTEXTS, STATAUTHORITY, AGGREGPOSSIBLE, FOOTNOTETIME, METAID) VALUES  ('S166C16060202', 'OBS_VALUE', 'ar: Sustainable Development Goals - SDGs', 'DATA', '1', 'PCBS', GETDATE(), 'OBS_VALUE', '2', 'Y', 'F', 'N', 'N', 'N', 'N', 'N', '3', 'N', '17', '2', 'SDGS', GETDATE(), GETDATE(), 'C160602_02', 'PCBS', 'N', 'N', '01');
INSERT INTO "CONTENTS_ENG" (MAINTABLE, CONTENTS, PRESTEXT, UNIT, USERID, LOGDATE, PRESTEXTS, REFPERIOD, BASEPERIOD)  VALUES  ('S166C16060202', 'OBS_VALUE', 'Sustainable Development Goals - SDGs',  'OBS_VALUE', 'SDGS', GETDATE(), 'C160602_02', NULL,NULL);
INSERT INTO "SUBTABLE" (MAINTABLE, SUBTABLE, PRESTEXT, CLEANTABLE, USERID, LOGDATE) VALUES  ('S166C16060202', '', 'code 16.6/C160602_02/C160602_02 - ???? ?????? ??????? ?? ??????? ??????? ?? ??????? ??????? ?????? (??????? ????????)', 'Y', 'SDGS', GETDATE());
INSERT INTO "SUBTABLE_ENG" (MAINTABLE, SUBTABLE, PRESTEXT, USERID, LOGDATE) VALUES  ('S166C16060202', '', 'code 16.6/C160602_02/C160602_02 - Proportion of population satisfied with their last experience of public services (primary public schools)', 'SDGS', GETDATE());
INSERT INTO "SUBTABLEVARIABLE" (MAINTABLE, SUBTABLE, VARIABLE, VARIABLETYPE, STORECOLUMNNO, USERID, LOGDATE) VALUES ('S166C16060202', '', 'TIME_PERIOD', 'T', '1', 'SDGS', GETDATE());
INSERT INTO "CONTENTSTIME" (MAINTABLE, CONTENTS, TIMEPERIOD, USERID, LOGDATE) VALUES ('S166C16060202', 'OBS_VALUE', 2018, 'SDGS', GETDATE());
INSERT INTO "VALUESET" (VALUESET, PRESTEXT, DESCRIPTION, ELIMINATION, VALUEPOOL, METAID, FOOTNOTE, USERID, LOGDATE, VALUEPRES, SORTCODEEXISTS) VALUES ('VSREF_AREA_C160602_02', 'Hmm', 'None', 'A', 'VPREF_AREA', '0', 'N', 'SDGS', GETDATE(), 'T', 'N');
INSERT INTO "VALUESET_ENG" (VALUESET, PRESTEXT, DESCRIPTION, USERID, LOGDATE) VALUES ('VSREF_AREA_C160602_02', 'Hmm', 'None', 'SDGS', GETDATE());
INSERT INTO "VSVALUE" (VALUESET, VALUEPOOL, VALUECODE, USERID, LOGDATE) VALUES ('VSREF_AREA_C160602_02', 'VPREF_AREA', '1', 'SDGS', GETDATE());
INSERT INTO "VSVALUE_ENG" (VALUESET, VALUEPOOL, VALUECODE, USERID, LOGDATE) VALUES ('VSREF_AREA_C160602_02', 'VPREF_AREA', '1', 'SDGS', GETDATE());
INSERT INTO "VSVALUE" (VALUESET, VALUEPOOL, VALUECODE, USERID, LOGDATE) VALUES ('VSREF_AREA_C160602_02', 'VPREF_AREA', '2', 'SDGS', GETDATE());
INSERT INTO "VSVALUE_ENG" (VALUESET, VALUEPOOL, VALUECODE, USERID, LOGDATE) VALUES ('VSREF_AREA_C160602_02', 'VPREF_AREA', '2', 'SDGS', GETDATE());
INSERT INTO "VSVALUE" (VALUESET, VALUEPOOL, VALUECODE, USERID, LOGDATE) VALUES ('VSREF_AREA_C160602_02', 'VPREF_AREA', '3', 'SDGS', GETDATE());
INSERT INTO "VSVALUE_ENG" (VALUESET, VALUEPOOL, VALUECODE, USERID, LOGDATE) VALUES ('VSREF_AREA_C160602_02', 'VPREF_AREA', '3', 'SDGS', GETDATE());
INSERT INTO "SUBTABLEVARIABLE" (MAINTABLE, SUBTABLE, VARIABLE, VALUESET, VARIABLETYPE, STORECOLUMNNO, USERID, LOGDATE) VALUES ('S166C16060202', '', 'REF_AREA', 'VSREF_AREA_C160602_02', 'V', '1', 'SDGS', GETDATE());
INSERT INTO "VALUESET" (VALUESET, PRESTEXT, DESCRIPTION, ELIMINATION, VALUEPOOL, METAID, FOOTNOTE, USERID, LOGDATE, VALUEPRES, SORTCODEEXISTS) VALUES ('VSSEX_C160602_02', 'Hmm', 'None', 'A', 'VPSEX', '0', 'N', 'SDGS', GETDATE(), 'T', 'N');
INSERT INTO "VALUESET_ENG" (VALUESET, PRESTEXT, DESCRIPTION, USERID, LOGDATE) VALUES ('VSSEX_C160602_02', 'Hmm', 'None', 'SDGS', GETDATE());
INSERT INTO "VSVALUE" (VALUESET, VALUEPOOL, VALUECODE, USERID, LOGDATE) VALUES ('VSSEX_C160602_02', 'VPSEX', 'M', 'SDGS', GETDATE());
INSERT INTO "VSVALUE_ENG" (VALUESET, VALUEPOOL, VALUECODE, USERID, LOGDATE) VALUES ('VSSEX_C160602_02', 'VPSEX', 'M', 'SDGS', GETDATE());
INSERT INTO "VSVALUE" (VALUESET, VALUEPOOL, VALUECODE, USERID, LOGDATE) VALUES ('VSSEX_C160602_02', 'VPSEX', 'F', 'SDGS', GETDATE());
INSERT INTO "VSVALUE_ENG" (VALUESET, VALUEPOOL, VALUECODE, USERID, LOGDATE) VALUES ('VSSEX_C160602_02', 'VPSEX', 'F', 'SDGS', GETDATE());
INSERT INTO "VSVALUE" (VALUESET, VALUEPOOL, VALUECODE, USERID, LOGDATE) VALUES ('VSSEX_C160602_02', 'VPSEX', '_T', 'SDGS', GETDATE());
INSERT INTO "VSVALUE_ENG" (VALUESET, VALUEPOOL, VALUECODE, USERID, LOGDATE) VALUES ('VSSEX_C160602_02', 'VPSEX', '_T', 'SDGS', GETDATE());
INSERT INTO "SUBTABLEVARIABLE" (MAINTABLE, SUBTABLE, VARIABLE, VALUESET, VARIABLETYPE, STORECOLUMNNO, USERID, LOGDATE) VALUES ('S166C16060202', '', 'SEX', 'VSSEX_C160602_02', 'V', '1', 'SDGS', GETDATE());
IF EXISTS (SELECT 1 FROM SYS.VIEWS WHERE NAME = 'S166C16060202' AND TYPE  = 'v') DROP VIEW S166C16060202;
GO
CREATE VIEW S166C16060202 AS SELECT * FROM INDICATORDATA WHERE SUBINDICATOR_CODE = 'C160602_02';
GO
INSERT INTO "MAINTABLE" (MAINTABLE, PRESTEXT, PRESTEXTS, PRESCATEGORY, TIMESCALE, USERID, LOGDATE, FIRSTPUBLISHED, TABLESTATUS, TABLEID, PRODUCTCODE, SPECCHAREXISTS, METAID, SUBJECTCODE, CONTENTSVARIABLE) VALUES  ('S166C16060203', 'code 16.6/C160602_03/C160602_03 - ???? ?????? ??????? ?? ??????? ??????? ?? ??????? ??????? ?????? (??????? ????????)', 'SDGs Indicators', 'O', 'year', 'SDGS', GETDATE(), GETDATE(), 'A', 'S166C16060203', '001', 'N', '01', '01', 'ar: Sub Indicator');
INSERT INTO "MAINTABLE_ENG" (MAINTABLE, STATUS, PUBLISHED, PRESTEXT, PRESTEXTS, CONTENTSVARIABLE, USERID, LOGDATE) VALUES  ('S166C16060203', 'A', GETDATE(), 'code 16.6/C160602_03/C160602_03 - Proportion of population satisfied with their last experience of public services  (secondary public schools)', 'SDGs Indicators', 'Sub Indicator', 'SDGS', GETDATE());
INSERT INTO "SECONDARYLANGUAGE" (MAINTABLE, LANGUAGE, COMPLETELYTRANSLATED,PUBLISHED, USERID, LOGDATE) VALUES  ('S166C16060203', 'en','Y', 'Y', 'SDGS', GETDATE());
INSERT INTO "CONTENTS" (MAINTABLE, CONTENTS, PRESTEXT, PRESCODE, COPYRIGHT, PRODUCER, LASTUPDATED, UNIT, PRESDECIMALS, PRESCELLSZERO, STOCKFA, DAYADJ, SEASADJ, FOOTNOTECONTENTS, FOOTNOTEVARIABLE, FOOTNOTEVALUE, STORECOLUMNNO, STOREFORMAT, STORENOCHAR, STOREDECIMALS, USERID, LOGDATE, PUBLISHED, PRESTEXTS, STATAUTHORITY, AGGREGPOSSIBLE, FOOTNOTETIME, METAID) VALUES  ('S166C16060203', 'OBS_VALUE', 'ar: Sustainable Development Goals - SDGs', 'DATA', '1', 'PCBS', GETDATE(), 'OBS_VALUE', '2', 'Y', 'F', 'N', 'N', 'N', 'N', 'N', '3', 'N', '17', '2', 'SDGS', GETDATE(), GETDATE(), 'C160602_03', 'PCBS', 'N', 'N', '01');
INSERT INTO "CONTENTS_ENG" (MAINTABLE, CONTENTS, PRESTEXT, UNIT, USERID, LOGDATE, PRESTEXTS, REFPERIOD, BASEPERIOD)  VALUES  ('S166C16060203', 'OBS_VALUE', 'Sustainable Development Goals - SDGs',  'OBS_VALUE', 'SDGS', GETDATE(), 'C160602_03', NULL,NULL);
INSERT INTO "SUBTABLE" (MAINTABLE, SUBTABLE, PRESTEXT, CLEANTABLE, USERID, LOGDATE) VALUES  ('S166C16060203', '', 'code 16.6/C160602_03/C160602_03 - ???? ?????? ??????? ?? ??????? ??????? ?? ??????? ??????? ?????? (??????? ????????)', 'Y', 'SDGS', GETDATE());
INSERT INTO "SUBTABLE_ENG" (MAINTABLE, SUBTABLE, PRESTEXT, USERID, LOGDATE) VALUES  ('S166C16060203', '', 'code 16.6/C160602_03/C160602_03 - Proportion of population satisfied with their last experience of public services  (secondary public schools)', 'SDGS', GETDATE());
INSERT INTO "SUBTABLEVARIABLE" (MAINTABLE, SUBTABLE, VARIABLE, VARIABLETYPE, STORECOLUMNNO, USERID, LOGDATE) VALUES ('S166C16060203', '', 'TIME_PERIOD', 'T', '1', 'SDGS', GETDATE());
INSERT INTO "CONTENTSTIME" (MAINTABLE, CONTENTS, TIMEPERIOD, USERID, LOGDATE) VALUES ('S166C16060203', 'OBS_VALUE', 2018, 'SDGS', GETDATE());
INSERT INTO "VALUESET" (VALUESET, PRESTEXT, DESCRIPTION, ELIMINATION, VALUEPOOL, METAID, FOOTNOTE, USERID, LOGDATE, VALUEPRES, SORTCODEEXISTS) VALUES ('VSREF_AREA_C160602_03', 'Hmm', 'None', 'A', 'VPREF_AREA', '0', 'N', 'SDGS', GETDATE(), 'T', 'N');
INSERT INTO "VALUESET_ENG" (VALUESET, PRESTEXT, DESCRIPTION, USERID, LOGDATE) VALUES ('VSREF_AREA_C160602_03', 'Hmm', 'None', 'SDGS', GETDATE());
INSERT INTO "VSVALUE" (VALUESET, VALUEPOOL, VALUECODE, USERID, LOGDATE) VALUES ('VSREF_AREA_C160602_03', 'VPREF_AREA', '1', 'SDGS', GETDATE());
INSERT INTO "VSVALUE_ENG" (VALUESET, VALUEPOOL, VALUECODE, USERID, LOGDATE) VALUES ('VSREF_AREA_C160602_03', 'VPREF_AREA', '1', 'SDGS', GETDATE());
INSERT INTO "VSVALUE" (VALUESET, VALUEPOOL, VALUECODE, USERID, LOGDATE) VALUES ('VSREF_AREA_C160602_03', 'VPREF_AREA', '2', 'SDGS', GETDATE());
INSERT INTO "VSVALUE_ENG" (VALUESET, VALUEPOOL, VALUECODE, USERID, LOGDATE) VALUES ('VSREF_AREA_C160602_03', 'VPREF_AREA', '2', 'SDGS', GETDATE());
INSERT INTO "VSVALUE" (VALUESET, VALUEPOOL, VALUECODE, USERID, LOGDATE) VALUES ('VSREF_AREA_C160602_03', 'VPREF_AREA', '3', 'SDGS', GETDATE());
INSERT INTO "VSVALUE_ENG" (VALUESET, VALUEPOOL, VALUECODE, USERID, LOGDATE) VALUES ('VSREF_AREA_C160602_03', 'VPREF_AREA', '3', 'SDGS', GETDATE());
INSERT INTO "SUBTABLEVARIABLE" (MAINTABLE, SUBTABLE, VARIABLE, VALUESET, VARIABLETYPE, STORECOLUMNNO, USERID, LOGDATE) VALUES ('S166C16060203', '', 'REF_AREA', 'VSREF_AREA_C160602_03', 'V', '1', 'SDGS', GETDATE());
INSERT INTO "VALUESET" (VALUESET, PRESTEXT, DESCRIPTION, ELIMINATION, VALUEPOOL, METAID, FOOTNOTE, USERID, LOGDATE, VALUEPRES, SORTCODEEXISTS) VALUES ('VSSEX_C160602_03', 'Hmm', 'None', 'A', 'VPSEX', '0', 'N', 'SDGS', GETDATE(), 'T', 'N');
INSERT INTO "VALUESET_ENG" (VALUESET, PRESTEXT, DESCRIPTION, USERID, LOGDATE) VALUES ('VSSEX_C160602_03', 'Hmm', 'None', 'SDGS', GETDATE());
INSERT INTO "VSVALUE" (VALUESET, VALUEPOOL, VALUECODE, USERID, LOGDATE) VALUES ('VSSEX_C160602_03', 'VPSEX', 'M', 'SDGS', GETDATE());
INSERT INTO "VSVALUE_ENG" (VALUESET, VALUEPOOL, VALUECODE, USERID, LOGDATE) VALUES ('VSSEX_C160602_03', 'VPSEX', 'M', 'SDGS', GETDATE());
INSERT INTO "VSVALUE" (VALUESET, VALUEPOOL, VALUECODE, USERID, LOGDATE) VALUES ('VSSEX_C160602_03', 'VPSEX', 'F', 'SDGS', GETDATE());
INSERT INTO "VSVALUE_ENG" (VALUESET, VALUEPOOL, VALUECODE, USERID, LOGDATE) VALUES ('VSSEX_C160602_03', 'VPSEX', 'F', 'SDGS', GETDATE());
INSERT INTO "VSVALUE" (VALUESET, VALUEPOOL, VALUECODE, USERID, LOGDATE) VALUES ('VSSEX_C160602_03', 'VPSEX', '_T', 'SDGS', GETDATE());
INSERT INTO "VSVALUE_ENG" (VALUESET, VALUEPOOL, VALUECODE, USERID, LOGDATE) VALUES ('VSSEX_C160602_03', 'VPSEX', '_T', 'SDGS', GETDATE());
INSERT INTO "SUBTABLEVARIABLE" (MAINTABLE, SUBTABLE, VARIABLE, VALUESET, VARIABLETYPE, STORECOLUMNNO, USERID, LOGDATE) VALUES ('S166C16060203', '', 'SEX', 'VSSEX_C160602_03', 'V', '1', 'SDGS', GETDATE());
IF EXISTS (SELECT 1 FROM SYS.VIEWS WHERE NAME = 'S166C16060203' AND TYPE  = 'v') DROP VIEW S166C16060203;
GO
CREATE VIEW S166C16060203 AS SELECT * FROM INDICATORDATA WHERE SUBINDICATOR_CODE = 'C160602_03';
GO
INSERT INTO "MAINTABLE" (MAINTABLE, PRESTEXT, PRESTEXTS, PRESCATEGORY, TIMESCALE, USERID, LOGDATE, FIRSTPUBLISHED, TABLESTATUS, TABLEID, PRODUCTCODE, SPECCHAREXISTS, METAID, SUBJECTCODE, CONTENTSVARIABLE) VALUES  ('S166C16060204', 'code 16.6/C160602_04/C160602_04 - ???? ?????? ??????? ?? ??????? ??????? ?? ??????? ??????? ?????? (??????? ????????)', 'SDGs Indicators', 'O', 'year', 'SDGS', GETDATE(), GETDATE(), 'A', 'S166C16060204', '001', 'N', '01', '01', 'ar: Sub Indicator');
INSERT INTO "MAINTABLE_ENG" (MAINTABLE, STATUS, PUBLISHED, PRESTEXT, PRESTEXTS, CONTENTSVARIABLE, USERID, LOGDATE) VALUES  ('S166C16060204', 'A', GETDATE(), 'code 16.6/C160602_04/C160602_04 - Proportion of population satisfied with their last experience of public services (administrative services)', 'SDGs Indicators', 'Sub Indicator', 'SDGS', GETDATE());
INSERT INTO "SECONDARYLANGUAGE" (MAINTABLE, LANGUAGE, COMPLETELYTRANSLATED,PUBLISHED, USERID, LOGDATE) VALUES  ('S166C16060204', 'en','Y', 'Y', 'SDGS', GETDATE());
INSERT INTO "CONTENTS" (MAINTABLE, CONTENTS, PRESTEXT, PRESCODE, COPYRIGHT, PRODUCER, LASTUPDATED, UNIT, PRESDECIMALS, PRESCELLSZERO, STOCKFA, DAYADJ, SEASADJ, FOOTNOTECONTENTS, FOOTNOTEVARIABLE, FOOTNOTEVALUE, STORECOLUMNNO, STOREFORMAT, STORENOCHAR, STOREDECIMALS, USERID, LOGDATE, PUBLISHED, PRESTEXTS, STATAUTHORITY, AGGREGPOSSIBLE, FOOTNOTETIME, METAID) VALUES  ('S166C16060204', 'OBS_VALUE', 'ar: Sustainable Development Goals - SDGs', 'DATA', '1', 'PCBS', GETDATE(), 'OBS_VALUE', '2', 'Y', 'F', 'N', 'N', 'N', 'N', 'N', '3', 'N', '17', '2', 'SDGS', GETDATE(), GETDATE(), 'C160602_04', 'PCBS', 'N', 'N', '01');
INSERT INTO "CONTENTS_ENG" (MAINTABLE, CONTENTS, PRESTEXT, UNIT, USERID, LOGDATE, PRESTEXTS, REFPERIOD, BASEPERIOD)  VALUES  ('S166C16060204', 'OBS_VALUE', 'Sustainable Development Goals - SDGs',  'OBS_VALUE', 'SDGS', GETDATE(), 'C160602_04', NULL,NULL);
INSERT INTO "SUBTABLE" (MAINTABLE, SUBTABLE, PRESTEXT, CLEANTABLE, USERID, LOGDATE) VALUES  ('S166C16060204', '', 'code 16.6/C160602_04/C160602_04 - ???? ?????? ??????? ?? ??????? ??????? ?? ??????? ??????? ?????? (??????? ????????)', 'Y', 'SDGS', GETDATE());
INSERT INTO "SUBTABLE_ENG" (MAINTABLE, SUBTABLE, PRESTEXT, USERID, LOGDATE) VALUES  ('S166C16060204', '', 'code 16.6/C160602_04/C160602_04 - Proportion of population satisfied with their last experience of public services (administrative services)', 'SDGS', GETDATE());
INSERT INTO "SUBTABLEVARIABLE" (MAINTABLE, SUBTABLE, VARIABLE, VARIABLETYPE, STORECOLUMNNO, USERID, LOGDATE) VALUES ('S166C16060204', '', 'TIME_PERIOD', 'T', '1', 'SDGS', GETDATE());
INSERT INTO "CONTENTSTIME" (MAINTABLE, CONTENTS, TIMEPERIOD, USERID, LOGDATE) VALUES ('S166C16060204', 'OBS_VALUE', 2018, 'SDGS', GETDATE());
INSERT INTO "VALUESET" (VALUESET, PRESTEXT, DESCRIPTION, ELIMINATION, VALUEPOOL, METAID, FOOTNOTE, USERID, LOGDATE, VALUEPRES, SORTCODEEXISTS) VALUES ('VSREF_AREA_C160602_04', 'Hmm', 'None', 'A', 'VPREF_AREA', '0', 'N', 'SDGS', GETDATE(), 'T', 'N');
INSERT INTO "VALUESET_ENG" (VALUESET, PRESTEXT, DESCRIPTION, USERID, LOGDATE) VALUES ('VSREF_AREA_C160602_04', 'Hmm', 'None', 'SDGS', GETDATE());
INSERT INTO "VSVALUE" (VALUESET, VALUEPOOL, VALUECODE, USERID, LOGDATE) VALUES ('VSREF_AREA_C160602_04', 'VPREF_AREA', '1', 'SDGS', GETDATE());
INSERT INTO "VSVALUE_ENG" (VALUESET, VALUEPOOL, VALUECODE, USERID, LOGDATE) VALUES ('VSREF_AREA_C160602_04', 'VPREF_AREA', '1', 'SDGS', GETDATE());
INSERT INTO "VSVALUE" (VALUESET, VALUEPOOL, VALUECODE, USERID, LOGDATE) VALUES ('VSREF_AREA_C160602_04', 'VPREF_AREA', '2', 'SDGS', GETDATE());
INSERT INTO "VSVALUE_ENG" (VALUESET, VALUEPOOL, VALUECODE, USERID, LOGDATE) VALUES ('VSREF_AREA_C160602_04', 'VPREF_AREA', '2', 'SDGS', GETDATE());
INSERT INTO "VSVALUE" (VALUESET, VALUEPOOL, VALUECODE, USERID, LOGDATE) VALUES ('VSREF_AREA_C160602_04', 'VPREF_AREA', '3', 'SDGS', GETDATE());
INSERT INTO "VSVALUE_ENG" (VALUESET, VALUEPOOL, VALUECODE, USERID, LOGDATE) VALUES ('VSREF_AREA_C160602_04', 'VPREF_AREA', '3', 'SDGS', GETDATE());
INSERT INTO "SUBTABLEVARIABLE" (MAINTABLE, SUBTABLE, VARIABLE, VALUESET, VARIABLETYPE, STORECOLUMNNO, USERID, LOGDATE) VALUES ('S166C16060204', '', 'REF_AREA', 'VSREF_AREA_C160602_04', 'V', '1', 'SDGS', GETDATE());
INSERT INTO "VALUESET" (VALUESET, PRESTEXT, DESCRIPTION, ELIMINATION, VALUEPOOL, METAID, FOOTNOTE, USERID, LOGDATE, VALUEPRES, SORTCODEEXISTS) VALUES ('VSSEX_C160602_04', 'Hmm', 'None', 'A', 'VPSEX', '0', 'N', 'SDGS', GETDATE(), 'T', 'N');
INSERT INTO "VALUESET_ENG" (VALUESET, PRESTEXT, DESCRIPTION, USERID, LOGDATE) VALUES ('VSSEX_C160602_04', 'Hmm', 'None', 'SDGS', GETDATE());
INSERT INTO "VSVALUE" (VALUESET, VALUEPOOL, VALUECODE, USERID, LOGDATE) VALUES ('VSSEX_C160602_04', 'VPSEX', 'M', 'SDGS', GETDATE());
INSERT INTO "VSVALUE_ENG" (VALUESET, VALUEPOOL, VALUECODE, USERID, LOGDATE) VALUES ('VSSEX_C160602_04', 'VPSEX', 'M', 'SDGS', GETDATE());
INSERT INTO "VSVALUE" (VALUESET, VALUEPOOL, VALUECODE, USERID, LOGDATE) VALUES ('VSSEX_C160602_04', 'VPSEX', 'F', 'SDGS', GETDATE());
INSERT INTO "VSVALUE_ENG" (VALUESET, VALUEPOOL, VALUECODE, USERID, LOGDATE) VALUES ('VSSEX_C160602_04', 'VPSEX', 'F', 'SDGS', GETDATE());
INSERT INTO "VSVALUE" (VALUESET, VALUEPOOL, VALUECODE, USERID, LOGDATE) VALUES ('VSSEX_C160602_04', 'VPSEX', '_T', 'SDGS', GETDATE());
INSERT INTO "VSVALUE_ENG" (VALUESET, VALUEPOOL, VALUECODE, USERID, LOGDATE) VALUES ('VSSEX_C160602_04', 'VPSEX', '_T', 'SDGS', GETDATE());
INSERT INTO "SUBTABLEVARIABLE" (MAINTABLE, SUBTABLE, VARIABLE, VALUESET, VARIABLETYPE, STORECOLUMNNO, USERID, LOGDATE) VALUES ('S166C16060204', '', 'SEX', 'VSSEX_C160602_04', 'V', '1', 'SDGS', GETDATE());
IF EXISTS (SELECT 1 FROM SYS.VIEWS WHERE NAME = 'S166C16060204' AND TYPE  = 'v') DROP VIEW S166C16060204;
GO
CREATE VIEW S166C16060204 AS SELECT * FROM INDICATORDATA WHERE SUBINDICATOR_CODE = 'C160602_04';
GO
INSERT INTO "MAINTABLE" (MAINTABLE, PRESTEXT, PRESTEXTS, PRESCATEGORY, TIMESCALE, USERID, LOGDATE, FIRSTPUBLISHED, TABLESTATUS, TABLEID, PRODUCTCODE, SPECCHAREXISTS, METAID, SUBJECTCODE, CONTENTSVARIABLE) VALUES  ('S167C16070201', 'code 16.7/C160702_01/C160702_01 - ???? ?????? ????? ??????? ?? ??? ?????? ????? ????? ?????? ?????? ??????????? ???? ????? ?????? ???????? ?????? ????????  (???? ?????? ??????? ?? ????? ?????? ???? ??? ???? ??? ??? ??? ????? ???????)', 'SDGs Indicators', 'O', 'year', 'SDGS', GETDATE(), GETDATE(), 'A', 'S167C16070201', '001', 'N', '01', '01', 'ar: Sub Indicator');
INSERT INTO "MAINTABLE_ENG" (MAINTABLE, STATUS, PUBLISHED, PRESTEXT, PRESTEXTS, CONTENTSVARIABLE, USERID, LOGDATE) VALUES  ('S167C16070201', 'A', GETDATE(), 'code 16.7/C160702_01/C160702_01 - Proportion of population who believe decision-making is inclusive and responsive, by sex, age, disability and population group (The political system in the country allows individuals like me to have an opinion on what the government is doing)', 'SDGs Indicators', 'Sub Indicator', 'SDGS', GETDATE());
INSERT INTO "SECONDARYLANGUAGE" (MAINTABLE, LANGUAGE, COMPLETELYTRANSLATED,PUBLISHED, USERID, LOGDATE) VALUES  ('S167C16070201', 'en','Y', 'Y', 'SDGS', GETDATE());
INSERT INTO "CONTENTS" (MAINTABLE, CONTENTS, PRESTEXT, PRESCODE, COPYRIGHT, PRODUCER, LASTUPDATED, UNIT, PRESDECIMALS, PRESCELLSZERO, STOCKFA, DAYADJ, SEASADJ, FOOTNOTECONTENTS, FOOTNOTEVARIABLE, FOOTNOTEVALUE, STORECOLUMNNO, STOREFORMAT, STORENOCHAR, STOREDECIMALS, USERID, LOGDATE, PUBLISHED, PRESTEXTS, STATAUTHORITY, AGGREGPOSSIBLE, FOOTNOTETIME, METAID) VALUES  ('S167C16070201', 'OBS_VALUE', 'ar: Sustainable Development Goals - SDGs', 'DATA', '1', 'PCBS', GETDATE(), 'OBS_VALUE', '2', 'Y', 'F', 'N', 'N', 'N', 'N', 'N', '3', 'N', '17', '2', 'SDGS', GETDATE(), GETDATE(), 'C160702_01', 'PCBS', 'N', 'N', '01');
INSERT INTO "CONTENTS_ENG" (MAINTABLE, CONTENTS, PRESTEXT, UNIT, USERID, LOGDATE, PRESTEXTS, REFPERIOD, BASEPERIOD)  VALUES  ('S167C16070201', 'OBS_VALUE', 'Sustainable Development Goals - SDGs',  'OBS_VALUE', 'SDGS', GETDATE(), 'C160702_01', NULL,NULL);
INSERT INTO "SUBTABLE" (MAINTABLE, SUBTABLE, PRESTEXT, CLEANTABLE, USERID, LOGDATE) VALUES  ('S167C16070201', '', 'code 16.7/C160702_01/C160702_01 - ???? ?????? ????? ??????? ?? ??? ?????? ????? ????? ?????? ?????? ??????????? ???? ????? ?????? ???????? ?????? ????????  (???? ?????? ??????? ?? ????? ?????? ???? ??? ???? ??? ??? ??? ????? ???????)', 'Y', 'SDGS', GETDATE());
INSERT INTO "SUBTABLE_ENG" (MAINTABLE, SUBTABLE, PRESTEXT, USERID, LOGDATE) VALUES  ('S167C16070201', '', 'code 16.7/C160702_01/C160702_01 - Proportion of population who believe decision-making is inclusive and responsive, by sex, age, disability and population group (The political system in the country allows individuals like me to have an opinion on what the government is doing)', 'SDGS', GETDATE());
INSERT INTO "SUBTABLEVARIABLE" (MAINTABLE, SUBTABLE, VARIABLE, VARIABLETYPE, STORECOLUMNNO, USERID, LOGDATE) VALUES ('S167C16070201', '', 'TIME_PERIOD', 'T', '1', 'SDGS', GETDATE());
INSERT INTO "CONTENTSTIME" (MAINTABLE, CONTENTS, TIMEPERIOD, USERID, LOGDATE) VALUES ('S167C16070201', 'OBS_VALUE', 2018, 'SDGS', GETDATE());
INSERT INTO "VALUESET" (VALUESET, PRESTEXT, DESCRIPTION, ELIMINATION, VALUEPOOL, METAID, FOOTNOTE, USERID, LOGDATE, VALUEPRES, SORTCODEEXISTS) VALUES ('VSREF_AREA_C160702_01', 'Hmm', 'None', 'A', 'VPREF_AREA', '0', 'N', 'SDGS', GETDATE(), 'T', 'N');
INSERT INTO "VALUESET_ENG" (VALUESET, PRESTEXT, DESCRIPTION, USERID, LOGDATE) VALUES ('VSREF_AREA_C160702_01', 'Hmm', 'None', 'SDGS', GETDATE());
INSERT INTO "VSVALUE" (VALUESET, VALUEPOOL, VALUECODE, USERID, LOGDATE) VALUES ('VSREF_AREA_C160702_01', 'VPREF_AREA', '1', 'SDGS', GETDATE());
INSERT INTO "VSVALUE_ENG" (VALUESET, VALUEPOOL, VALUECODE, USERID, LOGDATE) VALUES ('VSREF_AREA_C160702_01', 'VPREF_AREA', '1', 'SDGS', GETDATE());
INSERT INTO "VSVALUE" (VALUESET, VALUEPOOL, VALUECODE, USERID, LOGDATE) VALUES ('VSREF_AREA_C160702_01', 'VPREF_AREA', '2', 'SDGS', GETDATE());
INSERT INTO "VSVALUE_ENG" (VALUESET, VALUEPOOL, VALUECODE, USERID, LOGDATE) VALUES ('VSREF_AREA_C160702_01', 'VPREF_AREA', '2', 'SDGS', GETDATE());
INSERT INTO "VSVALUE" (VALUESET, VALUEPOOL, VALUECODE, USERID, LOGDATE) VALUES ('VSREF_AREA_C160702_01', 'VPREF_AREA', '3', 'SDGS', GETDATE());
INSERT INTO "VSVALUE_ENG" (VALUESET, VALUEPOOL, VALUECODE, USERID, LOGDATE) VALUES ('VSREF_AREA_C160702_01', 'VPREF_AREA', '3', 'SDGS', GETDATE());
INSERT INTO "SUBTABLEVARIABLE" (MAINTABLE, SUBTABLE, VARIABLE, VALUESET, VARIABLETYPE, STORECOLUMNNO, USERID, LOGDATE) VALUES ('S167C16070201', '', 'REF_AREA', 'VSREF_AREA_C160702_01', 'V', '1', 'SDGS', GETDATE());
INSERT INTO "VALUESET" (VALUESET, PRESTEXT, DESCRIPTION, ELIMINATION, VALUEPOOL, METAID, FOOTNOTE, USERID, LOGDATE, VALUEPRES, SORTCODEEXISTS) VALUES ('VSSEX_C160702_01', 'Hmm', 'None', 'A', 'VPSEX', '0', 'N', 'SDGS', GETDATE(), 'T', 'N');
INSERT INTO "VALUESET_ENG" (VALUESET, PRESTEXT, DESCRIPTION, USERID, LOGDATE) VALUES ('VSSEX_C160702_01', 'Hmm', 'None', 'SDGS', GETDATE());
INSERT INTO "VSVALUE" (VALUESET, VALUEPOOL, VALUECODE, USERID, LOGDATE) VALUES ('VSSEX_C160702_01', 'VPSEX', 'M', 'SDGS', GETDATE());
INSERT INTO "VSVALUE_ENG" (VALUESET, VALUEPOOL, VALUECODE, USERID, LOGDATE) VALUES ('VSSEX_C160702_01', 'VPSEX', 'M', 'SDGS', GETDATE());
INSERT INTO "VSVALUE" (VALUESET, VALUEPOOL, VALUECODE, USERID, LOGDATE) VALUES ('VSSEX_C160702_01', 'VPSEX', 'F', 'SDGS', GETDATE());
INSERT INTO "VSVALUE_ENG" (VALUESET, VALUEPOOL, VALUECODE, USERID, LOGDATE) VALUES ('VSSEX_C160702_01', 'VPSEX', 'F', 'SDGS', GETDATE());
INSERT INTO "VSVALUE" (VALUESET, VALUEPOOL, VALUECODE, USERID, LOGDATE) VALUES ('VSSEX_C160702_01', 'VPSEX', '_T', 'SDGS', GETDATE());
INSERT INTO "VSVALUE_ENG" (VALUESET, VALUEPOOL, VALUECODE, USERID, LOGDATE) VALUES ('VSSEX_C160702_01', 'VPSEX', '_T', 'SDGS', GETDATE());
INSERT INTO "SUBTABLEVARIABLE" (MAINTABLE, SUBTABLE, VARIABLE, VALUESET, VARIABLETYPE, STORECOLUMNNO, USERID, LOGDATE) VALUES ('S167C16070201', '', 'SEX', 'VSSEX_C160702_01', 'V', '1', 'SDGS', GETDATE());
INSERT INTO "VALUESET" (VALUESET, PRESTEXT, DESCRIPTION, ELIMINATION, VALUEPOOL, METAID, FOOTNOTE, USERID, LOGDATE, VALUEPRES, SORTCODEEXISTS) VALUES ('VSURBANISATION_C160702_01', 'Hmm', 'None', 'A', 'VPURBANISATION', '0', 'N', 'SDGS', GETDATE(), 'T', 'N');
INSERT INTO "VALUESET_ENG" (VALUESET, PRESTEXT, DESCRIPTION, USERID, LOGDATE) VALUES ('VSURBANISATION_C160702_01', 'Hmm', 'None', 'SDGS', GETDATE());
INSERT INTO "VSVALUE" (VALUESET, VALUEPOOL, VALUECODE, USERID, LOGDATE) VALUES ('VSURBANISATION_C160702_01', 'VPURBANISATION', '_T', 'SDGS', GETDATE());
INSERT INTO "VSVALUE_ENG" (VALUESET, VALUEPOOL, VALUECODE, USERID, LOGDATE) VALUES ('VSURBANISATION_C160702_01', 'VPURBANISATION', '_T', 'SDGS', GETDATE());
INSERT INTO "VSVALUE" (VALUESET, VALUEPOOL, VALUECODE, USERID, LOGDATE) VALUES ('VSURBANISATION_C160702_01', 'VPURBANISATION', 'U', 'SDGS', GETDATE());
INSERT INTO "VSVALUE_ENG" (VALUESET, VALUEPOOL, VALUECODE, USERID, LOGDATE) VALUES ('VSURBANISATION_C160702_01', 'VPURBANISATION', 'U', 'SDGS', GETDATE());
INSERT INTO "VSVALUE" (VALUESET, VALUEPOOL, VALUECODE, USERID, LOGDATE) VALUES ('VSURBANISATION_C160702_01', 'VPURBANISATION', 'R', 'SDGS', GETDATE());
INSERT INTO "VSVALUE_ENG" (VALUESET, VALUEPOOL, VALUECODE, USERID, LOGDATE) VALUES ('VSURBANISATION_C160702_01', 'VPURBANISATION', 'R', 'SDGS', GETDATE());
INSERT INTO "VSVALUE" (VALUESET, VALUEPOOL, VALUECODE, USERID, LOGDATE) VALUES ('VSURBANISATION_C160702_01', 'VPURBANISATION', 'C', 'SDGS', GETDATE());
INSERT INTO "VSVALUE_ENG" (VALUESET, VALUEPOOL, VALUECODE, USERID, LOGDATE) VALUES ('VSURBANISATION_C160702_01', 'VPURBANISATION', 'C', 'SDGS', GETDATE());
INSERT INTO "SUBTABLEVARIABLE" (MAINTABLE, SUBTABLE, VARIABLE, VALUESET, VARIABLETYPE, STORECOLUMNNO, USERID, LOGDATE) VALUES ('S167C16070201', '', 'URBANISATION', 'VSURBANISATION_C160702_01', 'V', '1', 'SDGS', GETDATE());
IF EXISTS (SELECT 1 FROM SYS.VIEWS WHERE NAME = 'S167C16070201' AND TYPE  = 'v') DROP VIEW S167C16070201;
GO
CREATE VIEW S167C16070201 AS SELECT * FROM INDICATORDATA WHERE SUBINDICATOR_CODE = 'C160702_01';
GO
INSERT INTO "MAINTABLE" (MAINTABLE, PRESTEXT, PRESTEXTS, PRESCATEGORY, TIMESCALE, USERID, LOGDATE, FIRSTPUBLISHED, TABLESTATUS, TABLEID, PRODUCTCODE, SPECCHAREXISTS, METAID, SUBJECTCODE, CONTENTSVARIABLE) VALUES  ('S167C16070202', 'code 16.7/C160702_02/C160702_02 - ???? ?????? ????? ??????? ?? ??? ?????? ????? ????? ?????? ?????? ??????????? ???? ????? ?????? ???????? ?????? ???????? (??? ?????? ??? ???????? ???????? ?? ?????)', 'SDGs Indicators', 'O', 'year', 'SDGS', GETDATE(), GETDATE(), 'A', 'S167C16070202', '001', 'N', '01', '01', 'ar: Sub Indicator');
INSERT INTO "MAINTABLE_ENG" (MAINTABLE, STATUS, PUBLISHED, PRESTEXT, PRESTEXTS, CONTENTSVARIABLE, USERID, LOGDATE) VALUES  ('S167C16070202', 'A', GETDATE(), 'code 16.7/C160702_02/C160702_02 - Proportion of population who believe decision-making is inclusive and responsive, by sex, age, disability and population group (I trust in my ability to participate in politics in the country)', 'SDGs Indicators', 'Sub Indicator', 'SDGS', GETDATE());
INSERT INTO "SECONDARYLANGUAGE" (MAINTABLE, LANGUAGE, COMPLETELYTRANSLATED,PUBLISHED, USERID, LOGDATE) VALUES  ('S167C16070202', 'en','Y', 'Y', 'SDGS', GETDATE());
INSERT INTO "CONTENTS" (MAINTABLE, CONTENTS, PRESTEXT, PRESCODE, COPYRIGHT, PRODUCER, LASTUPDATED, UNIT, PRESDECIMALS, PRESCELLSZERO, STOCKFA, DAYADJ, SEASADJ, FOOTNOTECONTENTS, FOOTNOTEVARIABLE, FOOTNOTEVALUE, STORECOLUMNNO, STOREFORMAT, STORENOCHAR, STOREDECIMALS, USERID, LOGDATE, PUBLISHED, PRESTEXTS, STATAUTHORITY, AGGREGPOSSIBLE, FOOTNOTETIME, METAID) VALUES  ('S167C16070202', 'OBS_VALUE', 'ar: Sustainable Development Goals - SDGs', 'DATA', '1', 'PCBS', GETDATE(), 'OBS_VALUE', '2', 'Y', 'F', 'N', 'N', 'N', 'N', 'N', '3', 'N', '17', '2', 'SDGS', GETDATE(), GETDATE(), 'C160702_02', 'PCBS', 'N', 'N', '01');
INSERT INTO "CONTENTS_ENG" (MAINTABLE, CONTENTS, PRESTEXT, UNIT, USERID, LOGDATE, PRESTEXTS, REFPERIOD, BASEPERIOD)  VALUES  ('S167C16070202', 'OBS_VALUE', 'Sustainable Development Goals - SDGs',  'OBS_VALUE', 'SDGS', GETDATE(), 'C160702_02', NULL,NULL);
INSERT INTO "SUBTABLE" (MAINTABLE, SUBTABLE, PRESTEXT, CLEANTABLE, USERID, LOGDATE) VALUES  ('S167C16070202', '', 'code 16.7/C160702_02/C160702_02 - ???? ?????? ????? ??????? ?? ??? ?????? ????? ????? ?????? ?????? ??????????? ???? ????? ?????? ???????? ?????? ???????? (??? ?????? ??? ???????? ???????? ?? ?????)', 'Y', 'SDGS', GETDATE());
INSERT INTO "SUBTABLE_ENG" (MAINTABLE, SUBTABLE, PRESTEXT, USERID, LOGDATE) VALUES  ('S167C16070202', '', 'code 16.7/C160702_02/C160702_02 - Proportion of population who believe decision-making is inclusive and responsive, by sex, age, disability and population group (I trust in my ability to participate in politics in the country)', 'SDGS', GETDATE());
INSERT INTO "SUBTABLEVARIABLE" (MAINTABLE, SUBTABLE, VARIABLE, VARIABLETYPE, STORECOLUMNNO, USERID, LOGDATE) VALUES ('S167C16070202', '', 'TIME_PERIOD', 'T', '1', 'SDGS', GETDATE());
INSERT INTO "CONTENTSTIME" (MAINTABLE, CONTENTS, TIMEPERIOD, USERID, LOGDATE) VALUES ('S167C16070202', 'OBS_VALUE', 2018, 'SDGS', GETDATE());
INSERT INTO "VALUESET" (VALUESET, PRESTEXT, DESCRIPTION, ELIMINATION, VALUEPOOL, METAID, FOOTNOTE, USERID, LOGDATE, VALUEPRES, SORTCODEEXISTS) VALUES ('VSREF_AREA_C160702_02', 'Hmm', 'None', 'A', 'VPREF_AREA', '0', 'N', 'SDGS', GETDATE(), 'T', 'N');
INSERT INTO "VALUESET_ENG" (VALUESET, PRESTEXT, DESCRIPTION, USERID, LOGDATE) VALUES ('VSREF_AREA_C160702_02', 'Hmm', 'None', 'SDGS', GETDATE());
INSERT INTO "VSVALUE" (VALUESET, VALUEPOOL, VALUECODE, USERID, LOGDATE) VALUES ('VSREF_AREA_C160702_02', 'VPREF_AREA', '1', 'SDGS', GETDATE());
INSERT INTO "VSVALUE_ENG" (VALUESET, VALUEPOOL, VALUECODE, USERID, LOGDATE) VALUES ('VSREF_AREA_C160702_02', 'VPREF_AREA', '1', 'SDGS', GETDATE());
INSERT INTO "VSVALUE" (VALUESET, VALUEPOOL, VALUECODE, USERID, LOGDATE) VALUES ('VSREF_AREA_C160702_02', 'VPREF_AREA', '2', 'SDGS', GETDATE());
INSERT INTO "VSVALUE_ENG" (VALUESET, VALUEPOOL, VALUECODE, USERID, LOGDATE) VALUES ('VSREF_AREA_C160702_02', 'VPREF_AREA', '2', 'SDGS', GETDATE());
INSERT INTO "VSVALUE" (VALUESET, VALUEPOOL, VALUECODE, USERID, LOGDATE) VALUES ('VSREF_AREA_C160702_02', 'VPREF_AREA', '3', 'SDGS', GETDATE());
INSERT INTO "VSVALUE_ENG" (VALUESET, VALUEPOOL, VALUECODE, USERID, LOGDATE) VALUES ('VSREF_AREA_C160702_02', 'VPREF_AREA', '3', 'SDGS', GETDATE());
INSERT INTO "SUBTABLEVARIABLE" (MAINTABLE, SUBTABLE, VARIABLE, VALUESET, VARIABLETYPE, STORECOLUMNNO, USERID, LOGDATE) VALUES ('S167C16070202', '', 'REF_AREA', 'VSREF_AREA_C160702_02', 'V', '1', 'SDGS', GETDATE());
INSERT INTO "VALUESET" (VALUESET, PRESTEXT, DESCRIPTION, ELIMINATION, VALUEPOOL, METAID, FOOTNOTE, USERID, LOGDATE, VALUEPRES, SORTCODEEXISTS) VALUES ('VSSEX_C160702_02', 'Hmm', 'None', 'A', 'VPSEX', '0', 'N', 'SDGS', GETDATE(), 'T', 'N');
INSERT INTO "VALUESET_ENG" (VALUESET, PRESTEXT, DESCRIPTION, USERID, LOGDATE) VALUES ('VSSEX_C160702_02', 'Hmm', 'None', 'SDGS', GETDATE());
INSERT INTO "VSVALUE" (VALUESET, VALUEPOOL, VALUECODE, USERID, LOGDATE) VALUES ('VSSEX_C160702_02', 'VPSEX', 'M', 'SDGS', GETDATE());
INSERT INTO "VSVALUE_ENG" (VALUESET, VALUEPOOL, VALUECODE, USERID, LOGDATE) VALUES ('VSSEX_C160702_02', 'VPSEX', 'M', 'SDGS', GETDATE());
INSERT INTO "VSVALUE" (VALUESET, VALUEPOOL, VALUECODE, USERID, LOGDATE) VALUES ('VSSEX_C160702_02', 'VPSEX', 'F', 'SDGS', GETDATE());
INSERT INTO "VSVALUE_ENG" (VALUESET, VALUEPOOL, VALUECODE, USERID, LOGDATE) VALUES ('VSSEX_C160702_02', 'VPSEX', 'F', 'SDGS', GETDATE());
INSERT INTO "VSVALUE" (VALUESET, VALUEPOOL, VALUECODE, USERID, LOGDATE) VALUES ('VSSEX_C160702_02', 'VPSEX', '_T', 'SDGS', GETDATE());
INSERT INTO "VSVALUE_ENG" (VALUESET, VALUEPOOL, VALUECODE, USERID, LOGDATE) VALUES ('VSSEX_C160702_02', 'VPSEX', '_T', 'SDGS', GETDATE());
INSERT INTO "SUBTABLEVARIABLE" (MAINTABLE, SUBTABLE, VARIABLE, VALUESET, VARIABLETYPE, STORECOLUMNNO, USERID, LOGDATE) VALUES ('S167C16070202', '', 'SEX', 'VSSEX_C160702_02', 'V', '1', 'SDGS', GETDATE());
INSERT INTO "VALUESET" (VALUESET, PRESTEXT, DESCRIPTION, ELIMINATION, VALUEPOOL, METAID, FOOTNOTE, USERID, LOGDATE, VALUEPRES, SORTCODEEXISTS) VALUES ('VSURBANISATION_C160702_02', 'Hmm', 'None', 'A', 'VPURBANISATION', '0', 'N', 'SDGS', GETDATE(), 'T', 'N');
INSERT INTO "VALUESET_ENG" (VALUESET, PRESTEXT, DESCRIPTION, USERID, LOGDATE) VALUES ('VSURBANISATION_C160702_02', 'Hmm', 'None', 'SDGS', GETDATE());
INSERT INTO "VSVALUE" (VALUESET, VALUEPOOL, VALUECODE, USERID, LOGDATE) VALUES ('VSURBANISATION_C160702_02', 'VPURBANISATION', '_T', 'SDGS', GETDATE());
INSERT INTO "VSVALUE_ENG" (VALUESET, VALUEPOOL, VALUECODE, USERID, LOGDATE) VALUES ('VSURBANISATION_C160702_02', 'VPURBANISATION', '_T', 'SDGS', GETDATE());
INSERT INTO "VSVALUE" (VALUESET, VALUEPOOL, VALUECODE, USERID, LOGDATE) VALUES ('VSURBANISATION_C160702_02', 'VPURBANISATION', 'U', 'SDGS', GETDATE());
INSERT INTO "VSVALUE_ENG" (VALUESET, VALUEPOOL, VALUECODE, USERID, LOGDATE) VALUES ('VSURBANISATION_C160702_02', 'VPURBANISATION', 'U', 'SDGS', GETDATE());
INSERT INTO "VSVALUE" (VALUESET, VALUEPOOL, VALUECODE, USERID, LOGDATE) VALUES ('VSURBANISATION_C160702_02', 'VPURBANISATION', 'R', 'SDGS', GETDATE());
INSERT INTO "VSVALUE_ENG" (VALUESET, VALUEPOOL, VALUECODE, USERID, LOGDATE) VALUES ('VSURBANISATION_C160702_02', 'VPURBANISATION', 'R', 'SDGS', GETDATE());
INSERT INTO "VSVALUE" (VALUESET, VALUEPOOL, VALUECODE, USERID, LOGDATE) VALUES ('VSURBANISATION_C160702_02', 'VPURBANISATION', 'C', 'SDGS', GETDATE());
INSERT INTO "VSVALUE_ENG" (VALUESET, VALUEPOOL, VALUECODE, USERID, LOGDATE) VALUES ('VSURBANISATION_C160702_02', 'VPURBANISATION', 'C', 'SDGS', GETDATE());
INSERT INTO "SUBTABLEVARIABLE" (MAINTABLE, SUBTABLE, VARIABLE, VALUESET, VARIABLETYPE, STORECOLUMNNO, USERID, LOGDATE) VALUES ('S167C16070202', '', 'URBANISATION', 'VSURBANISATION_C160702_02', 'V', '1', 'SDGS', GETDATE());
IF EXISTS (SELECT 1 FROM SYS.VIEWS WHERE NAME = 'S167C16070202' AND TYPE  = 'v') DROP VIEW S167C16070202;
GO
CREATE VIEW S167C16070202 AS SELECT * FROM INDICATORDATA WHERE SUBINDICATOR_CODE = 'C160702_02';
GO
INSERT INTO "MAINTABLE" (MAINTABLE, PRESTEXT, PRESTEXTS, PRESCATEGORY, TIMESCALE, USERID, LOGDATE, FIRSTPUBLISHED, TABLESTATUS, TABLEID, PRODUCTCODE, SPECCHAREXISTS, METAID, SUBJECTCODE, CONTENTSVARIABLE) VALUES  ('S168C20020501', 'code 16.8/C200205_01/C200205_01 - ????? ??????? ??????? ?? ???????? ??????? (???=1? ??=2)', 'SDGs Indicators', 'O', 'year', 'SDGS', GETDATE(), GETDATE(), 'A', 'S168C20020501', '001', 'N', '01', '01', 'ar: Sub Indicator');
INSERT INTO "MAINTABLE_ENG" (MAINTABLE, STATUS, PUBLISHED, PRESTEXT, PRESTEXTS, CONTENTSVARIABLE, USERID, LOGDATE) VALUES  ('S168C20020501', 'A', GETDATE(), 'code 16.8/C200205_01/C200205_01 - membership of developing countries in international organizations (Yes=1; No=2)', 'SDGs Indicators', 'Sub Indicator', 'SDGS', GETDATE());
INSERT INTO "SECONDARYLANGUAGE" (MAINTABLE, LANGUAGE, COMPLETELYTRANSLATED,PUBLISHED, USERID, LOGDATE) VALUES  ('S168C20020501', 'en','Y', 'Y', 'SDGS', GETDATE());
INSERT INTO "CONTENTS" (MAINTABLE, CONTENTS, PRESTEXT, PRESCODE, COPYRIGHT, PRODUCER, LASTUPDATED, UNIT, PRESDECIMALS, PRESCELLSZERO, STOCKFA, DAYADJ, SEASADJ, FOOTNOTECONTENTS, FOOTNOTEVARIABLE, FOOTNOTEVALUE, STORECOLUMNNO, STOREFORMAT, STORENOCHAR, STOREDECIMALS, USERID, LOGDATE, PUBLISHED, PRESTEXTS, STATAUTHORITY, AGGREGPOSSIBLE, FOOTNOTETIME, METAID) VALUES  ('S168C20020501', 'OBS_VALUE', 'ar: Sustainable Development Goals - SDGs', 'DATA', '1', 'PCBS', GETDATE(), 'OBS_VALUE', '2', 'Y', 'F', 'N', 'N', 'N', 'N', 'N', '3', 'N', '17', '2', 'SDGS', GETDATE(), GETDATE(), 'C200205_01', 'PCBS', 'N', 'N', '01');
INSERT INTO "CONTENTS_ENG" (MAINTABLE, CONTENTS, PRESTEXT, UNIT, USERID, LOGDATE, PRESTEXTS, REFPERIOD, BASEPERIOD)  VALUES  ('S168C20020501', 'OBS_VALUE', 'Sustainable Development Goals - SDGs',  'OBS_VALUE', 'SDGS', GETDATE(), 'C200205_01', NULL,NULL);
INSERT INTO "SUBTABLE" (MAINTABLE, SUBTABLE, PRESTEXT, CLEANTABLE, USERID, LOGDATE) VALUES  ('S168C20020501', '', 'code 16.8/C200205_01/C200205_01 - ????? ??????? ??????? ?? ???????? ??????? (???=1? ??=2)', 'Y', 'SDGS', GETDATE());
INSERT INTO "SUBTABLE_ENG" (MAINTABLE, SUBTABLE, PRESTEXT, USERID, LOGDATE) VALUES  ('S168C20020501', '', 'code 16.8/C200205_01/C200205_01 - membership of developing countries in international organizations (Yes=1; No=2)', 'SDGS', GETDATE());
INSERT INTO "SUBTABLEVARIABLE" (MAINTABLE, SUBTABLE, VARIABLE, VARIABLETYPE, STORECOLUMNNO, USERID, LOGDATE) VALUES ('S168C20020501', '', 'TIME_PERIOD', 'T', '1', 'SDGS', GETDATE());
INSERT INTO "CONTENTSTIME" (MAINTABLE, CONTENTS, TIMEPERIOD, USERID, LOGDATE) VALUES ('S168C20020501', 'OBS_VALUE', 2000, 'SDGS', GETDATE());
INSERT INTO "CONTENTSTIME" (MAINTABLE, CONTENTS, TIMEPERIOD, USERID, LOGDATE) VALUES ('S168C20020501', 'OBS_VALUE', 2001, 'SDGS', GETDATE());
INSERT INTO "CONTENTSTIME" (MAINTABLE, CONTENTS, TIMEPERIOD, USERID, LOGDATE) VALUES ('S168C20020501', 'OBS_VALUE', 2002, 'SDGS', GETDATE());
INSERT INTO "CONTENTSTIME" (MAINTABLE, CONTENTS, TIMEPERIOD, USERID, LOGDATE) VALUES ('S168C20020501', 'OBS_VALUE', 2003, 'SDGS', GETDATE());
INSERT INTO "CONTENTSTIME" (MAINTABLE, CONTENTS, TIMEPERIOD, USERID, LOGDATE) VALUES ('S168C20020501', 'OBS_VALUE', 2004, 'SDGS', GETDATE());
INSERT INTO "CONTENTSTIME" (MAINTABLE, CONTENTS, TIMEPERIOD, USERID, LOGDATE) VALUES ('S168C20020501', 'OBS_VALUE', 2005, 'SDGS', GETDATE());
INSERT INTO "CONTENTSTIME" (MAINTABLE, CONTENTS, TIMEPERIOD, USERID, LOGDATE) VALUES ('S168C20020501', 'OBS_VALUE', 2006, 'SDGS', GETDATE());
INSERT INTO "CONTENTSTIME" (MAINTABLE, CONTENTS, TIMEPERIOD, USERID, LOGDATE) VALUES ('S168C20020501', 'OBS_VALUE', 2007, 'SDGS', GETDATE());
INSERT INTO "CONTENTSTIME" (MAINTABLE, CONTENTS, TIMEPERIOD, USERID, LOGDATE) VALUES ('S168C20020501', 'OBS_VALUE', 2008, 'SDGS', GETDATE());
INSERT INTO "CONTENTSTIME" (MAINTABLE, CONTENTS, TIMEPERIOD, USERID, LOGDATE) VALUES ('S168C20020501', 'OBS_VALUE', 2009, 'SDGS', GETDATE());
INSERT INTO "CONTENTSTIME" (MAINTABLE, CONTENTS, TIMEPERIOD, USERID, LOGDATE) VALUES ('S168C20020501', 'OBS_VALUE', 2010, 'SDGS', GETDATE());
INSERT INTO "CONTENTSTIME" (MAINTABLE, CONTENTS, TIMEPERIOD, USERID, LOGDATE) VALUES ('S168C20020501', 'OBS_VALUE', 2011, 'SDGS', GETDATE());
INSERT INTO "CONTENTSTIME" (MAINTABLE, CONTENTS, TIMEPERIOD, USERID, LOGDATE) VALUES ('S168C20020501', 'OBS_VALUE', 2012, 'SDGS', GETDATE());
INSERT INTO "CONTENTSTIME" (MAINTABLE, CONTENTS, TIMEPERIOD, USERID, LOGDATE) VALUES ('S168C20020501', 'OBS_VALUE', 2013, 'SDGS', GETDATE());
INSERT INTO "CONTENTSTIME" (MAINTABLE, CONTENTS, TIMEPERIOD, USERID, LOGDATE) VALUES ('S168C20020501', 'OBS_VALUE', 2014, 'SDGS', GETDATE());
INSERT INTO "CONTENTSTIME" (MAINTABLE, CONTENTS, TIMEPERIOD, USERID, LOGDATE) VALUES ('S168C20020501', 'OBS_VALUE', 2015, 'SDGS', GETDATE());
INSERT INTO "CONTENTSTIME" (MAINTABLE, CONTENTS, TIMEPERIOD, USERID, LOGDATE) VALUES ('S168C20020501', 'OBS_VALUE', 2016, 'SDGS', GETDATE());
INSERT INTO "CONTENTSTIME" (MAINTABLE, CONTENTS, TIMEPERIOD, USERID, LOGDATE) VALUES ('S168C20020501', 'OBS_VALUE', 2017, 'SDGS', GETDATE());
INSERT INTO "CONTENTSTIME" (MAINTABLE, CONTENTS, TIMEPERIOD, USERID, LOGDATE) VALUES ('S168C20020501', 'OBS_VALUE', 2018, 'SDGS', GETDATE());
INSERT INTO "CONTENTSTIME" (MAINTABLE, CONTENTS, TIMEPERIOD, USERID, LOGDATE) VALUES ('S168C20020501', 'OBS_VALUE', 2019, 'SDGS', GETDATE());
IF EXISTS (SELECT 1 FROM SYS.VIEWS WHERE NAME = 'S168C20020501' AND TYPE  = 'v') DROP VIEW S168C20020501;
GO
CREATE VIEW S168C20020501 AS SELECT * FROM INDICATORDATA WHERE SUBINDICATOR_CODE = 'C200205_01';
GO
INSERT INTO "MAINTABLE" (MAINTABLE, PRESTEXT, PRESTEXTS, PRESCATEGORY, TIMESCALE, USERID, LOGDATE, FIRSTPUBLISHED, TABLESTATUS, TABLEID, PRODUCTCODE, SPECCHAREXISTS, METAID, SUBJECTCODE, CONTENTSVARIABLE) VALUES  ('S168C20020502', 'code 16.8/C200205_02/C200205_02 - ???? ??????? ??????? ??????? ?? ???????? ??????? (???=1? ??=2)', 'SDGs Indicators', 'O', 'year', 'SDGS', GETDATE(), GETDATE(), 'A', 'S168C20020502', '001', 'N', '01', '01', 'ar: Sub Indicator');
INSERT INTO "MAINTABLE_ENG" (MAINTABLE, STATUS, PUBLISHED, PRESTEXT, PRESTEXTS, CONTENTSVARIABLE, USERID, LOGDATE) VALUES  ('S168C20020502', 'A', GETDATE(), 'code 16.8/C200205_02/C200205_02 - voting rights of developing countries in international organizations (Yes=1; No=2)', 'SDGs Indicators', 'Sub Indicator', 'SDGS', GETDATE());
INSERT INTO "SECONDARYLANGUAGE" (MAINTABLE, LANGUAGE, COMPLETELYTRANSLATED,PUBLISHED, USERID, LOGDATE) VALUES  ('S168C20020502', 'en','Y', 'Y', 'SDGS', GETDATE());
INSERT INTO "CONTENTS" (MAINTABLE, CONTENTS, PRESTEXT, PRESCODE, COPYRIGHT, PRODUCER, LASTUPDATED, UNIT, PRESDECIMALS, PRESCELLSZERO, STOCKFA, DAYADJ, SEASADJ, FOOTNOTECONTENTS, FOOTNOTEVARIABLE, FOOTNOTEVALUE, STORECOLUMNNO, STOREFORMAT, STORENOCHAR, STOREDECIMALS, USERID, LOGDATE, PUBLISHED, PRESTEXTS, STATAUTHORITY, AGGREGPOSSIBLE, FOOTNOTETIME, METAID) VALUES  ('S168C20020502', 'OBS_VALUE', 'ar: Sustainable Development Goals - SDGs', 'DATA', '1', 'PCBS', GETDATE(), 'OBS_VALUE', '2', 'Y', 'F', 'N', 'N', 'N', 'N', 'N', '3', 'N', '17', '2', 'SDGS', GETDATE(), GETDATE(), 'C200205_02', 'PCBS', 'N', 'N', '01');
INSERT INTO "CONTENTS_ENG" (MAINTABLE, CONTENTS, PRESTEXT, UNIT, USERID, LOGDATE, PRESTEXTS, REFPERIOD, BASEPERIOD)  VALUES  ('S168C20020502', 'OBS_VALUE', 'Sustainable Development Goals - SDGs',  'OBS_VALUE', 'SDGS', GETDATE(), 'C200205_02', NULL,NULL);
INSERT INTO "SUBTABLE" (MAINTABLE, SUBTABLE, PRESTEXT, CLEANTABLE, USERID, LOGDATE) VALUES  ('S168C20020502', '', 'code 16.8/C200205_02/C200205_02 - ???? ??????? ??????? ??????? ?? ???????? ??????? (???=1? ??=2)', 'Y', 'SDGS', GETDATE());
INSERT INTO "SUBTABLE_ENG" (MAINTABLE, SUBTABLE, PRESTEXT, USERID, LOGDATE) VALUES  ('S168C20020502', '', 'code 16.8/C200205_02/C200205_02 - voting rights of developing countries in international organizations (Yes=1; No=2)', 'SDGS', GETDATE());
INSERT INTO "SUBTABLEVARIABLE" (MAINTABLE, SUBTABLE, VARIABLE, VARIABLETYPE, STORECOLUMNNO, USERID, LOGDATE) VALUES ('S168C20020502', '', 'TIME_PERIOD', 'T', '1', 'SDGS', GETDATE());
INSERT INTO "CONTENTSTIME" (MAINTABLE, CONTENTS, TIMEPERIOD, USERID, LOGDATE) VALUES ('S168C20020502', 'OBS_VALUE', 2000, 'SDGS', GETDATE());
INSERT INTO "CONTENTSTIME" (MAINTABLE, CONTENTS, TIMEPERIOD, USERID, LOGDATE) VALUES ('S168C20020502', 'OBS_VALUE', 2001, 'SDGS', GETDATE());
INSERT INTO "CONTENTSTIME" (MAINTABLE, CONTENTS, TIMEPERIOD, USERID, LOGDATE) VALUES ('S168C20020502', 'OBS_VALUE', 2002, 'SDGS', GETDATE());
INSERT INTO "CONTENTSTIME" (MAINTABLE, CONTENTS, TIMEPERIOD, USERID, LOGDATE) VALUES ('S168C20020502', 'OBS_VALUE', 2003, 'SDGS', GETDATE());
INSERT INTO "CONTENTSTIME" (MAINTABLE, CONTENTS, TIMEPERIOD, USERID, LOGDATE) VALUES ('S168C20020502', 'OBS_VALUE', 2004, 'SDGS', GETDATE());
INSERT INTO "CONTENTSTIME" (MAINTABLE, CONTENTS, TIMEPERIOD, USERID, LOGDATE) VALUES ('S168C20020502', 'OBS_VALUE', 2005, 'SDGS', GETDATE());
INSERT INTO "CONTENTSTIME" (MAINTABLE, CONTENTS, TIMEPERIOD, USERID, LOGDATE) VALUES ('S168C20020502', 'OBS_VALUE', 2006, 'SDGS', GETDATE());
INSERT INTO "CONTENTSTIME" (MAINTABLE, CONTENTS, TIMEPERIOD, USERID, LOGDATE) VALUES ('S168C20020502', 'OBS_VALUE', 2007, 'SDGS', GETDATE());
INSERT INTO "CONTENTSTIME" (MAINTABLE, CONTENTS, TIMEPERIOD, USERID, LOGDATE) VALUES ('S168C20020502', 'OBS_VALUE', 2008, 'SDGS', GETDATE());
INSERT INTO "CONTENTSTIME" (MAINTABLE, CONTENTS, TIMEPERIOD, USERID, LOGDATE) VALUES ('S168C20020502', 'OBS_VALUE', 2009, 'SDGS', GETDATE());
INSERT INTO "CONTENTSTIME" (MAINTABLE, CONTENTS, TIMEPERIOD, USERID, LOGDATE) VALUES ('S168C20020502', 'OBS_VALUE', 2010, 'SDGS', GETDATE());
INSERT INTO "CONTENTSTIME" (MAINTABLE, CONTENTS, TIMEPERIOD, USERID, LOGDATE) VALUES ('S168C20020502', 'OBS_VALUE', 2011, 'SDGS', GETDATE());
INSERT INTO "CONTENTSTIME" (MAINTABLE, CONTENTS, TIMEPERIOD, USERID, LOGDATE) VALUES ('S168C20020502', 'OBS_VALUE', 2012, 'SDGS', GETDATE());
INSERT INTO "CONTENTSTIME" (MAINTABLE, CONTENTS, TIMEPERIOD, USERID, LOGDATE) VALUES ('S168C20020502', 'OBS_VALUE', 2013, 'SDGS', GETDATE());
INSERT INTO "CONTENTSTIME" (MAINTABLE, CONTENTS, TIMEPERIOD, USERID, LOGDATE) VALUES ('S168C20020502', 'OBS_VALUE', 2014, 'SDGS', GETDATE());
INSERT INTO "CONTENTSTIME" (MAINTABLE, CONTENTS, TIMEPERIOD, USERID, LOGDATE) VALUES ('S168C20020502', 'OBS_VALUE', 2015, 'SDGS', GETDATE());
INSERT INTO "CONTENTSTIME" (MAINTABLE, CONTENTS, TIMEPERIOD, USERID, LOGDATE) VALUES ('S168C20020502', 'OBS_VALUE', 2016, 'SDGS', GETDATE());
INSERT INTO "CONTENTSTIME" (MAINTABLE, CONTENTS, TIMEPERIOD, USERID, LOGDATE) VALUES ('S168C20020502', 'OBS_VALUE', 2017, 'SDGS', GETDATE());
INSERT INTO "CONTENTSTIME" (MAINTABLE, CONTENTS, TIMEPERIOD, USERID, LOGDATE) VALUES ('S168C20020502', 'OBS_VALUE', 2018, 'SDGS', GETDATE());
INSERT INTO "CONTENTSTIME" (MAINTABLE, CONTENTS, TIMEPERIOD, USERID, LOGDATE) VALUES ('S168C20020502', 'OBS_VALUE', 2019, 'SDGS', GETDATE());
IF EXISTS (SELECT 1 FROM SYS.VIEWS WHERE NAME = 'S168C20020502' AND TYPE  = 'v') DROP VIEW S168C20020502;
GO
CREATE VIEW S168C20020502 AS SELECT * FROM INDICATORDATA WHERE SUBINDICATOR_CODE = 'C200205_02';
GO
INSERT INTO "MAINTABLE" (MAINTABLE, PRESTEXT, PRESTEXTS, PRESCATEGORY, TIMESCALE, USERID, LOGDATE, FIRSTPUBLISHED, TABLESTATUS, TABLEID, PRODUCTCODE, SPECCHAREXISTS, METAID, SUBJECTCODE, CONTENTSVARIABLE) VALUES  ('S169C16090102', 'code 16.9/C160901_02/C160901_02 - ???? ??????? ??? ?? ??????? ????? ????? ???????? ?? ??? ????? ??????', 'SDGs Indicators', 'O', 'year', 'SDGS', GETDATE(), GETDATE(), 'A', 'S169C16090102', '001', 'N', '01', '01', 'ar: Sub Indicator');
INSERT INTO "MAINTABLE_ENG" (MAINTABLE, STATUS, PUBLISHED, PRESTEXT, PRESTEXTS, CONTENTSVARIABLE, USERID, LOGDATE) VALUES  ('S169C16090102', 'A', GETDATE(), 'code 16.9/C160901_02/C160901_02 - Proportion of children under 5 years of age whose births have been registered with a civil authority', 'SDGs Indicators', 'Sub Indicator', 'SDGS', GETDATE());
INSERT INTO "SECONDARYLANGUAGE" (MAINTABLE, LANGUAGE, COMPLETELYTRANSLATED,PUBLISHED, USERID, LOGDATE) VALUES  ('S169C16090102', 'en','Y', 'Y', 'SDGS', GETDATE());
INSERT INTO "CONTENTS" (MAINTABLE, CONTENTS, PRESTEXT, PRESCODE, COPYRIGHT, PRODUCER, LASTUPDATED, UNIT, PRESDECIMALS, PRESCELLSZERO, STOCKFA, DAYADJ, SEASADJ, FOOTNOTECONTENTS, FOOTNOTEVARIABLE, FOOTNOTEVALUE, STORECOLUMNNO, STOREFORMAT, STORENOCHAR, STOREDECIMALS, USERID, LOGDATE, PUBLISHED, PRESTEXTS, STATAUTHORITY, AGGREGPOSSIBLE, FOOTNOTETIME, METAID) VALUES  ('S169C16090102', 'OBS_VALUE', 'ar: Sustainable Development Goals - SDGs', 'DATA', '1', 'PCBS', GETDATE(), 'OBS_VALUE', '2', 'Y', 'F', 'N', 'N', 'N', 'N', 'N', '3', 'N', '17', '2', 'SDGS', GETDATE(), GETDATE(), 'C160901_02', 'PCBS', 'N', 'N', '01');
INSERT INTO "CONTENTS_ENG" (MAINTABLE, CONTENTS, PRESTEXT, UNIT, USERID, LOGDATE, PRESTEXTS, REFPERIOD, BASEPERIOD)  VALUES  ('S169C16090102', 'OBS_VALUE', 'Sustainable Development Goals - SDGs',  'OBS_VALUE', 'SDGS', GETDATE(), 'C160901_02', NULL,NULL);
INSERT INTO "SUBTABLE" (MAINTABLE, SUBTABLE, PRESTEXT, CLEANTABLE, USERID, LOGDATE) VALUES  ('S169C16090102', '', 'code 16.9/C160901_02/C160901_02 - ???? ??????? ??? ?? ??????? ????? ????? ???????? ?? ??? ????? ??????', 'Y', 'SDGS', GETDATE());
INSERT INTO "SUBTABLE_ENG" (MAINTABLE, SUBTABLE, PRESTEXT, USERID, LOGDATE) VALUES  ('S169C16090102', '', 'code 16.9/C160901_02/C160901_02 - Proportion of children under 5 years of age whose births have been registered with a civil authority', 'SDGS', GETDATE());
INSERT INTO "SUBTABLEVARIABLE" (MAINTABLE, SUBTABLE, VARIABLE, VARIABLETYPE, STORECOLUMNNO, USERID, LOGDATE) VALUES ('S169C16090102', '', 'TIME_PERIOD', 'T', '1', 'SDGS', GETDATE());
INSERT INTO "CONTENTSTIME" (MAINTABLE, CONTENTS, TIMEPERIOD, USERID, LOGDATE) VALUES ('S169C16090102', 'OBS_VALUE', 2011, 'SDGS', GETDATE());
INSERT INTO "CONTENTSTIME" (MAINTABLE, CONTENTS, TIMEPERIOD, USERID, LOGDATE) VALUES ('S169C16090102', 'OBS_VALUE', 2012, 'SDGS', GETDATE());
INSERT INTO "CONTENTSTIME" (MAINTABLE, CONTENTS, TIMEPERIOD, USERID, LOGDATE) VALUES ('S169C16090102', 'OBS_VALUE', 2013, 'SDGS', GETDATE());
INSERT INTO "CONTENTSTIME" (MAINTABLE, CONTENTS, TIMEPERIOD, USERID, LOGDATE) VALUES ('S169C16090102', 'OBS_VALUE', 2014, 'SDGS', GETDATE());
INSERT INTO "CONTENTSTIME" (MAINTABLE, CONTENTS, TIMEPERIOD, USERID, LOGDATE) VALUES ('S169C16090102', 'OBS_VALUE', 2015, 'SDGS', GETDATE());
INSERT INTO "CONTENTSTIME" (MAINTABLE, CONTENTS, TIMEPERIOD, USERID, LOGDATE) VALUES ('S169C16090102', 'OBS_VALUE', 2019, 'SDGS', GETDATE());
INSERT INTO "VALUESET" (VALUESET, PRESTEXT, DESCRIPTION, ELIMINATION, VALUEPOOL, METAID, FOOTNOTE, USERID, LOGDATE, VALUEPRES, SORTCODEEXISTS) VALUES ('VSREF_AREA_C160901_02', 'Hmm', 'None', 'A', 'VPREF_AREA', '0', 'N', 'SDGS', GETDATE(), 'T', 'N');
INSERT INTO "VALUESET_ENG" (VALUESET, PRESTEXT, DESCRIPTION, USERID, LOGDATE) VALUES ('VSREF_AREA_C160901_02', 'Hmm', 'None', 'SDGS', GETDATE());
INSERT INTO "VSVALUE" (VALUESET, VALUEPOOL, VALUECODE, USERID, LOGDATE) VALUES ('VSREF_AREA_C160901_02', 'VPREF_AREA', '1', 'SDGS', GETDATE());
INSERT INTO "VSVALUE_ENG" (VALUESET, VALUEPOOL, VALUECODE, USERID, LOGDATE) VALUES ('VSREF_AREA_C160901_02', 'VPREF_AREA', '1', 'SDGS', GETDATE());
INSERT INTO "VSVALUE" (VALUESET, VALUEPOOL, VALUECODE, USERID, LOGDATE) VALUES ('VSREF_AREA_C160901_02', 'VPREF_AREA', '2', 'SDGS', GETDATE());
INSERT INTO "VSVALUE_ENG" (VALUESET, VALUEPOOL, VALUECODE, USERID, LOGDATE) VALUES ('VSREF_AREA_C160901_02', 'VPREF_AREA', '2', 'SDGS', GETDATE());
INSERT INTO "VSVALUE" (VALUESET, VALUEPOOL, VALUECODE, USERID, LOGDATE) VALUES ('VSREF_AREA_C160901_02', 'VPREF_AREA', '3', 'SDGS', GETDATE());
INSERT INTO "VSVALUE_ENG" (VALUESET, VALUEPOOL, VALUECODE, USERID, LOGDATE) VALUES ('VSREF_AREA_C160901_02', 'VPREF_AREA', '3', 'SDGS', GETDATE());
INSERT INTO "SUBTABLEVARIABLE" (MAINTABLE, SUBTABLE, VARIABLE, VALUESET, VARIABLETYPE, STORECOLUMNNO, USERID, LOGDATE) VALUES ('S169C16090102', '', 'REF_AREA', 'VSREF_AREA_C160901_02', 'V', '1', 'SDGS', GETDATE());
INSERT INTO "VALUESET" (VALUESET, PRESTEXT, DESCRIPTION, ELIMINATION, VALUEPOOL, METAID, FOOTNOTE, USERID, LOGDATE, VALUEPRES, SORTCODEEXISTS) VALUES ('VSSEX_C160901_02', 'Hmm', 'None', 'A', 'VPSEX', '0', 'N', 'SDGS', GETDATE(), 'T', 'N');
INSERT INTO "VALUESET_ENG" (VALUESET, PRESTEXT, DESCRIPTION, USERID, LOGDATE) VALUES ('VSSEX_C160901_02', 'Hmm', 'None', 'SDGS', GETDATE());
INSERT INTO "VSVALUE" (VALUESET, VALUEPOOL, VALUECODE, USERID, LOGDATE) VALUES ('VSSEX_C160901_02', 'VPSEX', 'M', 'SDGS', GETDATE());
INSERT INTO "VSVALUE_ENG" (VALUESET, VALUEPOOL, VALUECODE, USERID, LOGDATE) VALUES ('VSSEX_C160901_02', 'VPSEX', 'M', 'SDGS', GETDATE());
INSERT INTO "VSVALUE" (VALUESET, VALUEPOOL, VALUECODE, USERID, LOGDATE) VALUES ('VSSEX_C160901_02', 'VPSEX', 'F', 'SDGS', GETDATE());
INSERT INTO "VSVALUE_ENG" (VALUESET, VALUEPOOL, VALUECODE, USERID, LOGDATE) VALUES ('VSSEX_C160901_02', 'VPSEX', 'F', 'SDGS', GETDATE());
INSERT INTO "VSVALUE" (VALUESET, VALUEPOOL, VALUECODE, USERID, LOGDATE) VALUES ('VSSEX_C160901_02', 'VPSEX', '_T', 'SDGS', GETDATE());
INSERT INTO "VSVALUE_ENG" (VALUESET, VALUEPOOL, VALUECODE, USERID, LOGDATE) VALUES ('VSSEX_C160901_02', 'VPSEX', '_T', 'SDGS', GETDATE());
INSERT INTO "SUBTABLEVARIABLE" (MAINTABLE, SUBTABLE, VARIABLE, VALUESET, VARIABLETYPE, STORECOLUMNNO, USERID, LOGDATE) VALUES ('S169C16090102', '', 'SEX', 'VSSEX_C160901_02', 'V', '1', 'SDGS', GETDATE());
IF EXISTS (SELECT 1 FROM SYS.VIEWS WHERE NAME = 'S169C16090102' AND TYPE  = 'v') DROP VIEW S169C16090102;
GO
CREATE VIEW S169C16090102 AS SELECT * FROM INDICATORDATA WHERE SUBINDICATOR_CODE = 'C160901_02';
GO
INSERT INTO "MAINTABLE" (MAINTABLE, PRESTEXT, PRESTEXTS, PRESCATEGORY, TIMESCALE, USERID, LOGDATE, FIRSTPUBLISHED, TABLESTATUS, TABLEID, PRODUCTCODE, SPECCHAREXISTS, METAID, SUBJECTCODE, CONTENTSVARIABLE) VALUES  ('S16aC160a0101', 'code 16.a/C160a01_01/C160a01_01 - ???? ?????? ????? ?????? ????? ??????? ???? ?????? ????? (???=1? ??= 2)', 'SDGs Indicators', 'O', 'year', 'SDGS', GETDATE(), GETDATE(), 'A', 'S16aC160a0101', '001', 'N', '01', '01', 'ar: Sub Indicator');
INSERT INTO "MAINTABLE_ENG" (MAINTABLE, STATUS, PUBLISHED, PRESTEXT, PRESTEXTS, CONTENTSVARIABLE, USERID, LOGDATE) VALUES  ('S16aC160a0101', 'A', GETDATE(), 'code 16.a/C160a01_01/C160a01_01 - Existence of independent national human rights institutions in compliance with the Paris Principles (Yes=1; No=2)', 'SDGs Indicators', 'Sub Indicator', 'SDGS', GETDATE());
INSERT INTO "SECONDARYLANGUAGE" (MAINTABLE, LANGUAGE, COMPLETELYTRANSLATED,PUBLISHED, USERID, LOGDATE) VALUES  ('S16aC160a0101', 'en','Y', 'Y', 'SDGS', GETDATE());
INSERT INTO "CONTENTS" (MAINTABLE, CONTENTS, PRESTEXT, PRESCODE, COPYRIGHT, PRODUCER, LASTUPDATED, UNIT, PRESDECIMALS, PRESCELLSZERO, STOCKFA, DAYADJ, SEASADJ, FOOTNOTECONTENTS, FOOTNOTEVARIABLE, FOOTNOTEVALUE, STORECOLUMNNO, STOREFORMAT, STORENOCHAR, STOREDECIMALS, USERID, LOGDATE, PUBLISHED, PRESTEXTS, STATAUTHORITY, AGGREGPOSSIBLE, FOOTNOTETIME, METAID) VALUES  ('S16aC160a0101', 'OBS_VALUE', 'ar: Sustainable Development Goals - SDGs', 'DATA', '1', 'PCBS', GETDATE(), 'OBS_VALUE', '2', 'Y', 'F', 'N', 'N', 'N', 'N', 'N', '3', 'N', '17', '2', 'SDGS', GETDATE(), GETDATE(), 'C160a01_01', 'PCBS', 'N', 'N', '01');
INSERT INTO "CONTENTS_ENG" (MAINTABLE, CONTENTS, PRESTEXT, UNIT, USERID, LOGDATE, PRESTEXTS, REFPERIOD, BASEPERIOD)  VALUES  ('S16aC160a0101', 'OBS_VALUE', 'Sustainable Development Goals - SDGs',  'OBS_VALUE', 'SDGS', GETDATE(), 'C160a01_01', NULL,NULL);
INSERT INTO "SUBTABLE" (MAINTABLE, SUBTABLE, PRESTEXT, CLEANTABLE, USERID, LOGDATE) VALUES  ('S16aC160a0101', '', 'code 16.a/C160a01_01/C160a01_01 - ???? ?????? ????? ?????? ????? ??????? ???? ?????? ????? (???=1? ??= 2)', 'Y', 'SDGS', GETDATE());
INSERT INTO "SUBTABLE_ENG" (MAINTABLE, SUBTABLE, PRESTEXT, USERID, LOGDATE) VALUES  ('S16aC160a0101', '', 'code 16.a/C160a01_01/C160a01_01 - Existence of independent national human rights institutions in compliance with the Paris Principles (Yes=1; No=2)', 'SDGS', GETDATE());
INSERT INTO "SUBTABLEVARIABLE" (MAINTABLE, SUBTABLE, VARIABLE, VARIABLETYPE, STORECOLUMNNO, USERID, LOGDATE) VALUES ('S16aC160a0101', '', 'TIME_PERIOD', 'T', '1', 'SDGS', GETDATE());
INSERT INTO "CONTENTSTIME" (MAINTABLE, CONTENTS, TIMEPERIOD, USERID, LOGDATE) VALUES ('S16aC160a0101', 'OBS_VALUE', 2015, 'SDGS', GETDATE());
INSERT INTO "CONTENTSTIME" (MAINTABLE, CONTENTS, TIMEPERIOD, USERID, LOGDATE) VALUES ('S16aC160a0101', 'OBS_VALUE', 2016, 'SDGS', GETDATE());
INSERT INTO "CONTENTSTIME" (MAINTABLE, CONTENTS, TIMEPERIOD, USERID, LOGDATE) VALUES ('S16aC160a0101', 'OBS_VALUE', 2017, 'SDGS', GETDATE());
INSERT INTO "CONTENTSTIME" (MAINTABLE, CONTENTS, TIMEPERIOD, USERID, LOGDATE) VALUES ('S16aC160a0101', 'OBS_VALUE', 2018, 'SDGS', GETDATE());
INSERT INTO "CONTENTSTIME" (MAINTABLE, CONTENTS, TIMEPERIOD, USERID, LOGDATE) VALUES ('S16aC160a0101', 'OBS_VALUE', 2019, 'SDGS', GETDATE());
IF EXISTS (SELECT 1 FROM SYS.VIEWS WHERE NAME = 'S16aC160a0101' AND TYPE  = 'v') DROP VIEW S16aC160a0101;
GO
CREATE VIEW S16aC160a0101 AS SELECT * FROM INDICATORDATA WHERE SUBINDICATOR_CODE = 'C160a01_01';
GO
INSERT INTO "MAINTABLE" (MAINTABLE, PRESTEXT, PRESTEXTS, PRESCATEGORY, TIMESCALE, USERID, LOGDATE, FIRSTPUBLISHED, TABLESTATUS, TABLEID, PRODUCTCODE, SPECCHAREXISTS, METAID, SUBJECTCODE, CONTENTSVARIABLE) VALUES  ('S16bC20020401', 'code 16.b/C200204_01/C200204_01 - ???? ?????? ????? ?????? ???? ????? ????? ??????? ??????? ?? ???????? ???? ?????? ??? ???? ???????? ???????? ??? ???? ?? ??????? ??????? ????? ??????? ?????? ????? ???????', 'SDGs Indicators', 'O', 'year', 'SDGS', GETDATE(), GETDATE(), 'A', 'S16bC20020401', '001', 'N', '01', '01', 'ar: Sub Indicator');
INSERT INTO "MAINTABLE_ENG" (MAINTABLE, STATUS, PUBLISHED, PRESTEXT, PRESTEXTS, CONTENTSVARIABLE, USERID, LOGDATE) VALUES  ('S16bC20020401', 'A', GETDATE(), 'code 16.b/C200204_01/C200204_01 - Proportion of population reporting having personally felt discriminated against or harassed in the previous 12 months on the basis of a ground of discrimination prohibited under international human rights law', 'SDGs Indicators', 'Sub Indicator', 'SDGS', GETDATE());
INSERT INTO "SECONDARYLANGUAGE" (MAINTABLE, LANGUAGE, COMPLETELYTRANSLATED,PUBLISHED, USERID, LOGDATE) VALUES  ('S16bC20020401', 'en','Y', 'Y', 'SDGS', GETDATE());
INSERT INTO "CONTENTS" (MAINTABLE, CONTENTS, PRESTEXT, PRESCODE, COPYRIGHT, PRODUCER, LASTUPDATED, UNIT, PRESDECIMALS, PRESCELLSZERO, STOCKFA, DAYADJ, SEASADJ, FOOTNOTECONTENTS, FOOTNOTEVARIABLE, FOOTNOTEVALUE, STORECOLUMNNO, STOREFORMAT, STORENOCHAR, STOREDECIMALS, USERID, LOGDATE, PUBLISHED, PRESTEXTS, STATAUTHORITY, AGGREGPOSSIBLE, FOOTNOTETIME, METAID) VALUES  ('S16bC20020401', 'OBS_VALUE', 'ar: Sustainable Development Goals - SDGs', 'DATA', '1', 'PCBS', GETDATE(), 'OBS_VALUE', '2', 'Y', 'F', 'N', 'N', 'N', 'N', 'N', '3', 'N', '17', '2', 'SDGS', GETDATE(), GETDATE(), 'C200204_01', 'PCBS', 'N', 'N', '01');
INSERT INTO "CONTENTS_ENG" (MAINTABLE, CONTENTS, PRESTEXT, UNIT, USERID, LOGDATE, PRESTEXTS, REFPERIOD, BASEPERIOD)  VALUES  ('S16bC20020401', 'OBS_VALUE', 'Sustainable Development Goals - SDGs',  'OBS_VALUE', 'SDGS', GETDATE(), 'C200204_01', NULL,NULL);
INSERT INTO "SUBTABLE" (MAINTABLE, SUBTABLE, PRESTEXT, CLEANTABLE, USERID, LOGDATE) VALUES  ('S16bC20020401', '', 'code 16.b/C200204_01/C200204_01 - ???? ?????? ????? ?????? ???? ????? ????? ??????? ??????? ?? ???????? ???? ?????? ??? ???? ???????? ???????? ??? ???? ?? ??????? ??????? ????? ??????? ?????? ????? ???????', 'Y', 'SDGS', GETDATE());
INSERT INTO "SUBTABLE_ENG" (MAINTABLE, SUBTABLE, PRESTEXT, USERID, LOGDATE) VALUES  ('S16bC20020401', '', 'code 16.b/C200204_01/C200204_01 - Proportion of population reporting having personally felt discriminated against or harassed in the previous 12 months on the basis of a ground of discrimination prohibited under international human rights law', 'SDGS', GETDATE());
INSERT INTO "SUBTABLEVARIABLE" (MAINTABLE, SUBTABLE, VARIABLE, VARIABLETYPE, STORECOLUMNNO, USERID, LOGDATE) VALUES ('S16bC20020401', '', 'TIME_PERIOD', 'T', '1', 'SDGS', GETDATE());
INSERT INTO "CONTENTSTIME" (MAINTABLE, CONTENTS, TIMEPERIOD, USERID, LOGDATE) VALUES ('S16bC20020401', 'OBS_VALUE', 2018, 'SDGS', GETDATE());
INSERT INTO "SUBTABLEVARIABLE" (MAINTABLE, SUBTABLE, VARIABLE, VALUESET, VARIABLETYPE, STORECOLUMNNO, USERID, LOGDATE) VALUES ('S16bC20020401', '', 'REF_AREA', 'VSREF_AREA_C200204_01', 'V', '1', 'SDGS', GETDATE());
INSERT INTO "SUBTABLEVARIABLE" (MAINTABLE, SUBTABLE, VARIABLE, VALUESET, VARIABLETYPE, STORECOLUMNNO, USERID, LOGDATE) VALUES ('S16bC20020401', '', 'SEX', 'VSSEX_C200204_01', 'V', '1', 'SDGS', GETDATE());
INSERT INTO "SUBTABLEVARIABLE" (MAINTABLE, SUBTABLE, VARIABLE, VALUESET, VARIABLETYPE, STORECOLUMNNO, USERID, LOGDATE) VALUES ('S16bC20020401', '', 'URBANISATION', 'VSURBANISATION_C200204_01', 'V', '1', 'SDGS', GETDATE());
IF EXISTS (SELECT 1 FROM SYS.VIEWS WHERE NAME = 'S16bC20020401' AND TYPE  = 'v') DROP VIEW S16bC20020401;
GO
CREATE VIEW S16bC20020401 AS SELECT * FROM INDICATORDATA WHERE SUBINDICATOR_CODE = 'C200204_01';
GO
INSERT INTO "MAINTABLE" (MAINTABLE, PRESTEXT, PRESTEXTS, PRESCATEGORY, TIMESCALE, USERID, LOGDATE, FIRSTPUBLISHED, TABLESTATUS, TABLEID, PRODUCTCODE, SPECCHAREXISTS, METAID, SUBJECTCODE, CONTENTSVARIABLE) VALUES  ('S171C17010101', 'code 17.1/C170101_01/C170101_01 - ????????? ???????? ????????? ????? ?? ?????? ?????? ????????', 'SDGs Indicators', 'O', 'year', 'SDGS', GETDATE(), GETDATE(), 'A', 'S171C17010101', '001', 'N', '01', '01', 'ar: Sub Indicator');
INSERT INTO "MAINTABLE_ENG" (MAINTABLE, STATUS, PUBLISHED, PRESTEXT, PRESTEXTS, CONTENTSVARIABLE, USERID, LOGDATE) VALUES  ('S171C17010101', 'A', GETDATE(), 'code 17.1/C170101_01/C170101_01 - Total government revenue as a proportion of GDP', 'SDGs Indicators', 'Sub Indicator', 'SDGS', GETDATE());
INSERT INTO "SECONDARYLANGUAGE" (MAINTABLE, LANGUAGE, COMPLETELYTRANSLATED,PUBLISHED, USERID, LOGDATE) VALUES  ('S171C17010101', 'en','Y', 'Y', 'SDGS', GETDATE());
INSERT INTO "CONTENTS" (MAINTABLE, CONTENTS, PRESTEXT, PRESCODE, COPYRIGHT, PRODUCER, LASTUPDATED, UNIT, PRESDECIMALS, PRESCELLSZERO, STOCKFA, DAYADJ, SEASADJ, FOOTNOTECONTENTS, FOOTNOTEVARIABLE, FOOTNOTEVALUE, STORECOLUMNNO, STOREFORMAT, STORENOCHAR, STOREDECIMALS, USERID, LOGDATE, PUBLISHED, PRESTEXTS, STATAUTHORITY, AGGREGPOSSIBLE, FOOTNOTETIME, METAID) VALUES  ('S171C17010101', 'OBS_VALUE', 'ar: Sustainable Development Goals - SDGs', 'DATA', '1', 'PCBS', GETDATE(), 'OBS_VALUE', '2', 'Y', 'F', 'N', 'N', 'N', 'N', 'N', '3', 'N', '17', '2', 'SDGS', GETDATE(), GETDATE(), 'C170101_01', 'PCBS', 'N', 'N', '01');
INSERT INTO "CONTENTS_ENG" (MAINTABLE, CONTENTS, PRESTEXT, UNIT, USERID, LOGDATE, PRESTEXTS, REFPERIOD, BASEPERIOD)  VALUES  ('S171C17010101', 'OBS_VALUE', 'Sustainable Development Goals - SDGs',  'OBS_VALUE', 'SDGS', GETDATE(), 'C170101_01', NULL,NULL);
INSERT INTO "SUBTABLE" (MAINTABLE, SUBTABLE, PRESTEXT, CLEANTABLE, USERID, LOGDATE) VALUES  ('S171C17010101', '', 'code 17.1/C170101_01/C170101_01 - ????????? ???????? ????????? ????? ?? ?????? ?????? ????????', 'Y', 'SDGS', GETDATE());
INSERT INTO "SUBTABLE_ENG" (MAINTABLE, SUBTABLE, PRESTEXT, USERID, LOGDATE) VALUES  ('S171C17010101', '', 'code 17.1/C170101_01/C170101_01 - Total government revenue as a proportion of GDP', 'SDGS', GETDATE());
INSERT INTO "SUBTABLEVARIABLE" (MAINTABLE, SUBTABLE, VARIABLE, VARIABLETYPE, STORECOLUMNNO, USERID, LOGDATE) VALUES ('S171C17010101', '', 'TIME_PERIOD', 'T', '1', 'SDGS', GETDATE());
INSERT INTO "CONTENTSTIME" (MAINTABLE, CONTENTS, TIMEPERIOD, USERID, LOGDATE) VALUES ('S171C17010101', 'OBS_VALUE', 2010, 'SDGS', GETDATE());
INSERT INTO "CONTENTSTIME" (MAINTABLE, CONTENTS, TIMEPERIOD, USERID, LOGDATE) VALUES ('S171C17010101', 'OBS_VALUE', 2011, 'SDGS', GETDATE());
INSERT INTO "CONTENTSTIME" (MAINTABLE, CONTENTS, TIMEPERIOD, USERID, LOGDATE) VALUES ('S171C17010101', 'OBS_VALUE', 2012, 'SDGS', GETDATE());
INSERT INTO "CONTENTSTIME" (MAINTABLE, CONTENTS, TIMEPERIOD, USERID, LOGDATE) VALUES ('S171C17010101', 'OBS_VALUE', 2013, 'SDGS', GETDATE());
INSERT INTO "CONTENTSTIME" (MAINTABLE, CONTENTS, TIMEPERIOD, USERID, LOGDATE) VALUES ('S171C17010101', 'OBS_VALUE', 2014, 'SDGS', GETDATE());
INSERT INTO "CONTENTSTIME" (MAINTABLE, CONTENTS, TIMEPERIOD, USERID, LOGDATE) VALUES ('S171C17010101', 'OBS_VALUE', 2015, 'SDGS', GETDATE());
INSERT INTO "CONTENTSTIME" (MAINTABLE, CONTENTS, TIMEPERIOD, USERID, LOGDATE) VALUES ('S171C17010101', 'OBS_VALUE', 2016, 'SDGS', GETDATE());
INSERT INTO "CONTENTSTIME" (MAINTABLE, CONTENTS, TIMEPERIOD, USERID, LOGDATE) VALUES ('S171C17010101', 'OBS_VALUE', 2017, 'SDGS', GETDATE());
INSERT INTO "CONTENTSTIME" (MAINTABLE, CONTENTS, TIMEPERIOD, USERID, LOGDATE) VALUES ('S171C17010101', 'OBS_VALUE', 2018, 'SDGS', GETDATE());
INSERT INTO "CONTENTSTIME" (MAINTABLE, CONTENTS, TIMEPERIOD, USERID, LOGDATE) VALUES ('S171C17010101', 'OBS_VALUE', 2019, 'SDGS', GETDATE());
IF EXISTS (SELECT 1 FROM SYS.VIEWS WHERE NAME = 'S171C17010101' AND TYPE  = 'v') DROP VIEW S171C17010101;
GO
CREATE VIEW S171C17010101 AS SELECT * FROM INDICATORDATA WHERE SUBINDICATOR_CODE = 'C170101_01';
GO
INSERT INTO "MAINTABLE" (MAINTABLE, PRESTEXT, PRESTEXTS, PRESCATEGORY, TIMESCALE, USERID, LOGDATE, FIRSTPUBLISHED, TABLESTATUS, TABLEID, PRODUCTCODE, SPECCHAREXISTS, METAID, SUBJECTCODE, CONTENTSVARIABLE) VALUES  ('S171C17010201', 'code 17.1/C170102_01/C170102_01 - ???? ????????? ??????? ??????? ?? ??????? ???????', 'SDGs Indicators', 'O', 'year', 'SDGS', GETDATE(), GETDATE(), 'A', 'S171C17010201', '001', 'N', '01', '01', 'ar: Sub Indicator');
INSERT INTO "MAINTABLE_ENG" (MAINTABLE, STATUS, PUBLISHED, PRESTEXT, PRESTEXTS, CONTENTSVARIABLE, USERID, LOGDATE) VALUES  ('S171C17010201', 'A', GETDATE(), 'code 17.1/C170102_01/C170102_01 - Proportion of domestic budget funded by domestic taxes', 'SDGs Indicators', 'Sub Indicator', 'SDGS', GETDATE());
INSERT INTO "SECONDARYLANGUAGE" (MAINTABLE, LANGUAGE, COMPLETELYTRANSLATED,PUBLISHED, USERID, LOGDATE) VALUES  ('S171C17010201', 'en','Y', 'Y', 'SDGS', GETDATE());
INSERT INTO "CONTENTS" (MAINTABLE, CONTENTS, PRESTEXT, PRESCODE, COPYRIGHT, PRODUCER, LASTUPDATED, UNIT, PRESDECIMALS, PRESCELLSZERO, STOCKFA, DAYADJ, SEASADJ, FOOTNOTECONTENTS, FOOTNOTEVARIABLE, FOOTNOTEVALUE, STORECOLUMNNO, STOREFORMAT, STORENOCHAR, STOREDECIMALS, USERID, LOGDATE, PUBLISHED, PRESTEXTS, STATAUTHORITY, AGGREGPOSSIBLE, FOOTNOTETIME, METAID) VALUES  ('S171C17010201', 'OBS_VALUE', 'ar: Sustainable Development Goals - SDGs', 'DATA', '1', 'PCBS', GETDATE(), 'OBS_VALUE', '2', 'Y', 'F', 'N', 'N', 'N', 'N', 'N', '3', 'N', '17', '2', 'SDGS', GETDATE(), GETDATE(), 'C170102_01', 'PCBS', 'N', 'N', '01');
INSERT INTO "CONTENTS_ENG" (MAINTABLE, CONTENTS, PRESTEXT, UNIT, USERID, LOGDATE, PRESTEXTS, REFPERIOD, BASEPERIOD)  VALUES  ('S171C17010201', 'OBS_VALUE', 'Sustainable Development Goals - SDGs',  'OBS_VALUE', 'SDGS', GETDATE(), 'C170102_01', NULL,NULL);
INSERT INTO "SUBTABLE" (MAINTABLE, SUBTABLE, PRESTEXT, CLEANTABLE, USERID, LOGDATE) VALUES  ('S171C17010201', '', 'code 17.1/C170102_01/C170102_01 - ???? ????????? ??????? ??????? ?? ??????? ???????', 'Y', 'SDGS', GETDATE());
INSERT INTO "SUBTABLE_ENG" (MAINTABLE, SUBTABLE, PRESTEXT, USERID, LOGDATE) VALUES  ('S171C17010201', '', 'code 17.1/C170102_01/C170102_01 - Proportion of domestic budget funded by domestic taxes', 'SDGS', GETDATE());
INSERT INTO "SUBTABLEVARIABLE" (MAINTABLE, SUBTABLE, VARIABLE, VARIABLETYPE, STORECOLUMNNO, USERID, LOGDATE) VALUES ('S171C17010201', '', 'TIME_PERIOD', 'T', '1', 'SDGS', GETDATE());
INSERT INTO "CONTENTSTIME" (MAINTABLE, CONTENTS, TIMEPERIOD, USERID, LOGDATE) VALUES ('S171C17010201', 'OBS_VALUE', 2000, 'SDGS', GETDATE());
INSERT INTO "CONTENTSTIME" (MAINTABLE, CONTENTS, TIMEPERIOD, USERID, LOGDATE) VALUES ('S171C17010201', 'OBS_VALUE', 2001, 'SDGS', GETDATE());
INSERT INTO "CONTENTSTIME" (MAINTABLE, CONTENTS, TIMEPERIOD, USERID, LOGDATE) VALUES ('S171C17010201', 'OBS_VALUE', 2002, 'SDGS', GETDATE());
INSERT INTO "CONTENTSTIME" (MAINTABLE, CONTENTS, TIMEPERIOD, USERID, LOGDATE) VALUES ('S171C17010201', 'OBS_VALUE', 2003, 'SDGS', GETDATE());
INSERT INTO "CONTENTSTIME" (MAINTABLE, CONTENTS, TIMEPERIOD, USERID, LOGDATE) VALUES ('S171C17010201', 'OBS_VALUE', 2004, 'SDGS', GETDATE());
INSERT INTO "CONTENTSTIME" (MAINTABLE, CONTENTS, TIMEPERIOD, USERID, LOGDATE) VALUES ('S171C17010201', 'OBS_VALUE', 2005, 'SDGS', GETDATE());
INSERT INTO "CONTENTSTIME" (MAINTABLE, CONTENTS, TIMEPERIOD, USERID, LOGDATE) VALUES ('S171C17010201', 'OBS_VALUE', 2006, 'SDGS', GETDATE());
INSERT INTO "CONTENTSTIME" (MAINTABLE, CONTENTS, TIMEPERIOD, USERID, LOGDATE) VALUES ('S171C17010201', 'OBS_VALUE', 2007, 'SDGS', GETDATE());
INSERT INTO "CONTENTSTIME" (MAINTABLE, CONTENTS, TIMEPERIOD, USERID, LOGDATE) VALUES ('S171C17010201', 'OBS_VALUE', 2008, 'SDGS', GETDATE());
INSERT INTO "CONTENTSTIME" (MAINTABLE, CONTENTS, TIMEPERIOD, USERID, LOGDATE) VALUES ('S171C17010201', 'OBS_VALUE', 2009, 'SDGS', GETDATE());
INSERT INTO "CONTENTSTIME" (MAINTABLE, CONTENTS, TIMEPERIOD, USERID, LOGDATE) VALUES ('S171C17010201', 'OBS_VALUE', 2010, 'SDGS', GETDATE());
INSERT INTO "CONTENTSTIME" (MAINTABLE, CONTENTS, TIMEPERIOD, USERID, LOGDATE) VALUES ('S171C17010201', 'OBS_VALUE', 2011, 'SDGS', GETDATE());
INSERT INTO "CONTENTSTIME" (MAINTABLE, CONTENTS, TIMEPERIOD, USERID, LOGDATE) VALUES ('S171C17010201', 'OBS_VALUE', 2012, 'SDGS', GETDATE());
INSERT INTO "CONTENTSTIME" (MAINTABLE, CONTENTS, TIMEPERIOD, USERID, LOGDATE) VALUES ('S171C17010201', 'OBS_VALUE', 2013, 'SDGS', GETDATE());
INSERT INTO "CONTENTSTIME" (MAINTABLE, CONTENTS, TIMEPERIOD, USERID, LOGDATE) VALUES ('S171C17010201', 'OBS_VALUE', 2014, 'SDGS', GETDATE());
INSERT INTO "CONTENTSTIME" (MAINTABLE, CONTENTS, TIMEPERIOD, USERID, LOGDATE) VALUES ('S171C17010201', 'OBS_VALUE', 2015, 'SDGS', GETDATE());
INSERT INTO "CONTENTSTIME" (MAINTABLE, CONTENTS, TIMEPERIOD, USERID, LOGDATE) VALUES ('S171C17010201', 'OBS_VALUE', 2016, 'SDGS', GETDATE());
INSERT INTO "CONTENTSTIME" (MAINTABLE, CONTENTS, TIMEPERIOD, USERID, LOGDATE) VALUES ('S171C17010201', 'OBS_VALUE', 2017, 'SDGS', GETDATE());
INSERT INTO "CONTENTSTIME" (MAINTABLE, CONTENTS, TIMEPERIOD, USERID, LOGDATE) VALUES ('S171C17010201', 'OBS_VALUE', 2018, 'SDGS', GETDATE());
INSERT INTO "CONTENTSTIME" (MAINTABLE, CONTENTS, TIMEPERIOD, USERID, LOGDATE) VALUES ('S171C17010201', 'OBS_VALUE', 2019, 'SDGS', GETDATE());
IF EXISTS (SELECT 1 FROM SYS.VIEWS WHERE NAME = 'S171C17010201' AND TYPE  = 'v') DROP VIEW S171C17010201;
GO
CREATE VIEW S171C17010201 AS SELECT * FROM INDICATORDATA WHERE SUBINDICATOR_CODE = 'C170102_01';
GO
INSERT INTO "MAINTABLE" (MAINTABLE, PRESTEXT, PRESTEXTS, PRESCATEGORY, TIMESCALE, USERID, LOGDATE, FIRSTPUBLISHED, TABLESTATUS, TABLEID, PRODUCTCODE, SPECCHAREXISTS, METAID, SUBJECTCODE, CONTENTSVARIABLE) VALUES  ('S1718C17180201', 'code 17.18/C171802_01/C171802_01 - ??????? ???? ????? ??????? ??????? ????? ????? ????? ???????? ???????? ????????? ??????? (1= ??? 0= ??)', 'SDGs Indicators', 'O', 'year', 'SDGS', GETDATE(), GETDATE(), 'A', 'S1718C17180201', '001', 'N', '01', '01', 'ar: Sub Indicator');
INSERT INTO "MAINTABLE_ENG" (MAINTABLE, STATUS, PUBLISHED, PRESTEXT, PRESTEXTS, CONTENTSVARIABLE, USERID, LOGDATE) VALUES  ('S1718C17180201', 'A', GETDATE(), 'code 17.18/C171802_01/C171802_01 - the countries that have national statistical legislation that complies with the Fundamental Principles of Official Statistics (1 = YES; 0 = NO)', 'SDGs Indicators', 'Sub Indicator', 'SDGS', GETDATE());
INSERT INTO "SECONDARYLANGUAGE" (MAINTABLE, LANGUAGE, COMPLETELYTRANSLATED,PUBLISHED, USERID, LOGDATE) VALUES  ('S1718C17180201', 'en','Y', 'Y', 'SDGS', GETDATE());
INSERT INTO "CONTENTS" (MAINTABLE, CONTENTS, PRESTEXT, PRESCODE, COPYRIGHT, PRODUCER, LASTUPDATED, UNIT, PRESDECIMALS, PRESCELLSZERO, STOCKFA, DAYADJ, SEASADJ, FOOTNOTECONTENTS, FOOTNOTEVARIABLE, FOOTNOTEVALUE, STORECOLUMNNO, STOREFORMAT, STORENOCHAR, STOREDECIMALS, USERID, LOGDATE, PUBLISHED, PRESTEXTS, STATAUTHORITY, AGGREGPOSSIBLE, FOOTNOTETIME, METAID) VALUES  ('S1718C17180201', 'OBS_VALUE', 'ar: Sustainable Development Goals - SDGs', 'DATA', '1', 'PCBS', GETDATE(), 'OBS_VALUE', '2', 'Y', 'F', 'N', 'N', 'N', 'N', 'N', '3', 'N', '17', '2', 'SDGS', GETDATE(), GETDATE(), 'C171802_01', 'PCBS', 'N', 'N', '01');
INSERT INTO "CONTENTS_ENG" (MAINTABLE, CONTENTS, PRESTEXT, UNIT, USERID, LOGDATE, PRESTEXTS, REFPERIOD, BASEPERIOD)  VALUES  ('S1718C17180201', 'OBS_VALUE', 'Sustainable Development Goals - SDGs',  'OBS_VALUE', 'SDGS', GETDATE(), 'C171802_01', NULL,NULL);
INSERT INTO "SUBTABLE" (MAINTABLE, SUBTABLE, PRESTEXT, CLEANTABLE, USERID, LOGDATE) VALUES  ('S1718C17180201', '', 'code 17.18/C171802_01/C171802_01 - ??????? ???? ????? ??????? ??????? ????? ????? ????? ???????? ???????? ????????? ??????? (1= ??? 0= ??)', 'Y', 'SDGS', GETDATE());
INSERT INTO "SUBTABLE_ENG" (MAINTABLE, SUBTABLE, PRESTEXT, USERID, LOGDATE) VALUES  ('S1718C17180201', '', 'code 17.18/C171802_01/C171802_01 - the countries that have national statistical legislation that complies with the Fundamental Principles of Official Statistics (1 = YES; 0 = NO)', 'SDGS', GETDATE());
INSERT INTO "SUBTABLEVARIABLE" (MAINTABLE, SUBTABLE, VARIABLE, VARIABLETYPE, STORECOLUMNNO, USERID, LOGDATE) VALUES ('S1718C17180201', '', 'TIME_PERIOD', 'T', '1', 'SDGS', GETDATE());
INSERT INTO "CONTENTSTIME" (MAINTABLE, CONTENTS, TIMEPERIOD, USERID, LOGDATE) VALUES ('S1718C17180201', 'OBS_VALUE', 2000, 'SDGS', GETDATE());
INSERT INTO "CONTENTSTIME" (MAINTABLE, CONTENTS, TIMEPERIOD, USERID, LOGDATE) VALUES ('S1718C17180201', 'OBS_VALUE', 2001, 'SDGS', GETDATE());
INSERT INTO "CONTENTSTIME" (MAINTABLE, CONTENTS, TIMEPERIOD, USERID, LOGDATE) VALUES ('S1718C17180201', 'OBS_VALUE', 2002, 'SDGS', GETDATE());
INSERT INTO "CONTENTSTIME" (MAINTABLE, CONTENTS, TIMEPERIOD, USERID, LOGDATE) VALUES ('S1718C17180201', 'OBS_VALUE', 2003, 'SDGS', GETDATE());
INSERT INTO "CONTENTSTIME" (MAINTABLE, CONTENTS, TIMEPERIOD, USERID, LOGDATE) VALUES ('S1718C17180201', 'OBS_VALUE', 2004, 'SDGS', GETDATE());
INSERT INTO "CONTENTSTIME" (MAINTABLE, CONTENTS, TIMEPERIOD, USERID, LOGDATE) VALUES ('S1718C17180201', 'OBS_VALUE', 2005, 'SDGS', GETDATE());
INSERT INTO "CONTENTSTIME" (MAINTABLE, CONTENTS, TIMEPERIOD, USERID, LOGDATE) VALUES ('S1718C17180201', 'OBS_VALUE', 2006, 'SDGS', GETDATE());
INSERT INTO "CONTENTSTIME" (MAINTABLE, CONTENTS, TIMEPERIOD, USERID, LOGDATE) VALUES ('S1718C17180201', 'OBS_VALUE', 2007, 'SDGS', GETDATE());
INSERT INTO "CONTENTSTIME" (MAINTABLE, CONTENTS, TIMEPERIOD, USERID, LOGDATE) VALUES ('S1718C17180201', 'OBS_VALUE', 2008, 'SDGS', GETDATE());
INSERT INTO "CONTENTSTIME" (MAINTABLE, CONTENTS, TIMEPERIOD, USERID, LOGDATE) VALUES ('S1718C17180201', 'OBS_VALUE', 2009, 'SDGS', GETDATE());
INSERT INTO "CONTENTSTIME" (MAINTABLE, CONTENTS, TIMEPERIOD, USERID, LOGDATE) VALUES ('S1718C17180201', 'OBS_VALUE', 2010, 'SDGS', GETDATE());
INSERT INTO "CONTENTSTIME" (MAINTABLE, CONTENTS, TIMEPERIOD, USERID, LOGDATE) VALUES ('S1718C17180201', 'OBS_VALUE', 2011, 'SDGS', GETDATE());
INSERT INTO "CONTENTSTIME" (MAINTABLE, CONTENTS, TIMEPERIOD, USERID, LOGDATE) VALUES ('S1718C17180201', 'OBS_VALUE', 2012, 'SDGS', GETDATE());
INSERT INTO "CONTENTSTIME" (MAINTABLE, CONTENTS, TIMEPERIOD, USERID, LOGDATE) VALUES ('S1718C17180201', 'OBS_VALUE', 2013, 'SDGS', GETDATE());
INSERT INTO "CONTENTSTIME" (MAINTABLE, CONTENTS, TIMEPERIOD, USERID, LOGDATE) VALUES ('S1718C17180201', 'OBS_VALUE', 2014, 'SDGS', GETDATE());
INSERT INTO "CONTENTSTIME" (MAINTABLE, CONTENTS, TIMEPERIOD, USERID, LOGDATE) VALUES ('S1718C17180201', 'OBS_VALUE', 2015, 'SDGS', GETDATE());
INSERT INTO "CONTENTSTIME" (MAINTABLE, CONTENTS, TIMEPERIOD, USERID, LOGDATE) VALUES ('S1718C17180201', 'OBS_VALUE', 2016, 'SDGS', GETDATE());
INSERT INTO "CONTENTSTIME" (MAINTABLE, CONTENTS, TIMEPERIOD, USERID, LOGDATE) VALUES ('S1718C17180201', 'OBS_VALUE', 2017, 'SDGS', GETDATE());
INSERT INTO "CONTENTSTIME" (MAINTABLE, CONTENTS, TIMEPERIOD, USERID, LOGDATE) VALUES ('S1718C17180201', 'OBS_VALUE', 2018, 'SDGS', GETDATE());
INSERT INTO "CONTENTSTIME" (MAINTABLE, CONTENTS, TIMEPERIOD, USERID, LOGDATE) VALUES ('S1718C17180201', 'OBS_VALUE', 2019, 'SDGS', GETDATE());
IF EXISTS (SELECT 1 FROM SYS.VIEWS WHERE NAME = 'S1718C17180201' AND TYPE  = 'v') DROP VIEW S1718C17180201;
GO
CREATE VIEW S1718C17180201 AS SELECT * FROM INDICATORDATA WHERE SUBINDICATOR_CODE = 'C171802_01';
GO
INSERT INTO "MAINTABLE" (MAINTABLE, PRESTEXT, PRESTEXTS, PRESCATEGORY, TIMESCALE, USERID, LOGDATE, FIRSTPUBLISHED, TABLESTATUS, TABLEID, PRODUCTCODE, SPECCHAREXISTS, METAID, SUBJECTCODE, CONTENTSVARIABLE) VALUES  ('S1718C17180301', 'code 17.18/C171803_01/C171803_01 - ??????? ???? ????? ??? ??????? ????? ????? ??????? ???? ??????? (1= ??? 0= ??)', 'SDGs Indicators', 'O', 'year', 'SDGS', GETDATE(), GETDATE(), 'A', 'S1718C17180301', '001', 'N', '01', '01', 'ar: Sub Indicator');
INSERT INTO "MAINTABLE_ENG" (MAINTABLE, STATUS, PUBLISHED, PRESTEXT, PRESTEXTS, CONTENTSVARIABLE, USERID, LOGDATE) VALUES  ('S1718C17180301', 'A', GETDATE(), 'code 17.18/C171803_01/C171803_01 - Countries with national statistical plans with funding from Government (1 = YES; 0 = NO)', 'SDGs Indicators', 'Sub Indicator', 'SDGS', GETDATE());
INSERT INTO "SECONDARYLANGUAGE" (MAINTABLE, LANGUAGE, COMPLETELYTRANSLATED,PUBLISHED, USERID, LOGDATE) VALUES  ('S1718C17180301', 'en','Y', 'Y', 'SDGS', GETDATE());
INSERT INTO "CONTENTS" (MAINTABLE, CONTENTS, PRESTEXT, PRESCODE, COPYRIGHT, PRODUCER, LASTUPDATED, UNIT, PRESDECIMALS, PRESCELLSZERO, STOCKFA, DAYADJ, SEASADJ, FOOTNOTECONTENTS, FOOTNOTEVARIABLE, FOOTNOTEVALUE, STORECOLUMNNO, STOREFORMAT, STORENOCHAR, STOREDECIMALS, USERID, LOGDATE, PUBLISHED, PRESTEXTS, STATAUTHORITY, AGGREGPOSSIBLE, FOOTNOTETIME, METAID) VALUES  ('S1718C17180301', 'OBS_VALUE', 'ar: Sustainable Development Goals - SDGs', 'DATA', '1', 'PCBS', GETDATE(), 'OBS_VALUE', '2', 'Y', 'F', 'N', 'N', 'N', 'N', 'N', '3', 'N', '17', '2', 'SDGS', GETDATE(), GETDATE(), 'C171803_01', 'PCBS', 'N', 'N', '01');
INSERT INTO "CONTENTS_ENG" (MAINTABLE, CONTENTS, PRESTEXT, UNIT, USERID, LOGDATE, PRESTEXTS, REFPERIOD, BASEPERIOD)  VALUES  ('S1718C17180301', 'OBS_VALUE', 'Sustainable Development Goals - SDGs',  'OBS_VALUE', 'SDGS', GETDATE(), 'C171803_01', NULL,NULL);
INSERT INTO "SUBTABLE" (MAINTABLE, SUBTABLE, PRESTEXT, CLEANTABLE, USERID, LOGDATE) VALUES  ('S1718C17180301', '', 'code 17.18/C171803_01/C171803_01 - ??????? ???? ????? ??? ??????? ????? ????? ??????? ???? ??????? (1= ??? 0= ??)', 'Y', 'SDGS', GETDATE());
INSERT INTO "SUBTABLE_ENG" (MAINTABLE, SUBTABLE, PRESTEXT, USERID, LOGDATE) VALUES  ('S1718C17180301', '', 'code 17.18/C171803_01/C171803_01 - Countries with national statistical plans with funding from Government (1 = YES; 0 = NO)', 'SDGS', GETDATE());
INSERT INTO "SUBTABLEVARIABLE" (MAINTABLE, SUBTABLE, VARIABLE, VARIABLETYPE, STORECOLUMNNO, USERID, LOGDATE) VALUES ('S1718C17180301', '', 'TIME_PERIOD', 'T', '1', 'SDGS', GETDATE());
INSERT INTO "CONTENTSTIME" (MAINTABLE, CONTENTS, TIMEPERIOD, USERID, LOGDATE) VALUES ('S1718C17180301', 'OBS_VALUE', 2014, 'SDGS', GETDATE());
INSERT INTO "CONTENTSTIME" (MAINTABLE, CONTENTS, TIMEPERIOD, USERID, LOGDATE) VALUES ('S1718C17180301', 'OBS_VALUE', 2015, 'SDGS', GETDATE());
INSERT INTO "CONTENTSTIME" (MAINTABLE, CONTENTS, TIMEPERIOD, USERID, LOGDATE) VALUES ('S1718C17180301', 'OBS_VALUE', 2016, 'SDGS', GETDATE());
INSERT INTO "CONTENTSTIME" (MAINTABLE, CONTENTS, TIMEPERIOD, USERID, LOGDATE) VALUES ('S1718C17180301', 'OBS_VALUE', 2017, 'SDGS', GETDATE());
INSERT INTO "CONTENTSTIME" (MAINTABLE, CONTENTS, TIMEPERIOD, USERID, LOGDATE) VALUES ('S1718C17180301', 'OBS_VALUE', 2018, 'SDGS', GETDATE());
IF EXISTS (SELECT 1 FROM SYS.VIEWS WHERE NAME = 'S1718C17180301' AND TYPE  = 'v') DROP VIEW S1718C17180301;
GO
CREATE VIEW S1718C17180301 AS SELECT * FROM INDICATORDATA WHERE SUBINDICATOR_CODE = 'C171803_01';
GO
INSERT INTO "MAINTABLE" (MAINTABLE, PRESTEXT, PRESTEXTS, PRESCATEGORY, TIMESCALE, USERID, LOGDATE, FIRSTPUBLISHED, TABLESTATUS, TABLEID, PRODUCTCODE, SPECCHAREXISTS, METAID, SUBJECTCODE, CONTENTSVARIABLE) VALUES  ('S1719C17190201', 'code 17.19/C171902_01/C171902_01 - ???? ??????? ???? ???? ?????? ????? ??? ????? ?????? ?????? ???????? ?? ??????? ????? ??????? (1= ???  0=??)', 'SDGs Indicators', 'O', 'year', 'SDGS', GETDATE(), GETDATE(), 'A', 'S1719C17190201', '001', 'N', '01', '01', 'ar: Sub Indicator');
INSERT INTO "MAINTABLE_ENG" (MAINTABLE, STATUS, PUBLISHED, PRESTEXT, PRESTEXTS, CONTENTSVARIABLE, USERID, LOGDATE) VALUES  ('S1719C17190201', 'A', GETDATE(), 'code 17.19/C171902_01/C171902_01 - Proportion of countries that have conducted at least one population and housing census in the last 10 years  (1 = YES; 0 = NO)', 'SDGs Indicators', 'Sub Indicator', 'SDGS', GETDATE());
INSERT INTO "SECONDARYLANGUAGE" (MAINTABLE, LANGUAGE, COMPLETELYTRANSLATED,PUBLISHED, USERID, LOGDATE) VALUES  ('S1719C17190201', 'en','Y', 'Y', 'SDGS', GETDATE());
INSERT INTO "CONTENTS" (MAINTABLE, CONTENTS, PRESTEXT, PRESCODE, COPYRIGHT, PRODUCER, LASTUPDATED, UNIT, PRESDECIMALS, PRESCELLSZERO, STOCKFA, DAYADJ, SEASADJ, FOOTNOTECONTENTS, FOOTNOTEVARIABLE, FOOTNOTEVALUE, STORECOLUMNNO, STOREFORMAT, STORENOCHAR, STOREDECIMALS, USERID, LOGDATE, PUBLISHED, PRESTEXTS, STATAUTHORITY, AGGREGPOSSIBLE, FOOTNOTETIME, METAID) VALUES  ('S1719C17190201', 'OBS_VALUE', 'ar: Sustainable Development Goals - SDGs', 'DATA', '1', 'PCBS', GETDATE(), 'OBS_VALUE', '2', 'Y', 'F', 'N', 'N', 'N', 'N', 'N', '3', 'N', '17', '2', 'SDGS', GETDATE(), GETDATE(), 'C171902_01', 'PCBS', 'N', 'N', '01');
INSERT INTO "CONTENTS_ENG" (MAINTABLE, CONTENTS, PRESTEXT, UNIT, USERID, LOGDATE, PRESTEXTS, REFPERIOD, BASEPERIOD)  VALUES  ('S1719C17190201', 'OBS_VALUE', 'Sustainable Development Goals - SDGs',  'OBS_VALUE', 'SDGS', GETDATE(), 'C171902_01', NULL,NULL);
INSERT INTO "SUBTABLE" (MAINTABLE, SUBTABLE, PRESTEXT, CLEANTABLE, USERID, LOGDATE) VALUES  ('S1719C17190201', '', 'code 17.19/C171902_01/C171902_01 - ???? ??????? ???? ???? ?????? ????? ??? ????? ?????? ?????? ???????? ?? ??????? ????? ??????? (1= ???  0=??)', 'Y', 'SDGS', GETDATE());
INSERT INTO "SUBTABLE_ENG" (MAINTABLE, SUBTABLE, PRESTEXT, USERID, LOGDATE) VALUES  ('S1719C17190201', '', 'code 17.19/C171902_01/C171902_01 - Proportion of countries that have conducted at least one population and housing census in the last 10 years  (1 = YES; 0 = NO)', 'SDGS', GETDATE());
INSERT INTO "SUBTABLEVARIABLE" (MAINTABLE, SUBTABLE, VARIABLE, VARIABLETYPE, STORECOLUMNNO, USERID, LOGDATE) VALUES ('S1719C17190201', '', 'TIME_PERIOD', 'T', '1', 'SDGS', GETDATE());
INSERT INTO "CONTENTSTIME" (MAINTABLE, CONTENTS, TIMEPERIOD, USERID, LOGDATE) VALUES ('S1719C17190201', 'OBS_VALUE', 2017, 'SDGS', GETDATE());
IF EXISTS (SELECT 1 FROM SYS.VIEWS WHERE NAME = 'S1719C17190201' AND TYPE  = 'v') DROP VIEW S1719C17190201;
GO
CREATE VIEW S1719C17190201 AS SELECT * FROM INDICATORDATA WHERE SUBINDICATOR_CODE = 'C171902_01';
GO
INSERT INTO "MAINTABLE" (MAINTABLE, PRESTEXT, PRESTEXTS, PRESCATEGORY, TIMESCALE, USERID, LOGDATE, FIRSTPUBLISHED, TABLESTATUS, TABLEID, PRODUCTCODE, SPECCHAREXISTS, METAID, SUBJECTCODE, CONTENTSVARIABLE) VALUES  ('S1719C17190202', 'code 17.19/C171902_02/C171902_02 - ???? ??????? ???? ???? ???? 90 ?? ?????? ?? ????? ???????? (1= ???  0=??)', 'SDGs Indicators', 'O', 'year', 'SDGS', GETDATE(), GETDATE(), 'A', 'S1719C17190202', '001', 'N', '01', '01', 'ar: Sub Indicator');
INSERT INTO "MAINTABLE_ENG" (MAINTABLE, STATUS, PUBLISHED, PRESTEXT, PRESTEXTS, CONTENTSVARIABLE, USERID, LOGDATE) VALUES  ('S1719C17190202', 'A', GETDATE(), 'code 17.19/C171902_02/C171902_02 - Proportion of countries with birth registration data that are at least 90 percent complete (1 = YES; 0 = NO)', 'SDGs Indicators', 'Sub Indicator', 'SDGS', GETDATE());
INSERT INTO "SECONDARYLANGUAGE" (MAINTABLE, LANGUAGE, COMPLETELYTRANSLATED,PUBLISHED, USERID, LOGDATE) VALUES  ('S1719C17190202', 'en','Y', 'Y', 'SDGS', GETDATE());
INSERT INTO "CONTENTS" (MAINTABLE, CONTENTS, PRESTEXT, PRESCODE, COPYRIGHT, PRODUCER, LASTUPDATED, UNIT, PRESDECIMALS, PRESCELLSZERO, STOCKFA, DAYADJ, SEASADJ, FOOTNOTECONTENTS, FOOTNOTEVARIABLE, FOOTNOTEVALUE, STORECOLUMNNO, STOREFORMAT, STORENOCHAR, STOREDECIMALS, USERID, LOGDATE, PUBLISHED, PRESTEXTS, STATAUTHORITY, AGGREGPOSSIBLE, FOOTNOTETIME, METAID) VALUES  ('S1719C17190202', 'OBS_VALUE', 'ar: Sustainable Development Goals - SDGs', 'DATA', '1', 'PCBS', GETDATE(), 'OBS_VALUE', '2', 'Y', 'F', 'N', 'N', 'N', 'N', 'N', '3', 'N', '17', '2', 'SDGS', GETDATE(), GETDATE(), 'C171902_02', 'PCBS', 'N', 'N', '01');
INSERT INTO "CONTENTS_ENG" (MAINTABLE, CONTENTS, PRESTEXT, UNIT, USERID, LOGDATE, PRESTEXTS, REFPERIOD, BASEPERIOD)  VALUES  ('S1719C17190202', 'OBS_VALUE', 'Sustainable Development Goals - SDGs',  'OBS_VALUE', 'SDGS', GETDATE(), 'C171902_02', NULL,NULL);
INSERT INTO "SUBTABLE" (MAINTABLE, SUBTABLE, PRESTEXT, CLEANTABLE, USERID, LOGDATE) VALUES  ('S1719C17190202', '', 'code 17.19/C171902_02/C171902_02 - ???? ??????? ???? ???? ???? 90 ?? ?????? ?? ????? ???????? (1= ???  0=??)', 'Y', 'SDGS', GETDATE());
INSERT INTO "SUBTABLE_ENG" (MAINTABLE, SUBTABLE, PRESTEXT, USERID, LOGDATE) VALUES  ('S1719C17190202', '', 'code 17.19/C171902_02/C171902_02 - Proportion of countries with birth registration data that are at least 90 percent complete (1 = YES; 0 = NO)', 'SDGS', GETDATE());
INSERT INTO "SUBTABLEVARIABLE" (MAINTABLE, SUBTABLE, VARIABLE, VARIABLETYPE, STORECOLUMNNO, USERID, LOGDATE) VALUES ('S1719C17190202', '', 'TIME_PERIOD', 'T', '1', 'SDGS', GETDATE());
INSERT INTO "CONTENTSTIME" (MAINTABLE, CONTENTS, TIMEPERIOD, USERID, LOGDATE) VALUES ('S1719C17190202', 'OBS_VALUE', 2007, 'SDGS', GETDATE());
INSERT INTO "CONTENTSTIME" (MAINTABLE, CONTENTS, TIMEPERIOD, USERID, LOGDATE) VALUES ('S1719C17190202', 'OBS_VALUE', 2008, 'SDGS', GETDATE());
INSERT INTO "CONTENTSTIME" (MAINTABLE, CONTENTS, TIMEPERIOD, USERID, LOGDATE) VALUES ('S1719C17190202', 'OBS_VALUE', 2009, 'SDGS', GETDATE());
INSERT INTO "CONTENTSTIME" (MAINTABLE, CONTENTS, TIMEPERIOD, USERID, LOGDATE) VALUES ('S1719C17190202', 'OBS_VALUE', 2010, 'SDGS', GETDATE());
INSERT INTO "CONTENTSTIME" (MAINTABLE, CONTENTS, TIMEPERIOD, USERID, LOGDATE) VALUES ('S1719C17190202', 'OBS_VALUE', 2011, 'SDGS', GETDATE());
INSERT INTO "CONTENTSTIME" (MAINTABLE, CONTENTS, TIMEPERIOD, USERID, LOGDATE) VALUES ('S1719C17190202', 'OBS_VALUE', 2012, 'SDGS', GETDATE());
INSERT INTO "CONTENTSTIME" (MAINTABLE, CONTENTS, TIMEPERIOD, USERID, LOGDATE) VALUES ('S1719C17190202', 'OBS_VALUE', 2013, 'SDGS', GETDATE());
INSERT INTO "CONTENTSTIME" (MAINTABLE, CONTENTS, TIMEPERIOD, USERID, LOGDATE) VALUES ('S1719C17190202', 'OBS_VALUE', 2014, 'SDGS', GETDATE());
INSERT INTO "CONTENTSTIME" (MAINTABLE, CONTENTS, TIMEPERIOD, USERID, LOGDATE) VALUES ('S1719C17190202', 'OBS_VALUE', 2015, 'SDGS', GETDATE());
INSERT INTO "CONTENTSTIME" (MAINTABLE, CONTENTS, TIMEPERIOD, USERID, LOGDATE) VALUES ('S1719C17190202', 'OBS_VALUE', 2016, 'SDGS', GETDATE());
INSERT INTO "CONTENTSTIME" (MAINTABLE, CONTENTS, TIMEPERIOD, USERID, LOGDATE) VALUES ('S1719C17190202', 'OBS_VALUE', 2017, 'SDGS', GETDATE());
INSERT INTO "CONTENTSTIME" (MAINTABLE, CONTENTS, TIMEPERIOD, USERID, LOGDATE) VALUES ('S1719C17190202', 'OBS_VALUE', 2018, 'SDGS', GETDATE());
INSERT INTO "CONTENTSTIME" (MAINTABLE, CONTENTS, TIMEPERIOD, USERID, LOGDATE) VALUES ('S1719C17190202', 'OBS_VALUE', 2019, 'SDGS', GETDATE());
INSERT INTO "VALUESET" (VALUESET, PRESTEXT, DESCRIPTION, ELIMINATION, VALUEPOOL, METAID, FOOTNOTE, USERID, LOGDATE, VALUEPRES, SORTCODEEXISTS) VALUES ('VSREF_AREA_C171902_02', 'Hmm', 'None', 'A', 'VPREF_AREA', '0', 'N', 'SDGS', GETDATE(), 'T', 'N');
INSERT INTO "VALUESET_ENG" (VALUESET, PRESTEXT, DESCRIPTION, USERID, LOGDATE) VALUES ('VSREF_AREA_C171902_02', 'Hmm', 'None', 'SDGS', GETDATE());
INSERT INTO "VSVALUE" (VALUESET, VALUEPOOL, VALUECODE, USERID, LOGDATE) VALUES ('VSREF_AREA_C171902_02', 'VPREF_AREA', '1', 'SDGS', GETDATE());
INSERT INTO "VSVALUE_ENG" (VALUESET, VALUEPOOL, VALUECODE, USERID, LOGDATE) VALUES ('VSREF_AREA_C171902_02', 'VPREF_AREA', '1', 'SDGS', GETDATE());
INSERT INTO "VSVALUE" (VALUESET, VALUEPOOL, VALUECODE, USERID, LOGDATE) VALUES ('VSREF_AREA_C171902_02', 'VPREF_AREA', '2', 'SDGS', GETDATE());
INSERT INTO "VSVALUE_ENG" (VALUESET, VALUEPOOL, VALUECODE, USERID, LOGDATE) VALUES ('VSREF_AREA_C171902_02', 'VPREF_AREA', '2', 'SDGS', GETDATE());
INSERT INTO "VSVALUE" (VALUESET, VALUEPOOL, VALUECODE, USERID, LOGDATE) VALUES ('VSREF_AREA_C171902_02', 'VPREF_AREA', '3', 'SDGS', GETDATE());
INSERT INTO "VSVALUE_ENG" (VALUESET, VALUEPOOL, VALUECODE, USERID, LOGDATE) VALUES ('VSREF_AREA_C171902_02', 'VPREF_AREA', '3', 'SDGS', GETDATE());
INSERT INTO "SUBTABLEVARIABLE" (MAINTABLE, SUBTABLE, VARIABLE, VALUESET, VARIABLETYPE, STORECOLUMNNO, USERID, LOGDATE) VALUES ('S1719C17190202', '', 'REF_AREA', 'VSREF_AREA_C171902_02', 'V', '1', 'SDGS', GETDATE());
IF EXISTS (SELECT 1 FROM SYS.VIEWS WHERE NAME = 'S1719C17190202' AND TYPE  = 'v') DROP VIEW S1719C17190202;
GO
CREATE VIEW S1719C17190202 AS SELECT * FROM INDICATORDATA WHERE SUBINDICATOR_CODE = 'C171902_02';
GO
INSERT INTO "MAINTABLE" (MAINTABLE, PRESTEXT, PRESTEXTS, PRESCATEGORY, TIMESCALE, USERID, LOGDATE, FIRSTPUBLISHED, TABLESTATUS, TABLEID, PRODUCTCODE, SPECCHAREXISTS, METAID, SUBJECTCODE, CONTENTSVARIABLE) VALUES  ('S1719C17190203', 'code 17.19/C171902_03/C171902_03 - ???? ??????? ???? ???? ???? 75 ?? ?????? ?? ????? ??????? (1= ???  0=??)', 'SDGs Indicators', 'O', 'year', 'SDGS', GETDATE(), GETDATE(), 'A', 'S1719C17190203', '001', 'N', '01', '01', 'ar: Sub Indicator');
INSERT INTO "MAINTABLE_ENG" (MAINTABLE, STATUS, PUBLISHED, PRESTEXT, PRESTEXTS, CONTENTSVARIABLE, USERID, LOGDATE) VALUES  ('S1719C17190203', 'A', GETDATE(), 'code 17.19/C171902_03/C171902_03 - Proportion of countries with death registration data that are at least 75 percent (1 = YES; 0 = NO)', 'SDGs Indicators', 'Sub Indicator', 'SDGS', GETDATE());
INSERT INTO "SECONDARYLANGUAGE" (MAINTABLE, LANGUAGE, COMPLETELYTRANSLATED,PUBLISHED, USERID, LOGDATE) VALUES  ('S1719C17190203', 'en','Y', 'Y', 'SDGS', GETDATE());
INSERT INTO "CONTENTS" (MAINTABLE, CONTENTS, PRESTEXT, PRESCODE, COPYRIGHT, PRODUCER, LASTUPDATED, UNIT, PRESDECIMALS, PRESCELLSZERO, STOCKFA, DAYADJ, SEASADJ, FOOTNOTECONTENTS, FOOTNOTEVARIABLE, FOOTNOTEVALUE, STORECOLUMNNO, STOREFORMAT, STORENOCHAR, STOREDECIMALS, USERID, LOGDATE, PUBLISHED, PRESTEXTS, STATAUTHORITY, AGGREGPOSSIBLE, FOOTNOTETIME, METAID) VALUES  ('S1719C17190203', 'OBS_VALUE', 'ar: Sustainable Development Goals - SDGs', 'DATA', '1', 'PCBS', GETDATE(), 'OBS_VALUE', '2', 'Y', 'F', 'N', 'N', 'N', 'N', 'N', '3', 'N', '17', '2', 'SDGS', GETDATE(), GETDATE(), 'C171902_03', 'PCBS', 'N', 'N', '01');
INSERT INTO "CONTENTS_ENG" (MAINTABLE, CONTENTS, PRESTEXT, UNIT, USERID, LOGDATE, PRESTEXTS, REFPERIOD, BASEPERIOD)  VALUES  ('S1719C17190203', 'OBS_VALUE', 'Sustainable Development Goals - SDGs',  'OBS_VALUE', 'SDGS', GETDATE(), 'C171902_03', NULL,NULL);
INSERT INTO "SUBTABLE" (MAINTABLE, SUBTABLE, PRESTEXT, CLEANTABLE, USERID, LOGDATE) VALUES  ('S1719C17190203', '', 'code 17.19/C171902_03/C171902_03 - ???? ??????? ???? ???? ???? 75 ?? ?????? ?? ????? ??????? (1= ???  0=??)', 'Y', 'SDGS', GETDATE());
INSERT INTO "SUBTABLE_ENG" (MAINTABLE, SUBTABLE, PRESTEXT, USERID, LOGDATE) VALUES  ('S1719C17190203', '', 'code 17.19/C171902_03/C171902_03 - Proportion of countries with death registration data that are at least 75 percent (1 = YES; 0 = NO)', 'SDGS', GETDATE());
INSERT INTO "SUBTABLEVARIABLE" (MAINTABLE, SUBTABLE, VARIABLE, VARIABLETYPE, STORECOLUMNNO, USERID, LOGDATE) VALUES ('S1719C17190203', '', 'TIME_PERIOD', 'T', '1', 'SDGS', GETDATE());
INSERT INTO "CONTENTSTIME" (MAINTABLE, CONTENTS, TIMEPERIOD, USERID, LOGDATE) VALUES ('S1719C17190203', 'OBS_VALUE', 2007, 'SDGS', GETDATE());
INSERT INTO "CONTENTSTIME" (MAINTABLE, CONTENTS, TIMEPERIOD, USERID, LOGDATE) VALUES ('S1719C17190203', 'OBS_VALUE', 2008, 'SDGS', GETDATE());
INSERT INTO "CONTENTSTIME" (MAINTABLE, CONTENTS, TIMEPERIOD, USERID, LOGDATE) VALUES ('S1719C17190203', 'OBS_VALUE', 2009, 'SDGS', GETDATE());
INSERT INTO "CONTENTSTIME" (MAINTABLE, CONTENTS, TIMEPERIOD, USERID, LOGDATE) VALUES ('S1719C17190203', 'OBS_VALUE', 2010, 'SDGS', GETDATE());
INSERT INTO "CONTENTSTIME" (MAINTABLE, CONTENTS, TIMEPERIOD, USERID, LOGDATE) VALUES ('S1719C17190203', 'OBS_VALUE', 2011, 'SDGS', GETDATE());
INSERT INTO "CONTENTSTIME" (MAINTABLE, CONTENTS, TIMEPERIOD, USERID, LOGDATE) VALUES ('S1719C17190203', 'OBS_VALUE', 2012, 'SDGS', GETDATE());
INSERT INTO "CONTENTSTIME" (MAINTABLE, CONTENTS, TIMEPERIOD, USERID, LOGDATE) VALUES ('S1719C17190203', 'OBS_VALUE', 2013, 'SDGS', GETDATE());
INSERT INTO "CONTENTSTIME" (MAINTABLE, CONTENTS, TIMEPERIOD, USERID, LOGDATE) VALUES ('S1719C17190203', 'OBS_VALUE', 2014, 'SDGS', GETDATE());
INSERT INTO "CONTENTSTIME" (MAINTABLE, CONTENTS, TIMEPERIOD, USERID, LOGDATE) VALUES ('S1719C17190203', 'OBS_VALUE', 2015, 'SDGS', GETDATE());
INSERT INTO "CONTENTSTIME" (MAINTABLE, CONTENTS, TIMEPERIOD, USERID, LOGDATE) VALUES ('S1719C17190203', 'OBS_VALUE', 2016, 'SDGS', GETDATE());
INSERT INTO "CONTENTSTIME" (MAINTABLE, CONTENTS, TIMEPERIOD, USERID, LOGDATE) VALUES ('S1719C17190203', 'OBS_VALUE', 2017, 'SDGS', GETDATE());
INSERT INTO "CONTENTSTIME" (MAINTABLE, CONTENTS, TIMEPERIOD, USERID, LOGDATE) VALUES ('S1719C17190203', 'OBS_VALUE', 2018, 'SDGS', GETDATE());
INSERT INTO "CONTENTSTIME" (MAINTABLE, CONTENTS, TIMEPERIOD, USERID, LOGDATE) VALUES ('S1719C17190203', 'OBS_VALUE', 2019, 'SDGS', GETDATE());
INSERT INTO "VALUESET" (VALUESET, PRESTEXT, DESCRIPTION, ELIMINATION, VALUEPOOL, METAID, FOOTNOTE, USERID, LOGDATE, VALUEPRES, SORTCODEEXISTS) VALUES ('VSREF_AREA_C171902_03', 'Hmm', 'None', 'A', 'VPREF_AREA', '0', 'N', 'SDGS', GETDATE(), 'T', 'N');
INSERT INTO "VALUESET_ENG" (VALUESET, PRESTEXT, DESCRIPTION, USERID, LOGDATE) VALUES ('VSREF_AREA_C171902_03', 'Hmm', 'None', 'SDGS', GETDATE());
INSERT INTO "VSVALUE" (VALUESET, VALUEPOOL, VALUECODE, USERID, LOGDATE) VALUES ('VSREF_AREA_C171902_03', 'VPREF_AREA', '1', 'SDGS', GETDATE());
INSERT INTO "VSVALUE_ENG" (VALUESET, VALUEPOOL, VALUECODE, USERID, LOGDATE) VALUES ('VSREF_AREA_C171902_03', 'VPREF_AREA', '1', 'SDGS', GETDATE());
INSERT INTO "VSVALUE" (VALUESET, VALUEPOOL, VALUECODE, USERID, LOGDATE) VALUES ('VSREF_AREA_C171902_03', 'VPREF_AREA', '2', 'SDGS', GETDATE());
INSERT INTO "VSVALUE_ENG" (VALUESET, VALUEPOOL, VALUECODE, USERID, LOGDATE) VALUES ('VSREF_AREA_C171902_03', 'VPREF_AREA', '2', 'SDGS', GETDATE());
INSERT INTO "VSVALUE" (VALUESET, VALUEPOOL, VALUECODE, USERID, LOGDATE) VALUES ('VSREF_AREA_C171902_03', 'VPREF_AREA', '3', 'SDGS', GETDATE());
INSERT INTO "VSVALUE_ENG" (VALUESET, VALUEPOOL, VALUECODE, USERID, LOGDATE) VALUES ('VSREF_AREA_C171902_03', 'VPREF_AREA', '3', 'SDGS', GETDATE());
INSERT INTO "SUBTABLEVARIABLE" (MAINTABLE, SUBTABLE, VARIABLE, VALUESET, VARIABLETYPE, STORECOLUMNNO, USERID, LOGDATE) VALUES ('S1719C17190203', '', 'REF_AREA', 'VSREF_AREA_C171902_03', 'V', '1', 'SDGS', GETDATE());
IF EXISTS (SELECT 1 FROM SYS.VIEWS WHERE NAME = 'S1719C17190203' AND TYPE  = 'v') DROP VIEW S1719C17190203;
GO
CREATE VIEW S1719C17190203 AS SELECT * FROM INDICATORDATA WHERE SUBINDICATOR_CODE = 'C171902_03';
GO
INSERT INTO "MAINTABLE" (MAINTABLE, PRESTEXT, PRESTEXTS, PRESCATEGORY, TIMESCALE, USERID, LOGDATE, FIRSTPUBLISHED, TABLESTATUS, TABLEID, PRODUCTCODE, SPECCHAREXISTS, METAID, SUBJECTCODE, CONTENTSVARIABLE) VALUES  ('S173C17030101', 'code 17.3/C170301_01/C170301_01 - ??????????? ???????? ???????? ????????? ????????? ??????? ???????? ???? ??? ????? ?????? ????? ?? ?????? ????????? ???????', 'SDGs Indicators', 'O', 'year', 'SDGS', GETDATE(), GETDATE(), 'A', 'S173C17030101', '001', 'N', '01', '01', 'ar: Sub Indicator');
INSERT INTO "MAINTABLE_ENG" (MAINTABLE, STATUS, PUBLISHED, PRESTEXT, PRESTEXTS, CONTENTSVARIABLE, USERID, LOGDATE) VALUES  ('S173C17030101', 'A', GETDATE(), 'code 17.3/C170301_01/C170301_01 - Foreign direct investments (FDI), official development assistance and South-South Cooperation as a proportion of total domestic budget', 'SDGs Indicators', 'Sub Indicator', 'SDGS', GETDATE());
INSERT INTO "SECONDARYLANGUAGE" (MAINTABLE, LANGUAGE, COMPLETELYTRANSLATED,PUBLISHED, USERID, LOGDATE) VALUES  ('S173C17030101', 'en','Y', 'Y', 'SDGS', GETDATE());
INSERT INTO "CONTENTS" (MAINTABLE, CONTENTS, PRESTEXT, PRESCODE, COPYRIGHT, PRODUCER, LASTUPDATED, UNIT, PRESDECIMALS, PRESCELLSZERO, STOCKFA, DAYADJ, SEASADJ, FOOTNOTECONTENTS, FOOTNOTEVARIABLE, FOOTNOTEVALUE, STORECOLUMNNO, STOREFORMAT, STORENOCHAR, STOREDECIMALS, USERID, LOGDATE, PUBLISHED, PRESTEXTS, STATAUTHORITY, AGGREGPOSSIBLE, FOOTNOTETIME, METAID) VALUES  ('S173C17030101', 'OBS_VALUE', 'ar: Sustainable Development Goals - SDGs', 'DATA', '1', 'PCBS', GETDATE(), 'OBS_VALUE', '2', 'Y', 'F', 'N', 'N', 'N', 'N', 'N', '3', 'N', '17', '2', 'SDGS', GETDATE(), GETDATE(), 'C170301_01', 'PCBS', 'N', 'N', '01');
INSERT INTO "CONTENTS_ENG" (MAINTABLE, CONTENTS, PRESTEXT, UNIT, USERID, LOGDATE, PRESTEXTS, REFPERIOD, BASEPERIOD)  VALUES  ('S173C17030101', 'OBS_VALUE', 'Sustainable Development Goals - SDGs',  'OBS_VALUE', 'SDGS', GETDATE(), 'C170301_01', NULL,NULL);
INSERT INTO "SUBTABLE" (MAINTABLE, SUBTABLE, PRESTEXT, CLEANTABLE, USERID, LOGDATE) VALUES  ('S173C17030101', '', 'code 17.3/C170301_01/C170301_01 - ??????????? ???????? ???????? ????????? ????????? ??????? ???????? ???? ??? ????? ?????? ????? ?? ?????? ????????? ???????', 'Y', 'SDGS', GETDATE());
INSERT INTO "SUBTABLE_ENG" (MAINTABLE, SUBTABLE, PRESTEXT, USERID, LOGDATE) VALUES  ('S173C17030101', '', 'code 17.3/C170301_01/C170301_01 - Foreign direct investments (FDI), official development assistance and South-South Cooperation as a proportion of total domestic budget', 'SDGS', GETDATE());
INSERT INTO "SUBTABLEVARIABLE" (MAINTABLE, SUBTABLE, VARIABLE, VARIABLETYPE, STORECOLUMNNO, USERID, LOGDATE) VALUES ('S173C17030101', '', 'TIME_PERIOD', 'T', '1', 'SDGS', GETDATE());
INSERT INTO "CONTENTSTIME" (MAINTABLE, CONTENTS, TIMEPERIOD, USERID, LOGDATE) VALUES ('S173C17030101', 'OBS_VALUE', 2000, 'SDGS', GETDATE());
INSERT INTO "CONTENTSTIME" (MAINTABLE, CONTENTS, TIMEPERIOD, USERID, LOGDATE) VALUES ('S173C17030101', 'OBS_VALUE', 2001, 'SDGS', GETDATE());
INSERT INTO "CONTENTSTIME" (MAINTABLE, CONTENTS, TIMEPERIOD, USERID, LOGDATE) VALUES ('S173C17030101', 'OBS_VALUE', 2002, 'SDGS', GETDATE());
INSERT INTO "CONTENTSTIME" (MAINTABLE, CONTENTS, TIMEPERIOD, USERID, LOGDATE) VALUES ('S173C17030101', 'OBS_VALUE', 2003, 'SDGS', GETDATE());
INSERT INTO "CONTENTSTIME" (MAINTABLE, CONTENTS, TIMEPERIOD, USERID, LOGDATE) VALUES ('S173C17030101', 'OBS_VALUE', 2004, 'SDGS', GETDATE());
INSERT INTO "CONTENTSTIME" (MAINTABLE, CONTENTS, TIMEPERIOD, USERID, LOGDATE) VALUES ('S173C17030101', 'OBS_VALUE', 2005, 'SDGS', GETDATE());
INSERT INTO "CONTENTSTIME" (MAINTABLE, CONTENTS, TIMEPERIOD, USERID, LOGDATE) VALUES ('S173C17030101', 'OBS_VALUE', 2006, 'SDGS', GETDATE());
INSERT INTO "CONTENTSTIME" (MAINTABLE, CONTENTS, TIMEPERIOD, USERID, LOGDATE) VALUES ('S173C17030101', 'OBS_VALUE', 2007, 'SDGS', GETDATE());
INSERT INTO "CONTENTSTIME" (MAINTABLE, CONTENTS, TIMEPERIOD, USERID, LOGDATE) VALUES ('S173C17030101', 'OBS_VALUE', 2008, 'SDGS', GETDATE());
INSERT INTO "CONTENTSTIME" (MAINTABLE, CONTENTS, TIMEPERIOD, USERID, LOGDATE) VALUES ('S173C17030101', 'OBS_VALUE', 2009, 'SDGS', GETDATE());
INSERT INTO "CONTENTSTIME" (MAINTABLE, CONTENTS, TIMEPERIOD, USERID, LOGDATE) VALUES ('S173C17030101', 'OBS_VALUE', 2010, 'SDGS', GETDATE());
INSERT INTO "CONTENTSTIME" (MAINTABLE, CONTENTS, TIMEPERIOD, USERID, LOGDATE) VALUES ('S173C17030101', 'OBS_VALUE', 2011, 'SDGS', GETDATE());
INSERT INTO "CONTENTSTIME" (MAINTABLE, CONTENTS, TIMEPERIOD, USERID, LOGDATE) VALUES ('S173C17030101', 'OBS_VALUE', 2012, 'SDGS', GETDATE());
INSERT INTO "CONTENTSTIME" (MAINTABLE, CONTENTS, TIMEPERIOD, USERID, LOGDATE) VALUES ('S173C17030101', 'OBS_VALUE', 2013, 'SDGS', GETDATE());
INSERT INTO "CONTENTSTIME" (MAINTABLE, CONTENTS, TIMEPERIOD, USERID, LOGDATE) VALUES ('S173C17030101', 'OBS_VALUE', 2014, 'SDGS', GETDATE());
INSERT INTO "CONTENTSTIME" (MAINTABLE, CONTENTS, TIMEPERIOD, USERID, LOGDATE) VALUES ('S173C17030101', 'OBS_VALUE', 2015, 'SDGS', GETDATE());
INSERT INTO "CONTENTSTIME" (MAINTABLE, CONTENTS, TIMEPERIOD, USERID, LOGDATE) VALUES ('S173C17030101', 'OBS_VALUE', 2016, 'SDGS', GETDATE());
INSERT INTO "CONTENTSTIME" (MAINTABLE, CONTENTS, TIMEPERIOD, USERID, LOGDATE) VALUES ('S173C17030101', 'OBS_VALUE', 2017, 'SDGS', GETDATE());
INSERT INTO "CONTENTSTIME" (MAINTABLE, CONTENTS, TIMEPERIOD, USERID, LOGDATE) VALUES ('S173C17030101', 'OBS_VALUE', 2018, 'SDGS', GETDATE());
INSERT INTO "VALUESET" (VALUESET, PRESTEXT, DESCRIPTION, ELIMINATION, VALUEPOOL, METAID, FOOTNOTE, USERID, LOGDATE, VALUEPRES, SORTCODEEXISTS) VALUES ('VSREF_AREA_C170301_01', 'Hmm', 'None', 'A', 'VPREF_AREA', '0', 'N', 'SDGS', GETDATE(), 'T', 'N');
INSERT INTO "VALUESET_ENG" (VALUESET, PRESTEXT, DESCRIPTION, USERID, LOGDATE) VALUES ('VSREF_AREA_C170301_01', 'Hmm', 'None', 'SDGS', GETDATE());
INSERT INTO "VSVALUE" (VALUESET, VALUEPOOL, VALUECODE, USERID, LOGDATE) VALUES ('VSREF_AREA_C170301_01', 'VPREF_AREA', '3', 'SDGS', GETDATE());
INSERT INTO "VSVALUE_ENG" (VALUESET, VALUEPOOL, VALUECODE, USERID, LOGDATE) VALUES ('VSREF_AREA_C170301_01', 'VPREF_AREA', '3', 'SDGS', GETDATE());
INSERT INTO "VSVALUE" (VALUESET, VALUEPOOL, VALUECODE, USERID, LOGDATE) VALUES ('VSREF_AREA_C170301_01', 'VPREF_AREA', '1101', 'SDGS', GETDATE());
INSERT INTO "VSVALUE_ENG" (VALUESET, VALUEPOOL, VALUECODE, USERID, LOGDATE) VALUES ('VSREF_AREA_C170301_01', 'VPREF_AREA', '1101', 'SDGS', GETDATE());
INSERT INTO "VSVALUE" (VALUESET, VALUEPOOL, VALUECODE, USERID, LOGDATE) VALUES ('VSREF_AREA_C170301_01', 'VPREF_AREA', '1105', 'SDGS', GETDATE());
INSERT INTO "VSVALUE_ENG" (VALUESET, VALUEPOOL, VALUECODE, USERID, LOGDATE) VALUES ('VSREF_AREA_C170301_01', 'VPREF_AREA', '1105', 'SDGS', GETDATE());
INSERT INTO "VSVALUE" (VALUESET, VALUEPOOL, VALUECODE, USERID, LOGDATE) VALUES ('VSREF_AREA_C170301_01', 'VPREF_AREA', '1110', 'SDGS', GETDATE());
INSERT INTO "VSVALUE_ENG" (VALUESET, VALUEPOOL, VALUECODE, USERID, LOGDATE) VALUES ('VSREF_AREA_C170301_01', 'VPREF_AREA', '1110', 'SDGS', GETDATE());
INSERT INTO "VSVALUE" (VALUESET, VALUEPOOL, VALUECODE, USERID, LOGDATE) VALUES ('VSREF_AREA_C170301_01', 'VPREF_AREA', '1115', 'SDGS', GETDATE());
INSERT INTO "VSVALUE_ENG" (VALUESET, VALUEPOOL, VALUECODE, USERID, LOGDATE) VALUES ('VSREF_AREA_C170301_01', 'VPREF_AREA', '1115', 'SDGS', GETDATE());
INSERT INTO "VSVALUE" (VALUESET, VALUEPOOL, VALUECODE, USERID, LOGDATE) VALUES ('VSREF_AREA_C170301_01', 'VPREF_AREA', '1120', 'SDGS', GETDATE());
INSERT INTO "VSVALUE_ENG" (VALUESET, VALUEPOOL, VALUECODE, USERID, LOGDATE) VALUES ('VSREF_AREA_C170301_01', 'VPREF_AREA', '1120', 'SDGS', GETDATE());
INSERT INTO "VSVALUE" (VALUESET, VALUEPOOL, VALUECODE, USERID, LOGDATE) VALUES ('VSREF_AREA_C170301_01', 'VPREF_AREA', '1125', 'SDGS', GETDATE());
INSERT INTO "VSVALUE_ENG" (VALUESET, VALUEPOOL, VALUECODE, USERID, LOGDATE) VALUES ('VSREF_AREA_C170301_01', 'VPREF_AREA', '1125', 'SDGS', GETDATE());
INSERT INTO "SUBTABLEVARIABLE" (MAINTABLE, SUBTABLE, VARIABLE, VALUESET, VARIABLETYPE, STORECOLUMNNO, USERID, LOGDATE) VALUES ('S173C17030101', '', 'REF_AREA', 'VSREF_AREA_C170301_01', 'V', '1', 'SDGS', GETDATE());
INSERT INTO "VALUESET" (VALUESET, PRESTEXT, DESCRIPTION, ELIMINATION, VALUEPOOL, METAID, FOOTNOTE, USERID, LOGDATE, VALUEPRES, SORTCODEEXISTS) VALUES ('VSSEX_C170301_01', 'Hmm', 'None', 'A', 'VPSEX', '0', 'N', 'SDGS', GETDATE(), 'T', 'N');
INSERT INTO "VALUESET_ENG" (VALUESET, PRESTEXT, DESCRIPTION, USERID, LOGDATE) VALUES ('VSSEX_C170301_01', 'Hmm', 'None', 'SDGS', GETDATE());
INSERT INTO "VSVALUE" (VALUESET, VALUEPOOL, VALUECODE, USERID, LOGDATE) VALUES ('VSSEX_C170301_01', 'VPSEX', 'M', 'SDGS', GETDATE());
INSERT INTO "VSVALUE_ENG" (VALUESET, VALUEPOOL, VALUECODE, USERID, LOGDATE) VALUES ('VSSEX_C170301_01', 'VPSEX', 'M', 'SDGS', GETDATE());
INSERT INTO "VSVALUE" (VALUESET, VALUEPOOL, VALUECODE, USERID, LOGDATE) VALUES ('VSSEX_C170301_01', 'VPSEX', 'F', 'SDGS', GETDATE());
INSERT INTO "VSVALUE_ENG" (VALUESET, VALUEPOOL, VALUECODE, USERID, LOGDATE) VALUES ('VSSEX_C170301_01', 'VPSEX', 'F', 'SDGS', GETDATE());
INSERT INTO "VSVALUE" (VALUESET, VALUEPOOL, VALUECODE, USERID, LOGDATE) VALUES ('VSSEX_C170301_01', 'VPSEX', '_T', 'SDGS', GETDATE());
INSERT INTO "VSVALUE_ENG" (VALUESET, VALUEPOOL, VALUECODE, USERID, LOGDATE) VALUES ('VSSEX_C170301_01', 'VPSEX', '_T', 'SDGS', GETDATE());
INSERT INTO "SUBTABLEVARIABLE" (MAINTABLE, SUBTABLE, VARIABLE, VALUESET, VARIABLETYPE, STORECOLUMNNO, USERID, LOGDATE) VALUES ('S173C17030101', '', 'SEX', 'VSSEX_C170301_01', 'V', '1', 'SDGS', GETDATE());
IF EXISTS (SELECT 1 FROM SYS.VIEWS WHERE NAME = 'S173C17030101' AND TYPE  = 'v') DROP VIEW S173C17030101;
GO
CREATE VIEW S173C17030101 AS SELECT * FROM INDICATORDATA WHERE SUBINDICATOR_CODE = 'C170301_01';
GO
INSERT INTO "MAINTABLE" (MAINTABLE, PRESTEXT, PRESTEXTS, PRESCATEGORY, TIMESCALE, USERID, LOGDATE, FIRSTPUBLISHED, TABLESTATUS, TABLEID, PRODUCTCODE, SPECCHAREXISTS, METAID, SUBJECTCODE, CONTENTSVARIABLE) VALUES  ('S173C17030201', 'code 17.3/C170302_01/C170302_01 - ??? ????????? ??????? (???????? ???????? ???????) ????? ?? ????? ?????? ?????? ????????', 'SDGs Indicators', 'O', 'year', 'SDGS', GETDATE(), GETDATE(), 'A', 'S173C17030201', '001', 'N', '01', '01', 'ar: Sub Indicator');
INSERT INTO "MAINTABLE_ENG" (MAINTABLE, STATUS, PUBLISHED, PRESTEXT, PRESTEXTS, CONTENTSVARIABLE, USERID, LOGDATE) VALUES  ('S173C17030201', 'A', GETDATE(), 'code 17.3/C170302_01/C170302_01 - Volume of remittances (in United States dollars) as a proportion of total GDP', 'SDGs Indicators', 'Sub Indicator', 'SDGS', GETDATE());
INSERT INTO "SECONDARYLANGUAGE" (MAINTABLE, LANGUAGE, COMPLETELYTRANSLATED,PUBLISHED, USERID, LOGDATE) VALUES  ('S173C17030201', 'en','Y', 'Y', 'SDGS', GETDATE());
INSERT INTO "CONTENTS" (MAINTABLE, CONTENTS, PRESTEXT, PRESCODE, COPYRIGHT, PRODUCER, LASTUPDATED, UNIT, PRESDECIMALS, PRESCELLSZERO, STOCKFA, DAYADJ, SEASADJ, FOOTNOTECONTENTS, FOOTNOTEVARIABLE, FOOTNOTEVALUE, STORECOLUMNNO, STOREFORMAT, STORENOCHAR, STOREDECIMALS, USERID, LOGDATE, PUBLISHED, PRESTEXTS, STATAUTHORITY, AGGREGPOSSIBLE, FOOTNOTETIME, METAID) VALUES  ('S173C17030201', 'OBS_VALUE', 'ar: Sustainable Development Goals - SDGs', 'DATA', '1', 'PCBS', GETDATE(), 'OBS_VALUE', '2', 'Y', 'F', 'N', 'N', 'N', 'N', 'N', '3', 'N', '17', '2', 'SDGS', GETDATE(), GETDATE(), 'C170302_01', 'PCBS', 'N', 'N', '01');
INSERT INTO "CONTENTS_ENG" (MAINTABLE, CONTENTS, PRESTEXT, UNIT, USERID, LOGDATE, PRESTEXTS, REFPERIOD, BASEPERIOD)  VALUES  ('S173C17030201', 'OBS_VALUE', 'Sustainable Development Goals - SDGs',  'OBS_VALUE', 'SDGS', GETDATE(), 'C170302_01', NULL,NULL);
INSERT INTO "SUBTABLE" (MAINTABLE, SUBTABLE, PRESTEXT, CLEANTABLE, USERID, LOGDATE) VALUES  ('S173C17030201', '', 'code 17.3/C170302_01/C170302_01 - ??? ????????? ??????? (???????? ???????? ???????) ????? ?? ????? ?????? ?????? ????????', 'Y', 'SDGS', GETDATE());
INSERT INTO "SUBTABLE_ENG" (MAINTABLE, SUBTABLE, PRESTEXT, USERID, LOGDATE) VALUES  ('S173C17030201', '', 'code 17.3/C170302_01/C170302_01 - Volume of remittances (in United States dollars) as a proportion of total GDP', 'SDGS', GETDATE());
INSERT INTO "SUBTABLEVARIABLE" (MAINTABLE, SUBTABLE, VARIABLE, VARIABLETYPE, STORECOLUMNNO, USERID, LOGDATE) VALUES ('S173C17030201', '', 'TIME_PERIOD', 'T', '1', 'SDGS', GETDATE());
INSERT INTO "CONTENTSTIME" (MAINTABLE, CONTENTS, TIMEPERIOD, USERID, LOGDATE) VALUES ('S173C17030201', 'OBS_VALUE', 2000, 'SDGS', GETDATE());
INSERT INTO "CONTENTSTIME" (MAINTABLE, CONTENTS, TIMEPERIOD, USERID, LOGDATE) VALUES ('S173C17030201', 'OBS_VALUE', 2001, 'SDGS', GETDATE());
INSERT INTO "CONTENTSTIME" (MAINTABLE, CONTENTS, TIMEPERIOD, USERID, LOGDATE) VALUES ('S173C17030201', 'OBS_VALUE', 2002, 'SDGS', GETDATE());
INSERT INTO "CONTENTSTIME" (MAINTABLE, CONTENTS, TIMEPERIOD, USERID, LOGDATE) VALUES ('S173C17030201', 'OBS_VALUE', 2003, 'SDGS', GETDATE());
INSERT INTO "CONTENTSTIME" (MAINTABLE, CONTENTS, TIMEPERIOD, USERID, LOGDATE) VALUES ('S173C17030201', 'OBS_VALUE', 2004, 'SDGS', GETDATE());
INSERT INTO "CONTENTSTIME" (MAINTABLE, CONTENTS, TIMEPERIOD, USERID, LOGDATE) VALUES ('S173C17030201', 'OBS_VALUE', 2005, 'SDGS', GETDATE());
INSERT INTO "CONTENTSTIME" (MAINTABLE, CONTENTS, TIMEPERIOD, USERID, LOGDATE) VALUES ('S173C17030201', 'OBS_VALUE', 2006, 'SDGS', GETDATE());
INSERT INTO "CONTENTSTIME" (MAINTABLE, CONTENTS, TIMEPERIOD, USERID, LOGDATE) VALUES ('S173C17030201', 'OBS_VALUE', 2007, 'SDGS', GETDATE());
INSERT INTO "CONTENTSTIME" (MAINTABLE, CONTENTS, TIMEPERIOD, USERID, LOGDATE) VALUES ('S173C17030201', 'OBS_VALUE', 2008, 'SDGS', GETDATE());
INSERT INTO "CONTENTSTIME" (MAINTABLE, CONTENTS, TIMEPERIOD, USERID, LOGDATE) VALUES ('S173C17030201', 'OBS_VALUE', 2009, 'SDGS', GETDATE());
INSERT INTO "CONTENTSTIME" (MAINTABLE, CONTENTS, TIMEPERIOD, USERID, LOGDATE) VALUES ('S173C17030201', 'OBS_VALUE', 2010, 'SDGS', GETDATE());
INSERT INTO "CONTENTSTIME" (MAINTABLE, CONTENTS, TIMEPERIOD, USERID, LOGDATE) VALUES ('S173C17030201', 'OBS_VALUE', 2011, 'SDGS', GETDATE());
INSERT INTO "CONTENTSTIME" (MAINTABLE, CONTENTS, TIMEPERIOD, USERID, LOGDATE) VALUES ('S173C17030201', 'OBS_VALUE', 2012, 'SDGS', GETDATE());
INSERT INTO "CONTENTSTIME" (MAINTABLE, CONTENTS, TIMEPERIOD, USERID, LOGDATE) VALUES ('S173C17030201', 'OBS_VALUE', 2013, 'SDGS', GETDATE());
INSERT INTO "CONTENTSTIME" (MAINTABLE, CONTENTS, TIMEPERIOD, USERID, LOGDATE) VALUES ('S173C17030201', 'OBS_VALUE', 2014, 'SDGS', GETDATE());
INSERT INTO "CONTENTSTIME" (MAINTABLE, CONTENTS, TIMEPERIOD, USERID, LOGDATE) VALUES ('S173C17030201', 'OBS_VALUE', 2015, 'SDGS', GETDATE());
INSERT INTO "CONTENTSTIME" (MAINTABLE, CONTENTS, TIMEPERIOD, USERID, LOGDATE) VALUES ('S173C17030201', 'OBS_VALUE', 2016, 'SDGS', GETDATE());
INSERT INTO "CONTENTSTIME" (MAINTABLE, CONTENTS, TIMEPERIOD, USERID, LOGDATE) VALUES ('S173C17030201', 'OBS_VALUE', 2017, 'SDGS', GETDATE());
INSERT INTO "CONTENTSTIME" (MAINTABLE, CONTENTS, TIMEPERIOD, USERID, LOGDATE) VALUES ('S173C17030201', 'OBS_VALUE', 2018, 'SDGS', GETDATE());
INSERT INTO "CONTENTSTIME" (MAINTABLE, CONTENTS, TIMEPERIOD, USERID, LOGDATE) VALUES ('S173C17030201', 'OBS_VALUE', 2019, 'SDGS', GETDATE());
IF EXISTS (SELECT 1 FROM SYS.VIEWS WHERE NAME = 'S173C17030201' AND TYPE  = 'v') DROP VIEW S173C17030201;
GO
CREATE VIEW S173C17030201 AS SELECT * FROM INDICATORDATA WHERE SUBINDICATOR_CODE = 'C170302_01';
GO
INSERT INTO "MAINTABLE" (MAINTABLE, PRESTEXT, PRESTEXTS, PRESCATEGORY, TIMESCALE, USERID, LOGDATE, FIRSTPUBLISHED, TABLESTATUS, TABLEID, PRODUCTCODE, SPECCHAREXISTS, METAID, SUBJECTCODE, CONTENTSVARIABLE) VALUES  ('S176C17060201', 'code 17.6/C170602_01/C170602_01 - (256 kbit/s to less than 2 Mbit/s) ??????????? ?? ???????? ?????? ?? ?????? ?????? ??? 100 ?? ??????? ???? ??????', 'SDGs Indicators', 'O', 'year', 'SDGS', GETDATE(), GETDATE(), 'A', 'S176C17060201', '001', 'N', '01', '01', 'ar: Sub Indicator');
INSERT INTO "MAINTABLE_ENG" (MAINTABLE, STATUS, PUBLISHED, PRESTEXT, PRESTEXTS, CONTENTSVARIABLE, USERID, LOGDATE) VALUES  ('S176C17060201', 'A', GETDATE(), 'code 17.6/C170602_01/C170602_01 - Fixed Internet broadband subscriptions, by speed (256 kbit/s to less than 2 Mbit/s)', 'SDGs Indicators', 'Sub Indicator', 'SDGS', GETDATE());
INSERT INTO "SECONDARYLANGUAGE" (MAINTABLE, LANGUAGE, COMPLETELYTRANSLATED,PUBLISHED, USERID, LOGDATE) VALUES  ('S176C17060201', 'en','Y', 'Y', 'SDGS', GETDATE());
INSERT INTO "CONTENTS" (MAINTABLE, CONTENTS, PRESTEXT, PRESCODE, COPYRIGHT, PRODUCER, LASTUPDATED, UNIT, PRESDECIMALS, PRESCELLSZERO, STOCKFA, DAYADJ, SEASADJ, FOOTNOTECONTENTS, FOOTNOTEVARIABLE, FOOTNOTEVALUE, STORECOLUMNNO, STOREFORMAT, STORENOCHAR, STOREDECIMALS, USERID, LOGDATE, PUBLISHED, PRESTEXTS, STATAUTHORITY, AGGREGPOSSIBLE, FOOTNOTETIME, METAID) VALUES  ('S176C17060201', 'OBS_VALUE', 'ar: Sustainable Development Goals - SDGs', 'DATA', '1', 'PCBS', GETDATE(), 'OBS_VALUE', '2', 'Y', 'F', 'N', 'N', 'N', 'N', 'N', '3', 'N', '17', '2', 'SDGS', GETDATE(), GETDATE(), 'C170602_01', 'PCBS', 'N', 'N', '01');
INSERT INTO "CONTENTS_ENG" (MAINTABLE, CONTENTS, PRESTEXT, UNIT, USERID, LOGDATE, PRESTEXTS, REFPERIOD, BASEPERIOD)  VALUES  ('S176C17060201', 'OBS_VALUE', 'Sustainable Development Goals - SDGs',  'OBS_VALUE', 'SDGS', GETDATE(), 'C170602_01', NULL,NULL);
INSERT INTO "SUBTABLE" (MAINTABLE, SUBTABLE, PRESTEXT, CLEANTABLE, USERID, LOGDATE) VALUES  ('S176C17060201', '', 'code 17.6/C170602_01/C170602_01 - (256 kbit/s to less than 2 Mbit/s) ??????????? ?? ???????? ?????? ?? ?????? ?????? ??? 100 ?? ??????? ???? ??????', 'Y', 'SDGS', GETDATE());
INSERT INTO "SUBTABLE_ENG" (MAINTABLE, SUBTABLE, PRESTEXT, USERID, LOGDATE) VALUES  ('S176C17060201', '', 'code 17.6/C170602_01/C170602_01 - Fixed Internet broadband subscriptions, by speed (256 kbit/s to less than 2 Mbit/s)', 'SDGS', GETDATE());
INSERT INTO "SUBTABLEVARIABLE" (MAINTABLE, SUBTABLE, VARIABLE, VARIABLETYPE, STORECOLUMNNO, USERID, LOGDATE) VALUES ('S176C17060201', '', 'TIME_PERIOD', 'T', '1', 'SDGS', GETDATE());
INSERT INTO "CONTENTSTIME" (MAINTABLE, CONTENTS, TIMEPERIOD, USERID, LOGDATE) VALUES ('S176C17060201', 'OBS_VALUE', 2017, 'SDGS', GETDATE());
INSERT INTO "CONTENTSTIME" (MAINTABLE, CONTENTS, TIMEPERIOD, USERID, LOGDATE) VALUES ('S176C17060201', 'OBS_VALUE', 2018, 'SDGS', GETDATE());
IF EXISTS (SELECT 1 FROM SYS.VIEWS WHERE NAME = 'S176C17060201' AND TYPE  = 'v') DROP VIEW S176C17060201;
GO
CREATE VIEW S176C17060201 AS SELECT * FROM INDICATORDATA WHERE SUBINDICATOR_CODE = 'C170602_01';
GO
INSERT INTO "MAINTABLE" (MAINTABLE, PRESTEXT, PRESTEXTS, PRESCATEGORY, TIMESCALE, USERID, LOGDATE, FIRSTPUBLISHED, TABLESTATUS, TABLEID, PRODUCTCODE, SPECCHAREXISTS, METAID, SUBJECTCODE, CONTENTSVARIABLE) VALUES  ('S176C17060202', 'code 17.6/C170602_02/C170602_02 - ?????????? ?? ???????? ?????? ?? ?????? ?????? ??? 100 ?? ??????? ???? ?????? (2 Mbit/s to less than 10 Mbit/s', 'SDGs Indicators', 'O', 'year', 'SDGS', GETDATE(), GETDATE(), 'A', 'S176C17060202', '001', 'N', '01', '01', 'ar: Sub Indicator');
INSERT INTO "MAINTABLE_ENG" (MAINTABLE, STATUS, PUBLISHED, PRESTEXT, PRESTEXTS, CONTENTSVARIABLE, USERID, LOGDATE) VALUES  ('S176C17060202', 'A', GETDATE(), 'code 17.6/C170602_02/C170602_02 - Fixed Internet broadband subscriptions, by speed (2 Mbit/s to less than 10 Mbit/s)', 'SDGs Indicators', 'Sub Indicator', 'SDGS', GETDATE());
INSERT INTO "SECONDARYLANGUAGE" (MAINTABLE, LANGUAGE, COMPLETELYTRANSLATED,PUBLISHED, USERID, LOGDATE) VALUES  ('S176C17060202', 'en','Y', 'Y', 'SDGS', GETDATE());
INSERT INTO "CONTENTS" (MAINTABLE, CONTENTS, PRESTEXT, PRESCODE, COPYRIGHT, PRODUCER, LASTUPDATED, UNIT, PRESDECIMALS, PRESCELLSZERO, STOCKFA, DAYADJ, SEASADJ, FOOTNOTECONTENTS, FOOTNOTEVARIABLE, FOOTNOTEVALUE, STORECOLUMNNO, STOREFORMAT, STORENOCHAR, STOREDECIMALS, USERID, LOGDATE, PUBLISHED, PRESTEXTS, STATAUTHORITY, AGGREGPOSSIBLE, FOOTNOTETIME, METAID) VALUES  ('S176C17060202', 'OBS_VALUE', 'ar: Sustainable Development Goals - SDGs', 'DATA', '1', 'PCBS', GETDATE(), 'OBS_VALUE', '2', 'Y', 'F', 'N', 'N', 'N', 'N', 'N', '3', 'N', '17', '2', 'SDGS', GETDATE(), GETDATE(), 'C170602_02', 'PCBS', 'N', 'N', '01');
INSERT INTO "CONTENTS_ENG" (MAINTABLE, CONTENTS, PRESTEXT, UNIT, USERID, LOGDATE, PRESTEXTS, REFPERIOD, BASEPERIOD)  VALUES  ('S176C17060202', 'OBS_VALUE', 'Sustainable Development Goals - SDGs',  'OBS_VALUE', 'SDGS', GETDATE(), 'C170602_02', NULL,NULL);
INSERT INTO "SUBTABLE" (MAINTABLE, SUBTABLE, PRESTEXT, CLEANTABLE, USERID, LOGDATE) VALUES  ('S176C17060202', '', 'code 17.6/C170602_02/C170602_02 - ?????????? ?? ???????? ?????? ?? ?????? ?????? ??? 100 ?? ??????? ???? ?????? (2 Mbit/s to less than 10 Mbit/s', 'Y', 'SDGS', GETDATE());
INSERT INTO "SUBTABLE_ENG" (MAINTABLE, SUBTABLE, PRESTEXT, USERID, LOGDATE) VALUES  ('S176C17060202', '', 'code 17.6/C170602_02/C170602_02 - Fixed Internet broadband subscriptions, by speed (2 Mbit/s to less than 10 Mbit/s)', 'SDGS', GETDATE());
INSERT INTO "SUBTABLEVARIABLE" (MAINTABLE, SUBTABLE, VARIABLE, VARIABLETYPE, STORECOLUMNNO, USERID, LOGDATE) VALUES ('S176C17060202', '', 'TIME_PERIOD', 'T', '1', 'SDGS', GETDATE());
INSERT INTO "CONTENTSTIME" (MAINTABLE, CONTENTS, TIMEPERIOD, USERID, LOGDATE) VALUES ('S176C17060202', 'OBS_VALUE', 2016, 'SDGS', GETDATE());
INSERT INTO "CONTENTSTIME" (MAINTABLE, CONTENTS, TIMEPERIOD, USERID, LOGDATE) VALUES ('S176C17060202', 'OBS_VALUE', 2017, 'SDGS', GETDATE());
INSERT INTO "CONTENTSTIME" (MAINTABLE, CONTENTS, TIMEPERIOD, USERID, LOGDATE) VALUES ('S176C17060202', 'OBS_VALUE', 2018, 'SDGS', GETDATE());
IF EXISTS (SELECT 1 FROM SYS.VIEWS WHERE NAME = 'S176C17060202' AND TYPE  = 'v') DROP VIEW S176C17060202;
GO
CREATE VIEW S176C17060202 AS SELECT * FROM INDICATORDATA WHERE SUBINDICATOR_CODE = 'C170602_02';
GO
INSERT INTO "MAINTABLE" (MAINTABLE, PRESTEXT, PRESTEXTS, PRESCATEGORY, TIMESCALE, USERID, LOGDATE, FIRSTPUBLISHED, TABLESTATUS, TABLEID, PRODUCTCODE, SPECCHAREXISTS, METAID, SUBJECTCODE, CONTENTSVARIABLE) VALUES  ('S176C17060203', 'code 17.6/C170602_03/C170602_03 - ?????????? ?? ???????? ?????? ?? ?????? ?????? ??? 100 ?? ??????? ???? ??????', 'SDGs Indicators', 'O', 'year', 'SDGS', GETDATE(), GETDATE(), 'A', 'S176C17060203', '001', 'N', '01', '01', 'ar: Sub Indicator');
INSERT INTO "MAINTABLE_ENG" (MAINTABLE, STATUS, PUBLISHED, PRESTEXT, PRESTEXTS, CONTENTSVARIABLE, USERID, LOGDATE) VALUES  ('S176C17060203', 'A', GETDATE(), 'code 17.6/C170602_03/C170602_03 - Fixed Internet broadband subscriptions, by speed (Equal to or above 10 Mbit/s)', 'SDGs Indicators', 'Sub Indicator', 'SDGS', GETDATE());
INSERT INTO "SECONDARYLANGUAGE" (MAINTABLE, LANGUAGE, COMPLETELYTRANSLATED,PUBLISHED, USERID, LOGDATE) VALUES  ('S176C17060203', 'en','Y', 'Y', 'SDGS', GETDATE());
INSERT INTO "CONTENTS" (MAINTABLE, CONTENTS, PRESTEXT, PRESCODE, COPYRIGHT, PRODUCER, LASTUPDATED, UNIT, PRESDECIMALS, PRESCELLSZERO, STOCKFA, DAYADJ, SEASADJ, FOOTNOTECONTENTS, FOOTNOTEVARIABLE, FOOTNOTEVALUE, STORECOLUMNNO, STOREFORMAT, STORENOCHAR, STOREDECIMALS, USERID, LOGDATE, PUBLISHED, PRESTEXTS, STATAUTHORITY, AGGREGPOSSIBLE, FOOTNOTETIME, METAID) VALUES  ('S176C17060203', 'OBS_VALUE', 'ar: Sustainable Development Goals - SDGs', 'DATA', '1', 'PCBS', GETDATE(), 'OBS_VALUE', '2', 'Y', 'F', 'N', 'N', 'N', 'N', 'N', '3', 'N', '17', '2', 'SDGS', GETDATE(), GETDATE(), 'C170602_03', 'PCBS', 'N', 'N', '01');
INSERT INTO "CONTENTS_ENG" (MAINTABLE, CONTENTS, PRESTEXT, UNIT, USERID, LOGDATE, PRESTEXTS, REFPERIOD, BASEPERIOD)  VALUES  ('S176C17060203', 'OBS_VALUE', 'Sustainable Development Goals - SDGs',  'OBS_VALUE', 'SDGS', GETDATE(), 'C170602_03', NULL,NULL);
INSERT INTO "SUBTABLE" (MAINTABLE, SUBTABLE, PRESTEXT, CLEANTABLE, USERID, LOGDATE) VALUES  ('S176C17060203', '', 'code 17.6/C170602_03/C170602_03 - ?????????? ?? ???????? ?????? ?? ?????? ?????? ??? 100 ?? ??????? ???? ??????', 'Y', 'SDGS', GETDATE());
INSERT INTO "SUBTABLE_ENG" (MAINTABLE, SUBTABLE, PRESTEXT, USERID, LOGDATE) VALUES  ('S176C17060203', '', 'code 17.6/C170602_03/C170602_03 - Fixed Internet broadband subscriptions, by speed (Equal to or above 10 Mbit/s)', 'SDGS', GETDATE());
INSERT INTO "SUBTABLEVARIABLE" (MAINTABLE, SUBTABLE, VARIABLE, VARIABLETYPE, STORECOLUMNNO, USERID, LOGDATE) VALUES ('S176C17060203', '', 'TIME_PERIOD', 'T', '1', 'SDGS', GETDATE());
INSERT INTO "CONTENTSTIME" (MAINTABLE, CONTENTS, TIMEPERIOD, USERID, LOGDATE) VALUES ('S176C17060203', 'OBS_VALUE', 2017, 'SDGS', GETDATE());
INSERT INTO "CONTENTSTIME" (MAINTABLE, CONTENTS, TIMEPERIOD, USERID, LOGDATE) VALUES ('S176C17060203', 'OBS_VALUE', 2018, 'SDGS', GETDATE());
IF EXISTS (SELECT 1 FROM SYS.VIEWS WHERE NAME = 'S176C17060203' AND TYPE  = 'v') DROP VIEW S176C17060203;
GO
CREATE VIEW S176C17060203 AS SELECT * FROM INDICATORDATA WHERE SUBINDICATOR_CODE = 'C170602_03';
GO
INSERT INTO "MAINTABLE" (MAINTABLE, PRESTEXT, PRESTEXTS, PRESCATEGORY, TIMESCALE, USERID, LOGDATE, FIRSTPUBLISHED, TABLESTATUS, TABLEID, PRODUCTCODE, SPECCHAREXISTS, METAID, SUBJECTCODE, CONTENTSVARIABLE) VALUES  ('S178C17080101', 'code 17.8/C170801_01/C170801_01 - ???? ??????? ????? ???????? ???????? (10 ????? ?????)', 'SDGs Indicators', 'O', 'year', 'SDGS', GETDATE(), GETDATE(), 'A', 'S178C17080101', '001', 'N', '01', '01', 'ar: Sub Indicator');
INSERT INTO "MAINTABLE_ENG" (MAINTABLE, STATUS, PUBLISHED, PRESTEXT, PRESTEXTS, CONTENTSVARIABLE, USERID, LOGDATE) VALUES  ('S178C17080101', 'A', GETDATE(), 'code 17.8/C170801_01/C170801_01 - Proportion of individuals using the Internet (10 years and above)', 'SDGs Indicators', 'Sub Indicator', 'SDGS', GETDATE());
INSERT INTO "SECONDARYLANGUAGE" (MAINTABLE, LANGUAGE, COMPLETELYTRANSLATED,PUBLISHED, USERID, LOGDATE) VALUES  ('S178C17080101', 'en','Y', 'Y', 'SDGS', GETDATE());
INSERT INTO "CONTENTS" (MAINTABLE, CONTENTS, PRESTEXT, PRESCODE, COPYRIGHT, PRODUCER, LASTUPDATED, UNIT, PRESDECIMALS, PRESCELLSZERO, STOCKFA, DAYADJ, SEASADJ, FOOTNOTECONTENTS, FOOTNOTEVARIABLE, FOOTNOTEVALUE, STORECOLUMNNO, STOREFORMAT, STORENOCHAR, STOREDECIMALS, USERID, LOGDATE, PUBLISHED, PRESTEXTS, STATAUTHORITY, AGGREGPOSSIBLE, FOOTNOTETIME, METAID) VALUES  ('S178C17080101', 'OBS_VALUE', 'ar: Sustainable Development Goals - SDGs', 'DATA', '1', 'PCBS', GETDATE(), 'OBS_VALUE', '2', 'Y', 'F', 'N', 'N', 'N', 'N', 'N', '3', 'N', '17', '2', 'SDGS', GETDATE(), GETDATE(), 'C170801_01', 'PCBS', 'N', 'N', '01');
INSERT INTO "CONTENTS_ENG" (MAINTABLE, CONTENTS, PRESTEXT, UNIT, USERID, LOGDATE, PRESTEXTS, REFPERIOD, BASEPERIOD)  VALUES  ('S178C17080101', 'OBS_VALUE', 'Sustainable Development Goals - SDGs',  'OBS_VALUE', 'SDGS', GETDATE(), 'C170801_01', NULL,NULL);
INSERT INTO "SUBTABLE" (MAINTABLE, SUBTABLE, PRESTEXT, CLEANTABLE, USERID, LOGDATE) VALUES  ('S178C17080101', '', 'code 17.8/C170801_01/C170801_01 - ???? ??????? ????? ???????? ???????? (10 ????? ?????)', 'Y', 'SDGS', GETDATE());
INSERT INTO "SUBTABLE_ENG" (MAINTABLE, SUBTABLE, PRESTEXT, USERID, LOGDATE) VALUES  ('S178C17080101', '', 'code 17.8/C170801_01/C170801_01 - Proportion of individuals using the Internet (10 years and above)', 'SDGS', GETDATE());
INSERT INTO "SUBTABLEVARIABLE" (MAINTABLE, SUBTABLE, VARIABLE, VARIABLETYPE, STORECOLUMNNO, USERID, LOGDATE) VALUES ('S178C17080101', '', 'TIME_PERIOD', 'T', '1', 'SDGS', GETDATE());
INSERT INTO "CONTENTSTIME" (MAINTABLE, CONTENTS, TIMEPERIOD, USERID, LOGDATE) VALUES ('S178C17080101', 'OBS_VALUE', 2000, 'SDGS', GETDATE());
INSERT INTO "CONTENTSTIME" (MAINTABLE, CONTENTS, TIMEPERIOD, USERID, LOGDATE) VALUES ('S178C17080101', 'OBS_VALUE', 2004, 'SDGS', GETDATE());
INSERT INTO "CONTENTSTIME" (MAINTABLE, CONTENTS, TIMEPERIOD, USERID, LOGDATE) VALUES ('S178C17080101', 'OBS_VALUE', 2006, 'SDGS', GETDATE());
INSERT INTO "CONTENTSTIME" (MAINTABLE, CONTENTS, TIMEPERIOD, USERID, LOGDATE) VALUES ('S178C17080101', 'OBS_VALUE', 2009, 'SDGS', GETDATE());
INSERT INTO "CONTENTSTIME" (MAINTABLE, CONTENTS, TIMEPERIOD, USERID, LOGDATE) VALUES ('S178C17080101', 'OBS_VALUE', 2011, 'SDGS', GETDATE());
INSERT INTO "CONTENTSTIME" (MAINTABLE, CONTENTS, TIMEPERIOD, USERID, LOGDATE) VALUES ('S178C17080101', 'OBS_VALUE', 2014, 'SDGS', GETDATE());
INSERT INTO "CONTENTSTIME" (MAINTABLE, CONTENTS, TIMEPERIOD, USERID, LOGDATE) VALUES ('S178C17080101', 'OBS_VALUE', 2018, 'SDGS', GETDATE());
INSERT INTO "VALUESET" (VALUESET, PRESTEXT, DESCRIPTION, ELIMINATION, VALUEPOOL, METAID, FOOTNOTE, USERID, LOGDATE, VALUEPRES, SORTCODEEXISTS) VALUES ('VSREF_AREA_C170801_01', 'Hmm', 'None', 'A', 'VPREF_AREA', '0', 'N', 'SDGS', GETDATE(), 'T', 'N');
INSERT INTO "VALUESET_ENG" (VALUESET, PRESTEXT, DESCRIPTION, USERID, LOGDATE) VALUES ('VSREF_AREA_C170801_01', 'Hmm', 'None', 'SDGS', GETDATE());
INSERT INTO "VSVALUE" (VALUESET, VALUEPOOL, VALUECODE, USERID, LOGDATE) VALUES ('VSREF_AREA_C170801_01', 'VPREF_AREA', '1', 'SDGS', GETDATE());
INSERT INTO "VSVALUE_ENG" (VALUESET, VALUEPOOL, VALUECODE, USERID, LOGDATE) VALUES ('VSREF_AREA_C170801_01', 'VPREF_AREA', '1', 'SDGS', GETDATE());
INSERT INTO "VSVALUE" (VALUESET, VALUEPOOL, VALUECODE, USERID, LOGDATE) VALUES ('VSREF_AREA_C170801_01', 'VPREF_AREA', '2', 'SDGS', GETDATE());
INSERT INTO "VSVALUE_ENG" (VALUESET, VALUEPOOL, VALUECODE, USERID, LOGDATE) VALUES ('VSREF_AREA_C170801_01', 'VPREF_AREA', '2', 'SDGS', GETDATE());
INSERT INTO "VSVALUE" (VALUESET, VALUEPOOL, VALUECODE, USERID, LOGDATE) VALUES ('VSREF_AREA_C170801_01', 'VPREF_AREA', '3', 'SDGS', GETDATE());
INSERT INTO "VSVALUE_ENG" (VALUESET, VALUEPOOL, VALUECODE, USERID, LOGDATE) VALUES ('VSREF_AREA_C170801_01', 'VPREF_AREA', '3', 'SDGS', GETDATE());
INSERT INTO "SUBTABLEVARIABLE" (MAINTABLE, SUBTABLE, VARIABLE, VALUESET, VARIABLETYPE, STORECOLUMNNO, USERID, LOGDATE) VALUES ('S178C17080101', '', 'REF_AREA', 'VSREF_AREA_C170801_01', 'V', '1', 'SDGS', GETDATE());
INSERT INTO "VALUESET" (VALUESET, PRESTEXT, DESCRIPTION, ELIMINATION, VALUEPOOL, METAID, FOOTNOTE, USERID, LOGDATE, VALUEPRES, SORTCODEEXISTS) VALUES ('VSSEX_C170801_01', 'Hmm', 'None', 'A', 'VPSEX', '0', 'N', 'SDGS', GETDATE(), 'T', 'N');
INSERT INTO "VALUESET_ENG" (VALUESET, PRESTEXT, DESCRIPTION, USERID, LOGDATE) VALUES ('VSSEX_C170801_01', 'Hmm', 'None', 'SDGS', GETDATE());
INSERT INTO "VSVALUE" (VALUESET, VALUEPOOL, VALUECODE, USERID, LOGDATE) VALUES ('VSSEX_C170801_01', 'VPSEX', 'M', 'SDGS', GETDATE());
INSERT INTO "VSVALUE_ENG" (VALUESET, VALUEPOOL, VALUECODE, USERID, LOGDATE) VALUES ('VSSEX_C170801_01', 'VPSEX', 'M', 'SDGS', GETDATE());
INSERT INTO "VSVALUE" (VALUESET, VALUEPOOL, VALUECODE, USERID, LOGDATE) VALUES ('VSSEX_C170801_01', 'VPSEX', 'F', 'SDGS', GETDATE());
INSERT INTO "VSVALUE_ENG" (VALUESET, VALUEPOOL, VALUECODE, USERID, LOGDATE) VALUES ('VSSEX_C170801_01', 'VPSEX', 'F', 'SDGS', GETDATE());
INSERT INTO "VSVALUE" (VALUESET, VALUEPOOL, VALUECODE, USERID, LOGDATE) VALUES ('VSSEX_C170801_01', 'VPSEX', '_T', 'SDGS', GETDATE());
INSERT INTO "VSVALUE_ENG" (VALUESET, VALUEPOOL, VALUECODE, USERID, LOGDATE) VALUES ('VSSEX_C170801_01', 'VPSEX', '_T', 'SDGS', GETDATE());
INSERT INTO "SUBTABLEVARIABLE" (MAINTABLE, SUBTABLE, VARIABLE, VALUESET, VARIABLETYPE, STORECOLUMNNO, USERID, LOGDATE) VALUES ('S178C17080101', '', 'SEX', 'VSSEX_C170801_01', 'V', '1', 'SDGS', GETDATE());
IF EXISTS (SELECT 1 FROM SYS.VIEWS WHERE NAME = 'S178C17080101' AND TYPE  = 'v') DROP VIEW S178C17080101;
GO
CREATE VIEW S178C17080101 AS SELECT * FROM INDICATORDATA WHERE SUBINDICATOR_CODE = 'C170801_01';
GO
